
/home/hungthoik24/RISCVTutorial/fpga/sw/chachapoly_aead/build/main.elf:     file format elf32-littleriscv


Disassembly of section .text:

80000000 <_prog_start>:
  .section .text.init
  .option norvc
  .globl _prog_start
_prog_start:
  // perform boot if hart_0, otherwise sleep
  csrr s0, mhartid
80000000:	f1402473          	csrr	s0,mhartid
  bne s0, zero, _stop
80000004:	00041f63          	bnez	s0,80000022 <_stop>
  csrw mie, s2
80000008:	30491073          	csrw	mie,s2
  li sp, (PAYLOAD_DEST + 0x3ff0)
8000000c:	80004137          	lui	sp,0x80004
80000010:	ff010113          	addi	sp,sp,-16 # 80003ff0 <_ram_end+0xffff3ff0>
  csrr a0, mhartid
80000014:	f1402573          	csrr	a0,mhartid
  call main
80000018:	2579                	jal	800006a6 <main>
  li s1, MEMORY_MEM_ADDR
8000001a:	800004b7          	lui	s1,0x80000
  jr s1
8000001e:	00048067          	jr	s1 # 80000000 <_ram_end+0xffff0000>

80000022 <_stop>:
_stop:
  wfi
80000022:	10500073          	wfi

80000026 <_loopback>:
_loopback:
  j _loopback
80000026:	0000006f          	j	80000026 <_loopback>

8000002a <load_block>:
static void load_block(const uint8_t *base, uint32_t off, uint32_t len)
{
	uint32_t left = len - off;

	for (uint32_t w = 0; w < 16; w++)
		REG32(AEAD_IN + w * 4) = be32_load_at(base, off + w * 4, len);
8000002a:	6400a8b7          	lui	a7,0x6400a
8000002e:	13888893          	addi	a7,a7,312 # 6400a138 <_available_heap+0x63ffcdb0>
	uint32_t left = len - off;
80000032:	40b60e33          	sub	t3,a2,a1
	for (uint32_t w = 0; w < 16; w++)
80000036:	00458693          	addi	a3,a1,4
8000003a:	04458313          	addi	t1,a1,68
		REG32(AEAD_IN + w * 4) = be32_load_at(base, off + w * 4, len);
8000003e:	40b888b3          	sub	a7,a7,a1
80000042:	ffc68793          	addi	a5,a3,-4
80000046:	00d88833          	add	a6,a7,a3
	uint32_t v = 0;
8000004a:	4701                	li	a4,0
		v = (v << 8) | (idx + i < len ? base[idx + i] : 0u);
8000004c:	00f505b3          	add	a1,a0,a5
80000050:	0722                	slli	a4,a4,0x8
80000052:	00c7f563          	bgeu	a5,a2,8000005c <load_block+0x32>
80000056:	0005c583          	lbu	a1,0(a1)
8000005a:	8f4d                	or	a4,a4,a1
	for (uint32_t i = 0; i < 4; i++)
8000005c:	0785                	addi	a5,a5,1
8000005e:	fef697e3          	bne	a3,a5,8000004c <load_block+0x22>
		REG32(AEAD_IN + w * 4) = be32_load_at(base, off + w * 4, len);
80000062:	00e82023          	sw	a4,0(a6)
	for (uint32_t w = 0; w < 16; w++)
80000066:	0691                	addi	a3,a3,4
80000068:	fc669de3          	bne	a3,t1,80000042 <load_block+0x18>

	REG32(AEAD_BLOCK_LEN) = left < AEAD_BLOCK ? left : AEAD_BLOCK;
8000006c:	04000713          	li	a4,64
80000070:	87f2                	mv	a5,t3
80000072:	01c77463          	bgeu	a4,t3,8000007a <load_block+0x50>
80000076:	04000793          	li	a5,64
8000007a:	6400a737          	lui	a4,0x6400a
8000007e:	18f72623          	sw	a5,396(a4) # 6400a18c <_available_heap+0x63ffce04>
}
80000082:	8082                	ret

80000084 <read_block>:

static void read_block(uint8_t *base, uint32_t off, uint32_t len)
{
	for (uint32_t w = 0; w < 16; w++) {
80000084:	4301                	li	t1,0
		uint32_t at = off + w * 4;

		if (at >= len)
80000086:	04c5fc63          	bgeu	a1,a2,800000de <read_block+0x5a>
	                : AEAD_OUT_HI + (word - 2) * 4;
8000008a:	1f800e93          	li	t4,504
8000008e:	19800393          	li	t2,408
80000092:	4285                	li	t0,1
80000094:	40be8eb3          	sub	t4,t4,a1
80000098:	40b383b3          	sub	t2,t2,a1
			break;
		be32_store_at(base, at, len, REG32(out_offset(w)));
8000009c:	6400afb7          	lui	t6,0x6400a
	for (uint32_t i = 0; i < 4; i++)
800000a0:	5e61                	li	t3,-8
	for (uint32_t w = 0; w < 16; w++) {
800000a2:	4f41                	li	t5,16
	                : AEAD_OUT_HI + (word - 2) * 4;
800000a4:	00be87b3          	add	a5,t4,a1
800000a8:	0062e463          	bltu	t0,t1,800000b0 <read_block+0x2c>
800000ac:	00b387b3          	add	a5,t2,a1
		be32_store_at(base, at, len, REG32(out_offset(w)));
800000b0:	97fe                	add	a5,a5,t6
800000b2:	0007a883          	lw	a7,0(a5)
800000b6:	872e                	mv	a4,a1
800000b8:	47e1                	li	a5,24
			base[idx + i] = (uint8_t)(v >> (24 - 8 * i));
800000ba:	00f8d833          	srl	a6,a7,a5
800000be:	00e506b3          	add	a3,a0,a4
	for (uint32_t i = 0; i < 4; i++)
800000c2:	17e1                	addi	a5,a5,-8
		if (idx + i < len)
800000c4:	00c77463          	bgeu	a4,a2,800000cc <read_block+0x48>
			base[idx + i] = (uint8_t)(v >> (24 - 8 * i));
800000c8:	01068023          	sb	a6,0(a3)
	for (uint32_t i = 0; i < 4; i++)
800000cc:	0705                	addi	a4,a4,1
800000ce:	ffc796e3          	bne	a5,t3,800000ba <read_block+0x36>
	for (uint32_t w = 0; w < 16; w++) {
800000d2:	0305                	addi	t1,t1,1
800000d4:	01e30563          	beq	t1,t5,800000de <read_block+0x5a>
		uint32_t at = off + w * 4;
800000d8:	0591                	addi	a1,a1,4
		if (at >= len)
800000da:	fcc5e5e3          	bltu	a1,a2,800000a4 <read_block+0x20>
	}
}
800000de:	8082                	ret

800000e0 <aead_run.part.0>:
	 * it is the only way out of the core's terminal state. */
	REG32(AEAD_RST_CORE) = 0;
	REG32(AEAD_RST_CORE) = 1;

	for (uint32_t i = 0; i < AEAD_KEY_LEN / 4; i++)
		REG32(AEAD_KEY + i * 4) = be32_load_at(key, i * 4, AEAD_KEY_LEN);
800000e0:	6400ae37          	lui	t3,0x6400a
static int aead_run(uint32_t encrypt,
800000e4:	1101                	addi	sp,sp,-32
		REG32(AEAD_KEY + i * 4) = be32_load_at(key, i * 4, AEAD_KEY_LEN);
800000e6:	0fce0e13          	addi	t3,t3,252 # 6400a0fc <_available_heap+0x63ffcd74>
static int aead_run(uint32_t encrypt,
800000ea:	cc22                	sw	s0,24(sp)
800000ec:	ca26                	sw	s1,20(sp)
800000ee:	c84a                	sw	s2,16(sp)
800000f0:	8442                	mv	s0,a6
800000f2:	ce06                	sw	ra,28(sp)
800000f4:	c64e                	sw	s3,12(sp)
800000f6:	c452                	sw	s4,8(sp)
800000f8:	c256                	sw	s5,4(sp)
800000fa:	c05a                	sw	s6,0(sp)
800000fc:	84be                	mv	s1,a5
800000fe:	8946                	mv	s2,a7
	for (uint32_t i = 0; i < AEAD_KEY_LEN / 4; i++)
80000100:	00458813          	addi	a6,a1,4
80000104:	02458e93          	addi	t4,a1,36
		REG32(AEAD_KEY + i * 4) = be32_load_at(key, i * 4, AEAD_KEY_LEN);
80000108:	40be0e33          	sub	t3,t3,a1
8000010c:	010e0333          	add	t1,t3,a6
	for (uint32_t i = 0; i < 4; i++)
80000110:	ffc80793          	addi	a5,a6,-4
	uint32_t v = 0;
80000114:	4581                	li	a1,0
		v = (v << 8) | (idx + i < len ? base[idx + i] : 0u);
80000116:	0007c883          	lbu	a7,0(a5)
8000011a:	05a2                	slli	a1,a1,0x8
	for (uint32_t i = 0; i < 4; i++)
8000011c:	0785                	addi	a5,a5,1
		v = (v << 8) | (idx + i < len ? base[idx + i] : 0u);
8000011e:	00b8e5b3          	or	a1,a7,a1
	for (uint32_t i = 0; i < 4; i++)
80000122:	ff079ae3          	bne	a5,a6,80000116 <aead_run.part.0+0x36>
		REG32(AEAD_KEY + i * 4) = be32_load_at(key, i * 4, AEAD_KEY_LEN);
80000126:	00b32023          	sw	a1,0(t1)
	for (uint32_t i = 0; i < AEAD_KEY_LEN / 4; i++)
8000012a:	00478813          	addi	a6,a5,4
8000012e:	fdd81fe3          	bne	a6,t4,8000010c <aead_run.part.0+0x2c>
	for (uint32_t i = 0; i < AEAD_NONCE_LEN / 4; i++)
80000132:	6400ae37          	lui	t3,0x6400a
	for (uint32_t i = 0; i < AEAD_KEY_LEN / 4; i++)
80000136:	6400a8b7          	lui	a7,0x6400a
8000013a:	00460813          	addi	a6,a2,4
8000013e:	13088893          	addi	a7,a7,304 # 6400a130 <_available_heap+0x63ffcda8>
	for (uint32_t i = 0; i < AEAD_NONCE_LEN / 4; i++)
80000142:	13ce0313          	addi	t1,t3,316 # 6400a13c <_available_heap+0x63ffcdb4>
	for (uint32_t i = 0; i < 4; i++)
80000146:	ffc80793          	addi	a5,a6,-4
	uint32_t v = 0;
8000014a:	4601                	li	a2,0
		v = (v << 8) | (idx + i < len ? base[idx + i] : 0u);
8000014c:	0007c583          	lbu	a1,0(a5)
80000150:	0622                	slli	a2,a2,0x8
	for (uint32_t i = 0; i < 4; i++)
80000152:	0785                	addi	a5,a5,1
		v = (v << 8) | (idx + i < len ? base[idx + i] : 0u);
80000154:	8e4d                	or	a2,a2,a1
	for (uint32_t i = 0; i < 4; i++)
80000156:	ff079be3          	bne	a5,a6,8000014c <aead_run.part.0+0x6c>
		REG32(AEAD_NONCE + i * 4) = be32_load_at(nonce, i * 4, AEAD_NONCE_LEN);
8000015a:	00c8a023          	sw	a2,0(a7)
	for (uint32_t i = 0; i < AEAD_NONCE_LEN / 4; i++)
8000015e:	0891                	addi	a7,a7,4
80000160:	00478813          	addi	a6,a5,4
80000164:	fe6891e3          	bne	a7,t1,80000146 <aead_run.part.0+0x66>

	REG32(AEAD_ENCRYPT) = encrypt;
80000168:	18ae2a23          	sw	a0,404(t3)
	REG32(AEAD_INIT) = 1;
8000016c:	4785                	li	a5,1
8000016e:	18fe2023          	sw	a5,384(t3)
	while (REG32(AEAD_READY) != 1)
80000172:	000317b7          	lui	a5,0x31
80000176:	d4078793          	addi	a5,a5,-704 # 30d40 <_available_heap+0x239b8>
8000017a:	6400a537          	lui	a0,0x6400a
8000017e:	4585                	li	a1,1
80000180:	a019                	j	80000186 <aead_run.part.0+0xa6>
		if (--n == 0)
80000182:	16078463          	beqz	a5,800002ea <aead_run.part.0+0x20a>
	while (REG32(AEAD_READY) != 1)
80000186:	19052603          	lw	a2,400(a0) # 6400a190 <_available_heap+0x63ffce08>
		if (--n == 0)
8000018a:	17fd                	addi	a5,a5,-1
	while (REG32(AEAD_READY) != 1)
8000018c:	feb61be3          	bne	a2,a1,80000182 <aead_run.part.0+0xa2>
	if (rc != AEAD_OK)
		return rc;

	/* AAD phase: one 16-byte block per pulse, zero-padded. Skipped entirely
	 * when there is no AAD, which leaves the length counter at zero. */
	for (uint32_t off = 0; off < ad_len; off += AEAD_AAD_BLOCK) {
80000190:	4e81                	li	t4,0
80000192:	4f51                	li	t5,20
80000194:	cf3d                	beqz	a4,80000212 <aead_run.part.0+0x132>
		uint32_t left = ad_len - off;

		for (uint32_t w = 0; w < 4; w++)
			REG32(AEAD_AAD + w * 4) = be32_load_at(ad, off + w * 4, ad_len);
80000196:	6400ae37          	lui	t3,0x6400a
8000019a:	4a91                	li	s5,4
8000019c:	11ce0a13          	addi	s4,t3,284 # 6400a11c <_available_heap+0x63ffcd94>

		REG32(AEAD_BLOCK_LEN) = left < AEAD_AAD_BLOCK ? left : AEAD_AAD_BLOCK;
800001a0:	43c1                	li	t2,16
		REG32(AEAD_NEXT) = 1;
800001a2:	4785                	li	a5,1
	while (REG32(AEAD_READY) != 1)
800001a4:	000319b7          	lui	s3,0x31
		uint32_t left = ad_len - off;
800001a8:	01d70fb3          	add	t6,a4,t4
		for (uint32_t w = 0; w < 4; w++)
800001ac:	41da8533          	sub	a0,s5,t4
			REG32(AEAD_AAD + w * 4) = be32_load_at(ad, off + w * 4, ad_len);
800001b0:	014e82b3          	add	t0,t4,s4
800001b4:	ffc50613          	addi	a2,a0,-4
800001b8:	00a288b3          	add	a7,t0,a0
	uint32_t v = 0;
800001bc:	4581                	li	a1,0
		v = (v << 8) | (idx + i < len ? base[idx + i] : 0u);
800001be:	00c68333          	add	t1,a3,a2
800001c2:	05a2                	slli	a1,a1,0x8
800001c4:	00e67663          	bgeu	a2,a4,800001d0 <aead_run.part.0+0xf0>
800001c8:	00034803          	lbu	a6,0(t1)
800001cc:	0105e5b3          	or	a1,a1,a6
	for (uint32_t i = 0; i < 4; i++)
800001d0:	0605                	addi	a2,a2,1
800001d2:	fea616e3          	bne	a2,a0,800001be <aead_run.part.0+0xde>
			REG32(AEAD_AAD + w * 4) = be32_load_at(ad, off + w * 4, ad_len);
800001d6:	00b8a023          	sw	a1,0(a7)
		for (uint32_t w = 0; w < 4; w++)
800001da:	00460513          	addi	a0,a2,4
800001de:	fde51be3          	bne	a0,t5,800001b4 <aead_run.part.0+0xd4>
		REG32(AEAD_BLOCK_LEN) = left < AEAD_AAD_BLOCK ? left : AEAD_AAD_BLOCK;
800001e2:	867e                	mv	a2,t6
800001e4:	01f3f363          	bgeu	t2,t6,800001ea <aead_run.part.0+0x10a>
800001e8:	4641                	li	a2,16
800001ea:	18ce2623          	sw	a2,396(t3)
		REG32(AEAD_NEXT) = 1;
800001ee:	18fe2223          	sw	a5,388(t3)
	while (REG32(AEAD_READY) != 1)
800001f2:	d4098613          	addi	a2,s3,-704 # 30d40 <_available_heap+0x239b8>
800001f6:	a019                	j	800001fc <aead_run.part.0+0x11c>
		if (--n == 0)
800001f8:	0e060963          	beqz	a2,800002ea <aead_run.part.0+0x20a>
	while (REG32(AEAD_READY) != 1)
800001fc:	190e2583          	lw	a1,400(t3)
		if (--n == 0)
80000200:	167d                	addi	a2,a2,-1
	while (REG32(AEAD_READY) != 1)
80000202:	fef59be3          	bne	a1,a5,800001f8 <aead_run.part.0+0x118>
	for (uint32_t off = 0; off < ad_len; off += AEAD_AAD_BLOCK) {
80000206:	41d38633          	sub	a2,t2,t4
8000020a:	0f41                	addi	t5,t5,16
8000020c:	1ec1                	addi	t4,t4,-16
8000020e:	f8e66de3          	bltu	a2,a4,800001a8 <aead_run.part.0+0xc8>
	}

	/* First data block. The pulse that ends the AAD phase also runs this
	 * block, so its length must already be loaded -- hence load_block before
	 * the finish, not after. */
	load_block(in, 0, in_len);
80000212:	8622                	mv	a2,s0
80000214:	4581                	li	a1,0
80000216:	8526                	mv	a0,s1
80000218:	3d09                	jal	8000002a <load_block>
	REG32(AEAD_FINISH) = 1;
8000021a:	6400a7b7          	lui	a5,0x6400a
8000021e:	4705                	li	a4,1
80000220:	18e7a423          	sw	a4,392(a5) # 6400a188 <_available_heap+0x63ffce00>
	while (REG32(AEAD_READY) != 1)
80000224:	000317b7          	lui	a5,0x31
80000228:	d4078793          	addi	a5,a5,-704 # 30d40 <_available_heap+0x239b8>
8000022c:	6400a637          	lui	a2,0x6400a
80000230:	4685                	li	a3,1
80000232:	a011                	j	80000236 <aead_run.part.0+0x156>
		if (--n == 0)
80000234:	cbdd                	beqz	a5,800002ea <aead_run.part.0+0x20a>
	while (REG32(AEAD_READY) != 1)
80000236:	19062703          	lw	a4,400(a2) # 6400a190 <_available_heap+0x63ffce08>
		if (--n == 0)
8000023a:	17fd                	addi	a5,a5,-1
	while (REG32(AEAD_READY) != 1)
8000023c:	fed71ce3          	bne	a4,a3,80000234 <aead_run.part.0+0x154>

	rc = wait_ready();
	if (rc != AEAD_OK)
		return rc;
	read_block(out, 0, in_len);
80000240:	8622                	mv	a2,s0
80000242:	4581                	li	a1,0
80000244:	854a                	mv	a0,s2

	/* Remaining data blocks. */
	for (uint32_t off = AEAD_BLOCK; off < in_len; off += AEAD_BLOCK) {
80000246:	04000a93          	li	s5,64
	read_block(out, 0, in_len);
8000024a:	3d2d                	jal	80000084 <read_block>
		load_block(in, off, in_len);
		REG32(AEAD_NEXT) = 1;
8000024c:	6400aa37          	lui	s4,0x6400a
80000250:	4985                	li	s3,1
	while (REG32(AEAD_READY) != 1)
80000252:	00031b37          	lui	s6,0x31
	for (uint32_t off = AEAD_BLOCK; off < in_len; off += AEAD_BLOCK) {
80000256:	028af963          	bgeu	s5,s0,80000288 <aead_run.part.0+0x1a8>
		load_block(in, off, in_len);
8000025a:	8622                	mv	a2,s0
8000025c:	85d6                	mv	a1,s5
8000025e:	8526                	mv	a0,s1
80000260:	33e9                	jal	8000002a <load_block>
	while (REG32(AEAD_READY) != 1)
80000262:	d40b0713          	addi	a4,s6,-704 # 30d40 <_available_heap+0x239b8>
		REG32(AEAD_NEXT) = 1;
80000266:	193a2223          	sw	s3,388(s4) # 6400a184 <_available_heap+0x63ffcdfc>
	while (REG32(AEAD_READY) != 1)
8000026a:	a011                	j	8000026e <aead_run.part.0+0x18e>
		if (--n == 0)
8000026c:	cf3d                	beqz	a4,800002ea <aead_run.part.0+0x20a>
	while (REG32(AEAD_READY) != 1)
8000026e:	190a2783          	lw	a5,400(s4)
		if (--n == 0)
80000272:	177d                	addi	a4,a4,-1
	while (REG32(AEAD_READY) != 1)
80000274:	ff379ce3          	bne	a5,s3,8000026c <aead_run.part.0+0x18c>

		rc = wait_ready();
		if (rc != AEAD_OK)
			return rc;
		read_block(out, off, in_len);
80000278:	85d6                	mv	a1,s5
8000027a:	8622                	mv	a2,s0
	for (uint32_t off = AEAD_BLOCK; off < in_len; off += AEAD_BLOCK) {
8000027c:	040a8a93          	addi	s5,s5,64
		read_block(out, off, in_len);
80000280:	854a                	mv	a0,s2
80000282:	3509                	jal	80000084 <read_block>
	for (uint32_t off = AEAD_BLOCK; off < in_len; off += AEAD_BLOCK) {
80000284:	fc8aebe3          	bltu	s5,s0,8000025a <aead_run.part.0+0x17a>
	}

	/* Second finish: absorbs le64(len AAD) || le64(len CT) and emits the tag. */
	REG32(AEAD_FINISH) = 1;
80000288:	6400a7b7          	lui	a5,0x6400a
8000028c:	4705                	li	a4,1
8000028e:	18e7a423          	sw	a4,392(a5) # 6400a188 <_available_heap+0x63ffce00>
	while (REG32(AEAD_READY) != 1)
80000292:	000317b7          	lui	a5,0x31
80000296:	d4078793          	addi	a5,a5,-704 # 30d40 <_available_heap+0x239b8>
8000029a:	6400a637          	lui	a2,0x6400a
8000029e:	4685                	li	a3,1
800002a0:	a011                	j	800002a4 <aead_run.part.0+0x1c4>
		if (--n == 0)
800002a2:	c7a1                	beqz	a5,800002ea <aead_run.part.0+0x20a>
	while (REG32(AEAD_READY) != 1)
800002a4:	19062703          	lw	a4,400(a2) # 6400a190 <_available_heap+0x63ffce08>
		if (--n == 0)
800002a8:	17fd                	addi	a5,a5,-1
	while (REG32(AEAD_READY) != 1)
800002aa:	fed71ce3          	bne	a4,a3,800002a2 <aead_run.part.0+0x1c2>
800002ae:	5782                	lw	a5,32(sp)
		be32_store_at(tag, i * 4, AEAD_TAG_LEN, REG32(AEAD_MAC + i * 4));
800002b0:	6400a6b7          	lui	a3,0x6400a
800002b4:	23868693          	addi	a3,a3,568 # 6400a238 <_available_heap+0x63ffceb0>
800002b8:	01078813          	addi	a6,a5,16
800002bc:	8e9d                	sub	a3,a3,a5
800002be:	00f68733          	add	a4,a3,a5
800002c2:	4318                	lw	a4,0(a4)
	for (uint32_t i = 0; i < AEAD_TAG_LEN / 4; i++)
800002c4:	0791                	addi	a5,a5,4
			base[idx + i] = (uint8_t)(v >> (24 - 8 * i));
800002c6:	01875513          	srli	a0,a4,0x18
800002ca:	01075593          	srli	a1,a4,0x10
800002ce:	00875613          	srli	a2,a4,0x8
800002d2:	fea78e23          	sb	a0,-4(a5)
800002d6:	feb78ea3          	sb	a1,-3(a5)
800002da:	fec78f23          	sb	a2,-2(a5)
800002de:	fee78fa3          	sb	a4,-1(a5)
	for (uint32_t i = 0; i < AEAD_TAG_LEN / 4; i++)
800002e2:	fcf81ee3          	bne	a6,a5,800002be <aead_run.part.0+0x1de>
	rc = wait_ready();
	if (rc != AEAD_OK)
		return rc;

	read_tag(tag);
	return AEAD_OK;
800002e6:	4501                	li	a0,0
800002e8:	a011                	j	800002ec <aead_run.part.0+0x20c>
		return rc;
800002ea:	557d                	li	a0,-1
}
800002ec:	40f2                	lw	ra,28(sp)
800002ee:	4462                	lw	s0,24(sp)
800002f0:	44d2                	lw	s1,20(sp)
800002f2:	4942                	lw	s2,16(sp)
800002f4:	49b2                	lw	s3,12(sp)
800002f6:	4a22                	lw	s4,8(sp)
800002f8:	4a92                	lw	s5,4(sp)
800002fa:	4b02                	lw	s6,0(sp)
800002fc:	6105                	addi	sp,sp,32
800002fe:	8082                	ret

80000300 <aead_encrypt>:
int aead_encrypt(const uint8_t key[AEAD_KEY_LEN],
                 const uint8_t nonce[AEAD_NONCE_LEN],
                 const uint8_t *ad, uint32_t ad_len,
                 const uint8_t *pt, uint32_t pt_len,
                 uint8_t *ct, uint8_t tag[AEAD_TAG_LEN])
{
80000300:	833e                	mv	t1,a5
	if (in_len == 0)
80000302:	c79d                	beqz	a5,80000330 <aead_encrypt+0x30>
{
80000304:	1101                	addi	sp,sp,-32
80000306:	ce06                	sw	ra,28(sp)
80000308:	87ba                	mv	a5,a4
	REG32(AEAD_RST_CORE) = 0;
8000030a:	6400a737          	lui	a4,0x6400a
8000030e:	16072e23          	sw	zero,380(a4) # 6400a17c <_available_heap+0x63ffcdf4>
	REG32(AEAD_RST_CORE) = 1;
80000312:	4e05                	li	t3,1
80000314:	17c72e23          	sw	t3,380(a4)
	for (uint32_t i = 0; i < AEAD_KEY_LEN / 4; i++)
80000318:	c046                	sw	a7,0(sp)
8000031a:	8736                	mv	a4,a3
8000031c:	88c2                	mv	a7,a6
8000031e:	86b2                	mv	a3,a2
80000320:	881a                	mv	a6,t1
80000322:	862e                	mv	a2,a1
80000324:	85aa                	mv	a1,a0
80000326:	4505                	li	a0,1
80000328:	3b65                	jal	800000e0 <aead_run.part.0>
	return aead_run(1, key, nonce, ad, ad_len, pt, pt_len, ct, tag);
}
8000032a:	40f2                	lw	ra,28(sp)
8000032c:	6105                	addi	sp,sp,32
8000032e:	8082                	ret
		return AEAD_EINVAL;
80000330:	5579                	li	a0,-2
}
80000332:	8082                	ret

80000334 <aead_decrypt_ex>:
                    const uint8_t *ad, uint32_t ad_len,
                    const uint8_t *ct, uint32_t ct_len,
                    const uint8_t tag[AEAD_TAG_LEN],
                    uint8_t *pt,
                    uint8_t recomputed[AEAD_TAG_LEN])
{
80000334:	7139                	addi	sp,sp,-64
80000336:	d84a                	sw	s2,48(sp)
80000338:	d452                	sw	s4,40(sp)
8000033a:	de06                	sw	ra,60(sp)
8000033c:	dc22                	sw	s0,56(sp)
8000033e:	da26                	sw	s1,52(sp)
80000340:	d64e                	sw	s3,44(sp)
80000342:	4906                	lw	s2,64(sp)
80000344:	8a3e                	mv	s4,a5
	if (in_len == 0)
80000346:	cfc1                	beqz	a5,800003de <aead_decrypt_ex+0xaa>
80000348:	87ba                	mv	a5,a4
	REG32(AEAD_RST_CORE) = 0;
8000034a:	6400a737          	lui	a4,0x6400a
8000034e:	16072e23          	sw	zero,380(a4) # 6400a17c <_available_heap+0x63ffcdf4>
80000352:	84c2                	mv	s1,a6
	REG32(AEAD_RST_CORE) = 1;
80000354:	4805                	li	a6,1
80000356:	17072e23          	sw	a6,380(a4)
8000035a:	0800                	addi	s0,sp,16
8000035c:	8736                	mv	a4,a3
8000035e:	c022                	sw	s0,0(sp)
80000360:	86b2                	mv	a3,a2
80000362:	8852                	mv	a6,s4
80000364:	862e                	mv	a2,a1
80000366:	85aa                	mv	a1,a0
80000368:	4501                	li	a0,0
8000036a:	89c6                	mv	s3,a7
	for (uint32_t i = 0; i < AEAD_KEY_LEN / 4; i++)
8000036c:	3b95                	jal	800000e0 <aead_run.part.0>
	uint32_t diff = 0;
	int rc;

	rc = aead_run(0, key, nonce, ad, ad_len, ct, ct_len, pt, computed);

	if (recomputed && rc == AEAD_OK)
8000036e:	04090763          	beqz	s2,800003bc <aead_decrypt_ex+0x88>
80000372:	ed0d                	bnez	a0,800003ac <aead_decrypt_ex+0x78>
80000374:	8722                	mv	a4,s0
80000376:	86ca                	mv	a3,s2
80000378:	100c                	addi	a1,sp,32
		for (uint32_t i = 0; i < AEAD_TAG_LEN; i++)
			recomputed[i] = computed[i];
8000037a:	00074603          	lbu	a2,0(a4)
		for (uint32_t i = 0; i < AEAD_TAG_LEN; i++)
8000037e:	0705                	addi	a4,a4,1
80000380:	0685                	addi	a3,a3,1
			recomputed[i] = computed[i];
80000382:	fec68fa3          	sb	a2,-1(a3)
		for (uint32_t i = 0; i < AEAD_TAG_LEN; i++)
80000386:	feb71ae3          	bne	a4,a1,8000037a <aead_decrypt_ex+0x46>
8000038a:	8722                	mv	a4,s0
8000038c:	8626                	mv	a2,s1
8000038e:	02010893          	addi	a7,sp,32
	uint32_t diff = 0;
80000392:	4581                	li	a1,0
	if (rc != AEAD_OK)
		return rc;

	for (uint32_t i = 0; i < AEAD_TAG_LEN; i++)
		diff |= (uint32_t)(computed[i] ^ tag[i]);
80000394:	00074683          	lbu	a3,0(a4)
80000398:	00064503          	lbu	a0,0(a2)
	for (uint32_t i = 0; i < AEAD_TAG_LEN; i++)
8000039c:	0705                	addi	a4,a4,1
8000039e:	0605                	addi	a2,a2,1
		diff |= (uint32_t)(computed[i] ^ tag[i]);
800003a0:	8ea9                	xor	a3,a3,a0
800003a2:	8dd5                	or	a1,a1,a3
	for (uint32_t i = 0; i < AEAD_TAG_LEN; i++)
800003a4:	ff1718e3          	bne	a4,a7,80000394 <aead_decrypt_ex+0x60>
		for (uint32_t i = 0; i < ct_len; i++)
			pt[i] = 0;
		return AEAD_EAUTH;
	}

	return AEAD_OK;
800003a8:	4501                	li	a0,0
	if (diff) {
800003aa:	e195                	bnez	a1,800003ce <aead_decrypt_ex+0x9a>
}
800003ac:	50f2                	lw	ra,60(sp)
800003ae:	5462                	lw	s0,56(sp)
800003b0:	54d2                	lw	s1,52(sp)
800003b2:	5942                	lw	s2,48(sp)
800003b4:	59b2                	lw	s3,44(sp)
800003b6:	5a22                	lw	s4,40(sp)
800003b8:	6121                	addi	sp,sp,64
800003ba:	8082                	ret
	if (rc != AEAD_OK)
800003bc:	d579                	beqz	a0,8000038a <aead_decrypt_ex+0x56>
}
800003be:	50f2                	lw	ra,60(sp)
800003c0:	5462                	lw	s0,56(sp)
800003c2:	54d2                	lw	s1,52(sp)
800003c4:	5942                	lw	s2,48(sp)
800003c6:	59b2                	lw	s3,44(sp)
800003c8:	5a22                	lw	s4,40(sp)
800003ca:	6121                	addi	sp,sp,64
800003cc:	8082                	ret
800003ce:	9a4e                	add	s4,s4,s3
			pt[i] = 0;
800003d0:	00098023          	sb	zero,0(s3)
		for (uint32_t i = 0; i < ct_len; i++)
800003d4:	0985                	addi	s3,s3,1
800003d6:	ff499de3          	bne	s3,s4,800003d0 <aead_decrypt_ex+0x9c>
		return AEAD_EAUTH;
800003da:	5575                	li	a0,-3
800003dc:	bfc1                	j	800003ac <aead_decrypt_ex+0x78>
		return AEAD_EINVAL;
800003de:	5579                	li	a0,-2
800003e0:	b7f1                	j	800003ac <aead_decrypt_ex+0x78>

800003e2 <kprintf>:
	kputc('\r');
	kputc('\n');
}

void kprintf(const char *fmt, ...)
{
800003e2:	7159                	addi	sp,sp,-112

	va_start(vl, fmt);
	is_format = false;
	is_long = false;
	is_char = false;
	while ((c = *fmt++) != '\0') {
800003e4:	00054303          	lbu	t1,0(a0)
{
800003e8:	d2be                	sw	a5,100(sp)
	va_start(vl, fmt);
800003ea:	08dc                	addi	a5,sp,84
{
800003ec:	caae                	sw	a1,84(sp)
800003ee:	ccb2                	sw	a2,88(sp)
800003f0:	ceb6                	sw	a3,92(sp)
800003f2:	d0ba                	sw	a4,96(sp)
800003f4:	d4c2                	sw	a6,104(sp)
800003f6:	d6c6                	sw	a7,108(sp)
	va_start(vl, fmt);
800003f8:	c63e                	sw	a5,12(sp)
	while ((c = *fmt++) != '\0') {
800003fa:	04030d63          	beqz	t1,80000454 <kprintf+0x72>
800003fe:	0505                	addi	a0,a0,1
80000400:	4701                	li	a4,0
80000402:	4681                	li	a3,0
				break;
			}
			is_format = false;
			is_long = false;
			is_char = false;
		} else if (c == '%') {
80000404:	02500e13          	li	t3,37
{
	volatile uint32_t *tx = &REG32(uart, UART_REG_TXFIFO);
#ifdef __riscv_atomic
	int32_t r;
	do {
		__asm__ __volatile__ (
80000408:	640005b7          	lui	a1,0x64000
			switch (c) {
8000040c:	48d5                	li	a7,21
8000040e:	00000817          	auipc	a6,0x0
80000412:	4fa80813          	addi	a6,a6,1274 # 80000908 <main+0x262>
		if (is_format) {
80000416:	cef1                	beqz	a3,800004f2 <kprintf+0x110>
			switch (c) {
80000418:	f9d30313          	addi	t1,t1,-99
8000041c:	0ff37313          	zext.b	t1,t1
80000420:	0268e363          	bltu	a7,t1,80000446 <kprintf+0x64>
80000424:	00231793          	slli	a5,t1,0x2
80000428:	97c2                	add	a5,a5,a6
8000042a:	439c                	lw	a5,0(a5)
8000042c:	97c2                	add	a5,a5,a6
8000042e:	8782                	jr	a5
				kputc(va_arg(vl, int));
80000430:	46b2                	lw	a3,12(sp)
80000432:	640007b7          	lui	a5,0x64000
80000436:	0006c703          	lbu	a4,0(a3)
8000043a:	0691                	addi	a3,a3,4
8000043c:	c636                	sw	a3,12(sp)
8000043e:	40e7a6af          	amoor.w	a3,a4,(a5)
			"amoor.w %0, %2, %1\n"
			: "=r" (r), "+A" (*tx)
			: "r" (c));
	} while (r < 0);
80000442:	fe06cee3          	bltz	a3,8000043e <kprintf+0x5c>
			is_char = false;
80000446:	4701                	li	a4,0
			is_format = false;
80000448:	4681                	li	a3,0
	while ((c = *fmt++) != '\0') {
8000044a:	00054303          	lbu	t1,0(a0)
8000044e:	0505                	addi	a0,a0,1
80000450:	fc0313e3          	bnez	t1,80000416 <kprintf+0x34>
		} else {
			kputc(c);
		}
	}
	va_end(vl);
}
80000454:	6165                	addi	sp,sp,112
80000456:	8082                	ret
					n = va_arg(vl, unsigned int);
80000458:	47b2                	lw	a5,12(sp)
					i = is_char ? 4 : (sizeof(unsigned int) << 3) - 4;
8000045a:	00e03633          	snez	a2,a4
8000045e:	40c00633          	neg	a2,a2
					n = va_arg(vl, unsigned int);
80000462:	0007af83          	lw	t6,0(a5) # 64000000 <_available_heap+0x63ff2c78>
					i = is_char ? 4 : (sizeof(unsigned int) << 3) - 4;
80000466:	9a21                	andi	a2,a2,-24
					n = va_arg(vl, unsigned int);
80000468:	0791                	addi	a5,a5,4
8000046a:	c63e                	sw	a5,12(sp)
					i = is_char ? 4 : (sizeof(unsigned int) << 3) - 4;
8000046c:	0671                	addi	a2,a2,28
					kputc(d < 10 ? '0' + d : 'a' + d - 10);
8000046e:	4f25                	li	t5,9
		__asm__ __volatile__ (
80000470:	640007b7          	lui	a5,0x64000
				for (; i >= 0; i -= 4) {
80000474:	5ef1                	li	t4,-4
					d = (n >> i) & 0xF;
80000476:	00cfd733          	srl	a4,t6,a2
					kputc(d < 10 ? '0' + d : 'a' + d - 10);
8000047a:	00f77313          	andi	t1,a4,15
8000047e:	05730713          	addi	a4,t1,87
80000482:	006f6463          	bltu	t5,t1,8000048a <kprintf+0xa8>
80000486:	03030713          	addi	a4,t1,48
8000048a:	40e7a6af          	amoor.w	a3,a4,(a5)
	} while (r < 0);
8000048e:	fe06cee3          	bltz	a3,8000048a <kprintf+0xa8>
				for (; i >= 0; i -= 4) {
80000492:	1671                	addi	a2,a2,-4
80000494:	ffd611e3          	bne	a2,t4,80000476 <kprintf+0x94>
80000498:	b77d                	j	80000446 <kprintf+0x64>
				_kputs(va_arg(vl, const char *));
8000049a:	47b2                	lw	a5,12(sp)
8000049c:	4390                	lw	a2,0(a5)
8000049e:	0791                	addi	a5,a5,4 # 64000004 <_available_heap+0x63ff2c7c>
800004a0:	c63e                	sw	a5,12(sp)
	for (; (c = *s) != '\0'; s++)
800004a2:	00064703          	lbu	a4,0(a2)
800004a6:	d345                	beqz	a4,80000446 <kprintf+0x64>
		__asm__ __volatile__ (
800004a8:	640007b7          	lui	a5,0x64000
800004ac:	40e7a6af          	amoor.w	a3,a4,(a5)
	} while (r < 0);
800004b0:	fe06cee3          	bltz	a3,800004ac <kprintf+0xca>
800004b4:	00164703          	lbu	a4,1(a2)
800004b8:	0605                	addi	a2,a2,1
800004ba:	fb6d                	bnez	a4,800004ac <kprintf+0xca>
800004bc:	b769                	j	80000446 <kprintf+0x64>
				n = va_arg(vl, unsigned long);
800004be:	47b2                	lw	a5,12(sp)
800004c0:	0810                	addi	a2,sp,16
800004c2:	0898                	addi	a4,sp,80
800004c4:	0007a303          	lw	t1,0(a5) # 64000000 <_available_heap+0x63ff2c78>
800004c8:	0791                	addi	a5,a5,4
800004ca:	c63e                	sw	a5,12(sp)
800004cc:	87b2                	mv	a5,a2
				for (int i = 0; i < 64; i ++) c[i] = 0;
800004ce:	0007a023          	sw	zero,0(a5)
800004d2:	0791                	addi	a5,a5,4
800004d4:	fef71de3          	bne	a4,a5,800004ce <kprintf+0xec>
				if (n == 0) {
800004d8:	02031a63          	bnez	t1,8000050c <kprintf+0x12a>
		__asm__ __volatile__ (
800004dc:	640007b7          	lui	a5,0x64000
800004e0:	03000713          	li	a4,48
800004e4:	40e7a6af          	amoor.w	a3,a4,(a5)
	} while (r < 0);
800004e8:	fe06cee3          	bltz	a3,800004e4 <kprintf+0x102>
800004ec:	bfa9                	j	80000446 <kprintf+0x64>
				is_char = true;
800004ee:	8736                	mv	a4,a3
800004f0:	bfa9                	j	8000044a <kprintf+0x68>
		} else if (c == '%') {
800004f2:	01c31463          	bne	t1,t3,800004fa <kprintf+0x118>
			is_format = true;
800004f6:	4685                	li	a3,1
800004f8:	bf89                	j	8000044a <kprintf+0x68>
		__asm__ __volatile__ (
800004fa:	4065a7af          	amoor.w	a5,t1,(a1)
	} while (r < 0);
800004fe:	f407d6e3          	bgez	a5,8000044a <kprintf+0x68>
		__asm__ __volatile__ (
80000502:	4065a7af          	amoor.w	a5,t1,(a1)
	} while (r < 0);
80000506:	fe07cae3          	bltz	a5,800004fa <kprintf+0x118>
8000050a:	b781                	j	8000044a <kprintf+0x68>
					c[0] = '0' + (n%10);
8000050c:	4ea9                	li	t4,10
				for (;n != 0;) {
8000050e:	4f25                	li	t5,9
					for (int i = 63; i > 0; i--) c[i] = c[i-1];
80000510:	04e10793          	addi	a5,sp,78
80000514:	0007c683          	lbu	a3,0(a5) # 64000000 <_available_heap+0x63ff2c78>
80000518:	873e                	mv	a4,a5
8000051a:	17fd                	addi	a5,a5,-1
8000051c:	00d78123          	sb	a3,2(a5)
80000520:	fee61ae3          	bne	a2,a4,80000514 <kprintf+0x132>
					c[0] = '0' + (n%10);
80000524:	03d37733          	remu	a4,t1,t4
80000528:	03070713          	addi	a4,a4,48
8000052c:	00e10823          	sb	a4,16(sp)
					n = n / 10;
80000530:	03d357b3          	divu	a5,t1,t4
				for (;n != 0;) {
80000534:	006f7463          	bgeu	t5,t1,8000053c <kprintf+0x15a>
					n = n / 10;
80000538:	833e                	mv	t1,a5
8000053a:	bfd9                	j	80000510 <kprintf+0x12e>
8000053c:	01110613          	addi	a2,sp,17
		__asm__ __volatile__ (
80000540:	640007b7          	lui	a5,0x64000
80000544:	40e7a6af          	amoor.w	a3,a4,(a5)
	} while (r < 0);
80000548:	fe06cee3          	bltz	a3,80000544 <kprintf+0x162>
				for (int i = 0; c[i] != 0; i++) kputc(c[i]);
8000054c:	00064703          	lbu	a4,0(a2)
80000550:	0605                	addi	a2,a2,1
80000552:	fb6d                	bnez	a4,80000544 <kprintf+0x162>
80000554:	bdcd                	j	80000446 <kprintf+0x64>

80000556 <rfc_tag.constprop.0>:
		}
		kprintf("\r\n");
	}
}

static void rfc_tag(const uint8_t *b, uint32_t len)
80000556:	1101                	addi	sp,sp,-32
80000558:	cc22                	sw	s0,24(sp)
8000055a:	ca26                	sw	s1,20(sp)
8000055c:	c84a                	sw	s2,16(sp)
8000055e:	c64e                	sw	s3,12(sp)
80000560:	c452                	sw	s4,8(sp)
80000562:	c256                	sw	s5,4(sp)
80000564:	ce06                	sw	ra,28(sp)
80000566:	892a                	mv	s2,a0
{
	for (uint32_t i = 0; i < len; i++) {
80000568:	4401                	li	s0,0
8000056a:	00000497          	auipc	s1,0x0
8000056e:	59248493          	addi	s1,s1,1426 # 80000afc <hex.0>
	kprintf("%c%c", hex[v >> 4], hex[v & 0xF]);
80000572:	00000a97          	auipc	s5,0x0
80000576:	3eea8a93          	addi	s5,s5,1006 # 80000960 <main+0x2ba>
	for (uint32_t i = 0; i < len; i++) {
8000057a:	4a41                	li	s4,16
		if (i)
			kprintf(":");
8000057c:	00000997          	auipc	s3,0x0
80000580:	3ec98993          	addi	s3,s3,1004 # 80000968 <main+0x2c2>
80000584:	a011                	j	80000588 <rfc_tag.constprop.0+0x32>
80000586:	3db1                	jal	800003e2 <kprintf>
		print_hex_byte(b[i]);
80000588:	008907b3          	add	a5,s2,s0
8000058c:	0007c783          	lbu	a5,0(a5) # 64000000 <_available_heap+0x63ff2c78>
	kprintf("%c%c", hex[v >> 4], hex[v & 0xF]);
80000590:	8556                	mv	a0,s5
	for (uint32_t i = 0; i < len; i++) {
80000592:	0405                	addi	s0,s0,1
	kprintf("%c%c", hex[v >> 4], hex[v & 0xF]);
80000594:	00f7f713          	andi	a4,a5,15
80000598:	8391                	srli	a5,a5,0x4
8000059a:	9726                	add	a4,a4,s1
8000059c:	97a6                	add	a5,a5,s1
8000059e:	00074603          	lbu	a2,0(a4)
800005a2:	0007c583          	lbu	a1,0(a5)
800005a6:	3d35                	jal	800003e2 <kprintf>
			kprintf(":");
800005a8:	854e                	mv	a0,s3
	for (uint32_t i = 0; i < len; i++) {
800005aa:	fd441ee3          	bne	s0,s4,80000586 <rfc_tag.constprop.0+0x30>
	}
	kprintf("\r\n");
}
800005ae:	4462                	lw	s0,24(sp)
800005b0:	40f2                	lw	ra,28(sp)
800005b2:	44d2                	lw	s1,20(sp)
800005b4:	4942                	lw	s2,16(sp)
800005b6:	49b2                	lw	s3,12(sp)
800005b8:	4a22                	lw	s4,8(sp)
800005ba:	4a92                	lw	s5,4(sp)
	kprintf("\r\n");
800005bc:	00000517          	auipc	a0,0x0
800005c0:	47c50513          	addi	a0,a0,1148 # 80000a38 <main+0x392>
}
800005c4:	6105                	addi	sp,sp,32
	kprintf("\r\n");
800005c6:	bd31                	j	800003e2 <kprintf>

800005c8 <rfc_hexdump.constprop.0>:
static void rfc_hexdump(const uint8_t *b, uint32_t len)
800005c8:	7179                	addi	sp,sp,-48
800005ca:	d226                	sw	s1,36(sp)
		kprintf("%03u  ", off);
800005cc:	4581                	li	a1,0
static void rfc_hexdump(const uint8_t *b, uint32_t len)
800005ce:	84aa                	mv	s1,a0
		kprintf("%03u  ", off);
800005d0:	00000517          	auipc	a0,0x0
800005d4:	39c50513          	addi	a0,a0,924 # 8000096c <main+0x2c6>
static void rfc_hexdump(const uint8_t *b, uint32_t len)
800005d8:	d422                	sw	s0,40(sp)
800005da:	d04a                	sw	s2,32(sp)
800005dc:	ce4e                	sw	s3,28(sp)
800005de:	cc52                	sw	s4,24(sp)
800005e0:	ca56                	sw	s5,20(sp)
800005e2:	c85a                	sw	s6,16(sp)
800005e4:	c65e                	sw	s7,12(sp)
800005e6:	d606                	sw	ra,44(sp)
		for (uint32_t i = 0; i < 16; i++) {
800005e8:	4401                	li	s0,0
		kprintf("%03u  ", off);
800005ea:	3be5                	jal	800003e2 <kprintf>
			if (i < n) {
800005ec:	4a35                	li	s4,13
	kprintf("%c%c", hex[v >> 4], hex[v & 0xF]);
800005ee:	00000997          	auipc	s3,0x0
800005f2:	50e98993          	addi	s3,s3,1294 # 80000afc <hex.0>
800005f6:	00000917          	auipc	s2,0x0
800005fa:	36a90913          	addi	s2,s2,874 # 80000960 <main+0x2ba>
				kprintf(" ");
800005fe:	00000b97          	auipc	s7,0x0
80000602:	37ab8b93          	addi	s7,s7,890 # 80000978 <main+0x2d2>
				kprintf("   ");
80000606:	00000b17          	auipc	s6,0x0
8000060a:	36eb0b13          	addi	s6,s6,878 # 80000974 <main+0x2ce>
		for (uint32_t i = 0; i < 16; i++) {
8000060e:	4abd                	li	s5,15
				print_hex_byte(b[off + i]);
80000610:	008487b3          	add	a5,s1,s0
	kprintf("%c%c", hex[v >> 4], hex[v & 0xF]);
80000614:	854a                	mv	a0,s2
			if (i < n) {
80000616:	028a6663          	bltu	s4,s0,80000642 <rfc_hexdump.constprop.0+0x7a>
				print_hex_byte(b[off + i]);
8000061a:	0007c783          	lbu	a5,0(a5)
		for (uint32_t i = 0; i < 16; i++) {
8000061e:	0405                	addi	s0,s0,1
	kprintf("%c%c", hex[v >> 4], hex[v & 0xF]);
80000620:	00f7f713          	andi	a4,a5,15
80000624:	8391                	srli	a5,a5,0x4
80000626:	97ce                	add	a5,a5,s3
80000628:	974e                	add	a4,a4,s3
8000062a:	0007c583          	lbu	a1,0(a5)
8000062e:	00074603          	lbu	a2,0(a4)
80000632:	3b45                	jal	800003e2 <kprintf>
				kprintf(" ");
80000634:	855e                	mv	a0,s7
80000636:	3375                	jal	800003e2 <kprintf>
				print_hex_byte(b[off + i]);
80000638:	008487b3          	add	a5,s1,s0
	kprintf("%c%c", hex[v >> 4], hex[v & 0xF]);
8000063c:	854a                	mv	a0,s2
			if (i < n) {
8000063e:	fc8a7ee3          	bgeu	s4,s0,8000061a <rfc_hexdump.constprop.0+0x52>
				kprintf("   ");
80000642:	855a                	mv	a0,s6
80000644:	3b79                	jal	800003e2 <kprintf>
		for (uint32_t i = 0; i < 16; i++) {
80000646:	01540463          	beq	s0,s5,8000064e <rfc_hexdump.constprop.0+0x86>
8000064a:	443d                	li	s0,15
8000064c:	b7d1                	j	80000610 <rfc_hexdump.constprop.0+0x48>
		kprintf(" ");
8000064e:	00000517          	auipc	a0,0x0
80000652:	32a50513          	addi	a0,a0,810 # 80000978 <main+0x2d2>
80000656:	8426                	mv	s0,s1
80000658:	00e48993          	addi	s3,s1,14
8000065c:	3359                	jal	800003e2 <kprintf>
			kprintf("%c", (c >= 0x20 && c < 0x7f) ? (char)c : '.');
8000065e:	05e00913          	li	s2,94
80000662:	00000497          	auipc	s1,0x0
80000666:	31a48493          	addi	s1,s1,794 # 8000097c <main+0x2d6>
			uint8_t c = b[off + i];
8000066a:	00044583          	lbu	a1,0(s0)
			kprintf("%c", (c >= 0x20 && c < 0x7f) ? (char)c : '.');
8000066e:	8526                	mv	a0,s1
		for (uint32_t i = 0; i < n; i++) {
80000670:	0405                	addi	s0,s0,1
			kprintf("%c", (c >= 0x20 && c < 0x7f) ? (char)c : '.');
80000672:	fe058793          	addi	a5,a1,-32 # 63ffffe0 <_available_heap+0x63ff2c58>
80000676:	0ff7f793          	zext.b	a5,a5
8000067a:	00f97463          	bgeu	s2,a5,80000682 <rfc_hexdump.constprop.0+0xba>
8000067e:	02e00593          	li	a1,46
80000682:	3385                	jal	800003e2 <kprintf>
		for (uint32_t i = 0; i < n; i++) {
80000684:	fe8993e3          	bne	s3,s0,8000066a <rfc_hexdump.constprop.0+0xa2>
}
80000688:	5422                	lw	s0,40(sp)
8000068a:	50b2                	lw	ra,44(sp)
8000068c:	5492                	lw	s1,36(sp)
8000068e:	5902                	lw	s2,32(sp)
80000690:	49f2                	lw	s3,28(sp)
80000692:	4a62                	lw	s4,24(sp)
80000694:	4ad2                	lw	s5,20(sp)
80000696:	4b42                	lw	s6,16(sp)
80000698:	4bb2                	lw	s7,12(sp)
		kprintf("\r\n");
8000069a:	00000517          	auipc	a0,0x0
8000069e:	39e50513          	addi	a0,a0,926 # 80000a38 <main+0x392>
}
800006a2:	6145                	addi	sp,sp,48
		kprintf("\r\n");
800006a4:	bb3d                	j	800003e2 <kprintf>

800006a6 <main>:
/* ------------------------------------------------------------------------- */
/* Main Program                                                              */
/* ------------------------------------------------------------------------- */

int main(int hartid, char **argv)
{
800006a6:	1101                	addi	sp,sp,-32
800006a8:	ce06                	sw	ra,28(sp)
	static uint8_t tag_enc[AEAD_TAG_LEN];
	static uint8_t tag_dec[AEAD_TAG_LEN];
	int rc, tags_match, pt_match;

	// Kích ho?t UART TX Control chu?n t? platform.h
	REG32(uart, UART_REG_TXCTRL) = UART_TXEN;
800006aa:	640007b7          	lui	a5,0x64000
800006ae:	4705                	li	a4,1
{
800006b0:	cc22                	sw	s0,24(sp)
800006b2:	ca26                	sw	s1,20(sp)
	REG32(uart, UART_REG_TXCTRL) = UART_TXEN;
800006b4:	c798                	sw	a4,8(a5)

	kprintf("\r\nChaCha20-Poly1305 AEAD round trip -- RFC 8439 Sec 2.8.2\r\n");
800006b6:	00000517          	auipc	a0,0x0
800006ba:	2de50513          	addi	a0,a0,734 # 80000994 <main+0x2ee>
800006be:	3315                	jal	800003e2 <kprintf>
	kprintf("AEAD_chacha_poly @ 0x6400A000, Arty 100T\r\n");
800006c0:	00000517          	auipc	a0,0x0
800006c4:	31050513          	addi	a0,a0,784 # 800009d0 <main+0x32a>
800006c8:	3b29                	jal	800003e2 <kprintf>

	/* ---- encrypt ---------------------------------------------------- */
	rc = aead_encrypt(kat_aead_key, kat_aead_nonce,
800006ca:	00000897          	auipc	a7,0x0
800006ce:	51e88893          	addi	a7,a7,1310 # 80000be8 <tag_enc.3>
800006d2:	00000817          	auipc	a6,0x0
800006d6:	52680813          	addi	a6,a6,1318 # 80000bf8 <ct.4>
800006da:	47b9                	li	a5,14
800006dc:	00000717          	auipc	a4,0x0
800006e0:	43470713          	addi	a4,a4,1076 # 80000b10 <kat_aead_pt>
800006e4:	46b1                	li	a3,12
800006e6:	00000617          	auipc	a2,0x0
800006ea:	43a60613          	addi	a2,a2,1082 # 80000b20 <kat_aead_aad>
800006ee:	00000597          	auipc	a1,0x0
800006f2:	43e58593          	addi	a1,a1,1086 # 80000b2c <kat_aead_nonce>
800006f6:	00000517          	auipc	a0,0x0
800006fa:	44250513          	addi	a0,a0,1090 # 80000b38 <kat_aead_key>
800006fe:	3109                	jal	80000300 <aead_encrypt>
80000700:	842a                	mv	s0,a0
			  kat_aead_aad, sizeof(kat_aead_aad),
			  kat_aead_pt, sizeof(kat_aead_pt), ct, tag_enc);
	if (rc != AEAD_OK) {
80000702:	c909                	beqz	a0,80000714 <main+0x6e>
		kprintf("\r\nencrypt failed, rc=%u\r\n", (uint32_t)(-rc));
80000704:	40a005b3          	neg	a1,a0
80000708:	00000517          	auipc	a0,0x0
8000070c:	2f450513          	addi	a0,a0,756 # 800009fc <main+0x356>
80000710:	39c9                	jal	800003e2 <kprintf>
		for (;;)
80000712:	a001                	j	80000712 <main+0x6c>
			;
	}

	kprintf("\r\nENCRYPT\r\n");
80000714:	00000517          	auipc	a0,0x0
80000718:	30450513          	addi	a0,a0,772 # 80000a18 <main+0x372>
8000071c:	31d9                	jal	800003e2 <kprintf>
	kprintf("Ciphertext:\r\n");
8000071e:	00000517          	auipc	a0,0x0
80000722:	30650513          	addi	a0,a0,774 # 80000a24 <main+0x37e>
80000726:	3975                	jal	800003e2 <kprintf>
	rfc_hexdump(ct, sizeof(kat_aead_pt));
80000728:	00000517          	auipc	a0,0x0
8000072c:	4d050513          	addi	a0,a0,1232 # 80000bf8 <ct.4>
80000730:	3d61                	jal	800005c8 <rfc_hexdump.constprop.0>
	kprintf("Tag:\r\n");
80000732:	00000517          	auipc	a0,0x0
80000736:	30250513          	addi	a0,a0,770 # 80000a34 <main+0x38e>
8000073a:	3165                	jal	800003e2 <kprintf>
	rfc_tag(tag_enc, AEAD_TAG_LEN);
8000073c:	00000517          	auipc	a0,0x0
80000740:	4ac50513          	addi	a0,a0,1196 # 80000be8 <tag_enc.3>
80000744:	3d09                	jal	80000556 <rfc_tag.constprop.0>

	/* ---- decrypt the ciphertext we just produced --------------------- */
	rc = aead_decrypt_ex(kat_aead_key, kat_aead_nonce,
80000746:	00000797          	auipc	a5,0x0
8000074a:	41278793          	addi	a5,a5,1042 # 80000b58 <tag_dec.1>
8000074e:	c03e                	sw	a5,0(sp)
80000750:	00000897          	auipc	a7,0x0
80000754:	41888893          	addi	a7,a7,1048 # 80000b68 <pt.2>
80000758:	00000817          	auipc	a6,0x0
8000075c:	49080813          	addi	a6,a6,1168 # 80000be8 <tag_enc.3>
80000760:	47b9                	li	a5,14
80000762:	00000717          	auipc	a4,0x0
80000766:	49670713          	addi	a4,a4,1174 # 80000bf8 <ct.4>
8000076a:	46b1                	li	a3,12
8000076c:	00000617          	auipc	a2,0x0
80000770:	3b460613          	addi	a2,a2,948 # 80000b20 <kat_aead_aad>
80000774:	00000597          	auipc	a1,0x0
80000778:	3b858593          	addi	a1,a1,952 # 80000b2c <kat_aead_nonce>
8000077c:	00000517          	auipc	a0,0x0
80000780:	3bc50513          	addi	a0,a0,956 # 80000b38 <kat_aead_key>
80000784:	3e45                	jal	80000334 <aead_decrypt_ex>
80000786:	84aa                	mv	s1,a0
			     kat_aead_aad, sizeof(kat_aead_aad),
			     ct, sizeof(kat_aead_pt),
			     tag_enc, pt, tag_dec);

	kprintf("\r\nDECRYPT\r\n");
80000788:	00000517          	auipc	a0,0x0
8000078c:	2b450513          	addi	a0,a0,692 # 80000a3c <main+0x396>
80000790:	3989                	jal	800003e2 <kprintf>
	if (rc != AEAD_OK && rc != AEAD_EAUTH) {
80000792:	c481                	beqz	s1,8000079a <main+0xf4>
80000794:	57f5                	li	a5,-3
80000796:	0cf49663          	bne	s1,a5,80000862 <main+0x1bc>
		kprintf("decrypt failed, rc=%u\r\n", (uint32_t)(-rc));
		for (;;)
			;
	}

	kprintf("Plaintext:\r\n");
8000079a:	00000517          	auipc	a0,0x0
8000079e:	2c650513          	addi	a0,a0,710 # 80000a60 <main+0x3ba>
800007a2:	3181                	jal	800003e2 <kprintf>
	rfc_hexdump(pt, sizeof(kat_aead_pt));
800007a4:	00000517          	auipc	a0,0x0
800007a8:	3c450513          	addi	a0,a0,964 # 80000b68 <pt.2>
800007ac:	3d31                	jal	800005c8 <rfc_hexdump.constprop.0>
	kprintf("Tag recomputed by hardware:\r\n");
800007ae:	00000517          	auipc	a0,0x0
800007b2:	2c250513          	addi	a0,a0,706 # 80000a70 <main+0x3ca>
800007b6:	3135                	jal	800003e2 <kprintf>
	rfc_tag(tag_dec, AEAD_TAG_LEN);
800007b8:	00000517          	auipc	a0,0x0
800007bc:	3a050513          	addi	a0,a0,928 # 80000b58 <tag_dec.1>
800007c0:	3b59                	jal	80000556 <rfc_tag.constprop.0>
	for (uint32_t i = 0; i < len; i++)
800007c2:	00000797          	auipc	a5,0x0
800007c6:	42678793          	addi	a5,a5,1062 # 80000be8 <tag_enc.3>
800007ca:	00000717          	auipc	a4,0x0
800007ce:	38e70713          	addi	a4,a4,910 # 80000b58 <tag_dec.1>
800007d2:	00000597          	auipc	a1,0x0
800007d6:	42658593          	addi	a1,a1,1062 # 80000bf8 <ct.4>
800007da:	a019                	j	800007e0 <main+0x13a>
800007dc:	08b78b63          	beq	a5,a1,80000872 <main+0x1cc>
		if (a[i] != b[i])
800007e0:	0007c603          	lbu	a2,0(a5)
800007e4:	00074683          	lbu	a3,0(a4)
	for (uint32_t i = 0; i < len; i++)
800007e8:	0785                	addi	a5,a5,1
800007ea:	0705                	addi	a4,a4,1
		if (a[i] != b[i])
800007ec:	fed608e3          	beq	a2,a3,800007dc <main+0x136>
	for (uint32_t i = 0; i < len; i++)
800007f0:	00000797          	auipc	a5,0x0
800007f4:	37878793          	addi	a5,a5,888 # 80000b68 <pt.2>
800007f8:	00000717          	auipc	a4,0x0
800007fc:	31870713          	addi	a4,a4,792 # 80000b10 <kat_aead_pt>
80000800:	00000597          	auipc	a1,0x0
80000804:	37658593          	addi	a1,a1,886 # 80000b76 <pt.2+0xe>
80000808:	a019                	j	8000080e <main+0x168>
8000080a:	06b78663          	beq	a5,a1,80000876 <main+0x1d0>
		if (a[i] != b[i])
8000080e:	0007c603          	lbu	a2,0(a5)
80000812:	00074683          	lbu	a3,0(a4)
	for (uint32_t i = 0; i < len; i++)
80000816:	0785                	addi	a5,a5,1
80000818:	0705                	addi	a4,a4,1
		if (a[i] != b[i])
8000081a:	fed608e3          	beq	a2,a3,8000080a <main+0x164>

	/* ---- compare ------------------------------------------------------ */
	tags_match = bytes_equal(tag_enc, tag_dec, AEAD_TAG_LEN);
	pt_match   = bytes_equal(pt, kat_aead_pt, sizeof(kat_aead_pt));

	kprintf("\r\ntag encrypt == tag decrypt : %s\r\n", tags_match ? "YES" : "NO");
8000081e:	c83d                	beqz	s0,80000894 <main+0x1ee>
80000820:	00000597          	auipc	a1,0x0
80000824:	16058593          	addi	a1,a1,352 # 80000980 <main+0x2da>
80000828:	00000517          	auipc	a0,0x0
8000082c:	26850513          	addi	a0,a0,616 # 80000a90 <main+0x3ea>
80000830:	3e4d                	jal	800003e2 <kprintf>
	kprintf("plaintext recovered        : %s\r\n", pt_match ? "YES" : "NO");
80000832:	00000597          	auipc	a1,0x0
80000836:	15258593          	addi	a1,a1,338 # 80000984 <main+0x2de>
8000083a:	00000517          	auipc	a0,0x0
8000083e:	27a50513          	addi	a0,a0,634 # 80000ab4 <main+0x40e>
80000842:	3645                	jal	800003e2 <kprintf>
	kprintf("authentication             : %s\r\n", rc == AEAD_OK ? "OK" : "FAILED");
80000844:	00000597          	auipc	a1,0x0
80000848:	14858593          	addi	a1,a1,328 # 8000098c <main+0x2e6>
8000084c:	e489                	bnez	s1,80000856 <main+0x1b0>
8000084e:	00000597          	auipc	a1,0x0
80000852:	13a58593          	addi	a1,a1,314 # 80000988 <main+0x2e2>
80000856:	00000517          	auipc	a0,0x0
8000085a:	28250513          	addi	a0,a0,642 # 80000ad8 <main+0x432>
8000085e:	3651                	jal	800003e2 <kprintf>

	for (;;)
80000860:	a001                	j	80000860 <main+0x1ba>
		kprintf("decrypt failed, rc=%u\r\n", (uint32_t)(-rc));
80000862:	409005b3          	neg	a1,s1
80000866:	00000517          	auipc	a0,0x0
8000086a:	1e250513          	addi	a0,a0,482 # 80000a48 <main+0x3a2>
8000086e:	3e95                	jal	800003e2 <kprintf>
		for (;;)
80000870:	a001                	j	80000870 <main+0x1ca>
	return 1;
80000872:	4405                	li	s0,1
80000874:	bfb5                	j	800007f0 <main+0x14a>
	kprintf("\r\ntag encrypt == tag decrypt : %s\r\n", tags_match ? "YES" : "NO");
80000876:	c80d                	beqz	s0,800008a8 <main+0x202>
80000878:	00000597          	auipc	a1,0x0
8000087c:	10858593          	addi	a1,a1,264 # 80000980 <main+0x2da>
80000880:	00000517          	auipc	a0,0x0
80000884:	21050513          	addi	a0,a0,528 # 80000a90 <main+0x3ea>
80000888:	3ea9                	jal	800003e2 <kprintf>
	kprintf("plaintext recovered        : %s\r\n", pt_match ? "YES" : "NO");
8000088a:	00000597          	auipc	a1,0x0
8000088e:	0f658593          	addi	a1,a1,246 # 80000980 <main+0x2da>
80000892:	b765                	j	8000083a <main+0x194>
	kprintf("\r\ntag encrypt == tag decrypt : %s\r\n", tags_match ? "YES" : "NO");
80000894:	00000597          	auipc	a1,0x0
80000898:	0f058593          	addi	a1,a1,240 # 80000984 <main+0x2de>
8000089c:	00000517          	auipc	a0,0x0
800008a0:	1f450513          	addi	a0,a0,500 # 80000a90 <main+0x3ea>
800008a4:	3e3d                	jal	800003e2 <kprintf>
	kprintf("plaintext recovered        : %s\r\n", pt_match ? "YES" : "NO");
800008a6:	b771                	j	80000832 <main+0x18c>
	kprintf("\r\ntag encrypt == tag decrypt : %s\r\n", tags_match ? "YES" : "NO");
800008a8:	00000597          	auipc	a1,0x0
800008ac:	0dc58593          	addi	a1,a1,220 # 80000984 <main+0x2de>
800008b0:	00000517          	auipc	a0,0x0
800008b4:	1e050513          	addi	a0,a0,480 # 80000a90 <main+0x3ea>
800008b8:	362d                	jal	800003e2 <kprintf>
	kprintf("plaintext recovered        : %s\r\n", pt_match ? "YES" : "NO");
800008ba:	00000597          	auipc	a1,0x0
800008be:	0c658593          	addi	a1,a1,198 # 80000980 <main+0x2da>
800008c2:	bfa5                	j	8000083a <main+0x194>
	...

Disassembly of section .rodata:

80000908 <hex.0-0x1f4>:
80000908:	fb28                	.2byte	0xfb28
8000090a:	ffff                	.2byte	0xffff
8000090c:	fb3e                	.2byte	0xfb3e
8000090e:	ffff                	.2byte	0xffff
80000910:	fb3e                	.2byte	0xfb3e
80000912:	ffff                	.2byte	0xffff
80000914:	fb3e                	.2byte	0xfb3e
80000916:	ffff                	.2byte	0xffff
80000918:	fb3e                	.2byte	0xfb3e
8000091a:	ffff                	.2byte	0xffff
8000091c:	fbe6                	.2byte	0xfbe6
8000091e:	ffff                	.2byte	0xffff
80000920:	fb3e                	.2byte	0xfb3e
80000922:	ffff                	.2byte	0xffff
80000924:	fb3e                	.2byte	0xfb3e
80000926:	ffff                	.2byte	0xffff
80000928:	fb3e                	.2byte	0xfb3e
8000092a:	ffff                	.2byte	0xffff
8000092c:	fbb6                	.2byte	0xfbb6
8000092e:	ffff                	.2byte	0xffff
80000930:	fb3e                	.2byte	0xfb3e
80000932:	ffff                	.2byte	0xffff
80000934:	fb3e                	.2byte	0xfb3e
80000936:	ffff                	.2byte	0xffff
80000938:	fb3e                	.2byte	0xfb3e
8000093a:	ffff                	.2byte	0xffff
8000093c:	fb3e                	.2byte	0xfb3e
8000093e:	ffff                	.2byte	0xffff
80000940:	fb3e                	.2byte	0xfb3e
80000942:	ffff                	.2byte	0xffff
80000944:	fb3e                	.2byte	0xfb3e
80000946:	ffff                	.2byte	0xffff
80000948:	fb92                	.2byte	0xfb92
8000094a:	ffff                	.2byte	0xffff
8000094c:	fb3e                	.2byte	0xfb3e
8000094e:	ffff                	.2byte	0xffff
80000950:	fb3e                	.2byte	0xfb3e
80000952:	ffff                	.2byte	0xffff
80000954:	fb3e                	.2byte	0xfb3e
80000956:	ffff                	.2byte	0xffff
80000958:	fb3e                	.2byte	0xfb3e
8000095a:	ffff                	.2byte	0xffff
8000095c:	fb50                	.2byte	0xfb50
8000095e:	ffff                	.2byte	0xffff
80000960:	6325                	lui	t1,0x9
80000962:	6325                	lui	t1,0x9
80000964:	0000                	unimp
80000966:	0000                	unimp
80000968:	003a                	c.slli	zero,0xe
8000096a:	0000                	unimp
8000096c:	3025                	jal	80000194 <aead_run.part.0+0xb4>
8000096e:	20207533          	.4byte	0x20207533
80000972:	0000                	unimp
80000974:	2020                	.2byte	0x2020
80000976:	0020                	addi	s0,sp,8
80000978:	0020                	addi	s0,sp,8
8000097a:	0000                	unimp
8000097c:	6325                	lui	t1,0x9
8000097e:	0000                	unimp
80000980:	4559                	li	a0,22
80000982:	4f4e0053          	.4byte	0x4f4e0053
80000986:	0000                	unimp
80000988:	00004b4f          	.4byte	0x4b4f
8000098c:	4146                	lw	sp,80(sp)
8000098e:	4c49                	li	s8,18
80000990:	4445                	li	s0,17
80000992:	0000                	unimp
80000994:	0a0d                	addi	s4,s4,3
80000996:	43616843          	.4byte	0x43616843
8000099a:	6168                	.2byte	0x6168
8000099c:	3032                	.2byte	0x3032
8000099e:	502d                	c.li	zero,-21
800009a0:	31796c6f          	jal	s8,800974b6 <_ram_end+0x874b6>
800009a4:	20353033          	.4byte	0x20353033
800009a8:	4541                	li	a0,16
800009aa:	4441                	li	s0,16
800009ac:	7220                	.2byte	0x7220
800009ae:	646e756f          	jal	a0,800e7ff4 <_ram_end+0xd7ff4>
800009b2:	7420                	.2byte	0x7420
800009b4:	6972                	.2byte	0x6972
800009b6:	2070                	.2byte	0x2070
800009b8:	2d2d                	jal	80000ff2 <_end+0x37a>
800009ba:	5220                	lw	s0,96(a2)
800009bc:	4346                	lw	t1,80(sp)
800009be:	3820                	.2byte	0x3820
800009c0:	3334                	.2byte	0x3334
800009c2:	2039                	jal	800009d0 <main+0x32a>
800009c4:	20636553          	.4byte	0x20636553
800009c8:	2e32                	.2byte	0x2e32
800009ca:	2e38                	.2byte	0x2e38
800009cc:	0d32                	slli	s10,s10,0xc
800009ce:	000a                	c.slli	zero,0x2
800009d0:	4541                	li	a0,16
800009d2:	4441                	li	s0,16
800009d4:	635f 6168 6863      	.byte	0x5f, 0x63, 0x68, 0x61, 0x63, 0x68
800009da:	5f61                	li	t5,-8
800009dc:	6f70                	.2byte	0x6f70
800009de:	796c                	.2byte	0x796c
800009e0:	4020                	lw	s0,64(s0)
800009e2:	3020                	.2byte	0x3020
800009e4:	3678                	.2byte	0x3678
800009e6:	3034                	.2byte	0x3034
800009e8:	4130                	lw	a2,64(a0)
800009ea:	3030                	.2byte	0x3030
800009ec:	2c30                	.2byte	0x2c30
800009ee:	4120                	lw	s0,64(a0)
800009f0:	7472                	.2byte	0x7472
800009f2:	2079                	jal	80000a80 <main+0x3da>
800009f4:	3031                	jal	80000200 <aead_run.part.0+0x120>
800009f6:	5430                	lw	a2,104(s0)
800009f8:	0a0d                	addi	s4,s4,3
800009fa:	0000                	unimp
800009fc:	0a0d                	addi	s4,s4,3
800009fe:	6e65                	lui	t3,0x19
80000a00:	70797263          	bgeu	s2,t2,80001104 <_end+0x48c>
80000a04:	2074                	.2byte	0x2074
80000a06:	6166                	.2byte	0x6166
80000a08:	6c69                	lui	s8,0x1a
80000a0a:	6465                	lui	s0,0x19
80000a0c:	202c                	.2byte	0x202c
80000a0e:	6372                	.2byte	0x6372
80000a10:	253d                	jal	8000103e <_end+0x3c6>
80000a12:	0d75                	addi	s10,s10,29
80000a14:	000a                	c.slli	zero,0x2
80000a16:	0000                	unimp
80000a18:	0a0d                	addi	s4,s4,3
80000a1a:	4e45                	li	t3,17
80000a1c:	50595243          	.4byte	0x50595243
80000a20:	0d54                	addi	a3,sp,660
80000a22:	000a                	c.slli	zero,0x2
80000a24:	68706943          	.4byte	0x68706943
80000a28:	7265                	lui	tp,0xffff9
80000a2a:	6574                	.2byte	0x6574
80000a2c:	7478                	.2byte	0x7478
80000a2e:	0d3a                	slli	s10,s10,0xe
80000a30:	000a                	c.slli	zero,0x2
80000a32:	0000                	unimp
80000a34:	6154                	.2byte	0x6154
80000a36:	0a0d3a67          	.4byte	0xa0d3a67
80000a3a:	0000                	unimp
80000a3c:	0a0d                	addi	s4,s4,3
80000a3e:	4544                	lw	s1,12(a0)
80000a40:	50595243          	.4byte	0x50595243
80000a44:	0d54                	addi	a3,sp,660
80000a46:	000a                	c.slli	zero,0x2
80000a48:	6564                	.2byte	0x6564
80000a4a:	70797263          	bgeu	s2,t2,8000114e <_end+0x4d6>
80000a4e:	2074                	.2byte	0x2074
80000a50:	6166                	.2byte	0x6166
80000a52:	6c69                	lui	s8,0x1a
80000a54:	6465                	lui	s0,0x19
80000a56:	202c                	.2byte	0x202c
80000a58:	6372                	.2byte	0x6372
80000a5a:	253d                	jal	80001088 <_end+0x410>
80000a5c:	0d75                	addi	s10,s10,29
80000a5e:	000a                	c.slli	zero,0x2
80000a60:	6c50                	.2byte	0x6c50
80000a62:	6961                	lui	s2,0x18
80000a64:	746e                	.2byte	0x746e
80000a66:	7865                	lui	a6,0xffff9
80000a68:	3a74                	.2byte	0x3a74
80000a6a:	0a0d                	addi	s4,s4,3
80000a6c:	0000                	unimp
80000a6e:	0000                	unimp
80000a70:	6154                	.2byte	0x6154
80000a72:	65722067          	.4byte	0x65722067
80000a76:	706d6f63          	bltu	s10,t1,80001194 <_end+0x51c>
80000a7a:	7475                	lui	s0,0xffffd
80000a7c:	6465                	lui	s0,0x19
80000a7e:	6220                	.2byte	0x6220
80000a80:	2079                	jal	80000b0e <hex.0+0x12>
80000a82:	6168                	.2byte	0x6168
80000a84:	6472                	.2byte	0x6472
80000a86:	65726177          	.4byte	0x65726177
80000a8a:	0d3a                	slli	s10,s10,0xe
80000a8c:	000a                	c.slli	zero,0x2
80000a8e:	0000                	unimp
80000a90:	0a0d                	addi	s4,s4,3
80000a92:	6174                	.2byte	0x6174
80000a94:	6e652067          	.4byte	0x6e652067
80000a98:	70797263          	bgeu	s2,t2,8000119c <_end+0x524>
80000a9c:	2074                	.2byte	0x2074
80000a9e:	3d3d                	jal	800008dc <main+0x236>
80000aa0:	7420                	.2byte	0x7420
80000aa2:	6761                	lui	a4,0x18
80000aa4:	6420                	.2byte	0x6420
80000aa6:	6365                	lui	t1,0x19
80000aa8:	7972                	.2byte	0x7972
80000aaa:	7470                	.2byte	0x7470
80000aac:	3a20                	.2byte	0x3a20
80000aae:	2520                	.2byte	0x2520
80000ab0:	000a0d73          	.4byte	0xa0d73
80000ab4:	6c70                	.2byte	0x6c70
80000ab6:	6961                	lui	s2,0x18
80000ab8:	746e                	.2byte	0x746e
80000aba:	7865                	lui	a6,0xffff9
80000abc:	2074                	.2byte	0x2074
80000abe:	6572                	.2byte	0x6572
80000ac0:	65766f63          	bltu	a2,s7,8000111e <_end+0x4a6>
80000ac4:	6572                	.2byte	0x6572
80000ac6:	2064                	.2byte	0x2064
80000ac8:	2020                	.2byte	0x2020
80000aca:	2020                	.2byte	0x2020
80000acc:	2020                	.2byte	0x2020
80000ace:	3a20                	.2byte	0x3a20
80000ad0:	2520                	.2byte	0x2520
80000ad2:	000a0d73          	.4byte	0xa0d73
80000ad6:	0000                	unimp
80000ad8:	7561                	lui	a0,0xffff8
80000ada:	6874                	.2byte	0x6874
80000adc:	6e65                	lui	t3,0x19
80000ade:	6974                	.2byte	0x6974
80000ae0:	69746163          	bltu	s0,s7,80001162 <_end+0x4ea>
80000ae4:	20206e6f          	jal	t3,80006ce6 <_end+0x606e>
80000ae8:	2020                	.2byte	0x2020
80000aea:	2020                	.2byte	0x2020
80000aec:	2020                	.2byte	0x2020
80000aee:	2020                	.2byte	0x2020
80000af0:	2020                	.2byte	0x2020
80000af2:	3a20                	.2byte	0x3a20
80000af4:	2520                	.2byte	0x2520
80000af6:	000a0d73          	.4byte	0xa0d73
	...

80000afc <hex.0>:
80000afc:	3130                	.2byte	0x3130
80000afe:	3332                	.2byte	0x3332
80000b00:	3534                	.2byte	0x3534
80000b02:	3736                	.2byte	0x3736
80000b04:	3938                	.2byte	0x3938
80000b06:	6261                	lui	tp,0x18
80000b08:	66656463          	bltu	a0,t1,80001170 <_end+0x4f8>
80000b0c:	0000                	unimp
	...

80000b10 <kat_aead_pt>:
static const uint8_t kat_aead_key[32] = {0x80, 0x81, 0x82, 0x83, 0x84, 0x85, 0x86, 0x87, 0x88, 0x89, 0x8A, 0x8B, 0x8C, 0x8D, 0x8E, 0x8F, 0x90, 0x91, 0x92, 0x93, 0x94, 0x95, 0x96, 0x97, 0x98, 0x99, 0x9A, 0x9B, 0x9C, 0x9D, 0x9E, 0x9F};
static const uint8_t kat_aead_nonce[12] = {0x07, 0x00, 0x00, 0x00, 0x40, 0x41, 0x42, 0x43, 0x44, 0x45, 0x46, 0x47};
static const uint8_t kat_aead_aad[12] = {0x50, 0x51, 0x52, 0x53, 0xC0, 0xC1, 0xC2, 0xC3, 0xC4, 0xC5, 0xC6, 0xC7};

/* Plaintext: "TRAN HUNG THOI" (14 bytes) */
static const uint8_t kat_aead_pt[14] = {
80000b10:	5254                	lw	a3,36(a2)
80000b12:	4e41                	li	t3,16
80000b14:	4820                	lw	s0,80(s0)
80000b16:	4e55                	li	t3,21
80000b18:	48542047          	.4byte	0x48542047
80000b1c:	0000494f          	.4byte	0x494f

80000b20 <kat_aead_aad>:
static const uint8_t kat_aead_aad[12] = {0x50, 0x51, 0x52, 0x53, 0xC0, 0xC1, 0xC2, 0xC3, 0xC4, 0xC5, 0xC6, 0xC7};
80000b20:	5150                	lw	a2,36(a0)
80000b22:	5352                	lw	t1,52(sp)
80000b24:	c1c0                	sw	s0,4(a1)
80000b26:	c3c2                	sw	a6,196(sp)
80000b28:	c5c4                	sw	s1,12(a1)
80000b2a:	c7c6                	sw	a7,204(sp)

80000b2c <kat_aead_nonce>:
static const uint8_t kat_aead_nonce[12] = {0x07, 0x00, 0x00, 0x00, 0x40, 0x41, 0x42, 0x43, 0x44, 0x45, 0x46, 0x47};
80000b2c:	00000007          	.4byte	0x7
80000b30:	4140                	lw	s0,4(a0)
80000b32:	4342                	lw	t1,16(sp)
80000b34:	4544                	lw	s1,12(a0)
80000b36:	4746                	lw	a4,80(sp)

80000b38 <kat_aead_key>:
static const uint8_t kat_aead_key[32] = {0x80, 0x81, 0x82, 0x83, 0x84, 0x85, 0x86, 0x87, 0x88, 0x89, 0x8A, 0x8B, 0x8C, 0x8D, 0x8E, 0x8F, 0x90, 0x91, 0x92, 0x93, 0x94, 0x95, 0x96, 0x97, 0x98, 0x99, 0x9A, 0x9B, 0x9C, 0x9D, 0x9E, 0x9F};
80000b38:	8180                	.2byte	0x8180
80000b3a:	8382                	jr	t2
80000b3c:	8584                	.2byte	0x8584
80000b3e:	8786                	mv	a5,ra
80000b40:	8988                	.2byte	0x8988
80000b42:	8b8a                	mv	s7,sp
80000b44:	8d8c                	.2byte	0x8d8c
80000b46:	8f8e                	mv	t6,gp
80000b48:	9190                	.2byte	0x9190
80000b4a:	9392                	add	t2,t2,tp
80000b4c:	9594                	.2byte	0x9594
80000b4e:	9796                	add	a5,a5,t0
80000b50:	9998                	.2byte	0x9998
80000b52:	9b9a                	add	s7,s7,t1
80000b54:	9d9c                	.2byte	0x9d9c
80000b56:	9f9e                	add	t6,t6,t2

Disassembly of section .bss:

80000b58 <tag_dec.1>:
	...

80000b68 <pt.2>:
	...

80000be8 <tag_enc.3>:
	...

80000bf8 <ct.4>:
	...

Disassembly of section .riscv.attributes:

00000000 <.riscv.attributes>:
   0:	2e41                	jal	390 <_program_size-0x8e8>
   2:	0000                	unimp
   4:	7200                	.2byte	0x7200
   6:	7369                	lui	t1,0xffffa
   8:	01007663          	bgeu	zero,a6,14 <_program_size-0xc64>
   c:	0024                	addi	s1,sp,8
   e:	0000                	unimp
  10:	1004                	addi	s1,sp,32
  12:	7205                	lui	tp,0xfffe1
  14:	3376                	.2byte	0x3376
  16:	6932                	.2byte	0x6932
  18:	7032                	.2byte	0x7032
  1a:	5f30                	lw	a2,120(a4)
  1c:	326d                	jal	fffff9c6 <_ram_end+0x7ffef9c6>
  1e:	3070                	.2byte	0x3070
  20:	615f 7032 5f30      	.byte	0x5f, 0x61, 0x32, 0x70, 0x30, 0x5f
  26:	30703263          	.4byte	0x30703263
  2a:	0800                	addi	s0,sp,16
  2c:	0a01                	addi	s4,s4,0
  2e:	0b              	Address 0x000000000000002e is out of bounds.


Disassembly of section .comment:

00000000 <.comment>:
   0:	3a434347          	.4byte	0x3a434347
   4:	2820                	.2byte	0x2820
   6:	65653267          	.4byte	0x65653267
   a:	6535                	lui	a0,0xd
   c:	3334                	.2byte	0x3334
   e:	3030                	.2byte	0x3030
  10:	3831                	jal	fffff82c <_ram_end+0x7ffef82c>
  12:	2029                	jal	1c <_program_size-0xc5c>
  14:	3231                	jal	fffff920 <_ram_end+0x7ffef920>
  16:	322e                	.2byte	0x322e
  18:	302e                	.2byte	0x302e
	...

Disassembly of section .debug_line:

00000000 <.debug_line>:
       0:	007c                	addi	a5,sp,12
       2:	0000                	unimp
       4:	0005                	c.nop	1
       6:	0004                	.2byte	0x4
       8:	002e                	c.slli	zero,0xb
       a:	0000                	unimp
       c:	0101                	addi	sp,sp,0
       e:	fb01                	bnez	a4,ffffff1e <_ram_end+0x7ffeff1e>
      10:	0d0e                	slli	s10,s10,0x3
      12:	0100                	addi	s0,sp,128
      14:	0101                	addi	sp,sp,0
      16:	0001                	nop
      18:	0000                	unimp
      1a:	0001                	nop
      1c:	0100                	addi	s0,sp,128
      1e:	0101                	addi	sp,sp,0
      20:	021f 0000 0000      	.byte	0x1f, 0x02, 0x00, 0x00, 0x00, 0x00
      26:	0038                	addi	a4,sp,8
      28:	0000                	unimp
      2a:	0102                	c.slli64	sp
      2c:	021f 020f 0074      	.byte	0x1f, 0x02, 0x0f, 0x02, 0x74, 0x00
      32:	0000                	unimp
      34:	7401                	lui	s0,0xfffe0
      36:	0000                	unimp
      38:	0100                	addi	s0,sp,128
      3a:	0500                	addi	s0,sp,640
      3c:	0002                	c.slli64	zero
      3e:	0000                	unimp
      40:	0380                	addi	s0,sp,448
      42:	010a                	slli	sp,sp,0x2
      44:	04090103          	lb	sp,64(s2) # 18040 <_available_heap+0xacb8>
      48:	0100                	addi	s0,sp,128
      4a:	04090103          	lb	sp,64(s2)
      4e:	0100                	addi	s0,sp,128
      50:	04090103          	lb	sp,64(s2)
      54:	0100                	addi	s0,sp,128
      56:	08090103          	lb	sp,128(s2)
      5a:	0100                	addi	s0,sp,128
      5c:	04090103          	lb	sp,64(s2)
      60:	0100                	addi	s0,sp,128
      62:	02090103          	lb	sp,32(s2)
      66:	0100                	addi	s0,sp,128
      68:	04090103          	lb	sp,64(s2)
      6c:	0100                	addi	s0,sp,128
      6e:	04090203          	lb	tp,64(s2)
      72:	0100                	addi	s0,sp,128
      74:	04090203          	lb	tp,64(s2)
      78:	0100                	addi	s0,sp,128
      7a:	0409                	addi	s0,s0,2 # fffe0002 <_ram_end+0x7ffd0002>
      7c:	0000                	unimp
      7e:	0101                	addi	sp,sp,0
      80:	0c19                	addi	s8,s8,6 # 1a006 <_available_heap+0xcc7e>
      82:	0000                	unimp
      84:	0005                	c.nop	1
      86:	0004                	.2byte	0x4
      88:	0040                	addi	s0,sp,4
      8a:	0000                	unimp
      8c:	0101                	addi	sp,sp,0
      8e:	fb01                	bnez	a4,ffffff9e <_ram_end+0x7ffeff9e>
      90:	0d0e                	slli	s10,s10,0x3
      92:	0100                	addi	s0,sp,128
      94:	0101                	addi	sp,sp,0
      96:	0001                	nop
      98:	0000                	unimp
      9a:	0001                	nop
      9c:	0100                	addi	s0,sp,128
      9e:	0101                	addi	sp,sp,0
      a0:	041f 0000 0000      	.byte	0x1f, 0x04, 0x00, 0x00, 0x00, 0x00
      a6:	0038                	addi	a4,sp,8
      a8:	0000                	unimp
      aa:	00be                	slli	ra,ra,0xf
      ac:	0000                	unimp
      ae:	0119                	addi	sp,sp,6
      b0:	0000                	unimp
      b2:	0102                	c.slli64	sp
      b4:	021f 040f 00b7      	.byte	0x1f, 0x02, 0x0f, 0x04, 0xb7, 0x00
      ba:	0000                	unimp
      bc:	b701                	j	ffffffbc <_ram_end+0x7ffeffbc>
      be:	0000                	unimp
      c0:	0100                	addi	s0,sp,128
      c2:	0170                	addi	a2,sp,140
      c4:	0000                	unimp
      c6:	8102                	jr	sp
      c8:	0001                	nop
      ca:	0300                	addi	s0,sp,384
      cc:	0105                	addi	sp,sp,1
      ce:	0500                	addi	s0,sp,640
      d0:	2a02                	.2byte	0x2a02
      d2:	0000                	unimp
      d4:	0380                	addi	s0,sp,448
      d6:	00c4                	addi	s1,sp,68
      d8:	0501                	addi	a0,a0,0 # d000 <_stack_size+0xb000>
      da:	0302                	c.slli64	t1
      dc:	0901                	addi	s2,s2,0
      de:	0000                	unimp
      e0:	0501                	addi	a0,a0,0
      e2:	03030603          	lb	a2,48(t1) # ffffa030 <_ram_end+0x7ffea030>
      e6:	0009                	c.nop	2
      e8:	0100                	addi	s0,sp,128
      ea:	0b05                	addi	s6,s6,1
      ec:	08097d03          	.4byte	0x8097d03
      f0:	0100                	addi	s0,sp,128
      f2:	0205                	addi	tp,tp,1 # fffe1001 <_ram_end+0x7ffd1001>
      f4:	0306                	slli	t1,t1,0x1
      f6:	0902                	c.slli64	s2
      f8:	0004                	.2byte	0x4
      fa:	0501                	addi	a0,a0,0
      fc:	09000307          	.4byte	0x9000307
     100:	0000                	unimp
     102:	0501                	addi	a0,a0,0
     104:	0319                	addi	t1,t1,6
     106:	0900                	addi	s0,sp,144
     108:	0000                	unimp
     10a:	0501                	addi	a0,a0,0
     10c:	01030603          	lb	a2,16(t1)
     110:	0809                	addi	a6,a6,2 # ffff9002 <_ram_end+0x7ffe9002>
     112:	0100                	addi	s0,sp,128
     114:	0200                	addi	s0,sp,256
     116:	0304                	addi	s1,sp,384
     118:	0306                	slli	t1,t1,0x1
     11a:	0900                	addi	s0,sp,144
     11c:	0004                	.2byte	0x4
     11e:	0501                	addi	a0,a0,0
     120:	001c                	.2byte	0x1c
     122:	0402                	c.slli64	s0
     124:	00030603          	lb	a2,0(t1)
     128:	0009                	c.nop	2
     12a:	0100                	addi	s0,sp,128
     12c:	0305                	addi	t1,t1,1
     12e:	0200                	addi	s0,sp,256
     130:	0304                	addi	s1,sp,384
     132:	04090003          	lb	zero,64(s2)
     136:	0100                	addi	s0,sp,128
     138:	0205                	addi	tp,tp,1 # 1 <_program_size-0xc77>
     13a:	0200                	addi	s0,sp,256
     13c:	0304                	addi	s1,sp,384
     13e:	0306                	slli	t1,t1,0x1
     140:	094e                	slli	s2,s2,0x13
     142:	0004                	.2byte	0x4
     144:	0001                	nop
     146:	0402                	c.slli64	s0
     148:	09020303          	lb	t1,144(tp) # 90 <_program_size-0xbe8>
     14c:	0000                	unimp
     14e:	0501                	addi	a0,a0,0
     150:	04020007          	.4byte	0x4020007
     154:	09000303          	lb	t1,144(zero) # 90 <_program_size-0xbe8>
     158:	0000                	unimp
     15a:	0501                	addi	a0,a0,0
     15c:	0019                	c.nop	6
     15e:	0402                	c.slli64	s0
     160:	09000303          	lb	t1,144(zero) # 90 <_program_size-0xbe8>
     164:	0000                	unimp
     166:	0501                	addi	a0,a0,0
     168:	0402000b          	.4byte	0x402000b
     16c:	7e030603          	lb	a2,2016(t1)
     170:	0009                	c.nop	2
     172:	0100                	addi	s0,sp,128
     174:	0305                	addi	t1,t1,1
     176:	0306                	slli	t1,t1,0x1
     178:	00020903          	lb	s2,0(tp) # 0 <_program_size-0xc78>
     17c:	0501                	addi	a0,a0,0
     17e:	031f 097f 0000      	.byte	0x1f, 0x03, 0x7f, 0x09, 0x00, 0x00
     184:	0501                	addi	a0,a0,0
     186:	0319                	addi	t1,t1,6
     188:	0900                	addi	s0,sp,144
     18a:	0000                	unimp
     18c:	0501                	addi	a0,a0,0
     18e:	01030627          	.4byte	0x1030627
     192:	0009                	c.nop	2
     194:	0100                	addi	s0,sp,128
     196:	0a05                	addi	s4,s4,1
     198:	04090003          	lb	zero,64(s2)
     19c:	0100                	addi	s0,sp,128
     19e:	3105                	jal	fffffdbe <_ram_end+0x7ffefdbe>
     1a0:	02090003          	lb	zero,32(s2)
     1a4:	0100                	addi	s0,sp,128
     1a6:	0505                	addi	a0,a0,1
     1a8:	08090003          	lb	zero,128(s2)
     1ac:	0100                	addi	s0,sp,128
     1ae:	1905                	addi	s2,s2,-31
     1b0:	02097f03          	.4byte	0x2097f03
     1b4:	0100                	addi	s0,sp,128
     1b6:	0205                	addi	tp,tp,1 # 1 <_program_size-0xc77>
     1b8:	0306                	slli	t1,t1,0x1
     1ba:	0902                	c.slli64	s2
     1bc:	0006                	c.slli	zero,0x1
     1be:	0501                	addi	a0,a0,0
     1c0:	061a                	slli	a2,a2,0x6
     1c2:	00092e03          	lw	t3,0(s2)
     1c6:	0100                	addi	s0,sp,128
     1c8:	2005                	jal	1e8 <_program_size-0xa90>
     1ca:	0306                	slli	t1,t1,0x1
     1cc:	097f                	.2byte	0x97f
     1ce:	0004                	.2byte	0x4
     1d0:	0501                	addi	a0,a0,0
     1d2:	0319                	addi	t1,t1,6
     1d4:	0900                	addi	s0,sp,144
     1d6:	0000                	unimp
     1d8:	0501                	addi	a0,a0,0
     1da:	0302                	c.slli64	t1
     1dc:	00060903          	lb	s2,0(a2)
     1e0:	0501                	addi	a0,a0,0
     1e2:	00030633          	add	a2,t1,zero
     1e6:	0009                	c.nop	2
     1e8:	0100                	addi	s0,sp,128
     1ea:	1805                	addi	a6,a6,-31
     1ec:	0e090003          	lb	zero,224(s2)
     1f0:	0100                	addi	s0,sp,128
     1f2:	0105                	addi	sp,sp,1
     1f4:	08090103          	lb	sp,128(s2)
     1f8:	0100                	addi	s0,sp,128
     1fa:	0209                	addi	tp,tp,2 # 2 <_program_size-0xc76>
     1fc:	0000                	unimp
     1fe:	0101                	addi	sp,sp,0
     200:	0105                	addi	sp,sp,1
     202:	0500                	addi	s0,sp,640
     204:	8402                	jr	s0
     206:	0000                	unimp
     208:	0380                	addi	s0,sp,448
     20a:	00ce                	slli	ra,ra,0x13
     20c:	0501                	addi	a0,a0,0
     20e:	0302                	c.slli64	t1
     210:	0901                	addi	s2,s2,0
     212:	0000                	unimp
     214:	0501                	addi	a0,a0,0
     216:	09000307          	.4byte	0x9000307
     21a:	0000                	unimp
     21c:	0501                	addi	a0,a0,0
     21e:	0319                	addi	t1,t1,6
     220:	0900                	addi	s0,sp,144
     222:	0000                	unimp
     224:	0501                	addi	a0,a0,0
     226:	09010303          	lb	t1,144(sp)
     22a:	0000                	unimp
     22c:	0301                	addi	t1,t1,0
     22e:	0902                	c.slli64	s2
     230:	0000                	unimp
     232:	0501                	addi	a0,a0,0
     234:	0610                	addi	a2,sp,768
     236:	00097d03          	.4byte	0x97d03
     23a:	0100                	addi	s0,sp,128
     23c:	0605                	addi	a2,a2,1
     23e:	02090303          	lb	t1,32(s2)
     242:	0100                	addi	s0,sp,128
     244:	1205                	addi	tp,tp,-31 # ffffffe1 <_ram_end+0x7ffeffe1>
     246:	04095703          	lhu	a4,64(s2)
     24a:	0100                	addi	s0,sp,128
     24c:	2005                	jal	26c <_program_size-0xa0c>
     24e:	12092b03          	lw	s6,288(s2)
     252:	0100                	addi	s0,sp,128
     254:	1905                	addi	s2,s2,-31
     256:	04094b03          	lbu	s6,64(s2)
     25a:	0100                	addi	s0,sp,128
     25c:	02093003          	.4byte	0x2093003
     260:	0100                	addi	s0,sp,128
     262:	0305                	addi	t1,t1,1
     264:	0306                	slli	t1,t1,0x1
     266:	0905                	addi	s2,s2,1
     268:	0002                	c.slli64	zero
     26a:	0501                	addi	a0,a0,0
     26c:	0302                	c.slli64	t1
     26e:	0954                	addi	a3,sp,148
     270:	0000                	unimp
     272:	0501                	addi	a0,a0,0
     274:	0612                	slli	a2,a2,0x4
     276:	00090103          	lb	sp,0(s2)
     27a:	0100                	addi	s0,sp,128
     27c:	2005                	jal	29c <_program_size-0x9dc>
     27e:	0c092b03          	lw	s6,192(s2)
     282:	0100                	addi	s0,sp,128
     284:	0305                	addi	t1,t1,1
     286:	02090003          	lb	zero,32(s2)
     28a:	0100                	addi	s0,sp,128
     28c:	1905                	addi	s2,s2,-31
     28e:	0306                	slli	t1,t1,0x1
     290:	0004094b          	.4byte	0x4094b
     294:	0501                	addi	a0,a0,0
     296:	35030603          	lb	a2,848(t1)
     29a:	0009                	c.nop	2
     29c:	0100                	addi	s0,sp,128
     29e:	0306                	slli	t1,t1,0x1
     2a0:	094c                	addi	a1,sp,148
     2a2:	0004                	.2byte	0x4
     2a4:	0501                	addi	a0,a0,0
     2a6:	0304                	addi	s1,sp,384
     2a8:	0901                	addi	s2,s2,0
     2aa:	0000                	unimp
     2ac:	0501                	addi	a0,a0,0
     2ae:	031f 097e 0000      	.byte	0x1f, 0x03, 0x7e, 0x09, 0x00, 0x00
     2b4:	0501                	addi	a0,a0,0
     2b6:	0319                	addi	t1,t1,6
     2b8:	0900                	addi	s0,sp,144
     2ba:	0000                	unimp
     2bc:	0501                	addi	a0,a0,0
     2be:	0620                	addi	s0,sp,776
     2c0:	00090203          	lb	tp,0(s2)
     2c4:	0100                	addi	s0,sp,128
     2c6:	1205                	addi	tp,tp,-31 # ffffffe1 <_ram_end+0x7ffeffe1>
     2c8:	04090003          	lb	zero,64(s2)
     2cc:	0100                	addi	s0,sp,128
     2ce:	1905                	addi	s2,s2,-31
     2d0:	04097e03          	.4byte	0x4097e03
     2d4:	0100                	addi	s0,sp,128
     2d6:	0605                	addi	a2,a2,1
     2d8:	02090103          	lb	sp,32(s2)
     2dc:	0100                	addi	s0,sp,128
     2de:	1405                	addi	s0,s0,-31
     2e0:	04090103          	lb	sp,64(s2)
     2e4:	0100                	addi	s0,sp,128
     2e6:	1905                	addi	s2,s2,-31
     2e8:	04097e03          	.4byte	0x4097e03
     2ec:	0100                	addi	s0,sp,128
     2ee:	2005                	jal	30e <_program_size-0x96a>
     2f0:	0200                	addi	s0,sp,256
     2f2:	0204                	addi	s1,sp,256
     2f4:	0306                	slli	t1,t1,0x1
     2f6:	0930                	addi	a2,sp,152
     2f8:	0006                	c.slli	zero,0x1
     2fa:	0501                	addi	a0,a0,0
     2fc:	0019                	c.nop	6
     2fe:	0402                	c.slli64	s0
     300:	0302                	c.slli64	t1
     302:	0900                	addi	s0,sp,144
     304:	0002                	c.slli64	zero
     306:	0501                	addi	a0,a0,0
     308:	09010303          	lb	t1,144(sp)
     30c:	0004                	.2byte	0x4
     30e:	0501                	addi	a0,a0,0
     310:	060c                	addi	a1,sp,768
     312:	00090003          	lb	zero,0(s2)
     316:	0100                	addi	s0,sp,128
     318:	0305                	addi	t1,t1,1
     31a:	0306                	slli	t1,t1,0x1
     31c:	0902                	c.slli64	s2
     31e:	0002                	c.slli64	zero
     320:	0501                	addi	a0,a0,0
     322:	0606                	slli	a2,a2,0x1
     324:	00090003          	lb	zero,0(s2)
     328:	0100                	addi	s0,sp,128
     32a:	0105                	addi	sp,sp,1
     32c:	04090403          	lb	s0,64(s2)
     330:	0100                	addi	s0,sp,128
     332:	0209                	addi	tp,tp,2 # 2 <_program_size-0xc76>
     334:	0000                	unimp
     336:	0101                	addi	sp,sp,0
     338:	0c05                	addi	s8,s8,1
     33a:	0500                	addi	s0,sp,640
     33c:	e002                	.2byte	0xe002
     33e:	0000                	unimp
     340:	0380                	addi	s0,sp,448
     342:	00e6                	slli	ra,ra,0x19
     344:	0501                	addi	a0,a0,0
     346:	12030603          	lb	a2,288(t1)
     34a:	0009                	c.nop	2
     34c:	0100                	addi	s0,sp,128
     34e:	0c05                	addi	s8,s8,1
     350:	04096e03          	.4byte	0x4096e03
     354:	0100                	addi	s0,sp,128
     356:	0305                	addi	t1,t1,1
     358:	02091203          	lh	tp,32(s2)
     35c:	0100                	addi	s0,sp,128
     35e:	0c05                	addi	s8,s8,1
     360:	04096e03          	.4byte	0x4096e03
     364:	0100                	addi	s0,sp,128
     366:	12090003          	lb	zero,288(s2)
     36a:	0100                	addi	s0,sp,128
     36c:	1905                	addi	s2,s2,-31
     36e:	0306                	slli	t1,t1,0x1
     370:	0911                	addi	s2,s2,4
     372:	0004                	.2byte	0x4
     374:	0501                	addi	a0,a0,0
     376:	01030603          	lb	a2,16(t1)
     37a:	0809                	addi	a6,a6,2
     37c:	0100                	addi	s0,sp,128
     37e:	0306                	slli	t1,t1,0x1
     380:	0900                	addi	s0,sp,144
     382:	0004                	.2byte	0x4
     384:	0501                	addi	a0,a0,0
     386:	0302                	c.slli64	t1
     388:	7f9e                	.2byte	0x7f9e
     38a:	0409                	addi	s0,s0,2
     38c:	0100                	addi	s0,sp,128
     38e:	00090203          	lb	tp,0(s2)
     392:	0100                	addi	s0,sp,128
     394:	0705                	addi	a4,a4,1 # 18001 <_available_heap+0xac79>
     396:	00090003          	lb	zero,0(s2)
     39a:	0100                	addi	s0,sp,128
     39c:	1905                	addi	s2,s2,-31
     39e:	00090003          	lb	zero,0(s2)
     3a2:	0100                	addi	s0,sp,128
     3a4:	0b05                	addi	s6,s6,1
     3a6:	0306                	slli	t1,t1,0x1
     3a8:	097e                	slli	s2,s2,0x1f
     3aa:	0004                	.2byte	0x4
     3ac:	0501                	addi	a0,a0,0
     3ae:	03030603          	lb	a2,48(t1)
     3b2:	0209                	addi	tp,tp,2 # 2 <_program_size-0xc76>
     3b4:	0100                	addi	s0,sp,128
     3b6:	3105                	jal	ffffffd6 <_ram_end+0x7ffeffd6>
     3b8:	0306                	slli	t1,t1,0x1
     3ba:	0900                	addi	s0,sp,144
     3bc:	0000                	unimp
     3be:	0501                	addi	a0,a0,0
     3c0:	030a                	slli	t1,t1,0x2
     3c2:	0900                	addi	s0,sp,144
     3c4:	0004                	.2byte	0x4
     3c6:	0501                	addi	a0,a0,0
     3c8:	0319                	addi	t1,t1,6
     3ca:	097f                	.2byte	0x97f
     3cc:	0002                	c.slli64	zero
     3ce:	0501                	addi	a0,a0,0
     3d0:	0305                	addi	t1,t1,1
     3d2:	0901                	addi	s2,s2,0
     3d4:	0002                	c.slli64	zero
     3d6:	0501                	addi	a0,a0,0
     3d8:	061f 7f03 0409      	.byte	0x1f, 0x06, 0x03, 0x7f, 0x09, 0x04
     3de:	0100                	addi	s0,sp,128
     3e0:	1905                	addi	s2,s2,-31
     3e2:	00090003          	lb	zero,0(s2)
     3e6:	0100                	addi	s0,sp,128
     3e8:	0205                	addi	tp,tp,1 # 1 <_program_size-0xc77>
     3ea:	04090203          	lb	tp,64(s2)
     3ee:	0100                	addi	s0,sp,128
     3f0:	1b05                	addi	s6,s6,-31
     3f2:	0306                	slli	t1,t1,0x1
     3f4:	00de                	slli	ra,ra,0x17
     3f6:	0009                	c.nop	2
     3f8:	0100                	addi	s0,sp,128
     3fa:	2e05                	jal	72a <_program_size-0x54e>
     3fc:	0306                	slli	t1,t1,0x1
     3fe:	097f                	.2byte	0x97f
     400:	0004                	.2byte	0x4
     402:	0501                	addi	a0,a0,0
     404:	0319                	addi	t1,t1,6
     406:	0900                	addi	s0,sp,144
     408:	0000                	unimp
     40a:	0601                	addi	a2,a2,0
     40c:	08090203          	lb	tp,128(s2)
     410:	0100                	addi	s0,sp,128
     412:	04097e03          	.4byte	0x4097e03
     416:	0100                	addi	s0,sp,128
     418:	0c090203          	lb	tp,192(s2)
     41c:	0100                	addi	s0,sp,128
     41e:	0305                	addi	t1,t1,1
     420:	0306                	slli	t1,t1,0x1
     422:	0901                	addi	s2,s2,0
     424:	0004                	.2byte	0x4
     426:	0501                	addi	a0,a0,0
     428:	0302                	c.slli64	t1
     42a:	7f9c                	.2byte	0x7f9c
     42c:	0009                	c.nop	2
     42e:	0100                	addi	s0,sp,128
     430:	00090203          	lb	tp,0(s2)
     434:	0100                	addi	s0,sp,128
     436:	0705                	addi	a4,a4,1
     438:	00090003          	lb	zero,0(s2)
     43c:	0100                	addi	s0,sp,128
     43e:	1905                	addi	s2,s2,-31
     440:	00090003          	lb	zero,0(s2)
     444:	0100                	addi	s0,sp,128
     446:	0b05                	addi	s6,s6,1
     448:	0306                	slli	t1,t1,0x1
     44a:	097e                	slli	s2,s2,0x1f
     44c:	0004                	.2byte	0x4
     44e:	0501                	addi	a0,a0,0
     450:	03030603          	lb	a2,48(t1)
     454:	0209                	addi	tp,tp,2 # 2 <_program_size-0xc76>
     456:	0100                	addi	s0,sp,128
     458:	3105                	jal	78 <_program_size-0xc00>
     45a:	0306                	slli	t1,t1,0x1
     45c:	0900                	addi	s0,sp,144
     45e:	0000                	unimp
     460:	0501                	addi	a0,a0,0
     462:	030a                	slli	t1,t1,0x2
     464:	0900                	addi	s0,sp,144
     466:	0004                	.2byte	0x4
     468:	0501                	addi	a0,a0,0
     46a:	0319                	addi	t1,t1,6
     46c:	097f                	.2byte	0x97f
     46e:	0002                	c.slli64	zero
     470:	0501                	addi	a0,a0,0
     472:	0305                	addi	t1,t1,1
     474:	0901                	addi	s2,s2,0
     476:	0002                	c.slli64	zero
     478:	0501                	addi	a0,a0,0
     47a:	061f 7f03 0209      	.byte	0x1f, 0x06, 0x03, 0x7f, 0x09, 0x02
     480:	0100                	addi	s0,sp,128
     482:	1905                	addi	s2,s2,-31
     484:	00090003          	lb	zero,0(s2)
     488:	0100                	addi	s0,sp,128
     48a:	0205                	addi	tp,tp,1 # 1 <_program_size-0xc77>
     48c:	04090203          	lb	tp,64(s2)
     490:	0100                	addi	s0,sp,128
     492:	1d05                	addi	s10,s10,-31
     494:	0306                	slli	t1,t1,0x1
     496:	00e0                	addi	s0,sp,76
     498:	0009                	c.nop	2
     49a:	0100                	addi	s0,sp,128
     49c:	3005                	jal	fffffcbc <_ram_end+0x7ffefcbc>
     49e:	0306                	slli	t1,t1,0x1
     4a0:	097f                	.2byte	0x97f
     4a2:	0004                	.2byte	0x4
     4a4:	0501                	addi	a0,a0,0
     4a6:	0319                	addi	t1,t1,6
     4a8:	0900                	addi	s0,sp,144
     4aa:	0000                	unimp
     4ac:	0501                	addi	a0,a0,0
     4ae:	0302                	c.slli64	t1
     4b0:	000a0903          	lb	s2,0(s4)
     4b4:	0501                	addi	a0,a0,0
     4b6:	0616                	slli	a2,a2,0x5
     4b8:	00090003          	lb	zero,0(s2)
     4bc:	0100                	addi	s0,sp,128
     4be:	0205                	addi	tp,tp,1 # 1 <_program_size-0xc77>
     4c0:	0306                	slli	t1,t1,0x1
     4c2:	0901                	addi	s2,s2,0
     4c4:	0004                	.2byte	0x4
     4c6:	0501                	addi	a0,a0,0
     4c8:	00030613          	mv	a2,t1
     4cc:	0009                	c.nop	2
     4ce:	0100                	addi	s0,sp,128
     4d0:	0205                	addi	tp,tp,1 # 1 <_program_size-0xc77>
     4d2:	0306                	slli	t1,t1,0x1
     4d4:	0902                	c.slli64	s2
     4d6:	0006                	c.slli	zero,0x1
     4d8:	0301                	addi	t1,t1,0
     4da:	00097fb3          	and	t6,s2,zero
     4de:	0100                	addi	s0,sp,128
     4e0:	00090503          	lb	a0,0(s2)
     4e4:	0100                	addi	s0,sp,128
     4e6:	0805                	addi	a6,a6,1
     4e8:	0306                	slli	t1,t1,0x1
     4ea:	0900                	addi	s0,sp,144
     4ec:	0000                	unimp
     4ee:	0501                	addi	a0,a0,0
     4f0:	0309                	addi	t1,t1,2
     4f2:	0900                	addi	s0,sp,144
     4f4:	0008                	.2byte	0x8
     4f6:	0501                	addi	a0,a0,0
     4f8:	0900031b          	.4byte	0x900031b
     4fc:	0004                	.2byte	0x4
     4fe:	0501                	addi	a0,a0,0
     500:	0308                	addi	a0,sp,384
     502:	0900                	addi	s0,sp,144
     504:	0002                	c.slli64	zero
     506:	0501                	addi	a0,a0,0
     508:	0306                	slli	t1,t1,0x1
     50a:	0901                	addi	s2,s2,0
     50c:	0002                	c.slli64	zero
     50e:	0501                	addi	a0,a0,0
     510:	00030603          	lb	a2,0(t1)
     514:	0409                	addi	s0,s0,2
     516:	0100                	addi	s0,sp,128
     518:	1b05                	addi	s6,s6,-31
     51a:	00097f03          	.4byte	0x97f03
     51e:	0100                	addi	s0,sp,128
     520:	0905                	addi	s2,s2,1
     522:	0306                	slli	t1,t1,0x1
     524:	0900                	addi	s0,sp,144
     526:	0000                	unimp
     528:	0501                	addi	a0,a0,0
     52a:	0306                	slli	t1,t1,0x1
     52c:	0901                	addi	s2,s2,0
     52e:	0004                	.2byte	0x4
     530:	0501                	addi	a0,a0,0
     532:	097f031b          	.4byte	0x97f031b
     536:	0002                	c.slli64	zero
     538:	0501                	addi	a0,a0,0
     53a:	0602                	c.slli64	a2
     53c:	0900c903          	lbu	s2,144(ra)
     540:	0004                	.2byte	0x4
     542:	0501                	addi	a0,a0,0
     544:	031d                	addi	t1,t1,7
     546:	0905                	addi	s2,s2,1
     548:	0000                	unimp
     54a:	0501                	addi	a0,a0,0
     54c:	0604                	addi	s1,sp,768
     54e:	06090403          	lb	s0,96(s2)
     552:	0100                	addi	s0,sp,128
     554:	3805                	jal	fffffd84 <_ram_end+0x7ffefd84>
     556:	0a090203          	lb	tp,160(s2)
     55a:	0100                	addi	s0,sp,128
     55c:	1405                	addi	s0,s0,-31
     55e:	02090103          	lb	sp,32(s2)
     562:	0100                	addi	s0,sp,128
     564:	0805                	addi	a6,a6,1
     566:	097fab03          	lw	s6,151(t6) # 6400a097 <_available_heap+0x63ffcd0f>
     56a:	0002                	c.slli64	zero
     56c:	0501                	addi	a0,a0,0
     56e:	cf030603          	lb	a2,-784(t1)
     572:	0900                	addi	s0,sp,144
     574:	0004                	.2byte	0x4
     576:	0501                	addi	a0,a0,0
     578:	060c                	addi	a1,sp,768
     57a:	00090003          	lb	zero,0(s2)
     57e:	0100                	addi	s0,sp,128
     580:	0305                	addi	t1,t1,1
     582:	0306                	slli	t1,t1,0x1
     584:	0902                	c.slli64	s2
     586:	0004                	.2byte	0x4
     588:	0501                	addi	a0,a0,0
     58a:	0308                	addi	a0,sp,384
     58c:	0900                	addi	s0,sp,144
     58e:	0000                	unimp
     590:	0501                	addi	a0,a0,0
     592:	031a                	slli	t1,t1,0x6
     594:	0900                	addi	s0,sp,144
     596:	0000                	unimp
     598:	0501                	addi	a0,a0,0
     59a:	0604                	addi	s1,sp,768
     59c:	04090103          	lb	sp,64(s2)
     5a0:	0100                	addi	s0,sp,128
     5a2:	0306                	slli	t1,t1,0x1
     5a4:	0900                	addi	s0,sp,144
     5a6:	0004                	.2byte	0x4
     5a8:	0501                	addi	a0,a0,0
     5aa:	061e                	slli	a2,a2,0x7
     5ac:	00090003          	lb	zero,0(s2)
     5b0:	0100                	addi	s0,sp,128
     5b2:	0405                	addi	s0,s0,1
     5b4:	04090003          	lb	zero,64(s2)
     5b8:	0100                	addi	s0,sp,128
     5ba:	0205                	addi	tp,tp,1 # 1 <_program_size-0xc77>
     5bc:	0306                	slli	t1,t1,0x1
     5be:	7f8d                	lui	t6,0xfffe3
     5c0:	0409                	addi	s0,s0,2
     5c2:	0100                	addi	s0,sp,128
     5c4:	00090203          	lb	tp,0(s2)
     5c8:	0100                	addi	s0,sp,128
     5ca:	0705                	addi	a4,a4,1
     5cc:	00090003          	lb	zero,0(s2)
     5d0:	0100                	addi	s0,sp,128
     5d2:	1905                	addi	s2,s2,-31
     5d4:	00090003          	lb	zero,0(s2)
     5d8:	0100                	addi	s0,sp,128
     5da:	0b05                	addi	s6,s6,1
     5dc:	0306                	slli	t1,t1,0x1
     5de:	097e                	slli	s2,s2,0x1f
     5e0:	0000                	unimp
     5e2:	0501                	addi	a0,a0,0
     5e4:	03030603          	lb	a2,48(t1)
     5e8:	0209                	addi	tp,tp,2 # 2 <_program_size-0xc76>
     5ea:	0100                	addi	s0,sp,128
     5ec:	1f05                	addi	t5,t5,-31
     5ee:	00097f03          	.4byte	0x97f03
     5f2:	0100                	addi	s0,sp,128
     5f4:	1905                	addi	s2,s2,-31
     5f6:	00090003          	lb	zero,0(s2)
     5fa:	0100                	addi	s0,sp,128
     5fc:	2705                	jal	d1c <_program_size+0xa4>
     5fe:	0306                	slli	t1,t1,0x1
     600:	0901                	addi	s2,s2,0
     602:	0000                	unimp
     604:	0501                	addi	a0,a0,0
     606:	030a                	slli	t1,t1,0x2
     608:	0900                	addi	s0,sp,144
     60a:	0004                	.2byte	0x4
     60c:	0501                	addi	a0,a0,0
     60e:	0331                	addi	t1,t1,12
     610:	0900                	addi	s0,sp,144
     612:	0002                	c.slli64	zero
     614:	0501                	addi	a0,a0,0
     616:	0305                	addi	t1,t1,1
     618:	0900                	addi	s0,sp,144
     61a:	0008                	.2byte	0x8
     61c:	0501                	addi	a0,a0,0
     61e:	0319                	addi	t1,t1,6
     620:	097f                	.2byte	0x97f
     622:	0004                	.2byte	0x4
     624:	0501                	addi	a0,a0,0
     626:	0602                	c.slli64	a2
     628:	06090203          	lb	tp,96(s2)
     62c:	0100                	addi	s0,sp,128
     62e:	1c05                	addi	s8,s8,-31
     630:	0306                	slli	t1,t1,0x1
     632:	000900ef          	jal	ra,90632 <_available_heap+0x832aa>
     636:	0100                	addi	s0,sp,128
     638:	2005                	jal	658 <_program_size-0x620>
     63a:	0306                	slli	t1,t1,0x1
     63c:	097f                	.2byte	0x97f
     63e:	0004                	.2byte	0x4
     640:	0501                	addi	a0,a0,0
     642:	031a                	slli	t1,t1,0x6
     644:	0900                	addi	s0,sp,144
     646:	0000                	unimp
     648:	0501                	addi	a0,a0,0
     64a:	09030303          	lb	t1,144(t1)
     64e:	0008                	.2byte	0x8
     650:	0501                	addi	a0,a0,0
     652:	0638                	addi	a4,sp,776
     654:	00090003          	lb	zero,0(s2)
     658:	0100                	addi	s0,sp,128
     65a:	1905                	addi	s2,s2,-31
     65c:	08090003          	lb	zero,128(s2)
     660:	0100                	addi	s0,sp,128
     662:	0305                	addi	t1,t1,1
     664:	0306                	slli	t1,t1,0x1
     666:	0901                	addi	s2,s2,0
     668:	0004                	.2byte	0x4
     66a:	0501                	addi	a0,a0,0
     66c:	0614                	addi	a3,sp,768
     66e:	00090003          	lb	zero,0(s2)
     672:	0100                	addi	s0,sp,128
     674:	0305                	addi	t1,t1,1
     676:	0306                	slli	t1,t1,0x1
     678:	0902                	c.slli64	s2
     67a:	0004                	.2byte	0x4
     67c:	0501                	addi	a0,a0,0
     67e:	0302                	c.slli64	t1
     680:	7fa4                	.2byte	0x7fa4
     682:	0009                	c.nop	2
     684:	0100                	addi	s0,sp,128
     686:	00090503          	lb	a0,0(s2)
     68a:	0100                	addi	s0,sp,128
     68c:	0805                	addi	a6,a6,1
     68e:	0306                	slli	t1,t1,0x1
     690:	0900                	addi	s0,sp,144
     692:	0000                	unimp
     694:	0501                	addi	a0,a0,0
     696:	0306                	slli	t1,t1,0x1
     698:	0901                	addi	s2,s2,0
     69a:	0006                	c.slli	zero,0x1
     69c:	0501                	addi	a0,a0,0
     69e:	00030603          	lb	a2,0(t1)
     6a2:	0409                	addi	s0,s0,2
     6a4:	0100                	addi	s0,sp,128
     6a6:	1b05                	addi	s6,s6,-31
     6a8:	00097f03          	.4byte	0x97f03
     6ac:	0100                	addi	s0,sp,128
     6ae:	0905                	addi	s2,s2,1
     6b0:	0306                	slli	t1,t1,0x1
     6b2:	0900                	addi	s0,sp,144
     6b4:	0000                	unimp
     6b6:	0501                	addi	a0,a0,0
     6b8:	0306                	slli	t1,t1,0x1
     6ba:	0901                	addi	s2,s2,0
     6bc:	0004                	.2byte	0x4
     6be:	0501                	addi	a0,a0,0
     6c0:	097f031b          	.4byte	0x97f031b
     6c4:	0002                	c.slli64	zero
     6c6:	0501                	addi	a0,a0,0
     6c8:	d8030603          	lb	a2,-640(t1)
     6cc:	0900                	addi	s0,sp,144
     6ce:	0004                	.2byte	0x4
     6d0:	0501                	addi	a0,a0,0
     6d2:	0976032b          	.4byte	0x976032b
     6d6:	0000                	unimp
     6d8:	0501                	addi	a0,a0,0
     6da:	031d                	addi	t1,t1,7
     6dc:	0900                	addi	s0,sp,144
     6de:	0000                	unimp
     6e0:	0501                	addi	a0,a0,0
     6e2:	0302                	c.slli64	t1
     6e4:	0911                	addi	s2,s2,4
     6e6:	000c                	.2byte	0xc
     6e8:	0301                	addi	t1,t1,0
     6ea:	0901                	addi	s2,s2,0
     6ec:	0008                	.2byte	0x8
     6ee:	0501                	addi	a0,a0,0
     6f0:	0615                	addi	a2,a2,5
     6f2:	00090003          	lb	zero,0(s2)
     6f6:	0100                	addi	s0,sp,128
     6f8:	0205                	addi	tp,tp,1 # 1 <_program_size-0xc77>
     6fa:	0306                	slli	t1,t1,0x1
     6fc:	0902                	c.slli64	s2
     6fe:	000a                	c.slli	zero,0x2
     700:	0301                	addi	t1,t1,0
     702:	7f99                	lui	t6,0xfffe6
     704:	0009                	c.nop	2
     706:	0100                	addi	s0,sp,128
     708:	00090503          	lb	a0,0(s2)
     70c:	0100                	addi	s0,sp,128
     70e:	0805                	addi	a6,a6,1
     710:	0306                	slli	t1,t1,0x1
     712:	0900                	addi	s0,sp,144
     714:	0000                	unimp
     716:	0501                	addi	a0,a0,0
     718:	0309                	addi	t1,t1,2
     71a:	0900                	addi	s0,sp,144
     71c:	0008                	.2byte	0x8
     71e:	0501                	addi	a0,a0,0
     720:	0900031b          	.4byte	0x900031b
     724:	0004                	.2byte	0x4
     726:	0501                	addi	a0,a0,0
     728:	0308                	addi	a0,sp,384
     72a:	0900                	addi	s0,sp,144
     72c:	0002                	c.slli64	zero
     72e:	0501                	addi	a0,a0,0
     730:	0306                	slli	t1,t1,0x1
     732:	0901                	addi	s2,s2,0
     734:	0002                	c.slli64	zero
     736:	0501                	addi	a0,a0,0
     738:	00030603          	lb	a2,0(t1)
     73c:	0209                	addi	tp,tp,2 # 2 <_program_size-0xc76>
     73e:	0100                	addi	s0,sp,128
     740:	1b05                	addi	s6,s6,-31
     742:	00097f03          	.4byte	0x97f03
     746:	0100                	addi	s0,sp,128
     748:	0905                	addi	s2,s2,1
     74a:	0306                	slli	t1,t1,0x1
     74c:	0900                	addi	s0,sp,144
     74e:	0000                	unimp
     750:	0501                	addi	a0,a0,0
     752:	0306                	slli	t1,t1,0x1
     754:	0901                	addi	s2,s2,0
     756:	0004                	.2byte	0x4
     758:	0501                	addi	a0,a0,0
     75a:	097f031b          	.4byte	0x97f031b
     75e:	0002                	c.slli64	zero
     760:	0501                	addi	a0,a0,0
     762:	0602                	c.slli64	a2
     764:	0900e303          	.4byte	0x900e303
     768:	0004                	.2byte	0x4
     76a:	0301                	addi	t1,t1,0
     76c:	0902                	c.slli64	s2
     76e:	0000                	unimp
     770:	0501                	addi	a0,a0,0
     772:	0610                	addi	a2,sp,768
     774:	06090303          	lb	t1,96(s2)
     778:	0100                	addi	s0,sp,128
     77a:	0205                	addi	tp,tp,1 # 1 <_program_size-0xc77>
     77c:	04097d03          	.4byte	0x4097d03
     780:	0100                	addi	s0,sp,128
     782:	0306                	slli	t1,t1,0x1
     784:	00020903          	lb	s2,0(tp) # 0 <_program_size-0xc78>
     788:	0501                	addi	a0,a0,0
     78a:	09000307          	.4byte	0x9000307
     78e:	0000                	unimp
     790:	0501                	addi	a0,a0,0
     792:	0326                	slli	t1,t1,0x9
     794:	0900                	addi	s0,sp,144
     796:	0000                	unimp
     798:	0501                	addi	a0,a0,0
     79a:	0614                	addi	a3,sp,768
     79c:	00090203          	lb	tp,0(s2)
     7a0:	0100                	addi	s0,sp,128
     7a2:	0805                	addi	a6,a6,1
     7a4:	097f9603          	lh	a2,151(t6) # fffe6097 <_ram_end+0x7ffd6097>
     7a8:	0006                	c.slli	zero,0x1
     7aa:	0501                	addi	a0,a0,0
     7ac:	0326                	slli	t1,t1,0x9
     7ae:	00e8                	addi	a0,sp,76
     7b0:	0409                	addi	s0,s0,2
     7b2:	0100                	addi	s0,sp,128
     7b4:	0305                	addi	t1,t1,1
     7b6:	0306                	slli	t1,t1,0x1
     7b8:	0901                	addi	s2,s2,0
     7ba:	0004                	.2byte	0x4
     7bc:	0301                	addi	t1,t1,0
     7be:	0901                	addi	s2,s2,0
     7c0:	0008                	.2byte	0x8
     7c2:	0501                	addi	a0,a0,0
     7c4:	0608                	addi	a0,sp,768
     7c6:	097f9603          	lh	a2,151(t6)
     7ca:	0000                	unimp
     7cc:	0501                	addi	a0,a0,0
     7ce:	0314                	addi	a3,sp,384
     7d0:	00ea                	slli	ra,ra,0x1a
     7d2:	0409                	addi	s0,s0,2
     7d4:	0100                	addi	s0,sp,128
     7d6:	0305                	addi	t1,t1,1
     7d8:	0306                	slli	t1,t1,0x1
     7da:	0902                	c.slli64	s2
     7dc:	0004                	.2byte	0x4
     7de:	0501                	addi	a0,a0,0
     7e0:	0302                	c.slli64	t1
     7e2:	00097f8f          	.4byte	0x97f8f
     7e6:	0100                	addi	s0,sp,128
     7e8:	00090503          	lb	a0,0(s2)
     7ec:	0100                	addi	s0,sp,128
     7ee:	0805                	addi	a6,a6,1
     7f0:	0306                	slli	t1,t1,0x1
     7f2:	0900                	addi	s0,sp,144
     7f4:	0000                	unimp
     7f6:	0501                	addi	a0,a0,0
     7f8:	0306                	slli	t1,t1,0x1
     7fa:	0901                	addi	s2,s2,0
     7fc:	0002                	c.slli64	zero
     7fe:	0501                	addi	a0,a0,0
     800:	00030603          	lb	a2,0(t1)
     804:	0209                	addi	tp,tp,2 # 2 <_program_size-0xc76>
     806:	0100                	addi	s0,sp,128
     808:	1b05                	addi	s6,s6,-31
     80a:	00097f03          	.4byte	0x97f03
     80e:	0100                	addi	s0,sp,128
     810:	0905                	addi	s2,s2,1
     812:	0306                	slli	t1,t1,0x1
     814:	0900                	addi	s0,sp,144
     816:	0000                	unimp
     818:	0501                	addi	a0,a0,0
     81a:	0306                	slli	t1,t1,0x1
     81c:	0901                	addi	s2,s2,0
     81e:	0004                	.2byte	0x4
     820:	0501                	addi	a0,a0,0
     822:	097f031b          	.4byte	0x97f031b
     826:	0002                	c.slli64	zero
     828:	0501                	addi	a0,a0,0
     82a:	ed030603          	lb	a2,-304(t1)
     82e:	0900                	addi	s0,sp,144
     830:	0004                	.2byte	0x4
     832:	0301                	addi	t1,t1,0
     834:	0902                	c.slli64	s2
     836:	0000                	unimp
     838:	0501                	addi	a0,a0,0
     83a:	0634                	addi	a3,sp,776
     83c:	04097903          	.4byte	0x4097903
     840:	0100                	addi	s0,sp,128
     842:	0305                	addi	t1,t1,1
     844:	04090703          	lb	a4,64(s2)
     848:	0100                	addi	s0,sp,128
     84a:	3405                	jal	26a <_program_size-0xa0e>
     84c:	0306                	slli	t1,t1,0x1
     84e:	0979                	addi	s2,s2,30
     850:	0004                	.2byte	0x4
     852:	0501                	addi	a0,a0,0
     854:	0326                	slli	t1,t1,0x9
     856:	0900                	addi	s0,sp,144
     858:	0000                	unimp
     85a:	0501                	addi	a0,a0,0
     85c:	0302                	c.slli64	t1
     85e:	0004090b          	.4byte	0x4090b
     862:	0501                	addi	a0,a0,0
     864:	0615                	addi	a2,a2,5
     866:	00090003          	lb	zero,0(s2)
     86a:	0100                	addi	s0,sp,128
     86c:	0205                	addi	tp,tp,1 # 1 <_program_size-0xc77>
     86e:	0306                	slli	t1,t1,0x1
     870:	0902                	c.slli64	s2
     872:	000a                	c.slli	zero,0x2
     874:	0301                	addi	t1,t1,0
     876:	7f86                	.2byte	0x7f86
     878:	0009                	c.nop	2
     87a:	0100                	addi	s0,sp,128
     87c:	00090503          	lb	a0,0(s2)
     880:	0100                	addi	s0,sp,128
     882:	0805                	addi	a6,a6,1
     884:	0306                	slli	t1,t1,0x1
     886:	0900                	addi	s0,sp,144
     888:	0000                	unimp
     88a:	0501                	addi	a0,a0,0
     88c:	0309                	addi	t1,t1,2
     88e:	0900                	addi	s0,sp,144
     890:	0008                	.2byte	0x8
     892:	0501                	addi	a0,a0,0
     894:	0900031b          	.4byte	0x900031b
     898:	0004                	.2byte	0x4
     89a:	0501                	addi	a0,a0,0
     89c:	0308                	addi	a0,sp,384
     89e:	0900                	addi	s0,sp,144
     8a0:	0002                	c.slli64	zero
     8a2:	0501                	addi	a0,a0,0
     8a4:	0306                	slli	t1,t1,0x1
     8a6:	0901                	addi	s2,s2,0
     8a8:	0002                	c.slli64	zero
     8aa:	0501                	addi	a0,a0,0
     8ac:	00030603          	lb	a2,0(t1)
     8b0:	0209                	addi	tp,tp,2 # 2 <_program_size-0xc76>
     8b2:	0100                	addi	s0,sp,128
     8b4:	1b05                	addi	s6,s6,-31
     8b6:	00097f03          	.4byte	0x97f03
     8ba:	0100                	addi	s0,sp,128
     8bc:	0905                	addi	s2,s2,1
     8be:	0306                	slli	t1,t1,0x1
     8c0:	0900                	addi	s0,sp,144
     8c2:	0000                	unimp
     8c4:	0501                	addi	a0,a0,0
     8c6:	0306                	slli	t1,t1,0x1
     8c8:	0901                	addi	s2,s2,0
     8ca:	0004                	.2byte	0x4
     8cc:	0501                	addi	a0,a0,0
     8ce:	097f031b          	.4byte	0x97f031b
     8d2:	0002                	c.slli64	zero
     8d4:	0501                	addi	a0,a0,0
     8d6:	0602                	c.slli64	a2
     8d8:	0900f603          	.4byte	0x900f603
     8dc:	0004                	.2byte	0x4
     8de:	0501                	addi	a0,a0,0
     8e0:	8a03061b          	.4byte	0x8a03061b
     8e4:	097f                	.2byte	0x97f
     8e6:	0000                	unimp
     8e8:	0501                	addi	a0,a0,0
     8ea:	0924032b          	.4byte	0x924032b
     8ee:	0002                	c.slli64	zero
     8f0:	0501                	addi	a0,a0,0
     8f2:	00030603          	lb	a2,0(t1)
     8f6:	0e09                	addi	t3,t3,2 # 19002 <_available_heap+0xbc7a>
     8f8:	0100                	addi	s0,sp,128
     8fa:	2b05                	jal	e2a <_program_size+0x1b2>
     8fc:	0306                	slli	t1,t1,0x1
     8fe:	0900                	addi	s0,sp,144
     900:	0000                	unimp
     902:	0501                	addi	a0,a0,0
     904:	09000303          	lb	t1,144(zero) # 90 <_program_size-0xbe8>
     908:	0004                	.2byte	0x4
     90a:	0501                	addi	a0,a0,0
     90c:	0602                	c.slli64	a2
     90e:	02094403          	lbu	s0,32(s2)
     912:	0100                	addi	s0,sp,128
     914:	0705                	addi	a4,a4,1
     916:	00090003          	lb	zero,0(s2)
     91a:	0100                	addi	s0,sp,128
     91c:	1905                	addi	s2,s2,-31
     91e:	00090003          	lb	zero,0(s2)
     922:	0100                	addi	s0,sp,128
     924:	0305                	addi	t1,t1,1
     926:	00090103          	lb	sp,0(s2)
     92a:	0100                	addi	s0,sp,128
     92c:	0405                	addi	s0,s0,1
     92e:	00090103          	lb	sp,0(s2)
     932:	0100                	addi	s0,sp,128
     934:	1905                	addi	s2,s2,-31
     936:	0306                	slli	t1,t1,0x1
     938:	0939                	addi	s2,s2,14
     93a:	0000                	unimp
     93c:	0501                	addi	a0,a0,0
     93e:	0320                	addi	s0,sp,392
     940:	00020947          	.4byte	0x20947
     944:	0501                	addi	a0,a0,0
     946:	0314                	addi	a3,sp,384
     948:	0900                	addi	s0,sp,144
     94a:	000c                	.2byte	0xc
     94c:	0501                	addi	a0,a0,0
     94e:	061f 7e03 0409      	.byte	0x1f, 0x06, 0x03, 0x7e, 0x09, 0x04
     954:	0100                	addi	s0,sp,128
     956:	1905                	addi	s2,s2,-31
     958:	00090003          	lb	zero,0(s2)
     95c:	0100                	addi	s0,sp,128
     95e:	0305                	addi	t1,t1,1
     960:	00090103          	lb	sp,0(s2)
     964:	0100                	addi	s0,sp,128
     966:	0405                	addi	s0,s0,1
     968:	00090103          	lb	sp,0(s2)
     96c:	0100                	addi	s0,sp,128
     96e:	1405                	addi	s0,s0,-31
     970:	0306                	slli	t1,t1,0x1
     972:	0900                	addi	s0,sp,144
     974:	0000                	unimp
     976:	0501                	addi	a0,a0,0
     978:	061f 7e03 0409      	.byte	0x1f, 0x06, 0x03, 0x7e, 0x09, 0x04
     97e:	0100                	addi	s0,sp,128
     980:	1905                	addi	s2,s2,-31
     982:	00090003          	lb	zero,0(s2)
     986:	0100                	addi	s0,sp,128
     988:	0305                	addi	t1,t1,1
     98a:	00090103          	lb	sp,0(s2)
     98e:	0100                	addi	s0,sp,128
     990:	0405                	addi	s0,s0,1
     992:	00090103          	lb	sp,0(s2)
     996:	0100                	addi	s0,sp,128
     998:	1405                	addi	s0,s0,-31
     99a:	0306                	slli	t1,t1,0x1
     99c:	0900                	addi	s0,sp,144
     99e:	0000                	unimp
     9a0:	0501                	addi	a0,a0,0
     9a2:	061f 7e03 0409      	.byte	0x1f, 0x06, 0x03, 0x7e, 0x09, 0x04
     9a8:	0100                	addi	s0,sp,128
     9aa:	1905                	addi	s2,s2,-31
     9ac:	00090003          	lb	zero,0(s2)
     9b0:	0100                	addi	s0,sp,128
     9b2:	0305                	addi	t1,t1,1
     9b4:	00090103          	lb	sp,0(s2)
     9b8:	0100                	addi	s0,sp,128
     9ba:	0405                	addi	s0,s0,1
     9bc:	00090103          	lb	sp,0(s2)
     9c0:	0100                	addi	s0,sp,128
     9c2:	1405                	addi	s0,s0,-31
     9c4:	0306                	slli	t1,t1,0x1
     9c6:	0900                	addi	s0,sp,144
     9c8:	0000                	unimp
     9ca:	0501                	addi	a0,a0,0
     9cc:	061f 7e03 0409      	.byte	0x1f, 0x06, 0x03, 0x7e, 0x09, 0x04
     9d2:	0100                	addi	s0,sp,128
     9d4:	1905                	addi	s2,s2,-31
     9d6:	00090003          	lb	zero,0(s2)
     9da:	0100                	addi	s0,sp,128
     9dc:	2e05                	jal	d0c <_program_size+0x94>
     9de:	00093b03          	.4byte	0x93b03
     9e2:	0100                	addi	s0,sp,128
     9e4:	1905                	addi	s2,s2,-31
     9e6:	00090003          	lb	zero,0(s2)
     9ea:	0100                	addi	s0,sp,128
     9ec:	0905                	addi	s2,s2,1
     9ee:	0306                	slli	t1,t1,0x1
     9f0:	040900d7          	.4byte	0x40900d7
     9f4:	0100                	addi	s0,sp,128
     9f6:	0a05                	addi	s4,s4,1
     9f8:	04095003          	lhu	zero,64(s2)
     9fc:	0100                	addi	s0,sp,128
     9fe:	0105                	addi	sp,sp,1
     a00:	02093103          	.4byte	0x2093103
     a04:	0100                	addi	s0,sp,128
     a06:	1409                	addi	s0,s0,-30
     a08:	0000                	unimp
     a0a:	0101                	addi	sp,sp,0
     a0c:	0105                	addi	sp,sp,1
     a0e:	0500                	addi	s0,sp,640
     a10:	0002                	c.slli64	zero
     a12:	03800003          	lb	zero,56(zero) # 38 <_program_size-0xc40>
     a16:	01b9                	addi	gp,gp,14
     a18:	0501                	addi	a0,a0,0
     a1a:	0302                	c.slli64	t1
     a1c:	0901                	addi	s2,s2,0
     a1e:	0000                	unimp
     a20:	0501                	addi	a0,a0,0
     a22:	0601                	addi	a2,a2,0
     a24:	00097f03          	.4byte	0x97f03
     a28:	0100                	addi	s0,sp,128
     a2a:	0205                	addi	tp,tp,1 # 1 <_program_size-0xc77>
     a2c:	0306                	slli	t1,t1,0x1
     a2e:	7fb4                	.2byte	0x7fb4
     a30:	0209                	addi	tp,tp,2 # 2 <_program_size-0xc76>
     a32:	0100                	addi	s0,sp,128
     a34:	00090203          	lb	tp,0(s2)
     a38:	0100                	addi	s0,sp,128
     a3a:	0505                	addi	a0,a0,1
     a3c:	0306                	slli	t1,t1,0x1
     a3e:	0900                	addi	s0,sp,144
     a40:	0000                	unimp
     a42:	0501                	addi	a0,a0,0
     a44:	0301                	addi	t1,t1,0
     a46:	00ca                	slli	ra,ra,0x12
     a48:	0209                	addi	tp,tp,2 # 2 <_program_size-0xc76>
     a4a:	0100                	addi	s0,sp,128
     a4c:	0205                	addi	tp,tp,1 # 1 <_program_size-0xc77>
     a4e:	0306                	slli	t1,t1,0x1
     a50:	06097fbb          	.4byte	0x6097fbb
     a54:	0100                	addi	s0,sp,128
     a56:	1705                	addi	a4,a4,-31
     a58:	0306                	slli	t1,t1,0x1
     a5a:	0900                	addi	s0,sp,144
     a5c:	0000                	unimp
     a5e:	0501                	addi	a0,a0,0
     a60:	0602                	c.slli64	a2
     a62:	08090103          	lb	sp,128(s2)
     a66:	0100                	addi	s0,sp,128
     a68:	1705                	addi	a4,a4,-31
     a6a:	0306                	slli	t1,t1,0x1
     a6c:	0900                	addi	s0,sp,144
     a6e:	0000                	unimp
     a70:	0501                	addi	a0,a0,0
     a72:	0602                	c.slli64	a2
     a74:	06090203          	lb	tp,96(s2)
     a78:	0100                	addi	s0,sp,128
     a7a:	0105                	addi	sp,sp,1
     a7c:	0306                	slli	t1,t1,0x1
     a7e:	00c4                	addi	s1,sp,68
     a80:	1209                	addi	tp,tp,-30 # ffffffe2 <_ram_end+0x7ffeffe2>
     a82:	0100                	addi	s0,sp,128
     a84:	0a05                	addi	s4,s4,1
     a86:	097fb503          	.4byte	0x97fb503
     a8a:	0006                	c.slli	zero,0x1
     a8c:	0501                	addi	a0,a0,0
     a8e:	0301                	addi	t1,t1,0
     a90:	020900cb          	.4byte	0x20900cb
     a94:	0100                	addi	s0,sp,128
     a96:	0209                	addi	tp,tp,2 # 2 <_program_size-0xc76>
     a98:	0000                	unimp
     a9a:	0101                	addi	sp,sp,0
     a9c:	0105                	addi	sp,sp,1
     a9e:	0500                	addi	s0,sp,640
     aa0:	3402                	.2byte	0x3402
     aa2:	03800003          	lb	zero,56(zero) # 38 <_program_size-0xc40>
     aa6:	060101cf          	.4byte	0x60101cf
     aaa:	0e090003          	lb	zero,224(s2)
     aae:	0100                	addi	s0,sp,128
     ab0:	0205                	addi	tp,tp,1 # 1 <_program_size-0xc77>
     ab2:	0306                	slli	t1,t1,0x1
     ab4:	0901                	addi	s2,s2,0
     ab6:	0002                	c.slli64	zero
     ab8:	0301                	addi	t1,t1,0
     aba:	0901                	addi	s2,s2,0
     abc:	0000                	unimp
     abe:	0301                	addi	t1,t1,0
     ac0:	0901                	addi	s2,s2,0
     ac2:	0000                	unimp
     ac4:	0301                	addi	t1,t1,0
     ac6:	0902                	c.slli64	s2
     ac8:	0000                	unimp
     aca:	0301                	addi	t1,t1,0
     acc:	7f99                	lui	t6,0xfffe6
     ace:	0009                	c.nop	2
     ad0:	0100                	addi	s0,sp,128
     ad2:	00090203          	lb	tp,0(s2)
     ad6:	0100                	addi	s0,sp,128
     ad8:	0105                	addi	sp,sp,1
     ada:	0306                	slli	t1,t1,0x1
     adc:	00e0                	addi	s0,sp,76
     ade:	0009                	c.nop	2
     ae0:	0100                	addi	s0,sp,128
     ae2:	0505                	addi	a0,a0,1
     ae4:	097fa003          	lw	zero,151(t6) # fffe6097 <_ram_end+0x7ffd6097>
     ae8:	0002                	c.slli64	zero
     aea:	0501                	addi	a0,a0,0
     aec:	09050317          	auipc	t1,0x9050
     af0:	0004                	.2byte	0x4
     af2:	0301                	addi	t1,t1,0 # 9050aec <_available_heap+0x9043764>
     af4:	0901                	addi	s2,s2,0
     af6:	000a                	c.slli	zero,0x2
     af8:	0501                	addi	a0,a0,0
     afa:	0602                	c.slli64	a2
     afc:	18097f03          	.4byte	0x18097f03
     b00:	0100                	addi	s0,sp,128
     b02:	00090103          	lb	sp,0(s2)
     b06:	0100                	addi	s0,sp,128
     b08:	00090203          	lb	tp,0(s2)
     b0c:	0100                	addi	s0,sp,128
     b0e:	0900df03          	lhu	t5,144(ra)
     b12:	0002                	c.slli64	zero
     b14:	0501                	addi	a0,a0,0
     b16:	0605                	addi	a2,a2,1
     b18:	00090003          	lb	zero,0(s2)
     b1c:	0100                	addi	s0,sp,128
     b1e:	1105                	addi	sp,sp,-31
     b20:	0200                	addi	s0,sp,256
     b22:	0104                	addi	s1,sp,128
     b24:	04090003          	lb	zero,64(s2)
     b28:	0100                	addi	s0,sp,128
     b2a:	0405                	addi	s0,s0,1
     b2c:	0200                	addi	s0,sp,256
     b2e:	0304                	addi	s1,sp,384
     b30:	0306                	slli	t1,t1,0x1
     b32:	0902                	c.slli64	s2
     b34:	0008                	.2byte	0x8
     b36:	0501                	addi	a0,a0,0
     b38:	0012                	c.slli	zero,0x4
     b3a:	0402                	c.slli64	s0
     b3c:	00030603          	lb	a2,0(t1)
     b40:	0009                	c.nop	2
     b42:	0100                	addi	s0,sp,128
     b44:	1a05                	addi	s4,s4,-31
     b46:	0200                	addi	s0,sp,256
     b48:	0304                	addi	s1,sp,384
     b4a:	04097f03          	.4byte	0x4097f03
     b4e:	0100                	addi	s0,sp,128
     b50:	1205                	addi	tp,tp,-31 # ffffffe1 <_ram_end+0x7ffeffe1>
     b52:	0200                	addi	s0,sp,256
     b54:	0304                	addi	s1,sp,384
     b56:	04090103          	lb	sp,64(s2)
     b5a:	0100                	addi	s0,sp,128
     b5c:	2b05                	jal	108c <_program_size+0x414>
     b5e:	0200                	addi	s0,sp,256
     b60:	0304                	addi	s1,sp,384
     b62:	0306                	slli	t1,t1,0x1
     b64:	097f                	.2byte	0x97f
     b66:	0004                	.2byte	0x4
     b68:	0501                	addi	a0,a0,0
     b6a:	001a                	c.slli	zero,0x6
     b6c:	0402                	c.slli64	s0
     b6e:	09000303          	lb	t1,144(zero) # 90 <_program_size-0xbe8>
     b72:	0000                	unimp
     b74:	0501                	addi	a0,a0,0
     b76:	7a03060b          	.4byte	0x7a03060b
     b7a:	0c09                	addi	s8,s8,2
     b7c:	0100                	addi	s0,sp,128
     b7e:	0305                	addi	t1,t1,1
     b80:	0200                	addi	s0,sp,256
     b82:	0304                	addi	s1,sp,384
     b84:	0306                	slli	t1,t1,0x1
     b86:	090c                	addi	a1,sp,144
     b88:	0002                	c.slli64	zero
     b8a:	0501                	addi	a0,a0,0
     b8c:	0402000b          	.4byte	0x402000b
     b90:	00030603          	lb	a2,0(t1)
     b94:	0009                	c.nop	2
     b96:	0100                	addi	s0,sp,128
     b98:	1905                	addi	s2,s2,-31
     b9a:	0200                	addi	s0,sp,256
     b9c:	0304                	addi	s1,sp,384
     b9e:	08097f03          	.4byte	0x8097f03
     ba2:	0100                	addi	s0,sp,128
     ba4:	0b05                	addi	s6,s6,1
     ba6:	0200                	addi	s0,sp,256
     ba8:	0304                	addi	s1,sp,384
     baa:	04090103          	lb	sp,64(s2)
     bae:	0100                	addi	s0,sp,128
     bb0:	0805                	addi	a6,a6,1
     bb2:	0200                	addi	s0,sp,256
     bb4:	0304                	addi	s1,sp,384
     bb6:	02090003          	lb	zero,32(s2)
     bba:	0100                	addi	s0,sp,128
     bbc:	2a05                	jal	cec <_program_size+0x74>
     bbe:	0200                	addi	s0,sp,256
     bc0:	0304                	addi	s1,sp,384
     bc2:	0306                	slli	t1,t1,0x1
     bc4:	097f                	.2byte	0x97f
     bc6:	0002                	c.slli64	zero
     bc8:	0501                	addi	a0,a0,0
     bca:	0019                	c.nop	6
     bcc:	0402                	c.slli64	s0
     bce:	09000303          	lb	t1,144(zero) # 90 <_program_size-0xbe8>
     bd2:	0000                	unimp
     bd4:	0501                	addi	a0,a0,0
     bd6:	0302                	c.slli64	t1
     bd8:	00040903          	lb	s2,0(s0)
     bdc:	0501                	addi	a0,a0,0
     bde:	0609                	addi	a2,a2,2
     be0:	00090903          	lb	s2,0(s2)
     be4:	0100                	addi	s0,sp,128
     be6:	0505                	addi	a0,a0,1
     be8:	02097703          	.4byte	0x2097703
     bec:	0100                	addi	s0,sp,128
     bee:	0105                	addi	sp,sp,1
     bf0:	02090a03          	lb	s4,32(s2)
     bf4:	0100                	addi	s0,sp,128
     bf6:	0205                	addi	tp,tp,1 # 1 <_program_size-0xc77>
     bf8:	0306                	slli	t1,t1,0x1
     bfa:	0970                	addi	a2,sp,156
     bfc:	0010                	.2byte	0x10
     bfe:	0501                	addi	a0,a0,0
     c00:	0605                	addi	a2,a2,1
     c02:	00090003          	lb	zero,0(s2)
     c06:	0100                	addi	s0,sp,128
     c08:	0105                	addi	sp,sp,1
     c0a:	02091003          	lh	zero,32(s2)
     c0e:	0100                	addi	s0,sp,128
     c10:	0405                	addi	s0,s0,1
     c12:	0200                	addi	s0,sp,256
     c14:	0304                	addi	s1,sp,384
     c16:	0306                	slli	t1,t1,0x1
     c18:	0012097b          	.4byte	0x12097b
     c1c:	0501                	addi	a0,a0,0
     c1e:	000a                	c.slli	zero,0x2
     c20:	0402                	c.slli64	s0
     c22:	00030603          	lb	a2,0(t1)
     c26:	0009                	c.nop	2
     c28:	0100                	addi	s0,sp,128
     c2a:	2505                	jal	124a <_program_size+0x5d2>
     c2c:	0200                	addi	s0,sp,256
     c2e:	0304                	addi	s1,sp,384
     c30:	0306                	slli	t1,t1,0x1
     c32:	097f                	.2byte	0x97f
     c34:	0004                	.2byte	0x4
     c36:	0501                	addi	a0,a0,0
     c38:	001a                	c.slli	zero,0x6
     c3a:	0402                	c.slli64	s0
     c3c:	09000303          	lb	t1,144(zero) # 90 <_program_size-0xbe8>
     c40:	0000                	unimp
     c42:	0501                	addi	a0,a0,0
     c44:	060a                	slli	a2,a2,0x2
     c46:	06090203          	lb	tp,96(s2)
     c4a:	0100                	addi	s0,sp,128
     c4c:	097f8b03          	lb	s6,151(t6)
     c50:	0004                	.2byte	0x4
     c52:	0901                	addi	s2,s2,0
     c54:	0004                	.2byte	0x4
     c56:	0100                	addi	s0,sp,128
     c58:	0501                	addi	a0,a0,0
     c5a:	0001                	nop
     c5c:	0205                	addi	tp,tp,1 # 1 <_program_size-0xc77>
     c5e:	0000                	unimp
     c60:	0000                	unimp
     c62:	0101c303          	lbu	t1,16(gp)
     c66:	0205                	addi	tp,tp,1 # 1 <_program_size-0xc77>
     c68:	00090103          	lb	sp,0(s2)
     c6c:	0100                	addi	s0,sp,128
     c6e:	0105                	addi	sp,sp,1
     c70:	0306                	slli	t1,t1,0x1
     c72:	097f                	.2byte	0x97f
     c74:	0000                	unimp
     c76:	0501                	addi	a0,a0,0
     c78:	0309                	addi	t1,t1,2
     c7a:	0901                	addi	s2,s2,0
     c7c:	0000                	unimp
     c7e:	0501                	addi	a0,a0,0
     c80:	0301                	addi	t1,t1,0
     c82:	097f                	.2byte	0x97f
     c84:	0000                	unimp
     c86:	0501                	addi	a0,a0,0
     c88:	0309                	addi	t1,t1,2
     c8a:	0901                	addi	s2,s2,0
     c8c:	0000                	unimp
     c8e:	0501                	addi	a0,a0,0
     c90:	0301                	addi	t1,t1,0
     c92:	0902                	c.slli64	s2
     c94:	0000                	unimp
     c96:	0901                	addi	s2,s2,0
     c98:	0000                	unimp
     c9a:	0100                	addi	s0,sp,128
     c9c:	2601                	jal	f9c <_program_size+0x324>
     c9e:	0006                	c.slli	zero,0x1
     ca0:	0500                	addi	s0,sp,640
     ca2:	0400                	addi	s0,sp,512
     ca4:	4e00                	lw	s0,24(a2)
     ca6:	0000                	unimp
     ca8:	0100                	addi	s0,sp,128
     caa:	0101                	addi	sp,sp,0
     cac:	000d0efb          	.4byte	0xd0efb
     cb0:	0101                	addi	sp,sp,0
     cb2:	0101                	addi	sp,sp,0
     cb4:	0000                	unimp
     cb6:	0100                	addi	s0,sp,128
     cb8:	0000                	unimp
     cba:	0101                	addi	sp,sp,0
     cbc:	1f01                	addi	t5,t5,-32
     cbe:	0005                	c.nop	1
     cc0:	0000                	unimp
     cc2:	3800                	.2byte	0x3800
     cc4:	0000                	unimp
     cc6:	d100                	sw	s0,32(a0)
     cc8:	0001                	nop
     cca:	be00                	.2byte	0xbe00
     ccc:	0000                	unimp
     cce:	1900                	addi	s0,sp,176
     cd0:	0001                	nop
     cd2:	0200                	addi	s0,sp,256
     cd4:	1f01                	addi	t5,t5,-32
     cd6:	0f02                	c.slli64	t5
     cd8:	c706                	sw	ra,140(sp)
     cda:	0001                	nop
     cdc:	0100                	addi	s0,sp,128
     cde:	000001c7          	.4byte	0x1c7
     ce2:	3301                	jal	9e2 <_program_size-0x296>
     ce4:	0002                	c.slli64	zero
     ce6:	0100                	addi	s0,sp,128
     ce8:	023d                	addi	tp,tp,15 # f <_program_size-0xc69>
     cea:	0000                	unimp
     cec:	7002                	.2byte	0x7002
     cee:	0001                	nop
     cf0:	0300                	addi	s0,sp,384
     cf2:	0181                	addi	gp,gp,0
     cf4:	0000                	unimp
     cf6:	0504                	addi	s1,sp,640
     cf8:	0001                	nop
     cfa:	0205                	addi	tp,tp,1 # 1 <_program_size-0xc77>
     cfc:	0000                	unimp
     cfe:	0000                	unimp
     d00:	05010f03          	lb	t5,80(sp)
     d04:	0302                	c.slli64	t1
     d06:	0901                	addi	s2,s2,0
     d08:	0000                	unimp
     d0a:	0301                	addi	t1,t1,0
     d0c:	0979                	addi	s2,s2,30
     d0e:	0000                	unimp
     d10:	0301                	addi	t1,t1,0
     d12:	0901                	addi	s2,s2,0
     d14:	0000                	unimp
     d16:	0501                	addi	a0,a0,0
     d18:	0312                	slli	t1,t1,0x4
     d1a:	0900                	addi	s0,sp,144
     d1c:	0000                	unimp
     d1e:	0501                	addi	a0,a0,0
     d20:	060c                	addi	a1,sp,768
     d22:	00090003          	lb	zero,0(s2)
     d26:	0100                	addi	s0,sp,128
     d28:	1205                	addi	tp,tp,-31 # ffffffe1 <_ram_end+0x7ffeffe1>
     d2a:	00090003          	lb	zero,0(s2)
     d2e:	0100                	addi	s0,sp,128
     d30:	0204                	addi	s1,sp,256
     d32:	0305                	addi	t1,t1,1
     d34:	00091003          	lh	zero,0(s2)
     d38:	0100                	addi	s0,sp,128
     d3a:	0205                	addi	tp,tp,1 # 1 <_program_size-0xc77>
     d3c:	0306                	slli	t1,t1,0x1
     d3e:	097e                	slli	s2,s2,0x1f
     d40:	0000                	unimp
     d42:	0301                	addi	t1,t1,0
     d44:	0901                	addi	s2,s2,0
     d46:	0000                	unimp
     d48:	0501                	addi	a0,a0,0
     d4a:	09010303          	lb	t1,144(sp)
     d4e:	0000                	unimp
     d50:	0501                	addi	a0,a0,0
     d52:	030d                	addi	t1,t1,3
     d54:	0904                	addi	s1,sp,144
     d56:	0000                	unimp
     d58:	0401                	addi	s0,s0,0
     d5a:	0501                	addi	a0,a0,0
     d5c:	031c                	addi	a5,sp,384
     d5e:	096c                	addi	a1,sp,156
     d60:	0000                	unimp
     d62:	0501                	addi	a0,a0,0
     d64:	060c                	addi	a1,sp,768
     d66:	00090003          	lb	zero,0(s2)
     d6a:	0100                	addi	s0,sp,128
     d6c:	1c05                	addi	s8,s8,-31
     d6e:	00090003          	lb	zero,0(s2)
     d72:	0100                	addi	s0,sp,128
     d74:	1205                	addi	tp,tp,-31 # ffffffe1 <_ram_end+0x7ffeffe1>
     d76:	0306                	slli	t1,t1,0x1
     d78:	0900                	addi	s0,sp,144
     d7a:	0000                	unimp
     d7c:	0401                	addi	s0,s0,0
     d7e:	0502                	c.slli64	a0
     d80:	10030603          	lb	a2,256(t1)
     d84:	0009                	c.nop	2
     d86:	0100                	addi	s0,sp,128
     d88:	0205                	addi	tp,tp,1 # 1 <_program_size-0xc77>
     d8a:	0306                	slli	t1,t1,0x1
     d8c:	097e                	slli	s2,s2,0x1f
     d8e:	0000                	unimp
     d90:	0301                	addi	t1,t1,0
     d92:	0901                	addi	s2,s2,0
     d94:	0000                	unimp
     d96:	0501                	addi	a0,a0,0
     d98:	09010303          	lb	t1,144(sp)
     d9c:	0000                	unimp
     d9e:	0501                	addi	a0,a0,0
     da0:	030d                	addi	t1,t1,3
     da2:	0904                	addi	s1,sp,144
     da4:	0000                	unimp
     da6:	0501                	addi	a0,a0,0
     da8:	7c030603          	lb	a2,1984(t1)
     dac:	0009                	c.nop	2
     dae:	0100                	addi	s0,sp,128
     db0:	0205                	addi	tp,tp,1 # 1 <_program_size-0xc77>
     db2:	0306                	slli	t1,t1,0x1
     db4:	097e                	slli	s2,s2,0x1f
     db6:	0000                	unimp
     db8:	0301                	addi	t1,t1,0
     dba:	0901                	addi	s2,s2,0
     dbc:	0000                	unimp
     dbe:	0501                	addi	a0,a0,0
     dc0:	09010303          	lb	t1,144(sp)
     dc4:	0000                	unimp
     dc6:	0501                	addi	a0,a0,0
     dc8:	030d                	addi	t1,t1,3
     dca:	0904                	addi	s1,sp,144
     dcc:	0000                	unimp
     dce:	0401                	addi	s0,s0,0
     dd0:	0501                	addi	a0,a0,0
     dd2:	0601                	addi	a2,a2,0
     dd4:	00097503          	.4byte	0x97503
     dd8:	0100                	addi	s0,sp,128
     dda:	0009                	c.nop	2
     ddc:	0000                	unimp
     dde:	0101                	addi	sp,sp,0
     de0:	0105                	addi	sp,sp,1
     de2:	0500                	addi	s0,sp,640
     de4:	e202                	.2byte	0xe202
     de6:	03800003          	lb	zero,56(zero) # 38 <_program_size-0xc40>
     dea:	0116                	slli	sp,sp,0x5
     dec:	0205                	addi	tp,tp,1 # 1 <_program_size-0xc77>
     dee:	00090103          	lb	sp,0(s2)
     df2:	0100                	addi	s0,sp,128
     df4:	00090103          	lb	sp,0(s2)
     df8:	0100                	addi	s0,sp,128
     dfa:	00090103          	lb	sp,0(s2)
     dfe:	0100                	addi	s0,sp,128
     e00:	00090203          	lb	tp,0(s2)
     e04:	0100                	addi	s0,sp,128
     e06:	0105                	addi	sp,sp,1
     e08:	0306                	slli	t1,t1,0x1
     e0a:	0000097b          	.4byte	0x97b
     e0e:	0501                	addi	a0,a0,0
     e10:	030c                	addi	a1,sp,384
     e12:	0909                	addi	s2,s2,2
     e14:	0002                	c.slli64	zero
     e16:	0501                	addi	a0,a0,0
     e18:	0301                	addi	t1,t1,0
     e1a:	00040977          	.4byte	0x40977
     e1e:	0501                	addi	a0,a0,0
     e20:	0302                	c.slli64	t1
     e22:	0905                	addi	s2,s2,1
     e24:	0002                	c.slli64	zero
     e26:	0501                	addi	a0,a0,0
     e28:	0301                	addi	t1,t1,0
     e2a:	0002097b          	.4byte	0x2097b
     e2e:	0501                	addi	a0,a0,0
     e30:	0302                	c.slli64	t1
     e32:	0905                	addi	s2,s2,1
     e34:	000c                	.2byte	0xc
     e36:	0601                	addi	a2,a2,0
     e38:	02090103          	lb	sp,32(s2)
     e3c:	0100                	addi	s0,sp,128
     e3e:	00090103          	lb	sp,0(s2)
     e42:	0100                	addi	s0,sp,128
     e44:	00090103          	lb	sp,0(s2)
     e48:	0100                	addi	s0,sp,128
     e4a:	00090103          	lb	sp,0(s2)
     e4e:	0100                	addi	s0,sp,128
     e50:	1605                	addi	a2,a2,-31
     e52:	00090003          	lb	zero,0(s2)
     e56:	0100                	addi	s0,sp,128
     e58:	0d05                	addi	s10,s10,1
     e5a:	0306                	slli	t1,t1,0x1
     e5c:	0931                	addi	s2,s2,12
     e5e:	000a                	c.slli	zero,0x2
     e60:	0401                	addi	s0,s0,0
     e62:	0502                	c.slli64	a0
     e64:	094a0303          	lb	t1,148(s4)
     e68:	0004                	.2byte	0x4
     e6a:	0401                	addi	s0,s0,0
     e6c:	0501                	addi	a0,a0,0
     e6e:	0304                	addi	s1,sp,384
     e70:	00040907          	.4byte	0x40907
     e74:	0501                	addi	a0,a0,0
     e76:	7f030603          	lb	a2,2032(t1)
     e7a:	0a09                	addi	s4,s4,2
     e7c:	0100                	addi	s0,sp,128
     e7e:	0605                	addi	a2,a2,1
     e80:	0306                	slli	t1,t1,0x1
     e82:	0900                	addi	s0,sp,144
     e84:	0000                	unimp
     e86:	0501                	addi	a0,a0,0
     e88:	0604                	addi	s1,sp,768
     e8a:	02090103          	lb	sp,32(s2)
     e8e:	0100                	addi	s0,sp,128
     e90:	0505                	addi	a0,a0,1
     e92:	18092903          	lw	s2,384(s2)
     e96:	0100                	addi	s0,sp,128
     e98:	0b05                	addi	s6,s6,1
     e9a:	0306                	slli	t1,t1,0x1
     e9c:	0900                	addi	s0,sp,144
     e9e:	0000                	unimp
     ea0:	0401                	addi	s0,s0,0
     ea2:	0502                	c.slli64	a0
     ea4:	09500303          	lb	t1,149(zero) # 95 <_program_size-0xbe3>
     ea8:	0002                	c.slli64	zero
     eaa:	0401                	addi	s0,s0,0
     eac:	0501                	addi	a0,a0,0
     eae:	0305                	addi	t1,t1,1
     eb0:	0930                	addi	a2,sp,152
     eb2:	0004                	.2byte	0x4
     eb4:	0401                	addi	s0,s0,0
     eb6:	0502                	c.slli64	a0
     eb8:	0602                	c.slli64	a2
     eba:	04094c03          	lbu	s8,64(s2)
     ebe:	0100                	addi	s0,sp,128
     ec0:	0104                	addi	s1,sp,128
     ec2:	0b05                	addi	s6,s6,1
     ec4:	0306                	slli	t1,t1,0x1
     ec6:	0934                	addi	a3,sp,152
     ec8:	0000                	unimp
     eca:	0401                	addi	s0,s0,0
     ecc:	0502                	c.slli64	a0
     ece:	0602                	c.slli64	a2
     ed0:	04094e03          	lbu	t3,64(s2)
     ed4:	0100                	addi	s0,sp,128
     ed6:	00090103          	lb	sp,0(s2)
     eda:	0100                	addi	s0,sp,128
     edc:	0305                	addi	t1,t1,1
     ede:	00090103          	lb	sp,0(s2)
     ee2:	0100                	addi	s0,sp,128
     ee4:	0d05                	addi	s10,s10,1
     ee6:	04090403          	lb	s0,64(s2)
     eea:	0100                	addi	s0,sp,128
     eec:	0104                	addi	s1,sp,128
     eee:	0c05                	addi	s8,s8,1
     ef0:	0306                	slli	t1,t1,0x1
     ef2:	0931                	addi	s2,s2,12
     ef4:	0004                	.2byte	0x4
     ef6:	0501                	addi	a0,a0,0
     ef8:	030e                	slli	t1,t1,0x3
     efa:	097e                	slli	s2,s2,0x1f
     efc:	0002                	c.slli64	zero
     efe:	0501                	addi	a0,a0,0
     f00:	0616                	slli	a2,a2,0x5
     f02:	02095203          	lhu	tp,32(s2)
     f06:	0100                	addi	s0,sp,128
     f08:	0c05                	addi	s8,s8,1
     f0a:	0306                	slli	t1,t1,0x1
     f0c:	0900                	addi	s0,sp,144
     f0e:	0000                	unimp
     f10:	0501                	addi	a0,a0,0
     f12:	0312                	slli	t1,t1,0x4
     f14:	0900                	addi	s0,sp,144
     f16:	0004                	.2byte	0x4
     f18:	0501                	addi	a0,a0,0
     f1a:	0316                	slli	t1,t1,0x5
     f1c:	0900                	addi	s0,sp,144
     f1e:	0002                	c.slli64	zero
     f20:	0501                	addi	a0,a0,0
     f22:	0301                	addi	t1,t1,0
     f24:	0938                	addi	a4,sp,152
     f26:	0004                	.2byte	0x4
     f28:	0501                	addi	a0,a0,0
     f2a:	0605                	addi	a2,a2,1
     f2c:	04095f03          	lhu	t5,64(s2)
     f30:	0100                	addi	s0,sp,128
     f32:	00090103          	lb	sp,0(s2)
     f36:	0100                	addi	s0,sp,128
     f38:	00090103          	lb	sp,0(s2)
     f3c:	0100                	addi	s0,sp,128
     f3e:	0605                	addi	a2,a2,1
     f40:	00090403          	lb	s0,0(s2)
     f44:	0100                	addi	s0,sp,128
     f46:	0805                	addi	a6,a6,1
     f48:	0306                	slli	t1,t1,0x1
     f4a:	0900                	addi	s0,sp,144
     f4c:	0000                	unimp
     f4e:	0501                	addi	a0,a0,0
     f50:	0316                	slli	t1,t1,0x5
     f52:	0901                	addi	s2,s2,0
     f54:	0002                	c.slli64	zero
     f56:	0501                	addi	a0,a0,0
     f58:	0308                	addi	a0,sp,384
     f5a:	097f                	.2byte	0x97f
     f5c:	0008                	.2byte	0x8
     f5e:	0501                	addi	a0,a0,0
     f60:	0606                	slli	a2,a2,0x1
     f62:	04090103          	lb	sp,64(s2)
     f66:	0100                	addi	s0,sp,128
     f68:	1605                	addi	a2,a2,-31
     f6a:	0306                	slli	t1,t1,0x1
     f6c:	0900                	addi	s0,sp,144
     f6e:	0000                	unimp
     f70:	0501                	addi	a0,a0,0
     f72:	0308                	addi	a0,sp,384
     f74:	097f                	.2byte	0x97f
     f76:	0002                	c.slli64	zero
     f78:	0501                	addi	a0,a0,0
     f7a:	0316                	slli	t1,t1,0x5
     f7c:	0901                	addi	s2,s2,0
     f7e:	0004                	.2byte	0x4
     f80:	0501                	addi	a0,a0,0
     f82:	0306                	slli	t1,t1,0x1
     f84:	0905                	addi	s2,s2,1
     f86:	0002                	c.slli64	zero
     f88:	0401                	addi	s0,s0,0
     f8a:	0502                	c.slli64	a0
     f8c:	09580303          	lb	t1,149(a6)
     f90:	0002                	c.slli64	zero
     f92:	0401                	addi	s0,s0,0
     f94:	0501                	addi	a0,a0,0
     f96:	030e                	slli	t1,t1,0x3
     f98:	0925                	addi	s2,s2,9
     f9a:	0004                	.2byte	0x4
     f9c:	0501                	addi	a0,a0,0
     f9e:	0606                	slli	a2,a2,0x1
     fa0:	02090103          	lb	sp,32(s2)
     fa4:	0100                	addi	s0,sp,128
     fa6:	00090103          	lb	sp,0(s2)
     faa:	0100                	addi	s0,sp,128
     fac:	0d05                	addi	s10,s10,1
     fae:	0306                	slli	t1,t1,0x1
     fb0:	0900                	addi	s0,sp,144
     fb2:	0000                	unimp
     fb4:	0501                	addi	a0,a0,0
     fb6:	0319                	addi	t1,t1,6
     fb8:	0901                	addi	s2,s2,0
     fba:	0004                	.2byte	0x4
     fbc:	0501                	addi	a0,a0,0
     fbe:	0606                	slli	a2,a2,0x1
     fc0:	04090003          	lb	zero,64(s2)
     fc4:	0100                	addi	s0,sp,128
     fc6:	0200                	addi	s0,sp,256
     fc8:	0104                	addi	s1,sp,128
     fca:	0306                	slli	t1,t1,0x1
     fcc:	0900                	addi	s0,sp,144
     fce:	0008                	.2byte	0x8
     fd0:	0401                	addi	s0,s0,0
     fd2:	0502                	c.slli64	a0
     fd4:	0602                	c.slli64	a2
     fd6:	04095603          	lhu	a2,64(s2)
     fda:	0100                	addi	s0,sp,128
     fdc:	00090103          	lb	sp,0(s2)
     fe0:	0100                	addi	s0,sp,128
     fe2:	0305                	addi	t1,t1,1
     fe4:	00090103          	lb	sp,0(s2)
     fe8:	0100                	addi	s0,sp,128
     fea:	0d05                	addi	s10,s10,1
     fec:	04090403          	lb	s0,64(s2)
     ff0:	0100                	addi	s0,sp,128
     ff2:	0104                	addi	s1,sp,128
     ff4:	1605                	addi	a2,a2,-31
     ff6:	0200                	addi	s0,sp,256
     ff8:	0404                	addi	s1,sp,512
     ffa:	04092103          	lw	sp,64(s2)
     ffe:	0100                	addi	s0,sp,128
    1000:	0e05                	addi	t3,t3,1
    1002:	0200                	addi	s0,sp,256
    1004:	0404                	addi	s1,sp,512
    1006:	02090003          	lb	zero,32(s2)
    100a:	0100                	addi	s0,sp,128
    100c:	0505                	addi	a0,a0,1
    100e:	06090803          	lb	a6,96(s2)
    1012:	0100                	addi	s0,sp,128
    1014:	0205                	addi	tp,tp,1 # 1 <_program_size-0xc77>
    1016:	04094203          	lbu	tp,64(s2)
    101a:	0100                	addi	s0,sp,128
    101c:	00090103          	lb	sp,0(s2)
    1020:	0100                	addi	s0,sp,128
    1022:	1205                	addi	tp,tp,-31 # ffffffe1 <_ram_end+0x7ffeffe1>
    1024:	00090003          	lb	zero,0(s2)
    1028:	0100                	addi	s0,sp,128
    102a:	0505                	addi	a0,a0,1
    102c:	0306                	slli	t1,t1,0x1
    102e:	093d                	addi	s2,s2,15
    1030:	0000                	unimp
    1032:	0501                	addi	a0,a0,0
    1034:	030c                	addi	a1,sp,384
    1036:	00040943          	.4byte	0x40943
    103a:	0501                	addi	a0,a0,0
    103c:	0312                	slli	t1,t1,0x4
    103e:	0900                	addi	s0,sp,144
    1040:	0004                	.2byte	0x4
    1042:	0401                	addi	s0,s0,0
    1044:	0502                	c.slli64	a0
    1046:	09100303          	lb	t1,145(zero) # 91 <_program_size-0xbe7>
    104a:	0002                	c.slli64	zero
    104c:	0501                	addi	a0,a0,0
    104e:	0602                	c.slli64	a2
    1050:	04097e03          	.4byte	0x4097e03
    1054:	0100                	addi	s0,sp,128
    1056:	00090103          	lb	sp,0(s2)
    105a:	0100                	addi	s0,sp,128
    105c:	0305                	addi	t1,t1,1
    105e:	00090103          	lb	sp,0(s2)
    1062:	0100                	addi	s0,sp,128
    1064:	0d05                	addi	s10,s10,1
    1066:	04090403          	lb	s0,64(s2)
    106a:	0100                	addi	s0,sp,128
    106c:	0104                	addi	s1,sp,128
    106e:	1c05                	addi	s8,s8,-31
    1070:	04096c03          	.4byte	0x4096c03
    1074:	0100                	addi	s0,sp,128
    1076:	0c05                	addi	s8,s8,1
    1078:	0306                	slli	t1,t1,0x1
    107a:	0900                	addi	s0,sp,144
    107c:	0000                	unimp
    107e:	0501                	addi	a0,a0,0
    1080:	031c                	addi	a5,sp,384
    1082:	0900                	addi	s0,sp,144
    1084:	0004                	.2byte	0x4
    1086:	0501                	addi	a0,a0,0
    1088:	0612                	slli	a2,a2,0x4
    108a:	02090003          	lb	zero,32(s2)
    108e:	0100                	addi	s0,sp,128
    1090:	0505                	addi	a0,a0,1
    1092:	04091903          	lh	s2,64(s2)
    1096:	0100                	addi	s0,sp,128
    1098:	00090103          	lb	sp,0(s2)
    109c:	0100                	addi	s0,sp,128
    109e:	0705                	addi	a4,a4,1
    10a0:	0306                	slli	t1,t1,0x1
    10a2:	0900                	addi	s0,sp,144
    10a4:	0000                	unimp
    10a6:	0501                	addi	a0,a0,0
    10a8:	0605                	addi	a2,a2,1
    10aa:	0a090103          	lb	sp,160(s2)
    10ae:	0100                	addi	s0,sp,128
    10b0:	00090103          	lb	sp,0(s2)
    10b4:	0100                	addi	s0,sp,128
    10b6:	0a05                	addi	s4,s4,1
    10b8:	00090003          	lb	zero,0(s2)
    10bc:	0100                	addi	s0,sp,128
    10be:	1705                	addi	a4,a4,-31
    10c0:	00090003          	lb	zero,0(s2)
    10c4:	0100                	addi	s0,sp,128
    10c6:	0705                	addi	a4,a4,1
    10c8:	0306                	slli	t1,t1,0x1
    10ca:	097e                	slli	s2,s2,0x1f
    10cc:	0000                	unimp
    10ce:	0501                	addi	a0,a0,0
    10d0:	04020023          	sb	zero,64(tp) # 40 <_program_size-0xc38>
    10d4:	02030603          	lb	a2,32(t1)
    10d8:	0609                	addi	a2,a2,2
    10da:	0100                	addi	s0,sp,128
    10dc:	2805                	jal	110c <_program_size+0x494>
    10de:	0200                	addi	s0,sp,256
    10e0:	0304                	addi	s1,sp,384
    10e2:	0306                	slli	t1,t1,0x1
    10e4:	0900                	addi	s0,sp,144
    10e6:	0000                	unimp
    10e8:	0501                	addi	a0,a0,0
    10ea:	001f 0402 0603      	.byte	0x1f, 0x00, 0x02, 0x04, 0x03, 0x06
    10f0:	04090003          	lb	zero,64(s2)
    10f4:	0100                	addi	s0,sp,128
    10f6:	1705                	addi	a4,a4,-31
    10f8:	0200                	addi	s0,sp,256
    10fa:	0304                	addi	s1,sp,384
    10fc:	00090003          	lb	zero,0(s2)
    1100:	0100                	addi	s0,sp,128
    1102:	0505                	addi	a0,a0,1
    1104:	06090103          	lb	sp,96(s2)
    1108:	0100                	addi	s0,sp,128
    110a:	0805                	addi	a6,a6,1
    110c:	0306                	slli	t1,t1,0x1
    110e:	0900                	addi	s0,sp,144
    1110:	0000                	unimp
    1112:	0401                	addi	s0,s0,0
    1114:	0502                	c.slli64	a0
    1116:	09730303          	lb	t1,151(t1)
    111a:	0004                	.2byte	0x4
    111c:	0501                	addi	a0,a0,0
    111e:	0602                	c.slli64	a2
    1120:	08097e03          	.4byte	0x8097e03
    1124:	0100                	addi	s0,sp,128
    1126:	00090103          	lb	sp,0(s2)
    112a:	0100                	addi	s0,sp,128
    112c:	0305                	addi	t1,t1,1
    112e:	00090103          	lb	sp,0(s2)
    1132:	0100                	addi	s0,sp,128
    1134:	0d05                	addi	s10,s10,1
    1136:	04090403          	lb	s0,64(s2)
    113a:	0100                	addi	s0,sp,128
    113c:	0104                	addi	s1,sp,128
    113e:	0505                	addi	a0,a0,1
    1140:	0200                	addi	s0,sp,256
    1142:	0104                	addi	s1,sp,128
    1144:	06091503          	lh	a0,96(s2)
    1148:	0100                	addi	s0,sp,128
    114a:	0200                	addi	s0,sp,256
    114c:	0104                	addi	s1,sp,128
    114e:	00090103          	lb	sp,0(s2)
    1152:	0100                	addi	s0,sp,128
    1154:	0d05                	addi	s10,s10,1
    1156:	0200                	addi	s0,sp,256
    1158:	0104                	addi	s1,sp,128
    115a:	0306                	slli	t1,t1,0x1
    115c:	097f                	.2byte	0x97f
    115e:	0000                	unimp
    1160:	0501                	addi	a0,a0,0
    1162:	060a                	slli	a2,a2,0x2
    1164:	04091d03          	lh	s10,64(s2)
    1168:	0100                	addi	s0,sp,128
    116a:	0d05                	addi	s10,s10,1
    116c:	0306                	slli	t1,t1,0x1
    116e:	0900                	addi	s0,sp,144
    1170:	0000                	unimp
    1172:	0501                	addi	a0,a0,0
    1174:	030e                	slli	t1,t1,0x3
    1176:	0901                	addi	s2,s2,0
    1178:	0004                	.2byte	0x4
    117a:	0401                	addi	s0,s0,0
    117c:	0502                	c.slli64	a0
    117e:	0602                	c.slli64	a2
    1180:	04094703          	lbu	a4,64(s2)
    1184:	0100                	addi	s0,sp,128
    1186:	00090103          	lb	sp,0(s2)
    118a:	0100                	addi	s0,sp,128
    118c:	0305                	addi	t1,t1,1
    118e:	00090103          	lb	sp,0(s2)
    1192:	0100                	addi	s0,sp,128
    1194:	0d05                	addi	s10,s10,1
    1196:	04090403          	lb	s0,64(s2)
    119a:	0100                	addi	s0,sp,128
    119c:	0205                	addi	tp,tp,1 # 1 <_program_size-0xc77>
    119e:	04097a03          	.4byte	0x4097a03
    11a2:	0100                	addi	s0,sp,128
    11a4:	00090103          	lb	sp,0(s2)
    11a8:	0100                	addi	s0,sp,128
    11aa:	0305                	addi	t1,t1,1
    11ac:	00090103          	lb	sp,0(s2)
    11b0:	0100                	addi	s0,sp,128
    11b2:	0d05                	addi	s10,s10,1
    11b4:	04090403          	lb	s0,64(s2)
    11b8:	0100                	addi	s0,sp,128
    11ba:	0104                	addi	s1,sp,128
    11bc:	1505                	addi	a0,a0,-31
    11be:	0306                	slli	t1,t1,0x1
    11c0:	0006090f          	.4byte	0x6090f
    11c4:	0501                	addi	a0,a0,0
    11c6:	030d                	addi	t1,t1,3
    11c8:	097e                	slli	s2,s2,0x1f
    11ca:	0002                	c.slli64	zero
    11cc:	0501                	addi	a0,a0,0
    11ce:	0619                	addi	a2,a2,6
    11d0:	02090103          	lb	sp,32(s2)
    11d4:	0100                	addi	s0,sp,128
    11d6:	2305                	jal	16f6 <_program_size+0xa7e>
    11d8:	0200                	addi	s0,sp,256
    11da:	0304                	addi	s1,sp,384
    11dc:	04090003          	lb	zero,64(s2)
    11e0:	0100                	addi	s0,sp,128
    11e2:	2805                	jal	1212 <_program_size+0x59a>
    11e4:	0200                	addi	s0,sp,256
    11e6:	0304                	addi	s1,sp,384
    11e8:	0306                	slli	t1,t1,0x1
    11ea:	0900                	addi	s0,sp,144
    11ec:	0000                	unimp
    11ee:	0501                	addi	a0,a0,0
    11f0:	0019                	c.nop	6
    11f2:	0402                	c.slli64	s0
    11f4:	09000303          	lb	t1,144(zero) # 90 <_program_size-0xbe8>
    11f8:	0006                	c.slli	zero,0x1
    11fa:	0501                	addi	a0,a0,0
    11fc:	0028                	addi	a0,sp,8
    11fe:	0402                	c.slli64	s0
    1200:	09000303          	lb	t1,144(zero) # 90 <_program_size-0xbe8>
    1204:	0002                	c.slli64	zero
    1206:	0501                	addi	a0,a0,0
    1208:	001f 0402 0603      	.byte	0x1f, 0x00, 0x02, 0x04, 0x03, 0x06
    120e:	04090003          	lb	zero,64(s2)
    1212:	0100                	addi	s0,sp,128
    1214:	1905                	addi	s2,s2,-31
    1216:	0200                	addi	s0,sp,256
    1218:	0304                	addi	s1,sp,384
    121a:	00090003          	lb	zero,0(s2)
    121e:	0100                	addi	s0,sp,128
    1220:	0605                	addi	a2,a2,1
    1222:	04090103          	lb	sp,64(s2)
    1226:	0100                	addi	s0,sp,128
    1228:	1505                	addi	a0,a0,-31
    122a:	0306                	slli	t1,t1,0x1
    122c:	0900                	addi	s0,sp,144
    122e:	0000                	unimp
    1230:	0501                	addi	a0,a0,0
    1232:	0311                	addi	t1,t1,4
    1234:	0900                	addi	s0,sp,144
    1236:	0004                	.2byte	0x4
    1238:	0501                	addi	a0,a0,0
    123a:	0900030b          	.4byte	0x900030b
    123e:	0004                	.2byte	0x4
    1240:	0501                	addi	a0,a0,0
    1242:	0606                	slli	a2,a2,0x1
    1244:	04090103          	lb	sp,64(s2)
    1248:	0100                	addi	s0,sp,128
    124a:	0805                	addi	a6,a6,1
    124c:	0306                	slli	t1,t1,0x1
    124e:	0900                	addi	s0,sp,144
    1250:	0000                	unimp
    1252:	0501                	addi	a0,a0,0
    1254:	060d                	addi	a2,a2,3
    1256:	04097d03          	.4byte	0x4097d03
    125a:	0100                	addi	s0,sp,128
    125c:	0805                	addi	a6,a6,1
    125e:	0306                	slli	t1,t1,0x1
    1260:	00040903          	lb	s2,0(s0)
    1264:	0401                	addi	s0,s0,0
    1266:	0502                	c.slli64	a0
    1268:	096c0303          	lb	t1,150(s8)
    126c:	0008                	.2byte	0x8
    126e:	0501                	addi	a0,a0,0
    1270:	0602                	c.slli64	a2
    1272:	04097e03          	.4byte	0x4097e03
    1276:	0100                	addi	s0,sp,128
    1278:	00090103          	lb	sp,0(s2)
    127c:	0100                	addi	s0,sp,128
    127e:	0305                	addi	t1,t1,1
    1280:	00090103          	lb	sp,0(s2)
    1284:	0100                	addi	s0,sp,128
    1286:	0d05                	addi	s10,s10,1
    1288:	04090403          	lb	s0,64(s2)
    128c:	0100                	addi	s0,sp,128
    128e:	0104                	addi	s1,sp,128
    1290:	2105                	jal	16b0 <_program_size+0xa38>
    1292:	0200                	addi	s0,sp,256
    1294:	0304                	addi	s1,sp,384
    1296:	04091203          	lh	tp,64(s2)
    129a:	0100                	addi	s0,sp,128
    129c:	1a05                	addi	s4,s4,-31
    129e:	0200                	addi	s0,sp,256
    12a0:	0304                	addi	s1,sp,384
    12a2:	00090003          	lb	zero,0(s2)
    12a6:	0100                	addi	s0,sp,128
    12a8:	1605                	addi	a2,a2,-31
    12aa:	0200                	addi	s0,sp,256
    12ac:	0304                	addi	s1,sp,384
    12ae:	0306                	slli	t1,t1,0x1
    12b0:	0900                	addi	s0,sp,144
    12b2:	0000                	unimp
    12b4:	0501                	addi	a0,a0,0
    12b6:	001a                	c.slli	zero,0x6
    12b8:	0402                	c.slli64	s0
    12ba:	09000303          	lb	t1,144(zero) # 90 <_program_size-0xbe8>
    12be:	0004                	.2byte	0x4
    12c0:	0901                	addi	s2,s2,0
    12c2:	0006                	c.slli	zero,0x1
    12c4:	0100                	addi	s0,sp,128
    12c6:	c601                	beqz	a2,12ce <_program_size+0x656>
    12c8:	0005                	c.nop	1
    12ca:	0500                	addi	s0,sp,640
    12cc:	0400                	addi	s0,sp,512
    12ce:	4f00                	lw	s0,24(a4)
    12d0:	0000                	unimp
    12d2:	0100                	addi	s0,sp,128
    12d4:	0101                	addi	sp,sp,0
    12d6:	000d0efb          	.4byte	0xd0efb
    12da:	0101                	addi	sp,sp,0
    12dc:	0101                	addi	sp,sp,0
    12de:	0000                	unimp
    12e0:	0100                	addi	s0,sp,128
    12e2:	0000                	unimp
    12e4:	0101                	addi	sp,sp,0
    12e6:	1f01                	addi	t5,t5,-32
    12e8:	0004                	.2byte	0x4
    12ea:	0000                	unimp
    12ec:	3800                	.2byte	0x3800
    12ee:	0000                	unimp
    12f0:	be00                	.2byte	0xbe00
    12f2:	0000                	unimp
    12f4:	1900                	addi	s0,sp,176
    12f6:	0001                	nop
    12f8:	0200                	addi	s0,sp,256
    12fa:	1f01                	addi	t5,t5,-32
    12fc:	0f02                	c.slli64	t5
    12fe:	00028207          	.4byte	0x28207
    1302:	0100                	addi	s0,sp,128
    1304:	0282                	c.slli64	t0
    1306:	0000                	unimp
    1308:	7001                	c.lui	zero,0xfffe0
    130a:	0001                	nop
    130c:	0200                	addi	s0,sp,256
    130e:	0181                	addi	gp,gp,0
    1310:	0000                	unimp
    1312:	00023303          	.4byte	0x23303
    1316:	0100                	addi	s0,sp,128
    1318:	0289                	addi	t0,t0,2
    131a:	0000                	unimp
    131c:	9b01                	andi	a4,a4,-32
    131e:	0002                	c.slli64	zero
    1320:	0100                	addi	s0,sp,128
    1322:	0d05                	addi	s10,s10,1
    1324:	0500                	addi	s0,sp,640
    1326:	5602                	lw	a2,32(sp)
    1328:	0005                	c.nop	1
    132a:	0380                	addi	s0,sp,448
    132c:	1905013f 00090203 	.8byte	0x902031905013f
    1334:	0100                	addi	s0,sp,128
    1336:	0305                	addi	t1,t1,1
    1338:	00090103          	lb	sp,0(s2)
    133c:	0100                	addi	s0,sp,128
    133e:	0d05                	addi	s10,s10,1
    1340:	0306                	slli	t1,t1,0x1
    1342:	097d                	addi	s2,s2,31
    1344:	0000                	unimp
    1346:	0301                	addi	t1,t1,0
    1348:	0900                	addi	s0,sp,144
    134a:	0010                	.2byte	0x10
    134c:	0501                	addi	a0,a0,0
    134e:	0310                	addi	a2,sp,384
    1350:	0902                	c.slli64	s2
    1352:	0002                	c.slli64	zero
    1354:	0501                	addi	a0,a0,0
    1356:	0302                	c.slli64	t1
    1358:	095e                	slli	s2,s2,0x17
    135a:	000a                	c.slli	zero,0x2
    135c:	0501                	addi	a0,a0,0
    135e:	0319                	addi	t1,t1,6
    1360:	0922                	slli	s2,s2,0x8
    1362:	0008                	.2byte	0x8
    1364:	0501                	addi	a0,a0,0
    1366:	0304                	addi	s1,sp,384
    1368:	0902                	c.slli64	s2
    136a:	0002                	c.slli64	zero
    136c:	0501                	addi	a0,a0,0
    136e:	01030603          	lb	a2,16(t1)
    1372:	0c09                	addi	s8,s8,2
    1374:	0100                	addi	s0,sp,128
    1376:	0205                	addi	tp,tp,1 # 1 <_program_size-0xc77>
    1378:	08095a03          	lhu	s4,128(s2)
    137c:	0100                	addi	s0,sp,128
    137e:	00090103          	lb	sp,0(s2)
    1382:	0100                	addi	s0,sp,128
    1384:	2105                	jal	17a4 <_program_size+0xb2c>
    1386:	0306                	slli	t1,t1,0x1
    1388:	0922                	slli	s2,s2,0x8
    138a:	0002                	c.slli64	zero
    138c:	0501                	addi	a0,a0,0
    138e:	0325                	addi	t1,t1,9
    1390:	095e                	slli	s2,s2,0x17
    1392:	0002                	c.slli64	zero
    1394:	0501                	addi	a0,a0,0
    1396:	0318                	addi	a4,sp,384
    1398:	0900                	addi	s0,sp,144
    139a:	0004                	.2byte	0x4
    139c:	0501                	addi	a0,a0,0
    139e:	0322                	slli	t1,t1,0x8
    13a0:	0900                	addi	s0,sp,144
    13a2:	0002                	c.slli64	zero
    13a4:	0501                	addi	a0,a0,0
    13a6:	0315                	addi	t1,t1,5
    13a8:	0900                	addi	s0,sp,144
    13aa:	0002                	c.slli64	zero
    13ac:	0501                	addi	a0,a0,0
    13ae:	0302                	c.slli64	t1
    13b0:	0900                	addi	s0,sp,144
    13b2:	0002                	c.slli64	zero
    13b4:	0501                	addi	a0,a0,0
    13b6:	0621                	addi	a2,a2,8
    13b8:	0a092203          	lw	tp,160(s2)
    13bc:	0100                	addi	s0,sp,128
    13be:	1905                	addi	s2,s2,-31
    13c0:	00090003          	lb	zero,0(s2)
    13c4:	0100                	addi	s0,sp,128
    13c6:	0305                	addi	t1,t1,1
    13c8:	00090103          	lb	sp,0(s2)
    13cc:	0100                	addi	s0,sp,128
    13ce:	0405                	addi	s0,s0,1
    13d0:	00090103          	lb	sp,0(s2)
    13d4:	0100                	addi	s0,sp,128
    13d6:	1905                	addi	s2,s2,-31
    13d8:	0306                	slli	t1,t1,0x1
    13da:	097e                	slli	s2,s2,0x1f
    13dc:	0002                	c.slli64	zero
    13de:	0501                	addi	a0,a0,0
    13e0:	0602                	c.slli64	a2
    13e2:	04090503          	lb	a0,64(s2)
    13e6:	0100                	addi	s0,sp,128
    13e8:	0105                	addi	sp,sp,1
    13ea:	0306                	slli	t1,t1,0x1
    13ec:	0901                	addi	s2,s2,0
    13ee:	0000                	unimp
    13f0:	0501                	addi	a0,a0,0
    13f2:	0302                	c.slli64	t1
    13f4:	097f                	.2byte	0x97f
    13f6:	000e                	c.slli	zero,0x3
    13f8:	0501                	addi	a0,a0,0
    13fa:	0301                	addi	t1,t1,0
    13fc:	0901                	addi	s2,s2,0
    13fe:	0008                	.2byte	0x8
    1400:	0501                	addi	a0,a0,0
    1402:	0302                	c.slli64	t1
    1404:	097f                	.2byte	0x97f
    1406:	0002                	c.slli64	zero
    1408:	0901                	addi	s2,s2,0
    140a:	0002                	c.slli64	zero
    140c:	0100                	addi	s0,sp,128
    140e:	0501                	addi	a0,a0,0
    1410:	000d                	c.nop	3
    1412:	0205                	addi	tp,tp,1 # 1 <_program_size-0xc77>
    1414:	05c8                	addi	a0,sp,708
    1416:	8000                	.2byte	0x8000
    1418:	05012603          	lw	a2,80(sp)
    141c:	031d                	addi	t1,t1,7
    141e:	0902                	c.slli64	s2
    1420:	0000                	unimp
    1422:	0501                	addi	a0,a0,0
    1424:	09010303          	lb	t1,144(sp)
    1428:	0000                	unimp
    142a:	0301                	addi	t1,t1,0
    142c:	0902                	c.slli64	s2
    142e:	0000                	unimp
    1430:	0501                	addi	a0,a0,0
    1432:	060d                	addi	a2,a2,3
    1434:	00097b03          	.4byte	0x97b03
    1438:	0100                	addi	s0,sp,128
    143a:	0305                	addi	t1,t1,1
    143c:	04090503          	lb	a0,64(s2)
    1440:	0100                	addi	s0,sp,128
    1442:	0d05                	addi	s10,s10,1
    1444:	02097b03          	.4byte	0x2097b03
    1448:	0100                	addi	s0,sp,128
    144a:	0305                	addi	t1,t1,1
    144c:	02090503          	lb	a0,32(s2)
    1450:	0100                	addi	s0,sp,128
    1452:	0d05                	addi	s10,s10,1
    1454:	08097b03          	.4byte	0x8097b03
    1458:	0100                	addi	s0,sp,128
    145a:	1105                	addi	sp,sp,-31
    145c:	10090703          	lb	a4,256(s2)
    1460:	0100                	addi	s0,sp,128
    1462:	0305                	addi	t1,t1,1
    1464:	02097e03          	.4byte	0x2097e03
    1468:	0100                	addi	s0,sp,128
    146a:	0306                	slli	t1,t1,0x1
    146c:	0902                	c.slli64	s2
    146e:	0002                	c.slli64	zero
    1470:	0501                	addi	a0,a0,0
    1472:	0308                	addi	a0,sp,384
    1474:	0900                	addi	s0,sp,144
    1476:	0000                	unimp
    1478:	0501                	addi	a0,a0,0
    147a:	031a                	slli	t1,t1,0x6
    147c:	0900                	addi	s0,sp,144
    147e:	0000                	unimp
    1480:	0501                	addi	a0,a0,0
    1482:	01030607          	.4byte	0x1030607
    1486:	0009                	c.nop	2
    1488:	0100                	addi	s0,sp,128
    148a:	2205                	jal	15aa <_program_size+0x932>
    148c:	02097103          	.4byte	0x2097103
    1490:	0100                	addi	s0,sp,128
    1492:	0205                	addi	tp,tp,1 # 1 <_program_size-0xc77>
    1494:	08090003          	lb	zero,128(s2)
    1498:	0100                	addi	s0,sp,128
    149a:	0505                	addi	a0,a0,1
    149c:	08091103          	lh	sp,128(s2)
    14a0:	0100                	addi	s0,sp,128
    14a2:	08090203          	lb	tp,128(s2)
    14a6:	0100                	addi	s0,sp,128
    14a8:	1a05                	addi	s4,s4,-31
    14aa:	08097b03          	.4byte	0x8097b03
    14ae:	0100                	addi	s0,sp,128
    14b0:	0405                	addi	s0,s0,1
    14b2:	0306                	slli	t1,t1,0x1
    14b4:	0901                	addi	s2,s2,0
    14b6:	0002                	c.slli64	zero
    14b8:	0501                	addi	a0,a0,0
    14ba:	0305                	addi	t1,t1,1
    14bc:	0901                	addi	s2,s2,0
    14be:	0000                	unimp
    14c0:	0501                	addi	a0,a0,0
    14c2:	0602                	c.slli64	a2
    14c4:	04097003          	.4byte	0x4097003
    14c8:	0100                	addi	s0,sp,128
    14ca:	0705                	addi	a4,a4,1
    14cc:	02090f03          	lb	t5,32(s2)
    14d0:	0100                	addi	s0,sp,128
    14d2:	0505                	addi	a0,a0,1
    14d4:	04090103          	lb	sp,64(s2)
    14d8:	0100                	addi	s0,sp,128
    14da:	0205                	addi	tp,tp,1 # 1 <_program_size-0xc77>
    14dc:	0306                	slli	t1,t1,0x1
    14de:	0004096f          	jal	s2,414de <_available_heap+0x34156>
    14e2:	0301                	addi	t1,t1,0
    14e4:	0901                	addi	s2,s2,0
    14e6:	0000                	unimp
    14e8:	0501                	addi	a0,a0,0
    14ea:	0621                	addi	a2,a2,8
    14ec:	00090e03          	lb	t3,0(s2)
    14f0:	0100                	addi	s0,sp,128
    14f2:	2505                	jal	1b12 <_program_size+0xe9a>
    14f4:	02097203          	.4byte	0x2097203
    14f8:	0100                	addi	s0,sp,128
    14fa:	1805                	addi	a6,a6,-31
    14fc:	04090003          	lb	zero,64(s2)
    1500:	0100                	addi	s0,sp,128
    1502:	1505                	addi	a0,a0,-31
    1504:	02090003          	lb	zero,32(s2)
    1508:	0100                	addi	s0,sp,128
    150a:	2205                	jal	162a <_program_size+0x9b2>
    150c:	02090003          	lb	zero,32(s2)
    1510:	0100                	addi	s0,sp,128
    1512:	0205                	addi	tp,tp,1 # 1 <_program_size-0xc77>
    1514:	02090003          	lb	zero,32(s2)
    1518:	0100                	addi	s0,sp,128
    151a:	0505                	addi	a0,a0,1
    151c:	0306                	slli	t1,t1,0x1
    151e:	0911                	addi	s2,s2,4
    1520:	000a                	c.slli	zero,0x2
    1522:	0501                	addi	a0,a0,0
    1524:	0321                	addi	t1,t1,8
    1526:	097d                	addi	s2,s2,31
    1528:	0004                	.2byte	0x4
    152a:	0501                	addi	a0,a0,0
    152c:	031a                	slli	t1,t1,0x6
    152e:	0900                	addi	s0,sp,144
    1530:	0000                	unimp
    1532:	0501                	addi	a0,a0,0
    1534:	0304                	addi	s1,sp,384
    1536:	0901                	addi	s2,s2,0
    1538:	0000                	unimp
    153a:	0501                	addi	a0,a0,0
    153c:	0305                	addi	t1,t1,1
    153e:	0901                	addi	s2,s2,0
    1540:	0000                	unimp
    1542:	0501                	addi	a0,a0,0
    1544:	0602                	c.slli64	a2
    1546:	04097003          	.4byte	0x4097003
    154a:	0100                	addi	s0,sp,128
    154c:	0705                	addi	a4,a4,1
    154e:	02090f03          	lb	t5,32(s2)
    1552:	0100                	addi	s0,sp,128
    1554:	0505                	addi	a0,a0,1
    1556:	0306                	slli	t1,t1,0x1
    1558:	0904                	addi	s1,sp,144
    155a:	0004                	.2byte	0x4
    155c:	0501                	addi	a0,a0,0
    155e:	0321                	addi	t1,t1,8
    1560:	0004097b          	.4byte	0x4097b
    1564:	0501                	addi	a0,a0,0
    1566:	031a                	slli	t1,t1,0x6
    1568:	0900                	addi	s0,sp,144
    156a:	0000                	unimp
    156c:	0501                	addi	a0,a0,0
    156e:	0621                	addi	a2,a2,8
    1570:	04090003          	lb	zero,64(s2)
    1574:	0100                	addi	s0,sp,128
    1576:	0305                	addi	t1,t1,1
    1578:	0306                	slli	t1,t1,0x1
    157a:	0909                	addi	s2,s2,2
    157c:	0004                	.2byte	0x4
    157e:	0301                	addi	t1,t1,0
    1580:	0901                	addi	s2,s2,0
    1582:	0010                	.2byte	0x10
    1584:	0501                	addi	a0,a0,0
    1586:	0308                	addi	a0,sp,384
    1588:	0900                	addi	s0,sp,144
    158a:	0000                	unimp
    158c:	0501                	addi	a0,a0,0
    158e:	031a                	slli	t1,t1,0x6
    1590:	0900                	addi	s0,sp,144
    1592:	0000                	unimp
    1594:	0501                	addi	a0,a0,0
    1596:	0604                	addi	s1,sp,768
    1598:	00090203          	lb	tp,0(s2)
    159c:	0100                	addi	s0,sp,128
    159e:	0306                	slli	t1,t1,0x1
    15a0:	097f                	.2byte	0x97f
    15a2:	000c                	.2byte	0xc
    15a4:	0501                	addi	a0,a0,0
    15a6:	060c                	addi	a1,sp,768
    15a8:	00090003          	lb	zero,0(s2)
    15ac:	0100                	addi	s0,sp,128
    15ae:	0405                	addi	s0,s0,1
    15b0:	0306                	slli	t1,t1,0x1
    15b2:	0901                	addi	s2,s2,0
    15b4:	0004                	.2byte	0x4
    15b6:	0501                	addi	a0,a0,0
    15b8:	061a                	slli	a2,a2,0x6
    15ba:	02097e03          	.4byte	0x2097e03
    15be:	0100                	addi	s0,sp,128
    15c0:	1d05                	addi	s10,s10,-31
    15c2:	02090203          	lb	tp,32(s2)
    15c6:	0100                	addi	s0,sp,128
    15c8:	0405                	addi	s0,s0,1
    15ca:	04090003          	lb	zero,64(s2)
    15ce:	0100                	addi	s0,sp,128
    15d0:	2005                	jal	15f0 <_program_size+0x978>
    15d2:	0306                	slli	t1,t1,0x1
    15d4:	097e                	slli	s2,s2,0x1f
    15d6:	000e                	c.slli	zero,0x3
    15d8:	0501                	addi	a0,a0,0
    15da:	031a                	slli	t1,t1,0x6
    15dc:	0900                	addi	s0,sp,144
    15de:	0000                	unimp
    15e0:	0501                	addi	a0,a0,0
    15e2:	09040303          	lb	t1,144(s0)
    15e6:	0004                	.2byte	0x4
    15e8:	0501                	addi	a0,a0,0
    15ea:	0601                	addi	a2,a2,0
    15ec:	00090203          	lb	tp,0(s2)
    15f0:	0100                	addi	s0,sp,128
    15f2:	0305                	addi	t1,t1,1
    15f4:	12097e03          	.4byte	0x12097e03
    15f8:	0100                	addi	s0,sp,128
    15fa:	0105                	addi	sp,sp,1
    15fc:	08090203          	lb	tp,128(s2)
    1600:	0100                	addi	s0,sp,128
    1602:	0305                	addi	t1,t1,1
    1604:	02097e03          	.4byte	0x2097e03
    1608:	0100                	addi	s0,sp,128
    160a:	0209                	addi	tp,tp,2 # 2 <_program_size-0xc76>
    160c:	0000                	unimp
    160e:	0101                	addi	sp,sp,0
    1610:	0105                	addi	sp,sp,1
    1612:	0500                	addi	s0,sp,640
    1614:	a602                	.2byte	0xa602
    1616:	0006                	c.slli	zero,0x1
    1618:	0380                	addi	s0,sp,448
    161a:	00f6                	slli	ra,ra,0x1d
    161c:	0501                	addi	a0,a0,0
    161e:	0302                	c.slli64	t1
    1620:	0901                	addi	s2,s2,0
    1622:	0000                	unimp
    1624:	0301                	addi	t1,t1,0
    1626:	0901                	addi	s2,s2,0
    1628:	0000                	unimp
    162a:	0301                	addi	t1,t1,0
    162c:	0901                	addi	s2,s2,0
    162e:	0000                	unimp
    1630:	0301                	addi	t1,t1,0
    1632:	0901                	addi	s2,s2,0
    1634:	0000                	unimp
    1636:	0301                	addi	t1,t1,0
    1638:	0901                	addi	s2,s2,0
    163a:	0000                	unimp
    163c:	0301                	addi	t1,t1,0
    163e:	00000903          	lb	s2,0(zero) # 0 <_program_size-0xc78>
    1642:	0501                	addi	a0,a0,0
    1644:	0601                	addi	a2,a2,0
    1646:	00097803          	.4byte	0x97803
    164a:	0100                	addi	s0,sp,128
    164c:	1f05                	addi	t5,t5,-31
    164e:	04090803          	lb	a6,64(s2)
    1652:	0100                	addi	s0,sp,128
    1654:	0105                	addi	sp,sp,1
    1656:	06097803          	.4byte	0x6097803
    165a:	0100                	addi	s0,sp,128
    165c:	1f05                	addi	t5,t5,-31
    165e:	04090803          	lb	a6,64(s2)
    1662:	0100                	addi	s0,sp,128
    1664:	0205                	addi	tp,tp,1 # 1 <_program_size-0xc77>
    1666:	0306                	slli	t1,t1,0x1
    1668:	0902                	c.slli64	s2
    166a:	0002                	c.slli64	zero
    166c:	0301                	addi	t1,t1,0
    166e:	0901                	addi	s2,s2,0
    1670:	000a                	c.slli	zero,0x2
    1672:	0301                	addi	t1,t1,0
    1674:	000a0903          	lb	s2,0(s4)
    1678:	0501                	addi	a0,a0,0
    167a:	00030607          	.4byte	0x30607
    167e:	0009                	c.nop	2
    1680:	0100                	addi	s0,sp,128
    1682:	0205                	addi	tp,tp,1 # 1 <_program_size-0xc77>
    1684:	0306                	slli	t1,t1,0x1
    1686:	00380903          	lb	s2,3(a6)
    168a:	0501                	addi	a0,a0,0
    168c:	0605                	addi	a2,a2,1
    168e:	00090003          	lb	zero,0(s2)
    1692:	0100                	addi	s0,sp,128
    1694:	0305                	addi	t1,t1,1
    1696:	0306                	slli	t1,t1,0x1
    1698:	0901                	addi	s2,s2,0
    169a:	0002                	c.slli64	zero
    169c:	0001                	nop
    169e:	0402                	c.slli64	s0
    16a0:	0301                	addi	t1,t1,0
    16a2:	0901                	addi	s2,s2,0
    16a4:	000e                	c.slli	zero,0x3
    16a6:	0001                	nop
    16a8:	0402                	c.slli64	s0
    16aa:	0301                	addi	t1,t1,0
    16ac:	0900                	addi	s0,sp,144
    16ae:	0000                	unimp
    16b0:	0001                	nop
    16b2:	0402                	c.slli64	s0
    16b4:	0301                	addi	t1,t1,0
    16b6:	0900                	addi	s0,sp,144
    16b8:	0000                	unimp
    16ba:	0001                	nop
    16bc:	0402                	c.slli64	s0
    16be:	0301                	addi	t1,t1,0
    16c0:	0900                	addi	s0,sp,144
    16c2:	0000                	unimp
    16c4:	0501                	addi	a0,a0,0
    16c6:	0302                	c.slli64	t1
    16c8:	0904                	addi	s1,sp,144
    16ca:	0002                	c.slli64	zero
    16cc:	0301                	addi	t1,t1,0
    16ce:	0901                	addi	s2,s2,0
    16d0:	000a                	c.slli	zero,0x2
    16d2:	0301                	addi	t1,t1,0
    16d4:	0901                	addi	s2,s2,0
    16d6:	000a                	c.slli	zero,0x2
    16d8:	0301                	addi	t1,t1,0
    16da:	0901                	addi	s2,s2,0
    16dc:	000a                	c.slli	zero,0x2
    16de:	0301                	addi	t1,t1,0
    16e0:	0901                	addi	s2,s2,0
    16e2:	000a                	c.slli	zero,0x2
    16e4:	0301                	addi	t1,t1,0
    16e6:	000a0903          	lb	s2,0(s4)
    16ea:	0501                	addi	a0,a0,0
    16ec:	00030607          	.4byte	0x30607
    16f0:	0009                	c.nop	2
    16f2:	0100                	addi	s0,sp,128
    16f4:	0205                	addi	tp,tp,1 # 1 <_program_size-0xc77>
    16f6:	0306                	slli	t1,t1,0x1
    16f8:	0905                	addi	s2,s2,1
    16fa:	0042                	c.slli	zero,0x10
    16fc:	0301                	addi	t1,t1,0
    16fe:	0901                	addi	s2,s2,0
    1700:	000a                	c.slli	zero,0x2
    1702:	0501                	addi	a0,a0,0
    1704:	0605                	addi	a2,a2,1
    1706:	00090003          	lb	zero,0(s2)
    170a:	0100                	addi	s0,sp,128
    170c:	1405                	addi	s0,s0,-31
    170e:	0200                	addi	s0,sp,256
    1710:	0104                	addi	s1,sp,128
    1712:	02090003          	lb	zero,32(s2)
    1716:	0100                	addi	s0,sp,128
    1718:	0205                	addi	tp,tp,1 # 1 <_program_size-0xc77>
    171a:	0306                	slli	t1,t1,0x1
    171c:	0906                	slli	s2,s2,0x1
    171e:	0006                	c.slli	zero,0x1
    1720:	0301                	addi	t1,t1,0
    1722:	0901                	addi	s2,s2,0
    1724:	000a                	c.slli	zero,0x2
    1726:	0301                	addi	t1,t1,0
    1728:	0901                	addi	s2,s2,0
    172a:	000a                	c.slli	zero,0x2
    172c:	0301                	addi	t1,t1,0
    172e:	0901                	addi	s2,s2,0
    1730:	000a                	c.slli	zero,0x2
    1732:	0301                	addi	t1,t1,0
    1734:	000a0903          	lb	s2,0(s4)
    1738:	0301                	addi	t1,t1,0
    173a:	00097fab          	.4byte	0x97fab
    173e:	0100                	addi	s0,sp,128
    1740:	0705                	addi	a4,a4,1
    1742:	00090003          	lb	zero,0(s2)
    1746:	0100                	addi	s0,sp,128
    1748:	1905                	addi	s2,s2,-31
    174a:	00090003          	lb	zero,0(s2)
    174e:	0100                	addi	s0,sp,128
    1750:	0305                	addi	t1,t1,1
    1752:	1e090103          	lb	sp,480(s2)
    1756:	0100                	addi	s0,sp,128
    1758:	2105                	jal	1b78 <_program_size+0xf00>
    175a:	00097f03          	.4byte	0x97f03
    175e:	0100                	addi	s0,sp,128
    1760:	1905                	addi	s2,s2,-31
    1762:	00090003          	lb	zero,0(s2)
    1766:	0100                	addi	s0,sp,128
    1768:	0605                	addi	a2,a2,1
    176a:	0306                	slli	t1,t1,0x1
    176c:	0901                	addi	s2,s2,0
    176e:	0000                	unimp
    1770:	0501                	addi	a0,a0,0
    1772:	0319                	addi	t1,t1,6
    1774:	097f                	.2byte	0x97f
    1776:	0008                	.2byte	0x8
    1778:	0501                	addi	a0,a0,0
    177a:	0306                	slli	t1,t1,0x1
    177c:	0901                	addi	s2,s2,0
    177e:	0004                	.2byte	0x4
    1780:	0501                	addi	a0,a0,0
    1782:	0602                	c.slli64	a2
    1784:	0900d503          	lhu	a0,144(ra)
    1788:	0004                	.2byte	0x4
    178a:	0501                	addi	a0,a0,0
    178c:	0319                	addi	t1,t1,6
    178e:	7faa                	.2byte	0x7faa
    1790:	0009                	c.nop	2
    1792:	0100                	addi	s0,sp,128
    1794:	0305                	addi	t1,t1,1
    1796:	1e090103          	lb	sp,480(s2)
    179a:	0100                	addi	s0,sp,128
    179c:	2105                	jal	1bbc <_program_size+0xf44>
    179e:	00097f03          	.4byte	0x97f03
    17a2:	0100                	addi	s0,sp,128
    17a4:	1905                	addi	s2,s2,-31
    17a6:	00090003          	lb	zero,0(s2)
    17aa:	0100                	addi	s0,sp,128
    17ac:	0605                	addi	a2,a2,1
    17ae:	0306                	slli	t1,t1,0x1
    17b0:	0901                	addi	s2,s2,0
    17b2:	0000                	unimp
    17b4:	0501                	addi	a0,a0,0
    17b6:	0319                	addi	t1,t1,6
    17b8:	097f                	.2byte	0x97f
    17ba:	0008                	.2byte	0x8
    17bc:	0501                	addi	a0,a0,0
    17be:	0306                	slli	t1,t1,0x1
    17c0:	0901                	addi	s2,s2,0
    17c2:	0004                	.2byte	0x4
    17c4:	0501                	addi	a0,a0,0
    17c6:	0602                	c.slli64	a2
    17c8:	0900d703          	lhu	a4,144(ra)
    17cc:	0004                	.2byte	0x4
    17ce:	0301                	addi	t1,t1,0
    17d0:	0901                	addi	s2,s2,0
    17d2:	0014                	.2byte	0x14
    17d4:	0001                	nop
    17d6:	0402                	c.slli64	s0
    17d8:	0604                	addi	s1,sp,768
    17da:	08090003          	lb	zero,128(s2)
    17de:	0100                	addi	s0,sp,128
    17e0:	0200                	addi	s0,sp,256
    17e2:	0404                	addi	s1,sp,512
    17e4:	0306                	slli	t1,t1,0x1
    17e6:	0901                	addi	s2,s2,0
    17e8:	000a                	c.slli	zero,0x2
    17ea:	0601                	addi	a2,a2,0
    17ec:	0a090003          	lb	zero,160(s2)
    17f0:	0100                	addi	s0,sp,128
    17f2:	0200                	addi	s0,sp,256
    17f4:	0404                	addi	s1,sp,512
    17f6:	08090003          	lb	zero,128(s2)
    17fa:	0100                	addi	s0,sp,128
    17fc:	0200                	addi	s0,sp,256
    17fe:	0304                	addi	s1,sp,384
    1800:	0306                	slli	t1,t1,0x1
    1802:	0902                	c.slli64	s2
    1804:	000a                	c.slli	zero,0x2
    1806:	0001                	nop
    1808:	0402                	c.slli64	s0
    180a:	09000303          	lb	t1,144(zero) # 90 <_program_size-0xbe8>
    180e:	0000                	unimp
    1810:	0001                	nop
    1812:	0402                	c.slli64	s0
    1814:	09000303          	lb	t1,144(zero) # 90 <_program_size-0xbe8>
    1818:	0000                	unimp
    181a:	0001                	nop
    181c:	0402                	c.slli64	s0
    181e:	09000303          	lb	t1,144(zero) # 90 <_program_size-0xbe8>
    1822:	0000                	unimp
    1824:	0501                	addi	a0,a0,0
    1826:	096e0303          	lb	t1,150(t3)
    182a:	0002                	c.slli64	zero
    182c:	0001                	nop
    182e:	0402                	c.slli64	s0
    1830:	0302                	c.slli64	t1
    1832:	0901                	addi	s2,s2,0
    1834:	000e                	c.slli	zero,0x3
    1836:	0001                	nop
    1838:	0402                	c.slli64	s0
    183a:	0302                	c.slli64	t1
    183c:	0900                	addi	s0,sp,144
    183e:	0000                	unimp
    1840:	0001                	nop
    1842:	0402                	c.slli64	s0
    1844:	0302                	c.slli64	t1
    1846:	0900                	addi	s0,sp,144
    1848:	0000                	unimp
    184a:	0001                	nop
    184c:	0402                	c.slli64	s0
    184e:	0302                	c.slli64	t1
    1850:	0900                	addi	s0,sp,144
    1852:	0000                	unimp
    1854:	0501                	addi	a0,a0,0
    1856:	0609                	addi	a2,a2,2
    1858:	097fb803          	.4byte	0x97fb803
    185c:	0002                	c.slli64	zero
    185e:	0501                	addi	a0,a0,0
    1860:	0602                	c.slli64	a2
    1862:	0900d503          	lhu	a0,144(ra)
    1866:	0004                	.2byte	0x4
    1868:	0301                	addi	t1,t1,0
    186a:	0901                	addi	s2,s2,0
    186c:	0014                	.2byte	0x14
    186e:	0601                	addi	a2,a2,0
    1870:	0a097f03          	.4byte	0xa097f03
    1874:	0100                	addi	s0,sp,128
    1876:	0306                	slli	t1,t1,0x1
    1878:	0901                	addi	s2,s2,0
    187a:	0012                	c.slli	zero,0x4
    187c:	0601                	addi	a2,a2,0
    187e:	02097f03          	.4byte	0x2097f03
    1882:	0100                	addi	s0,sp,128
    1884:	0306                	slli	t1,t1,0x1
    1886:	0901                	addi	s2,s2,0
    1888:	0012                	c.slli	zero,0x4
    188a:	0901                	addi	s2,s2,0
    188c:	000a                	c.slli	zero,0x2
    188e:	0100                	addi	s0,sp,128
    1890:	01              	Address 0x0000000000001890 is out of bounds.


Disassembly of section .debug_line_str:

00000000 <.debug_line_str>:
   0:	6d6f682f          	.4byte	0x6d6f682f
   4:	2f65                	jal	7bc <_program_size-0x4bc>
   6:	7568                	.2byte	0x7568
   8:	676e                	.2byte	0x676e
   a:	6874                	.2byte	0x6874
   c:	326b696f          	jal	s2,b6332 <_available_heap+0xa8faa>
  10:	2f34                	.2byte	0x2f34
  12:	4952                	lw	s2,20(sp)
  14:	54564353          	.4byte	0x54564353
  18:	7475                	lui	s0,0xffffd
  1a:	6169726f          	jal	tp,97630 <_available_heap+0x8a2a8>
  1e:	2f6c                	.2byte	0x2f6c
  20:	7066                	.2byte	0x7066
  22:	732f6167          	.4byte	0x732f6167
  26:	68632f77          	.4byte	0x68632f77
  2a:	6361                	lui	t1,0x18
  2c:	6168                	.2byte	0x6168
  2e:	6f70                	.2byte	0x6f70
  30:	796c                	.2byte	0x796c
  32:	615f 6165 0064      	.byte	0x5f, 0x61, 0x65, 0x61, 0x64, 0x00
  38:	6d6f682f          	.4byte	0x6d6f682f
  3c:	2f65                	jal	7f4 <_program_size-0x484>
  3e:	7568                	.2byte	0x7568
  40:	676e                	.2byte	0x676e
  42:	6874                	.2byte	0x6874
  44:	326b696f          	jal	s2,b636a <_available_heap+0xa8fe2>
  48:	2f34                	.2byte	0x2f34
  4a:	4952                	lw	s2,20(sp)
  4c:	54564353          	.4byte	0x54564353
  50:	7475                	lui	s0,0xffffd
  52:	6169726f          	jal	tp,97668 <_available_heap+0x8a2e0>
  56:	2f6c                	.2byte	0x2f6c
  58:	7066                	.2byte	0x7066
  5a:	732f6167          	.4byte	0x732f6167
  5e:	68632f77          	.4byte	0x68632f77
  62:	6361                	lui	t1,0x18
  64:	6168                	.2byte	0x6168
  66:	6f70                	.2byte	0x6f70
  68:	796c                	.2byte	0x796c
  6a:	615f 6165 2f64      	.byte	0x5f, 0x61, 0x65, 0x61, 0x64, 0x2f
  70:	00637273          	csrrci	tp,0x6,6
  74:	30747263          	bgeu	s0,t2,378 <_program_size-0x900>
  78:	532e                	lw	t1,232(sp)
  7a:	2f00                	.2byte	0x2f00
  7c:	6f68                	.2byte	0x6f68
  7e:	656d                	lui	a0,0x1b
  80:	6e75682f          	.4byte	0x6e75682f
  84:	6f687467          	.4byte	0x6f687467
  88:	6b69                	lui	s6,0x1a
  8a:	3432                	.2byte	0x3432
  8c:	5349522f          	.4byte	0x5349522f
  90:	75545643          	.4byte	0x75545643
  94:	6f74                	.2byte	0x6f74
  96:	6972                	.2byte	0x6972
  98:	6c61                	lui	s8,0x18
  9a:	6770662f          	.4byte	0x6770662f
  9e:	2f61                	jal	836 <_program_size-0x442>
  a0:	632f7773          	csrrci	a4,0x632,30
  a4:	6168                	.2byte	0x6168
  a6:	70616863          	bltu	sp,t1,7b6 <_program_size-0x4c2>
  aa:	5f796c6f          	jal	s8,96ea0 <_available_heap+0x89b18>
  ae:	6561                	lui	a0,0x18
  b0:	6461                	lui	s0,0x18
  b2:	6372732f          	.4byte	0x6372732f
  b6:	6165612f          	.4byte	0x6165612f
  ba:	2e64                	.2byte	0x2e64
  bc:	682f0063          	beq	t5,sp,73c <_program_size-0x53c>
  c0:	2f656d6f          	jal	s10,563b6 <_available_heap+0x4902e>
  c4:	7568                	.2byte	0x7568
  c6:	676e                	.2byte	0x676e
  c8:	6874                	.2byte	0x6874
  ca:	326b696f          	jal	s2,b63f0 <_available_heap+0xa9068>
  ce:	2f34                	.2byte	0x2f34
  d0:	4952                	lw	s2,20(sp)
  d2:	54564353          	.4byte	0x54564353
  d6:	7475                	lui	s0,0xffffd
  d8:	6169726f          	jal	tp,976ee <_available_heap+0x8a366>
  dc:	2f6c                	.2byte	0x2f6c
  de:	632e                	.2byte	0x632e
  e0:	61646e6f          	jal	t3,466f6 <_available_heap+0x3936e>
  e4:	652d                	lui	a0,0xb
  e6:	766e                	.2byte	0x766e
  e8:	7369722f          	.4byte	0x7369722f
  ec:	742d7663          	bgeu	s10,sp,838 <_program_size-0x440>
  f0:	736c6f6f          	jal	t5,c6826 <_available_heap+0xb949e>
  f4:	7369722f          	.4byte	0x7369722f
  f8:	34367663          	bgeu	a2,gp,444 <_program_size-0x834>
  fc:	752d                	lui	a0,0xfffeb
  fe:	6b6e                	.2byte	0x6b6e
 100:	6f6e                	.2byte	0x6f6e
 102:	652d6e77          	.4byte	0x652d6e77
 106:	666c                	.2byte	0x666c
 108:	636e692f          	.4byte	0x636e692f
 10c:	756c                	.2byte	0x756c
 10e:	6564                	.2byte	0x6564
 110:	63616d2f          	.4byte	0x63616d2f
 114:	6968                	.2byte	0x6968
 116:	656e                	.2byte	0x656e
 118:	2f00                	.2byte	0x2f00
 11a:	6f68                	.2byte	0x6f68
 11c:	656d                	lui	a0,0x1b
 11e:	6e75682f          	.4byte	0x6e75682f
 122:	6f687467          	.4byte	0x6f687467
 126:	6b69                	lui	s6,0x1a
 128:	3432                	.2byte	0x3432
 12a:	5349522f          	.4byte	0x5349522f
 12e:	75545643          	.4byte	0x75545643
 132:	6f74                	.2byte	0x6f74
 134:	6972                	.2byte	0x6972
 136:	6c61                	lui	s8,0x18
 138:	6f632e2f          	.4byte	0x6f632e2f
 13c:	646e                	.2byte	0x646e
 13e:	2d61                	jal	7d6 <_program_size-0x4a2>
 140:	6e65                	lui	t3,0x19
 142:	2f76                	.2byte	0x2f76
 144:	6972                	.2byte	0x6972
 146:	2d766373          	csrrsi	t1,0x2d7,12
 14a:	6f74                	.2byte	0x6f74
 14c:	2f736c6f          	jal	s8,36c42 <_available_heap+0x298ba>
 150:	6972                	.2byte	0x6972
 152:	36766373          	csrrsi	t1,0x367,12
 156:	2d34                	.2byte	0x2d34
 158:	6e75                	lui	t3,0x1d
 15a:	776f6e6b          	.4byte	0x776f6e6b
 15e:	2d6e                	.2byte	0x2d6e
 160:	6c65                	lui	s8,0x19
 162:	2f66                	.2byte	0x2f66
 164:	6e69                	lui	t3,0x1a
 166:	64756c63          	bltu	a0,t2,7be <_program_size-0x4ba>
 16a:	2f65                	jal	922 <_program_size-0x356>
 16c:	00737973          	csrrci	s2,0x7,6
 170:	645f 6665 7561      	.byte	0x5f, 0x64, 0x65, 0x66, 0x61, 0x75
 176:	746c                	.2byte	0x746c
 178:	745f 7079 7365      	.byte	0x5f, 0x74, 0x79, 0x70, 0x65, 0x73
 17e:	682e                	.2byte	0x682e
 180:	5f00                	lw	s0,56(a4)
 182:	69647473          	csrrci	s0,0x696,8
 186:	746e                	.2byte	0x746e
 188:	682e                	.2byte	0x682e
 18a:	2f00                	.2byte	0x2f00
 18c:	6f68                	.2byte	0x6f68
 18e:	656d                	lui	a0,0x1b
 190:	6e75682f          	.4byte	0x6e75682f
 194:	6f687467          	.4byte	0x6f687467
 198:	6b69                	lui	s6,0x1a
 19a:	3432                	.2byte	0x3432
 19c:	5349522f          	.4byte	0x5349522f
 1a0:	75545643          	.4byte	0x75545643
 1a4:	6f74                	.2byte	0x6f74
 1a6:	6972                	.2byte	0x6972
 1a8:	6c61                	lui	s8,0x18
 1aa:	6770662f          	.4byte	0x6770662f
 1ae:	2f61                	jal	946 <_program_size-0x332>
 1b0:	632f7773          	csrrci	a4,0x632,30
 1b4:	6168                	.2byte	0x6168
 1b6:	70616863          	bltu	sp,t1,8c6 <_program_size-0x3b2>
 1ba:	5f796c6f          	jal	s8,96fb0 <_available_heap+0x89c28>
 1be:	6561                	lui	a0,0x18
 1c0:	6461                	lui	s0,0x18
 1c2:	6372732f          	.4byte	0x6372732f
 1c6:	72706b2f          	.4byte	0x72706b2f
 1ca:	6e69                	lui	t3,0x1a
 1cc:	6674                	.2byte	0x6674
 1ce:	632e                	.2byte	0x632e
 1d0:	2f00                	.2byte	0x2f00
 1d2:	6f68                	.2byte	0x6f68
 1d4:	656d                	lui	a0,0x1b
 1d6:	6e75682f          	.4byte	0x6e75682f
 1da:	6f687467          	.4byte	0x6f687467
 1de:	6b69                	lui	s6,0x1a
 1e0:	3432                	.2byte	0x3432
 1e2:	5349522f          	.4byte	0x5349522f
 1e6:	75545643          	.4byte	0x75545643
 1ea:	6f74                	.2byte	0x6f74
 1ec:	6972                	.2byte	0x6972
 1ee:	6c61                	lui	s8,0x18
 1f0:	6f632e2f          	.4byte	0x6f632e2f
 1f4:	646e                	.2byte	0x646e
 1f6:	2d61                	jal	88e <_program_size-0x3ea>
 1f8:	6e65                	lui	t3,0x19
 1fa:	2f76                	.2byte	0x2f76
 1fc:	6972                	.2byte	0x6972
 1fe:	2d766373          	csrrsi	t1,0x2d7,12
 202:	6f74                	.2byte	0x6f74
 204:	2f736c6f          	jal	s8,36cfa <_available_heap+0x29972>
 208:	696c                	.2byte	0x696c
 20a:	2f62                	.2byte	0x2f62
 20c:	2f636367          	.4byte	0x2f636367
 210:	6972                	.2byte	0x6972
 212:	36766373          	csrrsi	t1,0x367,12
 216:	2d34                	.2byte	0x2d34
 218:	6e75                	lui	t3,0x1d
 21a:	776f6e6b          	.4byte	0x776f6e6b
 21e:	2d6e                	.2byte	0x2d6e
 220:	6c65                	lui	s8,0x19
 222:	2f66                	.2byte	0x2f66
 224:	3231                	jal	fffffb30 <_ram_end+0x7ffefb30>
 226:	322e                	.2byte	0x322e
 228:	302e                	.2byte	0x302e
 22a:	636e692f          	.4byte	0x636e692f
 22e:	756c                	.2byte	0x756c
 230:	6564                	.2byte	0x6564
 232:	6b00                	.2byte	0x6b00
 234:	7270                	.2byte	0x7270
 236:	6e69                	lui	t3,0x1a
 238:	6674                	.2byte	0x6674
 23a:	682e                	.2byte	0x682e
 23c:	7300                	.2byte	0x7300
 23e:	6474                	.2byte	0x6474
 240:	7261                	lui	tp,0xffff8
 242:	00682e67          	.4byte	0x682e67
 246:	6d6f682f          	.4byte	0x6d6f682f
 24a:	2f65                	jal	a02 <_program_size-0x276>
 24c:	7568                	.2byte	0x7568
 24e:	676e                	.2byte	0x676e
 250:	6874                	.2byte	0x6874
 252:	326b696f          	jal	s2,b6578 <_available_heap+0xa91f0>
 256:	2f34                	.2byte	0x2f34
 258:	4952                	lw	s2,20(sp)
 25a:	54564353          	.4byte	0x54564353
 25e:	7475                	lui	s0,0xffffd
 260:	6169726f          	jal	tp,97876 <_available_heap+0x8a4ee>
 264:	2f6c                	.2byte	0x2f6c
 266:	7066                	.2byte	0x7066
 268:	732f6167          	.4byte	0x732f6167
 26c:	68632f77          	.4byte	0x68632f77
 270:	6361                	lui	t1,0x18
 272:	6168                	.2byte	0x6168
 274:	6f70                	.2byte	0x6f70
 276:	796c                	.2byte	0x796c
 278:	615f 6165 2f64      	.byte	0x5f, 0x61, 0x65, 0x61, 0x64, 0x2f
 27e:	2f637273          	csrrci	tp,0x2f6,6
 282:	616d                	addi	sp,sp,240
 284:	6e69                	lui	t3,0x1a
 286:	632e                	.2byte	0x632e
 288:	6300                	.2byte	0x6300
 28a:	6168                	.2byte	0x6168
 28c:	70616863          	bltu	sp,t1,99c <_program_size-0x2dc>
 290:	5f796c6f          	jal	s8,97086 <_available_heap+0x89cfe>
 294:	7374616b          	.4byte	0x7374616b
 298:	682e                	.2byte	0x682e
 29a:	6100                	.2byte	0x6100
 29c:	6165                	addi	sp,sp,112
 29e:	2e64                	.2byte	0x2e64
 2a0:	0068                	addi	a0,sp,12

Disassembly of section .debug_info:

00000000 <.debug_info>:
       0:	0020                	addi	s0,sp,8
       2:	0000                	unimp
       4:	0005                	c.nop	1
       6:	0401                	addi	s0,s0,0 # ffffd000 <_ram_end+0x7ffed000>
       8:	0000                	unimp
       a:	0000                	unimp
       c:	0001                	nop
       e:	0000                	unimp
      10:	0000                	unimp
      12:	0000                	unimp
      14:	3080                	.2byte	0x3080
      16:	0000                	unimp
      18:	0000                	unimp
      1a:	00000043          	.4byte	0x43
      1e:	0000007b          	.4byte	0x7b
      22:	8001                	c.srli64	s0
      24:	00000b1b          	.4byte	0xb1b
      28:	0005                	c.nop	1
      2a:	0401                	addi	s0,s0,0
      2c:	0014                	.2byte	0x14
      2e:	0000                	unimp
      30:	f422                	.2byte	0xf422
      32:	0000                	unimp
      34:	1d00                	addi	s0,sp,688
      36:	0000007b          	.4byte	0x7b
      3a:	0000                	unimp
      3c:	0000                	unimp
      3e:	01bd                	addi	gp,gp,15
      40:	0000                	unimp
      42:	0000                	unimp
      44:	0000                	unimp
      46:	0080                	addi	s0,sp,64
      48:	0000                	unimp
      4a:	0108                	addi	a0,sp,128
      4c:	c006                	sw	ra,0(sp)
      4e:	0001                	nop
      50:	0b00                	addi	s0,sp,400
      52:	00ea                	slli	ra,ra,0x1a
      54:	0000                	unimp
      56:	2b02                	.2byte	0x2b02
      58:	3918                	.2byte	0x3918
      5a:	0000                	unimp
      5c:	0800                	addi	s0,sp,16
      5e:	0801                	addi	a6,a6,0
      60:	01be                	slli	gp,gp,0xf
      62:	0000                	unimp
      64:	0208                	addi	a0,sp,256
      66:	9a05                	andi	a2,a2,-31
      68:	0000                	unimp
      6a:	0800                	addi	s0,sp,16
      6c:	0702                	c.slli64	a4
      6e:	01fa                	slli	gp,gp,0x1e
      70:	0000                	unimp
      72:	0408                	addi	a0,sp,512
      74:	da05                	beqz	a2,ffffffa4 <_ram_end+0x7ffeffa4>
      76:	0000                	unimp
      78:	0b00                	addi	s0,sp,400
      7a:	00a4                	addi	s1,sp,72
      7c:	0000                	unimp
      7e:	4f02                	lw	t5,0(sp)
      80:	6119                	addi	sp,sp,384
      82:	0000                	unimp
      84:	0800                	addi	s0,sp,16
      86:	0704                	addi	s1,sp,896
      88:	01d8                	addi	a4,sp,196
      8a:	0000                	unimp
      8c:	0808                	addi	a0,sp,16
      8e:	d505                	beqz	a0,ffffffb6 <_ram_end+0x7ffeffb6>
      90:	0000                	unimp
      92:	0800                	addi	s0,sp,16
      94:	0708                	addi	a0,sp,896
      96:	000001d3          	.4byte	0x1d3
      9a:	69050423          	sb	a6,1672(a0) # 1b688 <_available_heap+0xe300>
      9e:	746e                	.2byte	0x746e
      a0:	0b00                	addi	s0,sp,400
      a2:	021f 0000 e802      	.byte	0x1f, 0x02, 0x00, 0x00, 0x02, 0xe8
      a8:	891a                	mv	s2,t1
      aa:	0000                	unimp
      ac:	0800                	addi	s0,sp,16
      ae:	0704                	addi	s1,sp,896
      b0:	01dd                	addi	gp,gp,23
      b2:	0000                	unimp
      b4:	0000ec0b          	.4byte	0xec0b
      b8:	0300                	addi	s0,sp,384
      ba:	1318                	addi	a4,sp,416
      bc:	002d                	c.nop	11
      be:	0000                	unimp
      c0:	9024                	.2byte	0x9024
      c2:	0000                	unimp
      c4:	0b00                	addi	s0,sp,400
      c6:	00a6                	slli	ra,ra,0x9
      c8:	0000                	unimp
      ca:	55143003          	.4byte	0x55143003
      ce:	0000                	unimp
      d0:	0b00                	addi	s0,sp,400
      d2:	0221                	addi	tp,tp,8 # ffff8008 <_ram_end+0x7ffe8008>
      d4:	0000                	unimp
      d6:	7d155203          	lhu	tp,2001(a0)
      da:	0000                	unimp
      dc:	1500                	addi	s0,sp,672
      de:	01ea                	slli	gp,gp,0x1a
      e0:	0000                	unimp
      e2:	76c9                	lui	a3,0xffff2
      e4:	0000                	unimp
      e6:	3400                	.2byte	0x3400
      e8:	ae800003          	lb	zero,-1304(zero) # fffffae8 <_ram_end+0x7ffefae8>
      ec:	0000                	unimp
      ee:	0100                	addi	s0,sp,128
      f0:	7f9c                	.2byte	0x7f9c
      f2:	0002                	c.slli64	zero
      f4:	0400                	addi	s0,sp,512
      f6:	0079656b          	.4byte	0x79656b
      fa:	23c9                	jal	6bc <_program_size-0x5bc>
      fc:	027f                	.2byte	0x27f
      fe:	0000                	unimp
     100:	000c                	.2byte	0xc
     102:	0000                	unimp
     104:	0003a507          	.4byte	0x3a507
     108:	ca00                	sw	s0,16(a2)
     10a:	00027f23          	.4byte	0x27f23
     10e:	4a00                	lw	s0,16(a2)
     110:	0000                	unimp
     112:	0400                	addi	s0,sp,512
     114:	6461                	lui	s0,0x18
     116:	cb00                	sw	s0,16(a4)
     118:	7f24                	.2byte	0x7f24
     11a:	0002                	c.slli64	zero
     11c:	7a00                	.2byte	0x7a00
     11e:	0000                	unimp
     120:	0700                	addi	s0,sp,896
     122:	00ce                	slli	ra,ra,0x13
     124:	0000                	unimp
     126:	00a131cb          	.4byte	0xa131cb
     12a:	0000                	unimp
     12c:	00aa                	slli	ra,ra,0xa
     12e:	0000                	unimp
     130:	6304                	.2byte	0x6304
     132:	0074                	addi	a3,sp,12
     134:	24cc                	.2byte	0x24cc
     136:	027f                	.2byte	0x27f
     138:	0000                	unimp
     13a:	00da                	slli	ra,ra,0x16
     13c:	0000                	unimp
     13e:	0000e307          	.4byte	0xe307
     142:	cc00                	sw	s0,24(s0)
     144:	a131                	j	550 <_program_size-0x728>
     146:	0000                	unimp
     148:	0a00                	addi	s0,sp,272
     14a:	0001                	nop
     14c:	0400                	addi	s0,sp,512
     14e:	6174                	.2byte	0x6174
     150:	23cd0067          	jr	572(s10)
     154:	027f                	.2byte	0x27f
     156:	0000                	unimp
     158:	016c                	addi	a1,sp,140
     15a:	0000                	unimp
     15c:	7004                	.2byte	0x7004
     15e:	0074                	addi	a3,sp,12
     160:	1ece                	slli	t4,t4,0x33
     162:	0284                	addi	s1,sp,320
     164:	0000                	unimp
     166:	01c0                	addi	s0,sp,196
     168:	0000                	unimp
     16a:	0000af07          	.4byte	0xaf07
     16e:	cf00                	sw	s0,24(a4)
     170:	841d                	srai	s0,s0,0x7
     172:	0002                	c.slli64	zero
     174:	2200                	.2byte	0x2200
     176:	0002                	c.slli64	zero
     178:	2500                	.2byte	0x2500
     17a:	00b1                	addi	ra,ra,12
     17c:	0000                	unimp
     17e:	d101                	beqz	a0,7e <_program_size-0xbfa>
     180:	890a                	mv	s2,sp
     182:	0002                	c.slli64	zero
     184:	0200                	addi	s0,sp,256
     186:	5091                	li	ra,-28
     188:	9519                	srai	a0,a0,0x26
     18a:	0000                	unimp
     18c:	d200                	sw	s0,32(a2)
     18e:	00a1                	addi	ra,ra,8
     190:	0000                	unimp
     192:	026a                	slli	tp,tp,0x1a
     194:	0000                	unimp
     196:	720c                	.2byte	0x720c
     198:	06d30063          	beq	t1,a3,1f8 <_program_size-0xa80>
     19c:	0076                	c.slli	zero,0x1d
     19e:	0000                	unimp
     1a0:	02a5                	addi	t0,t0,9
     1a2:	0000                	unimp
     1a4:	7a1a                	.2byte	0x7a1a
     1a6:	18800003          	lb	zero,392(zero) # 188 <_program_size-0xaf0>
     1aa:	0000                	unimp
     1ac:	9b00                	.2byte	0x9b00
     1ae:	0001                	nop
     1b0:	0c00                	addi	s0,sp,528
     1b2:	0069                	c.nop	26
     1b4:	11d8                	addi	a4,sp,228
     1b6:	00a1                	addi	ra,ra,8
     1b8:	0000                	unimp
     1ba:	02bc                	addi	a5,sp,328
     1bc:	0000                	unimp
     1be:	1a00                	addi	s0,sp,304
     1c0:	0394                	addi	a3,sp,448
     1c2:	8000                	.2byte	0x8000
     1c4:	0014                	.2byte	0x14
     1c6:	0000                	unimp
     1c8:	01b6                	slli	gp,gp,0xd
     1ca:	0000                	unimp
     1cc:	690c                	.2byte	0x690c
     1ce:	dd00                	sw	s0,56(a0)
     1d0:	a110                	.2byte	0xa110
     1d2:	0000                	unimp
     1d4:	e100                	.2byte	0xe100
     1d6:	0002                	c.slli64	zero
     1d8:	0000                	unimp
     1da:	aa26                	.2byte	0xaa26
     1dc:	0001                	nop
     1de:	cd00                	sw	s0,24(a0)
     1e0:	0001                	nop
     1e2:	0c00                	addi	s0,sp,528
     1e4:	0069                	c.nop	26
     1e6:	11e4                	addi	s1,sp,236
     1e8:	00a1                	addi	ra,ra,8
     1ea:	0000                	unimp
     1ec:	0306                	slli	t1,t1,0x1
     1ee:	0000                	unimp
     1f0:	0f00                	addi	s0,sp,912
     1f2:	04b1                	addi	s1,s1,12
     1f4:	0000                	unimp
     1f6:	0344                	addi	s1,sp,388
     1f8:	8000                	.2byte	0x8000
     1fa:	018e                	slli	gp,gp,0x3
     1fc:	0000                	unimp
     1fe:	07d5                	addi	a5,a5,21
     200:	1601                	addi	a2,a2,-32
     202:	0005                	c.nop	1
     204:	3c00                	.2byte	0x3c00
     206:	01000003          	lb	zero,16(zero) # 10 <_program_size-0xc68>
     20a:	0000050b          	.4byte	0x50b
     20e:	0362                	slli	t1,t1,0x18
     210:	0000                	unimp
     212:	0001                	nop
     214:	0005                	c.nop	1
     216:	8400                	.2byte	0x8400
     218:	01000003          	lb	zero,16(zero) # 10 <_program_size-0xc68>
     21c:	04f6                	slli	s1,s1,0x1d
     21e:	0000                	unimp
     220:	03a6                	slli	t2,t2,0x9
     222:	0000                	unimp
     224:	eb01                	bnez	a4,234 <_program_size-0xa44>
     226:	0004                	.2byte	0x4
     228:	d600                	sw	s0,40(a2)
     22a:	01000003          	lb	zero,16(zero) # 10 <_program_size-0xc68>
     22e:	04e1                	addi	s1,s1,24
     230:	0000                	unimp
     232:	0406                	slli	s0,s0,0x1
     234:	0000                	unimp
     236:	d601                	beqz	a2,13e <_program_size-0xb3a>
     238:	0004                	.2byte	0x4
     23a:	3600                	.2byte	0x3600
     23c:	0004                	.2byte	0x4
     23e:	0100                	addi	s0,sp,128
     240:	000004cb          	.4byte	0x4cb
     244:	0466                	slli	s0,s0,0x19
     246:	0000                	unimp
     248:	c001                	beqz	s0,248 <_program_size-0xa30>
     24a:	0004                	.2byte	0x4
     24c:	a400                	.2byte	0xa400
     24e:	0004                	.2byte	0x4
     250:	0900                	addi	s0,sp,144
     252:	018e                	slli	gp,gp,0x3
     254:	0000                	unimp
     256:	2111                	jal	65a <_program_size-0x61e>
     258:	0005                	c.nop	1
     25a:	1000                	addi	s0,sp,32
     25c:	036e                	slli	t1,t1,0x1b
     25e:	8000                	.2byte	0x8000
     260:	07cd                	addi	a5,a5,19
     262:	0000                	unimp
     264:	0102                	c.slli64	sp
     266:	015a                	slli	sp,sp,0x16
     268:	0230                	addi	a2,sp,264
     26a:	5b01                	li	s6,-32
     26c:	5a01a303          	lw	t1,1440(gp)
     270:	0102                	c.slli64	sp
     272:	035c                	addi	a5,sp,388
     274:	025b01a3          	sb	t0,35(s6) # 1a023 <_available_heap+0xcc9b>
     278:	5d01                	li	s10,-32
     27a:	5c01a303          	lw	t1,1472(gp)
     27e:	0102                	c.slli64	sp
     280:	035e                	slli	t1,t1,0x17
     282:	025d01a3          	sb	t0,35(s10)
     286:	5f01                	li	t5,-32
     288:	5e01a303          	lw	t1,1504(gp)
     28c:	0102                	c.slli64	sp
     28e:	0260                	addi	s0,sp,268
     290:	0084                	addi	s1,sp,64
     292:	0102                	c.slli64	sp
     294:	0261                	addi	tp,tp,24 # 18 <_program_size-0xc60>
     296:	02020083          	lb	ra,32(tp) # 20 <_program_size-0xc58>
     29a:	0072                	c.slli	zero,0x1c
     29c:	7802                	.2byte	0x7802
     29e:	0000                	unimp
     2a0:	0000                	unimp
     2a2:	1b00                	addi	s0,sp,432
     2a4:	009c                	addi	a5,sp,64
     2a6:	0000                	unimp
     2a8:	0000901b          	.4byte	0x901b
     2ac:	2700                	.2byte	0x2700
     2ae:	0090                	addi	a2,sp,64
     2b0:	0000                	unimp
     2b2:	0299                	addi	t0,t0,6
     2b4:	0000                	unimp
     2b6:	8928                	.2byte	0x8928
     2b8:	0000                	unimp
     2ba:	0f00                	addi	s0,sp,912
     2bc:	1500                	addi	s0,sp,672
     2be:	0212                	slli	tp,tp,0x4
     2c0:	0000                	unimp
     2c2:	76be                	.2byte	0x76be
	...
     2cc:	0000                	unimp
     2ce:	0100                	addi	s0,sp,128
     2d0:	6f9c                	.2byte	0x6f9c
     2d2:	04000003          	lb	zero,64(zero) # 40 <_program_size-0xc38>
     2d6:	0079656b          	.4byte	0x79656b
     2da:	20be                	.2byte	0x20be
     2dc:	027f                	.2byte	0x27f
     2de:	0000                	unimp
     2e0:	04bd                	addi	s1,s1,15
     2e2:	0000                	unimp
     2e4:	0003a507          	.4byte	0x3a507
     2e8:	bf00                	.2byte	0xbf00
     2ea:	7f20                	.2byte	0x7f20
     2ec:	0002                	c.slli64	zero
     2ee:	d700                	sw	s0,40(a4)
     2f0:	0004                	.2byte	0x4
     2f2:	0400                	addi	s0,sp,512
     2f4:	6461                	lui	s0,0x18
     2f6:	c000                	sw	s0,0(s0)
     2f8:	7f21                	lui	t5,0xfffe8
     2fa:	0002                	c.slli64	zero
     2fc:	f100                	.2byte	0xf100
     2fe:	0004                	.2byte	0x4
     300:	0700                	addi	s0,sp,896
     302:	00ce                	slli	ra,ra,0x13
     304:	0000                	unimp
     306:	2ec0                	.2byte	0x2ec0
     308:	00a1                	addi	ra,ra,8
     30a:	0000                	unimp
     30c:	0000050b          	.4byte	0x50b
     310:	6304                	.2byte	0x6304
     312:	0074                	addi	a3,sp,12
     314:	21c1                	jal	7d4 <_program_size-0x4a4>
     316:	027f                	.2byte	0x27f
     318:	0000                	unimp
     31a:	0525                	addi	a0,a0,9
     31c:	0000                	unimp
     31e:	0000e307          	.4byte	0xe307
     322:	c100                	sw	s0,0(a0)
     324:	a12e                	.2byte	0xa12e
     326:	0000                	unimp
     328:	3f00                	.2byte	0x3f00
     32a:	0005                	c.nop	1
     32c:	0400                	addi	s0,sp,512
     32e:	6174                	.2byte	0x6174
     330:	20c20067          	jr	524(tp) # 0 <_program_size-0xc78>
     334:	027f                	.2byte	0x27f
     336:	0000                	unimp
     338:	0559                	addi	a0,a0,22
     33a:	0000                	unimp
     33c:	7004                	.2byte	0x7004
     33e:	0074                	addi	a3,sp,12
     340:	02841bc3          	.4byte	0x2841bc3
     344:	0000                	unimp
     346:	00000573          	.4byte	0x573
     34a:	0010                	.2byte	0x10
     34c:	0000                	unimp
     34e:	b900                	.2byte	0xb900
     350:	0000                	unimp
     352:	0200                	addi	s0,sp,256
     354:	5a01                	li	s4,-32
     356:	5a01a303          	lw	t1,1440(gp)
     35a:	0102                	c.slli64	sp
     35c:	01a3035b          	.4byte	0x1a3035b
     360:	5c01025b          	.4byte	0x5c01025b
     364:	5c01a303          	lw	t1,1472(gp)
     368:	0102                	c.slli64	sp
     36a:	035d                	addi	t1,t1,23 # 18017 <_available_heap+0xac8f>
     36c:	025d01a3          	sb	t0,35(s10)
     370:	5e01                	li	t3,-32
     372:	5e01a303          	lw	t1,1504(gp)
     376:	0102                	c.slli64	sp
     378:	035f 01a3 025f      	.byte	0x5f, 0x03, 0xa3, 0x01, 0x5f, 0x02
     37e:	6001                	.2byte	0x6001
     380:	6001a303          	lw	t1,1536(gp)
     384:	0102                	c.slli64	sp
     386:	0361                	addi	t1,t1,24
     388:	026101a3          	sb	t1,35(sp)
     38c:	7202                	.2byte	0x7202
     38e:	0100                	addi	s0,sp,128
     390:	0030                	addi	a2,sp,8
     392:	1500                	addi	s0,sp,672
     394:	00c1                	addi	ra,ra,16
     396:	0000                	unimp
     398:	76b5                	lui	a3,0xfffed
     39a:	0000                	unimp
     39c:	0000                	unimp
     39e:	34800003          	lb	zero,840(zero) # 348 <_program_size-0x930>
     3a2:	0000                	unimp
     3a4:	0100                	addi	s0,sp,128
     3a6:	b19c                	.2byte	0xb19c
     3a8:	0004                	.2byte	0x4
     3aa:	0400                	addi	s0,sp,512
     3ac:	0079656b          	.4byte	0x79656b
     3b0:	20b5                	jal	41c <_program_size-0x85c>
     3b2:	027f                	.2byte	0x27f
     3b4:	0000                	unimp
     3b6:	058d                	addi	a1,a1,3
     3b8:	0000                	unimp
     3ba:	0003a507          	.4byte	0x3a507
     3be:	b600                	.2byte	0xb600
     3c0:	7f20                	.2byte	0x7f20
     3c2:	0002                	c.slli64	zero
     3c4:	cb00                	sw	s0,16(a4)
     3c6:	0005                	c.nop	1
     3c8:	0400                	addi	s0,sp,512
     3ca:	6461                	lui	s0,0x18
     3cc:	b700                	.2byte	0xb700
     3ce:	7f21                	lui	t5,0xfffe8
     3d0:	0002                	c.slli64	zero
     3d2:	fb00                	.2byte	0xfb00
     3d4:	0005                	c.nop	1
     3d6:	0700                	addi	s0,sp,896
     3d8:	00ce                	slli	ra,ra,0x13
     3da:	0000                	unimp
     3dc:	00a12eb7          	lui	t4,0xa12
     3e0:	0000                	unimp
     3e2:	0000062b          	.4byte	0x62b
     3e6:	7004                	.2byte	0x7004
     3e8:	0074                	addi	a3,sp,12
     3ea:	21b8                	.2byte	0x21b8
     3ec:	027f                	.2byte	0x27f
     3ee:	0000                	unimp
     3f0:	0000065b          	.4byte	0x65b
     3f4:	0001cc07          	.4byte	0x1cc07
     3f8:	b800                	.2byte	0xb800
     3fa:	a12e                	.2byte	0xa12e
     3fc:	0000                	unimp
     3fe:	8b00                	.2byte	0x8b00
     400:	0006                	c.slli	zero,0x1
     402:	0400                	addi	s0,sp,512
     404:	b9007463          	bgeu	zero,a6,fffff78c <_ram_end+0x7ffef78c>
     408:	0002841b          	.4byte	0x2841b
     40c:	bb00                	.2byte	0xbb00
     40e:	0006                	c.slli	zero,0x1
     410:	0400                	addi	s0,sp,512
     412:	6174                	.2byte	0x6174
     414:	27b90067          	jr	635(s2)
     418:	0284                	addi	s1,sp,320
     41a:	0000                	unimp
     41c:	000006eb          	.4byte	0x6eb
     420:	0004b10f          	.4byte	0x4b10f
     424:	0200                	addi	s0,sp,256
     426:	72800003          	lb	zero,1832(zero) # 728 <_program_size-0x550>
     42a:	0001                	nop
     42c:	bb00                	.2byte	0xbb00
     42e:	0109                	addi	sp,sp,2
     430:	0516                	slli	a0,a0,0x5
     432:	0000                	unimp
     434:	071c                	addi	a5,sp,896
     436:	0000                	unimp
     438:	0b01                	addi	s6,s6,0
     43a:	0005                	c.nop	1
     43c:	4d00                	lw	s0,24(a0)
     43e:	01000007          	.4byte	0x1000007
     442:	0500                	addi	s0,sp,640
     444:	0000                	unimp
     446:	077d                	addi	a4,a4,31
     448:	0000                	unimp
     44a:	f601                	bnez	a2,352 <_program_size-0x926>
     44c:	0004                	.2byte	0x4
     44e:	ad00                	.2byte	0xad00
     450:	01000007          	.4byte	0x1000007
     454:	000004eb          	.4byte	0x4eb
     458:	07dd                	addi	a5,a5,23
     45a:	0000                	unimp
     45c:	e101                	bnez	a0,45c <_program_size-0x81c>
     45e:	0004                	.2byte	0x4
     460:	0d00                	addi	s0,sp,656
     462:	0008                	.2byte	0x8
     464:	0100                	addi	s0,sp,128
     466:	04d6                	slli	s1,s1,0x15
     468:	0000                	unimp
     46a:	083d                	addi	a6,a6,15
     46c:	0000                	unimp
     46e:	cb01                	beqz	a4,47e <_program_size-0x7fa>
     470:	0004                	.2byte	0x4
     472:	6d00                	.2byte	0x6d00
     474:	0008                	.2byte	0x8
     476:	0100                	addi	s0,sp,128
     478:	04c0                	addi	s0,sp,580
     47a:	0000                	unimp
     47c:	089d                	addi	a7,a7,7
     47e:	0000                	unimp
     480:	7209                	lui	tp,0xfffe2
     482:	0001                	nop
     484:	1100                	addi	s0,sp,160
     486:	0521                	addi	a0,a0,8
     488:	0000                	unimp
     48a:	2a10                	.2byte	0x2a10
     48c:	cd800003          	lb	zero,-808(zero) # fffffcd8 <_ram_end+0x7ffefcd8>
     490:	02000007          	.4byte	0x2000007
     494:	5a01                	li	s4,-32
     496:	3101                	jal	96 <_program_size-0xbe2>
     498:	0102                	c.slli64	sp
     49a:	01a3035b          	.4byte	0x1a3035b
     49e:	025a                	slli	tp,tp,0x16
     4a0:	5c01                	li	s8,-32
     4a2:	5b01a303          	lw	t1,1456(gp)
     4a6:	0102                	c.slli64	sp
     4a8:	035d                	addi	t1,t1,23
     4aa:	025c01a3          	sb	t0,35(s8) # 19023 <_available_heap+0xbc9b>
     4ae:	5e01                	li	t3,-32
     4b0:	5d01a303          	lw	t1,1488(gp)
     4b4:	0102                	c.slli64	sp
     4b6:	035f 01a3 025e      	.byte	0x5f, 0x03, 0xa3, 0x01, 0x5e, 0x02
     4bc:	6001                	.2byte	0x6001
     4be:	5f01a303          	lw	t1,1520(gp)
     4c2:	0102                	c.slli64	sp
     4c4:	0361                	addi	t1,t1,24
     4c6:	026001a3          	sb	t1,35(zero) # 23 <_program_size-0xc55>
     4ca:	7202                	.2byte	0x7202
     4cc:	0300                	addi	s0,sp,384
     4ce:	006101a3          	sb	t1,3(sp)
     4d2:	0000                	unimp
     4d4:	1200                	addi	s0,sp,288
     4d6:	0239                	addi	tp,tp,14 # fffe200e <_ram_end+0x7ffd200e>
     4d8:	0000                	unimp
     4da:	00760c67          	jalr	s8,7(a2)
     4de:	0000                	unimp
     4e0:	0581                	addi	a1,a1,0
     4e2:	0000                	unimp
     4e4:	c60a                	sw	sp,12(sp)
     4e6:	0000                	unimp
     4e8:	6700                	.2byte	0x6700
     4ea:	a11e                	.2byte	0xa11e
     4ec:	0000                	unimp
     4ee:	0500                	addi	s0,sp,640
     4f0:	0079656b          	.4byte	0x79656b
     4f4:	2368                	.2byte	0x2368
     4f6:	027f                	.2byte	0x27f
     4f8:	0000                	unimp
     4fa:	a50a                	.2byte	0xa50a
     4fc:	69000003          	lb	zero,1680(zero) # 690 <_program_size-0x5e8>
     500:	00027f23          	.4byte	0x27f23
     504:	0500                	addi	s0,sp,640
     506:	6461                	lui	s0,0x18
     508:	6a00                	.2byte	0x6a00
     50a:	7f24                	.2byte	0x7f24
     50c:	0002                	c.slli64	zero
     50e:	0a00                	addi	s0,sp,272
     510:	00ce                	slli	ra,ra,0x13
     512:	0000                	unimp
     514:	316a                	.2byte	0x316a
     516:	00a1                	addi	ra,ra,8
     518:	0000                	unimp
     51a:	6905                	lui	s2,0x1
     51c:	006e                	c.slli	zero,0x1b
     51e:	027f246b          	.4byte	0x27f246b
     522:	0000                	unimp
     524:	ba0a                	.2byte	0xba0a
     526:	0000                	unimp
     528:	6b00                	.2byte	0x6b00
     52a:	a131                	j	936 <_program_size-0x342>
     52c:	0000                	unimp
     52e:	0500                	addi	s0,sp,640
     530:	0074756f          	jal	a0,47d36 <_available_heap+0x3a9ae>
     534:	1e6c                	addi	a1,sp,828
     536:	0284                	addi	s1,sp,320
     538:	0000                	unimp
     53a:	7405                	lui	s0,0xfffe1
     53c:	6761                	lui	a4,0x18
     53e:	6c00                	.2byte	0x6c00
     540:	0002842b          	.4byte	0x2842b
     544:	0600                	addi	s0,sp,768
     546:	6372                	.2byte	0x6372
     548:	6e00                	.2byte	0x6e00
     54a:	7606                	.2byte	0x7606
     54c:	0000                	unimp
     54e:	1600                	addi	s0,sp,800
     550:	053a                	slli	a0,a0,0xe
     552:	0000                	unimp
     554:	6906                	.2byte	0x6906
     556:	7800                	.2byte	0x7800
     558:	a110                	.2byte	0xa110
     55a:	0000                	unimp
     55c:	0000                	unimp
     55e:	4916                	lw	s2,68(sp)
     560:	0005                	c.nop	1
     562:	0600                	addi	s0,sp,768
     564:	0069                	c.nop	26
     566:	107a                	c.slli	zero,0x3e
     568:	00a1                	addi	ra,ra,8
     56a:	0000                	unimp
     56c:	1600                	addi	s0,sp,800
     56e:	00000573          	.4byte	0x573
     572:	6f06                	.2byte	0x6f06
     574:	6666                	.2byte	0x6666
     576:	8600                	.2byte	0x8600
     578:	a110                	.2byte	0xa110
     57a:	0000                	unimp
     57c:	0d00                	addi	s0,sp,656
     57e:	0d29                	addi	s10,s10,10
     580:	0002                	c.slli64	zero
     582:	0100                	addi	s0,sp,128
     584:	00a10c87          	.4byte	0xa10c87
     588:	0000                	unimp
     58a:	060d                	addi	a2,a2,3
     58c:	11890077          	.4byte	0x11890077
     590:	00a1                	addi	ra,ra,8
     592:	0000                	unimp
     594:	0000                	unimp
     596:	0d00                	addi	s0,sp,656
     598:	6f06                	.2byte	0x6f06
     59a:	6666                	.2byte	0x6666
     59c:	a000                	.2byte	0xa000
     59e:	a110                	.2byte	0xa110
     5a0:	0000                	unimp
     5a2:	0000                	unimp
     5a4:	1c00                	addi	s0,sp,560
     5a6:	008c                	addi	a1,sp,64
     5a8:	0000                	unimp
     5aa:	a259                	j	730 <_program_size-0x548>
     5ac:	0005                	c.nop	1
     5ae:	0500                	addi	s0,sp,640
     5b0:	6174                	.2byte	0x6174
     5b2:	1e590067          	jr	485(s2) # 11e5 <_program_size+0x56d>
     5b6:	0284                	addi	s1,sp,320
     5b8:	0000                	unimp
     5ba:	060d                	addi	a2,a2,3
     5bc:	0069                	c.nop	26
     5be:	00a1105b          	.4byte	0xa1105b
     5c2:	0000                	unimp
     5c4:	0000                	unimp
     5c6:	5f1d                	li	t5,-25
     5c8:	0002                	c.slli64	zero
     5ca:	4e00                	lw	s0,24(a2)
     5cc:	0084                	addi	s1,sp,64
     5ce:	8000                	.2byte	0x8000
     5d0:	005c                	addi	a5,sp,4
     5d2:	0000                	unimp
     5d4:	9c01                	.2byte	0x9c01
     5d6:	066e                	slli	a2,a2,0x1b
     5d8:	0000                	unimp
     5da:	4d1e                	lw	s10,196(sp)
     5dc:	0002                	c.slli64	zero
     5de:	4e00                	lw	s0,24(a2)
     5e0:	8421                	srai	s0,s0,0x8
     5e2:	0002                	c.slli64	zero
     5e4:	0100                	addi	s0,sp,128
     5e6:	045a                	slli	s0,s0,0x16
     5e8:	0066666f          	jal	a2,665ee <_available_heap+0x59266>
     5ec:	304e                	.2byte	0x304e
     5ee:	00a1                	addi	ra,ra,8
     5f0:	0000                	unimp
     5f2:	08aa                	slli	a7,a7,0xa
     5f4:	0000                	unimp
     5f6:	6c1f 6e65 4e00      	.byte	0x1f, 0x6c, 0x65, 0x6e, 0x00, 0x4e
     5fc:	a13e                	.2byte	0xa13e
     5fe:	0000                	unimp
     600:	0100                	addi	s0,sp,128
     602:	2a5c                	.2byte	0x2a5c
     604:	0084                	addi	s1,sp,64
     606:	8000                	.2byte	0x8000
     608:	005a                	c.slli	zero,0x16
     60a:	0000                	unimp
     60c:	770c                	.2byte	0x770c
     60e:	5000                	lw	s0,32(s0)
     610:	a110                	.2byte	0xa110
     612:	0000                	unimp
     614:	c400                	sw	s0,8(s0)
     616:	0008                	.2byte	0x8
     618:	0900                	addi	s0,sp,144
     61a:	0032                	c.slli	zero,0xc
     61c:	0000                	unimp
     61e:	0074612b          	.4byte	0x74612b
     622:	5101                	li	sp,-32
     624:	a10c                	.2byte	0xa10c
     626:	0000                	unimp
     628:	0100                	addi	s0,sp,128
     62a:	072d175b          	.4byte	0x72d175b
     62e:	0000                	unimp
     630:	008a                	slli	ra,ra,0x2
     632:	8000                	.2byte	0x8000
     634:	00000057          	.4byte	0x57
     638:	2055                	jal	6dc <_program_size-0x59c>
     63a:	0624                	addi	s1,sp,776
     63c:	0000                	unimp
     63e:	3c01                	jal	4e <_program_size-0xc2a>
     640:	dc000007          	.4byte	0xdc000007
     644:	0008                	.2byte	0x8
     646:	0000                	unimp
     648:	0007480f          	.4byte	0x7480f
     64c:	a000                	.2byte	0xa000
     64e:	0000                	unimp
     650:	6a80                	.2byte	0x6a80
     652:	0000                	unimp
     654:	5500                	lw	s0,40(a0)
     656:	07730103          	lb	sp,119(t1)
     65a:	0000                	unimp
     65c:	08e8                	addi	a0,sp,92
     65e:	0000                	unimp
     660:	6801                	.2byte	0x6801
     662:	f4000007          	.4byte	0xf4000007
     666:	0008                	.2byte	0x8
     668:	0100                	addi	s0,sp,128
     66a:	075d                	addi	a4,a4,23 # 18017 <_available_heap+0xac8f>
     66c:	0000                	unimp
     66e:	0900                	addi	s0,sp,144
     670:	0000                	unimp
     672:	5201                	li	tp,-32
     674:	0c000007          	.4byte	0xc000007
     678:	0009                	c.nop	2
     67a:	0e00                	addi	s0,sp,784
     67c:	077c                	addi	a5,sp,908
     67e:	0000                	unimp
     680:	006a                	c.slli	zero,0x1a
     682:	0000                	unimp
     684:	00077d03          	.4byte	0x77d03
     688:	1800                	addi	s0,sp,48
     68a:	0009                	c.nop	2
     68c:	0000                	unimp
     68e:	0000                	unimp
     690:	0000                	unimp
     692:	421d                	li	tp,7
     694:	0002                	c.slli64	zero
     696:	4400                	lw	s0,8(s0)
     698:	002a                	c.slli	zero,0xa
     69a:	8000                	.2byte	0x8000
     69c:	005a                	c.slli	zero,0x16
     69e:	0000                	unimp
     6a0:	9c01                	.2byte	0x9c01
     6a2:	0714                	addi	a3,sp,896
     6a4:	0000                	unimp
     6a6:	4d1e                	lw	s10,196(sp)
     6a8:	0002                	c.slli64	zero
     6aa:	4400                	lw	s0,8(s0)
     6ac:	00027f27          	.4byte	0x27f27
     6b0:	0100                	addi	s0,sp,128
     6b2:	045a                	slli	s0,s0,0x16
     6b4:	0066666f          	jal	a2,666ba <_available_heap+0x59332>
     6b8:	3644                	.2byte	0x3644
     6ba:	00a1                	addi	ra,ra,8
     6bc:	0000                	unimp
     6be:	00000947          	.4byte	0x947
     6c2:	6c1f 6e65 4400      	.byte	0x1f, 0x6c, 0x65, 0x6e, 0x00, 0x44
     6c8:	a144                	.2byte	0xa144
     6ca:	0000                	unimp
     6cc:	0100                	addi	s0,sp,128
     6ce:	195c                	addi	a5,sp,180
     6d0:	020d                	addi	tp,tp,3 # 3 <_program_size-0xc75>
     6d2:	0000                	unimp
     6d4:	a146                	.2byte	0xa146
     6d6:	0000                	unimp
     6d8:	6100                	.2byte	0x6100
     6da:	0009                	c.nop	2
     6dc:	0900                	addi	s0,sp,144
     6de:	000c                	.2byte	0xc
     6e0:	0000                	unimp
     6e2:	770c                	.2byte	0x770c
     6e4:	4800                	lw	s0,16(s0)
     6e6:	a110                	.2byte	0xa110
     6e8:	0000                	unimp
     6ea:	8300                	.2byte	0x8300
     6ec:	0009                	c.nop	2
     6ee:	1300                	addi	s0,sp,416
     6f0:	0788                	addi	a0,sp,960
     6f2:	0000                	unimp
     6f4:	004a                	c.slli	zero,0x12
     6f6:	8000                	.2byte	0x8000
     6f8:	0018                	.2byte	0x18
     6fa:	0000                	unimp
     6fc:	1c49                	addi	s8,s8,-14
     6fe:	ad01                	j	d0e <_program_size+0x96>
     700:	90000007          	.4byte	0x90000007
     704:	0009                	c.nop	2
     706:	0100                	addi	s0,sp,128
     708:	07a2                	slli	a5,a5,0x8
     70a:	0000                	unimp
     70c:	099c                	addi	a5,sp,208
     70e:	0000                	unimp
     710:	9701                	srai	a4,a4,0x20
     712:	b5000007          	.4byte	0xb5000007
     716:	0009                	c.nop	2
     718:	0300                	addi	s0,sp,384
     71a:	07b8                	addi	a4,sp,968
     71c:	0000                	unimp
     71e:	09c1                	addi	s3,s3,16
     720:	0000                	unimp
     722:	c10e                	sw	gp,128(sp)
     724:	1f000007          	.4byte	0x1f000007
     728:	0000                	unimp
     72a:	0300                	addi	s0,sp,384
     72c:	07c2                	slli	a5,a5,0x10
     72e:	0000                	unimp
     730:	09ce                	slli	s3,s3,0x13
     732:	0000                	unimp
     734:	0000                	unimp
     736:	0000                	unimp
     738:	6a12                	.2byte	0x6a12
     73a:	0002                	c.slli64	zero
     73c:	3100                	.2byte	0x3100
     73e:	760c                	.2byte	0x760c
     740:	0000                	unimp
     742:	2d00                	.2byte	0x2d00
     744:	06000007          	.4byte	0x6000007
     748:	006e                	c.slli	zero,0x1b
     74a:	00a10b33          	add	s6,sp,a0
     74e:	0000                	unimp
     750:	1200                	addi	s0,sp,288
     752:	0275                	addi	tp,tp,29 # 1d <_program_size-0xc5b>
     754:	0000                	unimp
     756:	00a11127          	.4byte	0xa11127
     75a:	0000                	unimp
     75c:	0748                	addi	a0,sp,900
     75e:	0000                	unimp
     760:	870a                	mv	a4,sp
     762:	0000                	unimp
     764:	2700                	.2byte	0x2700
     766:	a125                	j	b8e <_program_size-0xea>
     768:	0000                	unimp
     76a:	0000                	unimp
     76c:	2b1c                	.2byte	0x2b1c
     76e:	0002                	c.slli64	zero
     770:	1e00                	addi	s0,sp,816
     772:	0788                	addi	a0,sp,960
     774:	0000                	unimp
     776:	4d0a                	lw	s10,128(sp)
     778:	0002                	c.slli64	zero
     77a:	1e00                	addi	s0,sp,816
     77c:	8424                	.2byte	0x8424
     77e:	0002                	c.slli64	zero
     780:	0500                	addi	s0,sp,640
     782:	6469                	lui	s0,0x1a
     784:	0078                	addi	a4,sp,12
     786:	331e                	.2byte	0x331e
     788:	00a1                	addi	ra,ra,8
     78a:	0000                	unimp
     78c:	6c05                	lui	s8,0x1
     78e:	6e65                	lui	t3,0x19
     790:	1e00                	addi	s0,sp,816
     792:	a141                	j	c12 <_program_size-0x66>
     794:	0000                	unimp
     796:	0500                	addi	s0,sp,640
     798:	0076                	c.slli	zero,0x1d
     79a:	4f1e                	lw	t5,196(sp)
     79c:	00a1                	addi	ra,ra,8
     79e:	0000                	unimp
     7a0:	060d                	addi	a2,a2,3
     7a2:	0069                	c.nop	26
     7a4:	1020                	addi	s0,sp,40
     7a6:	00a1                	addi	ra,ra,8
     7a8:	0000                	unimp
     7aa:	0000                	unimp
     7ac:	5212                	lw	tp,36(sp)
     7ae:	0002                	c.slli64	zero
     7b0:	1500                	addi	s0,sp,672
     7b2:	a111                	j	bb6 <_program_size-0xc2>
     7b4:	0000                	unimp
     7b6:	cd00                	sw	s0,24(a0)
     7b8:	0a000007          	.4byte	0xa000007
     7bc:	024d                	addi	tp,tp,19 # 13 <_program_size-0xc65>
     7be:	0000                	unimp
     7c0:	2d15                	jal	df4 <_program_size+0x17c>
     7c2:	027f                	.2byte	0x27f
     7c4:	0000                	unimp
     7c6:	6905                	lui	s2,0x1
     7c8:	7864                	.2byte	0x7864
     7ca:	1500                	addi	s0,sp,672
     7cc:	a13c                	.2byte	0xa13c
     7ce:	0000                	unimp
     7d0:	0500                	addi	s0,sp,640
     7d2:	656c                	.2byte	0x656c
     7d4:	006e                	c.slli	zero,0x1b
     7d6:	4a15                	li	s4,5
     7d8:	00a1                	addi	ra,ra,8
     7da:	0000                	unimp
     7dc:	7606                	.2byte	0x7606
     7de:	1700                	addi	s0,sp,928
     7e0:	0000a10b          	.4byte	0xa10b
     7e4:	0d00                	addi	s0,sp,656
     7e6:	6906                	.2byte	0x6906
     7e8:	1900                	addi	s0,sp,176
     7ea:	a110                	.2byte	0xa110
     7ec:	0000                	unimp
     7ee:	0000                	unimp
     7f0:	2c00                	.2byte	0x2c00
     7f2:	04b1                	addi	s1,s1,12
     7f4:	0000                	unimp
     7f6:	00e0                	addi	s0,sp,76
     7f8:	8000                	.2byte	0x8000
     7fa:	0220                	addi	s0,sp,264
     7fc:	0000                	unimp
     7fe:	9c01                	.2byte	0x9c01
     800:	c001                	beqz	s0,800 <_program_size-0x478>
     802:	0004                	.2byte	0x4
     804:	e700                	.2byte	0xe700
     806:	0009                	c.nop	2
     808:	0100                	addi	s0,sp,128
     80a:	000004cb          	.4byte	0x4cb
     80e:	0a01                	addi	s4,s4,0
     810:	0000                	unimp
     812:	d601                	beqz	a2,71a <_program_size-0x55e>
     814:	0004                	.2byte	0x4
     816:	2800                	.2byte	0x2800
     818:	000a                	c.slli	zero,0x2
     81a:	0100                	addi	s0,sp,128
     81c:	04e1                	addi	s1,s1,24
     81e:	0000                	unimp
     820:	0a42                	slli	s4,s4,0x10
     822:	0000                	unimp
     824:	eb01                	bnez	a4,834 <_program_size-0x444>
     826:	0004                	.2byte	0x4
     828:	5c00                	lw	s0,56(s0)
     82a:	000a                	c.slli	zero,0x2
     82c:	0100                	addi	s0,sp,128
     82e:	04f6                	slli	s1,s1,0x1d
     830:	0000                	unimp
     832:	0a76                	slli	s4,s4,0x1d
     834:	0000                	unimp
     836:	0001                	nop
     838:	0005                	c.nop	1
     83a:	9b00                	.2byte	0x9b00
     83c:	000a                	c.slli	zero,0x2
     83e:	0100                	addi	s0,sp,128
     840:	0000050b          	.4byte	0x50b
     844:	0ac0                	addi	s0,sp,340
     846:	0000                	unimp
     848:	1601                	addi	a2,a2,-32
     84a:	0005                	c.nop	1
     84c:	e500                	.2byte	0xe500
     84e:	000a                	c.slli	zero,0x2
     850:	0300                	addi	s0,sp,384
     852:	0521                	addi	a0,a0,8
     854:	0000                	unimp
     856:	0afe                	slli	s5,s5,0x1f
     858:	0000                	unimp
     85a:	2b14                	.2byte	0x2b14
     85c:	0005                	c.nop	1
     85e:	8600                	.2byte	0x8600
     860:	0000                	unimp
     862:	9400                	.2byte	0x9400
     864:	0008                	.2byte	0x8
     866:	0300                	addi	s0,sp,384
     868:	0530                	addi	a2,sp,648
     86a:	0000                	unimp
     86c:	00000b0b          	.4byte	0xb0b
     870:	00078813          	mv	a6,a5
     874:	1000                	addi	s0,sp,32
     876:	0001                	nop
     878:	1680                	addi	s0,sp,864
     87a:	0000                	unimp
     87c:	7900                	.2byte	0x7900
     87e:	011d                	addi	sp,sp,7
     880:	07ad                	addi	a5,a5,11
     882:	0000                	unimp
     884:	0b18                	addi	a4,sp,400
     886:	0000                	unimp
     888:	a201                	j	988 <_program_size-0x2f0>
     88a:	26000007          	.4byte	0x26000007
     88e:	0100000b          	.4byte	0x100000b
     892:	00000797          	auipc	a5,0x0
     896:	0b39                	addi	s6,s6,14
     898:	0000                	unimp
     89a:	0007b803          	.4byte	0x7b803
     89e:	4700                	lw	s0,8(a4)
     8a0:	0e00000b          	.4byte	0xe00000b
     8a4:	07c1                	addi	a5,a5,16 # 8a2 <_program_size-0x3d6>
     8a6:	0000                	unimp
     8a8:	000000ab          	.4byte	0xab
     8ac:	0007c203          	lbu	tp,0(a5)
     8b0:	6a00                	.2byte	0x6a00
     8b2:	0000000b          	.4byte	0xb
     8b6:	0000                	unimp
     8b8:	3a14                	.2byte	0x3a14
     8ba:	0005                	c.nop	1
     8bc:	be00                	.2byte	0xbe00
     8be:	0000                	unimp
     8c0:	ee00                	.2byte	0xee00
     8c2:	0008                	.2byte	0x8
     8c4:	1100                	addi	s0,sp,160
     8c6:	0000053f 00078813 	.8byte	0x788130000053f
     8ce:	4600                	lw	s0,8(a2)
     8d0:	0001                	nop
     8d2:	1480                	addi	s0,sp,608
     8d4:	0000                	unimp
     8d6:	7b00                	.2byte	0x7b00
     8d8:	011f 07ad 0000      	.byte	0x1f, 0x01, 0xad, 0x07, 0x00, 0x00
     8de:	00000b9b          	.4byte	0xb9b
     8e2:	a201                	j	9e2 <_program_size-0x296>
     8e4:	a8000007          	.4byte	0xa8000007
     8e8:	0100000b          	.4byte	0x100000b
     8ec:	00000797          	auipc	a5,0x0
     8f0:	0bba                	slli	s7,s7,0xe
     8f2:	0000                	unimp
     8f4:	0007b803          	.4byte	0x7b803
     8f8:	c900                	sw	s0,16(a0)
     8fa:	0e00000b          	.4byte	0xe00000b
     8fe:	07c1                	addi	a5,a5,16 # 8fc <_program_size-0x37c>
     900:	0000                	unimp
     902:	00d1                	addi	ra,ra,20
     904:	0000                	unimp
     906:	0007c203          	lbu	tp,0(a5)
     90a:	ec00                	.2byte	0xec00
     90c:	0000000b          	.4byte	0xb
     910:	0000                	unimp
     912:	1418                	addi	a4,sp,544
     914:	72000007          	.4byte	0x72000007
     918:	0001                	nop
     91a:	1e80                	addi	s0,sp,880
     91c:	0000                	unimp
     91e:	8000                	.2byte	0x8000
     920:	00090b07          	.4byte	0x90b07
     924:	0300                	addi	s0,sp,384
     926:	00000723          	sb	zero,14(zero) # e <_program_size-0xc6a>
     92a:	0c2d                	addi	s8,s8,11 # 100b <_program_size+0x393>
     92c:	0000                	unimp
     92e:	2d00                	.2byte	0x2d00
     930:	0549                	addi	a0,a0,18
     932:	0000                	unimp
     934:	0190                	addi	a2,sp,192
     936:	8000                	.2byte	0x8000
     938:	0082                	c.slli64	ra
     93a:	0000                	unimp
     93c:	09ba                	slli	s3,s3,0xe
     93e:	0000                	unimp
     940:	00054e03          	lbu	t3,0(a0)
     944:	3e00                	.2byte	0x3e00
     946:	000c                	.2byte	0xc
     948:	2000                	.2byte	0x2000
     94a:	0559                	addi	a0,a0,22
     94c:	0000                	unimp
     94e:	0196                	slli	gp,gp,0x5
     950:	8000                	.2byte	0x8000
     952:	0070                	addi	a2,sp,12
     954:	0000                	unimp
     956:	00055a03          	lhu	s4,0(a0)
     95a:	7200                	.2byte	0x7200
     95c:	000c                	.2byte	0xc
     95e:	1400                	addi	s0,sp,544
     960:	0566                	slli	a0,a0,0x19
     962:	0000                	unimp
     964:	00e4                	addi	s1,sp,76
     966:	0000                	unimp
     968:	0999                	addi	s3,s3,6
     96a:	0000                	unimp
     96c:	00056703          	.4byte	0x56703
     970:	9400                	.2byte	0x9400
     972:	000c                	.2byte	0xc
     974:	1300                	addi	s0,sp,416
     976:	0788                	addi	a0,sp,960
     978:	0000                	unimp
     97a:	01bc                	addi	a5,sp,200
     97c:	8000                	.2byte	0x8000
     97e:	001a                	c.slli	zero,0x6
     980:	0000                	unimp
     982:	1e8a                	slli	t4,t4,0x22
     984:	ad01                	j	f94 <_program_size+0x31c>
     986:	a1000007          	.4byte	0xa1000007
     98a:	000c                	.2byte	0xc
     98c:	0100                	addi	s0,sp,128
     98e:	07a2                	slli	a5,a5,0x8
     990:	0000                	unimp
     992:	0cad                	addi	s9,s9,11
     994:	0000                	unimp
     996:	9701                	srai	a4,a4,0x20
     998:	c6000007          	.4byte	0xc6000007
     99c:	000c                	.2byte	0xc
     99e:	0300                	addi	s0,sp,384
     9a0:	07b8                	addi	a4,sp,968
     9a2:	0000                	unimp
     9a4:	0cd2                	slli	s9,s9,0x14
     9a6:	0000                	unimp
     9a8:	c10e                	sw	gp,128(sp)
     9aa:	f7000007          	.4byte	0xf7000007
     9ae:	0000                	unimp
     9b0:	0300                	addi	s0,sp,384
     9b2:	07c2                	slli	a5,a5,0x10
     9b4:	0000                	unimp
     9b6:	0cdf 0000 0000      	.byte	0xdf, 0x0c, 0x00, 0x00, 0x00, 0x00
     9bc:	0f00                	addi	s0,sp,912
     9be:	0714                	addi	a3,sp,896
     9c0:	0000                	unimp
     9c2:	01a4                	addi	s1,sp,200
     9c4:	8000                	.2byte	0x8000
     9c6:	010a                	slli	sp,sp,0x2
     9c8:	0000                	unimp
     9ca:	0a09088f          	.4byte	0xa09088f
     9ce:	0001                	nop
     9d0:	0300                	addi	s0,sp,384
     9d2:	00000723          	sb	zero,14(zero) # e <_program_size-0xc6a>
     9d6:	0cf8                	addi	a4,sp,604
     9d8:	0000                	unimp
     9da:	0000                	unimp
     9dc:	0000                	unimp
     9de:	1418                	addi	a4,sp,544
     9e0:	24000007          	.4byte	0x24000007
     9e4:	0002                	c.slli64	zero
     9e6:	1c80                	addi	s0,sp,624
     9e8:	0000                	unimp
     9ea:	9a00                	.2byte	0x9a00
     9ec:	0009d707          	.4byte	0x9d707
     9f0:	0300                	addi	s0,sp,384
     9f2:	00000723          	sb	zero,14(zero) # e <_program_size-0xc6a>
     9f6:	0d09                	addi	s10,s10,2
     9f8:	0000                	unimp
     9fa:	1400                	addi	s0,sp,544
     9fc:	00000573          	.4byte	0x573
     a00:	011d                	addi	sp,sp,7
     a02:	0000                	unimp
     a04:	0a4d                	addi	s4,s4,19
     a06:	0000                	unimp
     a08:	00057403          	.4byte	0x57403
     a0c:	1a00                	addi	s0,sp,304
     a0e:	000d                	c.nop	3
     a10:	1700                	addi	s0,sp,928
     a12:	0714                	addi	a3,sp,896
     a14:	0000                	unimp
     a16:	0252                	slli	tp,tp,0x14
     a18:	8000                	.2byte	0x8000
     a1a:	0130                	addi	a2,sp,136
     a1c:	0000                	unimp
     a1e:	08a4                	addi	s1,sp,88
     a20:	0a10                	addi	a2,sp,272
     a22:	0000                	unimp
     a24:	3009                	jal	226 <_program_size-0xa52>
     a26:	0001                	nop
     a28:	0300                	addi	s0,sp,384
     a2a:	00000723          	sb	zero,14(zero) # e <_program_size-0xc6a>
     a2e:	0d56                	slli	s10,s10,0x15
     a30:	0000                	unimp
     a32:	0000                	unimp
     a34:	6221                	lui	tp,0x8
     a36:	0002                	c.slli64	zero
     a38:	6e80                	.2byte	0x6e80
     a3a:	0006                	c.slli	zero,0x1
     a3c:	3000                	.2byte	0x3000
     a3e:	000a                	c.slli	zero,0x2
     a40:	0200                	addi	s0,sp,256
     a42:	5a01                	li	s4,-32
     a44:	7902                	.2byte	0x7902
     a46:	0200                	addi	s0,sp,256
     a48:	5b01                	li	s6,-32
     a4a:	8502                	jr	a0
     a4c:	0200                	addi	s0,sp,256
     a4e:	5c01                	li	s8,-32
     a50:	7802                	.2byte	0x7802
     a52:	0000                	unimp
     a54:	8410                	.2byte	0x8410
     a56:	0002                	c.slli64	zero
     a58:	a280                	.2byte	0xa280
     a5a:	0005                	c.nop	1
     a5c:	0200                	addi	s0,sp,256
     a5e:	5a01                	li	s4,-32
     a60:	8202                	jr	tp
     a62:	0200                	addi	s0,sp,256
     a64:	5b01                	li	s6,-32
     a66:	8502                	jr	a0
     a68:	0240                	addi	s0,sp,260
     a6a:	5c01                	li	s8,-32
     a6c:	7802                	.2byte	0x7802
     a6e:	0000                	unimp
     a70:	1700                	addi	s0,sp,928
     a72:	0714                	addi	a3,sp,896
     a74:	0000                	unimp
     a76:	0292                	slli	t0,t0,0x4
     a78:	8000                	.2byte	0x8000
     a7a:	014c                	addi	a1,sp,132
     a7c:	0000                	unimp
     a7e:	07ad                	addi	a5,a5,11
     a80:	0a70                	addi	a2,sp,284
     a82:	0000                	unimp
     a84:	4c09                	li	s8,2
     a86:	0001                	nop
     a88:	0300                	addi	s0,sp,384
     a8a:	00000723          	sb	zero,14(zero) # e <_program_size-0xc6a>
     a8e:	00000d67          	jalr	s10,zero # 0 <_program_size-0xc78>
     a92:	0000                	unimp
     a94:	8118                	.2byte	0x8118
     a96:	0005                	c.nop	1
     a98:	b000                	.2byte	0xb000
     a9a:	0002                	c.slli64	zero
     a9c:	3680                	.2byte	0x3680
     a9e:	0000                	unimp
     aa0:	b100                	.2byte	0xb100
     aa2:	e302                	.2byte	0xe302
     aa4:	000a                	c.slli	zero,0x2
     aa6:	2e00                	.2byte	0x2e00
     aa8:	0000058b          	.4byte	0x58b
     aac:	9620                	.2byte	0x9620
     aae:	0005                	c.nop	1
     ab0:	b000                	.2byte	0xb000
     ab2:	0002                	c.slli64	zero
     ab4:	3680                	.2byte	0x3680
     ab6:	0000                	unimp
     ab8:	1100                	addi	s0,sp,160
     aba:	00000597          	auipc	a1,0x0
     abe:	0007480f          	.4byte	0x7480f
     ac2:	c400                	sw	s0,8(s0)
     ac4:	0002                	c.slli64	zero
     ac6:	5f80                	lw	s0,56(a5)
     ac8:	0001                	nop
     aca:	5c00                	lw	s0,56(s0)
     acc:	07730103          	lb	sp,119(t1)
     ad0:	0000                	unimp
     ad2:	0d78                	addi	a4,sp,668
     ad4:	0000                	unimp
     ad6:	6801                	.2byte	0x6801
     ad8:	84000007          	.4byte	0x84000007
     adc:	000d                	c.nop	3
     ade:	0100                	addi	s0,sp,128
     ae0:	075d                	addi	a4,a4,23
     ae2:	0000                	unimp
     ae4:	0d91                	addi	s11,s11,4
     ae6:	0000                	unimp
     ae8:	5201                	li	tp,-32
     aea:	b6000007          	.4byte	0xb6000007
     aee:	000d                	c.nop	3
     af0:	0e00                	addi	s0,sp,784
     af2:	077c                	addi	a5,sp,908
     af4:	0000                	unimp
     af6:	015f 0000 7d03      	.byte	0x5f, 0x01, 0x00, 0x00, 0x03, 0x7d
     afc:	c3000007          	.4byte	0xc3000007
     b00:	000d                	c.nop	3
     b02:	0000                	unimp
     b04:	0000                	unimp
     b06:	2100                	.2byte	0x2100
     b08:	021a                	slli	tp,tp,0x6
     b0a:	8000                	.2byte	0x8000
     b0c:	066e                	slli	a2,a2,0x1b
     b0e:	0000                	unimp
     b10:	0b02                	c.slli64	s6
     b12:	0000                	unimp
     b14:	0102                	c.slli64	sp
     b16:	025a                	slli	tp,tp,0x16
     b18:	0079                	c.nop	30
     b1a:	0102                	c.slli64	sp
     b1c:	0230015b          	.4byte	0x230015b
     b20:	5c01                	li	s8,-32
     b22:	7802                	.2byte	0x7802
     b24:	0000                	unimp
     b26:	4c10                	lw	a2,24(s0)
     b28:	0002                	c.slli64	zero
     b2a:	a280                	.2byte	0xa280
     b2c:	0005                	c.nop	1
     b2e:	0200                	addi	s0,sp,256
     b30:	5a01                	li	s4,-32
     b32:	8202                	jr	tp
     b34:	0200                	addi	s0,sp,256
     b36:	5b01                	li	s6,-32
     b38:	3001                	jal	338 <_program_size-0x940>
     b3a:	0102                	c.slli64	sp
     b3c:	025c                	addi	a5,sp,260
     b3e:	0078                	addi	a4,sp,12
     b40:	0000                	unimp
     b42:	2700                	.2byte	0x2700
     b44:	0004                	.2byte	0x4
     b46:	0500                	addi	s0,sp,640
     b48:	0100                	addi	s0,sp,128
     b4a:	9904                	.2byte	0x9904
     b4c:	0002                	c.slli64	zero
     b4e:	1700                	addi	s0,sp,928
     b50:	00f4                	addi	a3,sp,76
     b52:	0000                	unimp
     b54:	8b1d                	andi	a4,a4,7
     b56:	0001                	nop
     b58:	0000                	unimp
     b5a:	0000                	unimp
     b5c:	9700                	.2byte	0x9700
     b5e:	0002                	c.slli64	zero
     b60:	0000                	unimp
     b62:	0000                	unimp
     b64:	9d00                	.2byte	0x9d00
     b66:	000c                	.2byte	0xc
     b68:	0100                	addi	s0,sp,128
     b6a:	0704                	addi	s1,sp,896
     b6c:	01dd                	addi	gp,gp,23
     b6e:	0000                	unimp
     b70:	b406                	.2byte	0xb406
     b72:	0002                	c.slli64	zero
     b74:	0300                	addi	s0,sp,384
     b76:	1b28                	addi	a0,sp,440
     b78:	0039                	c.nop	14
     b7a:	0000                	unimp
     b7c:	0418                	addi	a4,sp,512
     b7e:	0288                	addi	a0,sp,320
     b80:	0000                	unimp
     b82:	bb06                	.2byte	0xbb06
     b84:	0002                	c.slli64	zero
     b86:	0300                	addi	s0,sp,384
     b88:	002d1863          	bne	s10,sp,b98 <_program_size-0xe0>
     b8c:	0000                	unimp
     b8e:	0101                	addi	sp,sp,0
     b90:	c006                	sw	ra,0(sp)
     b92:	0001                	nop
     b94:	0100                	addi	s0,sp,128
     b96:	0801                	addi	a6,a6,0
     b98:	01be                	slli	gp,gp,0xf
     b9a:	0000                	unimp
     b9c:	0201                	addi	tp,tp,0 # 8000 <_stack_size+0x6000>
     b9e:	9a05                	andi	a2,a2,-31
     ba0:	0000                	unimp
     ba2:	0100                	addi	s0,sp,128
     ba4:	0702                	c.slli64	a4
     ba6:	01fa                	slli	gp,gp,0x1e
     ba8:	0000                	unimp
     baa:	9a06                	add	s4,s4,ra
     bac:	0002                	c.slli64	zero
     bae:	0400                	addi	s0,sp,512
     bb0:	184d                	addi	a6,a6,-13
     bb2:	00000073          	ecall
     bb6:	0401                	addi	s0,s0,0 # 1a000 <_available_heap+0xcc78>
     bb8:	da05                	beqz	a2,ae8 <_program_size-0x190>
     bba:	0000                	unimp
     bbc:	0600                	addi	s0,sp,768
     bbe:	00a4                	addi	s1,sp,72
     bc0:	0000                	unimp
     bc2:	4f04                	lw	s1,24(a4)
     bc4:	8619                	srai	a2,a2,0x6
     bc6:	0000                	unimp
     bc8:	0100                	addi	s0,sp,128
     bca:	0704                	addi	s1,sp,896
     bcc:	01d8                	addi	a4,sp,196
     bce:	0000                	unimp
     bd0:	0801                	addi	a6,a6,0
     bd2:	d505                	beqz	a0,afa <_program_size-0x17e>
     bd4:	0000                	unimp
     bd6:	0100                	addi	s0,sp,128
     bd8:	0708                	addi	a0,sp,896
     bda:	000001d3          	.4byte	0x1d3
     bde:	0419                	addi	s0,s0,6
     be0:	6905                	lui	s2,0x1
     be2:	746e                	.2byte	0x746e
     be4:	0600                	addi	s0,sp,768
     be6:	029c                	addi	a5,sp,320
     be8:	0000                	unimp
     bea:	2c05                	jal	e1a <_program_size+0x1a2>
     bec:	00006713          	ori	a4,zero,0
     bf0:	0600                	addi	s0,sp,768
     bf2:	00a6                	slli	ra,ra,0x9
     bf4:	0000                	unimp
     bf6:	3005                	jal	416 <_program_size-0x862>
     bf8:	7a14                	.2byte	0x7a14
     bfa:	0000                	unimp
     bfc:	1a00                	addi	s0,sp,304
     bfe:	00ae                	slli	ra,ra,0xb
     c00:	0000                	unimp
     c02:	0002d41b          	.4byte	0x2d41b
     c06:	0200                	addi	s0,sp,256
     c08:	00d42213          	slti	tp,s0,13
     c0c:	0000                	unimp
     c0e:	0000                	unimp
     c10:	6400                	.2byte	0x6400
     c12:	ba0d                	j	544 <_program_size-0x734>
     c14:	0000                	unimp
     c16:	0e00                	addi	s0,sp,784
     c18:	000000cf          	.4byte	0xcf
     c1c:	0002ac0f          	.4byte	0x2ac0f
     c20:	1600                	addi	s0,sp,800
     c22:	03e2                	slli	t2,t2,0x18
     c24:	8000                	.2byte	0x8000
     c26:	0174                	addi	a3,sp,140
     c28:	0000                	unimp
     c2a:	9c01                	.2byte	0x9c01
     c2c:	0306                	slli	t1,t1,0x1
     c2e:	0000                	unimp
     c30:	6610                	.2byte	0x6610
     c32:	746d                	lui	s0,0xffffb
     c34:	1600                	addi	s0,sp,800
     c36:	061a                	slli	a2,a2,0x6
     c38:	00000003          	lb	zero,0(zero) # 0 <_program_size-0xc78>
     c3c:	000e                	c.slli	zero,0x3
     c3e:	1c00                	addi	s0,sp,560
     c40:	7609                	lui	a2,0xfffe2
     c42:	006c                	addi	a1,sp,12
     c44:	0a18                	addi	a4,sp,272
     c46:	0000003f 7f9c9103 	.8byte	0x7f9c91030000003f
     c4e:	c311                	beqz	a4,c52 <_program_size-0x26>
     c50:	0002                	c.slli64	zero
     c52:	0700                	addi	s0,sp,896
     c54:	00000317          	auipc	t1,0x0
     c58:	00000e2f          	.4byte	0xe2f
     c5c:	a41d                	j	e82 <_program_size+0x20a>
     c5e:	0002                	c.slli64	zero
     c60:	0100                	addi	s0,sp,128
     c62:	1219                	addi	tp,tp,-26 # ffffffe6 <_ram_end+0x7ffeffe6>
     c64:	00000317          	auipc	t1,0x0
     c68:	1100                	addi	s0,sp,160
     c6a:	0280                	addi	s0,sp,320
     c6c:	0000                	unimp
     c6e:	0003171b          	.4byte	0x3171b
     c72:	9500                	.2byte	0x9500
     c74:	000e                	c.slli	zero,0x3
     c76:	0500                	addi	s0,sp,640
     c78:	071a0063          	beq	s4,a7,cd8 <_program_size+0x60>
     c7c:	0000030b          	.4byte	0x30b
     c80:	0ef0                	addi	a2,sp,860
     c82:	0000                	unimp
     c84:	1312                	slli	t1,t1,0x24
     c86:	0002                	c.slli64	zero
     c88:	dc00                	sw	s0,56(s0)
     c8a:	0002                	c.slli64	zero
     c8c:	0500                	addi	s0,sp,640
     c8e:	006e                	c.slli	zero,0x1b
     c90:	1324                	addi	s1,sp,424
     c92:	0086                	slli	ra,ra,0x1
     c94:	0000                	unimp
     c96:	0f12                	slli	t5,t5,0x4
     c98:	0000                	unimp
     c9a:	6309                	lui	t1,0x2
     c9c:	2600                	.2byte	0x2600
     c9e:	1e0a                	slli	t3,t3,0x22
     ca0:	03000003          	lb	zero,48(zero) # 30 <_program_size-0xc48>
     ca4:	a091                	j	ce8 <_program_size+0x70>
     ca6:	127f                	.2byte	0x127f
     ca8:	0284                	addi	s1,sp,320
     caa:	0000                	unimp
     cac:	0000017b          	.4byte	0x17b
     cb0:	6905                	lui	s2,0x1
     cb2:	2700                	.2byte	0x2700
     cb4:	9b0e                	add	s6,s6,gp
     cb6:	0000                	unimp
     cb8:	3f00                	.2byte	0x3f00
     cba:	0000000f          	fence	unknown,unknown
     cbe:	100a                	c.slli	zero,0x22
     cc0:	0005                	c.nop	1
     cc2:	1480                	addi	s0,sp,608
     cc4:	0000                	unimp
     cc6:	9600                	.2byte	0x9600
     cc8:	0001                	nop
     cca:	0500                	addi	s0,sp,640
     ccc:	0069                	c.nop	26
     cce:	0f2d                	addi	t5,t5,11 # fffe800b <_ram_end+0x7ffd800b>
     cd0:	0000009b          	.4byte	0x9b
     cd4:	0f4c                	addi	a1,sp,916
     cd6:	0000                	unimp
     cd8:	0a00                	addi	s0,sp,272
     cda:	0540                	addi	s0,sp,644
     cdc:	8000                	.2byte	0x8000
     cde:	0016                	c.slli	zero,0x5
     ce0:	0000                	unimp
     ce2:	01d4                	addi	a3,sp,196
     ce4:	0000                	unimp
     ce6:	6905                	lui	s2,0x1
     ce8:	3100                	.2byte	0x3100
     cea:	9b0e                	add	s6,s6,gp
     cec:	0000                	unimp
     cee:	7e00                	.2byte	0x7e00
     cf0:	0700000f          	fence	orw,unknown
     cf4:	0401                	addi	s0,s0,0 # ffffb000 <_ram_end+0x7ffeb000>
     cf6:	0000                	unimp
     cf8:	0540                	addi	s0,sp,644
     cfa:	8000                	.2byte	0x8000
     cfc:	000c                	.2byte	0xc
     cfe:	0000                	unimp
     d00:	2531                	jal	130c <_program_size+0x694>
     d02:	00040a03          	lb	s4,0(s0)
     d06:	0400                	addi	s0,sp,512
     d08:	0414                	addi	a3,sp,512
     d0a:	0000                	unimp
     d0c:	1f02                	slli	t5,t5,0x20
     d0e:	0004                	.2byte	0x4
     d10:	a300                	.2byte	0xa300
     d12:	0000000f          	fence	unknown,unknown
     d16:	0a00                	addi	s0,sp,272
     d18:	0458                	addi	a4,sp,516
     d1a:	8000                	.2byte	0x8000
     d1c:	0042                	c.slli	zero,0x10
     d1e:	0000                	unimp
     d20:	0236                	slli	tp,tp,0xd
     d22:	0000                	unimp
     d24:	6e09                	lui	t3,0x2
     d26:	3700                	.2byte	0x3700
     d28:	00008613          	mv	a2,ra
     d2c:	0100                	addi	s0,sp,128
     d2e:	0069056f          	jal	a0,90d34 <_available_heap+0x839ac>
     d32:	0a38                	addi	a4,sp,280
     d34:	00000073          	ecall
     d38:	00000faf          	.4byte	0xfaf
     d3c:	4b08                	lw	a0,16(a4)
     d3e:	0002                	c.slli64	zero
     d40:	0500                	addi	s0,sp,640
     d42:	0064                	addi	s1,sp,12
     d44:	0b41                	addi	s6,s6,16
     d46:	00000073          	ecall
     d4a:	00000fbb          	.4byte	0xfbb
     d4e:	00040113          	mv	sp,s0
     d52:	7000                	.2byte	0x7000
     d54:	0004                	.2byte	0x4
     d56:	5e80                	lw	s0,56(a3)
     d58:	0002                	c.slli64	zero
     d5a:	4300                	lw	s0,0(a4)
     d5c:	0306                	slli	t1,t1,0x1
     d5e:	040a                	slli	s0,s0,0x2
     d60:	0000                	unimp
     d62:	5e08                	lw	a0,56(a2)
     d64:	0002                	c.slli64	zero
     d66:	0400                	addi	s0,sp,512
     d68:	0414                	addi	a3,sp,512
     d6a:	0000                	unimp
     d6c:	1f02                	slli	t5,t5,0x20
     d6e:	0004                	.2byte	0x4
     d70:	c700                	sw	s0,8(a4)
     d72:	0000000f          	fence	unknown,unknown
     d76:	0000                	unimp
     d78:	1400                	addi	s0,sp,544
     d7a:	0401                	addi	s0,s0,0
     d7c:	0000                	unimp
     d7e:	0432                	slli	s0,s0,0xc
     d80:	8000                	.2byte	0x8000
     d82:	0000022f          	.4byte	0x22f
     d86:	00026a4b          	.4byte	0x26a4b
     d8a:	0b00                	addi	s0,sp,400
     d8c:	040a                	slli	s0,s0,0x2
     d8e:	0000                	unimp
     d90:	00000fd3          	.4byte	0xfd3
     d94:	2f08                	.2byte	0x2f08
     d96:	0002                	c.slli64	zero
     d98:	0200                	addi	s0,sp,256
     d9a:	0414                	addi	a3,sp,512
     d9c:	0000                	unimp
     d9e:	0fdf 0000 1f02      	.byte	0xdf, 0x0f, 0x00, 0x00, 0x02, 0x1f
     da4:	0004                	.2byte	0x4
     da6:	ee00                	.2byte	0xee00
     da8:	0000000f          	fence	unknown,unknown
     dac:	1400                	addi	s0,sp,544
     dae:	03df 0000 049e      	.byte	0xdf, 0x03, 0x00, 0x00, 0x9e, 0x04
     db4:	8000                	.2byte	0x8000
     db6:	0271                	addi	tp,tp,28 # 1c <_program_size-0xc5c>
     db8:	0000                	unimp
     dba:	b848                	.2byte	0xb848
     dbc:	0002                	c.slli64	zero
     dbe:	0b00                	addi	s0,sp,400
     dc0:	03ec                	addi	a1,sp,460
     dc2:	0000                	unimp
     dc4:	0ffa                	slli	t6,t6,0x1e
     dc6:	0000                	unimp
     dc8:	7108                	.2byte	0x7108
     dca:	0002                	c.slli64	zero
     dcc:	0200                	addi	s0,sp,256
     dce:	03f6                	slli	t2,t2,0x1d
     dd0:	0000                	unimp
     dd2:	1006                	c.slli	zero,0x21
     dd4:	0000                	unimp
     dd6:	00040107          	.4byte	0x40107
     dda:	a800                	.2byte	0xa800
     ddc:	0004                	.2byte	0x4
     dde:	0c80                	addi	s0,sp,592
     de0:	0000                	unimp
     de2:	0c00                	addi	s0,sp,528
     de4:	040a0303          	lb	t1,64(s4)
     de8:	0000                	unimp
     dea:	1404                	addi	s1,sp,544
     dec:	0004                	.2byte	0x4
     dee:	0200                	addi	s0,sp,256
     df0:	041f 0000 101d      	.byte	0x1f, 0x04, 0x00, 0x00, 0x1d, 0x10
     df6:	0000                	unimp
     df8:	0000                	unimp
     dfa:	0700                	addi	s0,sp,896
     dfc:	0401                	addi	s0,s0,0
     dfe:	0000                	unimp
     e00:	04dc                	addi	a5,sp,580
     e02:	8000                	.2byte	0x8000
     e04:	0012                	c.slli	zero,0x4
     e06:	0000                	unimp
     e08:	0629                	addi	a2,a2,10 # fffe200a <_ram_end+0x7ffd200a>
     e0a:	00040a03          	lb	s4,0(s0)
     e0e:	0400                	addi	s0,sp,512
     e10:	0414                	addi	a3,sp,512
     e12:	0000                	unimp
     e14:	1f02                	slli	t5,t5,0x20
     e16:	0004                	.2byte	0x4
     e18:	2900                	.2byte	0x2900
     e1a:	0010                	.2byte	0x10
     e1c:	0000                	unimp
     e1e:	1300                	addi	s0,sp,416
     e20:	0401                	addi	s0,s0,0
     e22:	0000                	unimp
     e24:	0408                	addi	a0,sp,512
     e26:	8000                	.2byte	0x8000
     e28:	0200                	addi	s0,sp,256
     e2a:	0000                	unimp
     e2c:	0454                	addi	a3,sp,516
     e2e:	00040a03          	lb	s4,0(s0)
     e32:	0800                	addi	s0,sp,16
     e34:	0200                	addi	s0,sp,256
     e36:	0000                	unimp
     e38:	1404                	addi	s1,sp,544
     e3a:	0004                	.2byte	0x4
     e3c:	0200                	addi	s0,sp,256
     e3e:	041f 0000 1035      	.byte	0x1f, 0x04, 0x00, 0x00, 0x35, 0x10
     e44:	0000                	unimp
     e46:	0000                	unimp
     e48:	0d00                	addi	s0,sp,656
     e4a:	0312                	slli	t1,t1,0x4
     e4c:	0000                	unimp
     e4e:	0101                	addi	sp,sp,0
     e50:	c708                	sw	a0,8(a4)
     e52:	0001                	nop
     e54:	0e00                	addi	s0,sp,784
     e56:	0000030b          	.4byte	0x30b
     e5a:	0101                	addi	sp,sp,0
     e5c:	df02                	sw	zero,188(sp)
     e5e:	0002                	c.slli64	zero
     e60:	1e00                	addi	s0,sp,816
     e62:	0000030b          	.4byte	0x30b
     e66:	032e                	slli	t1,t1,0xb
     e68:	0000                	unimp
     e6a:	261f 0000 3f00      	.byte	0x1f, 0x26, 0x00, 0x00, 0x00, 0x3f
     e70:	0f00                	addi	s0,sp,912
     e72:	02ce                	slli	t0,t0,0x13
     e74:	0000                	unimp
     e76:	0000000f          	fence	unknown,unknown
     e7a:	0000                	unimp
     e7c:	0000                	unimp
     e7e:	0100                	addi	s0,sp,128
     e80:	df9c                	sw	a5,56(a5)
     e82:	10000003          	lb	zero,256(zero) # 100 <_program_size-0xb78>
     e86:	180f0073          	.4byte	0x180f0073
     e8a:	0306                	slli	t1,t1,0x1
     e8c:	0000                	unimp
     e8e:	1041                	c.nop	-16
     e90:	0000                	unimp
     e92:	df15                	beqz	a4,dce <_program_size+0x156>
     e94:	00000003          	lb	zero,0(zero) # 0 <_program_size-0xc78>
     e98:	0000                	unimp
     e9a:	0000                	unimp
     e9c:	0000                	unimp
     e9e:	1100                	addi	s0,sp,160
     ea0:	00000397          	auipc	t2,0x0
     ea4:	0003ec0b          	.4byte	0x3ec0b
     ea8:	5b00                	lw	s0,48(a4)
     eaa:	0010                	.2byte	0x10
     eac:	0200                	addi	s0,sp,256
     eae:	03f6                	slli	t2,t2,0x1d
     eb0:	0000                	unimp
     eb2:	00001067          	.4byte	0x1067
     eb6:	00040107          	.4byte	0x40107
	...
     ec2:	0c00                	addi	s0,sp,528
     ec4:	040a0303          	lb	t1,64(s4)
     ec8:	0000                	unimp
     eca:	1404                	addi	s1,sp,544
     ecc:	0004                	.2byte	0x4
     ece:	0200                	addi	s0,sp,256
     ed0:	041f 0000 107e      	.byte	0x1f, 0x04, 0x00, 0x00, 0x7e, 0x10
     ed6:	0000                	unimp
     ed8:	0000                	unimp
     eda:	0115                	addi	sp,sp,5
     edc:	0004                	.2byte	0x4
	...
     ee6:	1200                	addi	s0,sp,288
     ee8:	03bd                	addi	t2,t2,15 # eaf <_program_size+0x237>
     eea:	0000                	unimp
     eec:	00040a03          	lb	s4,0(s0)
     ef0:	0400                	addi	s0,sp,512
     ef2:	0414                	addi	a3,sp,512
     ef4:	0000                	unimp
     ef6:	1f02                	slli	t5,t5,0x20
     ef8:	0004                	.2byte	0x4
     efa:	8a00                	.2byte	0x8a00
     efc:	0010                	.2byte	0x10
     efe:	0000                	unimp
     f00:	00040107          	.4byte	0x40107
	...
     f0c:	1300                	addi	s0,sp,416
     f0e:	0302                	c.slli64	t1
     f10:	040a                	slli	s0,s0,0x2
     f12:	0000                	unimp
     f14:	1404                	addi	s1,sp,544
     f16:	0004                	.2byte	0x4
     f18:	2000                	.2byte	0x2000
     f1a:	041f 0000 5d01      	.byte	0x1f, 0x04, 0x00, 0x00, 0x01, 0x5d
     f20:	0000                	unimp
     f22:	cd21                	beqz	a0,f7a <_program_size+0x302>
     f24:	0002                	c.slli64	zero
     f26:	0100                	addi	s0,sp,128
     f28:	1408                	addi	a0,sp,544
     f2a:	00040103          	lb	sp,0(s0)
     f2e:	1600                	addi	s0,sp,800
     f30:	08010073          	.4byte	0x8010073
     f34:	00030627          	.4byte	0x30627
     f38:	0c00                	addi	s0,sp,528
     f3a:	0a010063          	beqz	sp,fda <_program_size+0x362>
     f3e:	00030b07          	.4byte	0x30b07
     f42:	0000                	unimp
     f44:	d922                	sw	s0,176(sp)
     f46:	0002                	c.slli64	zero
     f48:	0200                	addi	s0,sp,256
     f4a:	1415                	addi	s0,s0,-27
     f4c:	00631603          	lh	a2,6(t1) # 2006 <_stack_size+0x6>
     f50:	1502                	slli	a0,a0,0x20
     f52:	0b1f 0003 0c00      	.byte	0x1f, 0x0b, 0x03, 0x00, 0x00, 0x0c
     f58:	7874                	.2byte	0x7874
     f5a:	0200                	addi	s0,sp,256
     f5c:	00cf1517          	auipc	a0,0xcf1
     f60:	0000                	unimp
     f62:	720c                	.2byte	0x720c
     f64:	0200                	addi	s0,sp,256
     f66:	0a19                	addi	s4,s4,6
     f68:	00a2                	slli	ra,ra,0x8
     f6a:	0000                	unimp
     f6c:	0000                	unimp
     f6e:	0b41                	addi	s6,s6,16
     f70:	0000                	unimp
     f72:	0005                	c.nop	1
     f74:	0401                	addi	s0,s0,0
     f76:	0466                	slli	s0,s0,0x19
     f78:	0000                	unimp
     f7a:	f421                	bnez	s0,ec2 <_program_size+0x24a>
     f7c:	0000                	unimp
     f7e:	1d00                	addi	s0,sp,688
     f80:	0246                	slli	tp,tp,0x11
     f82:	0000                	unimp
     f84:	0000                	unimp
     f86:	0000                	unimp
     f88:	00000383          	lb	t2,0(zero) # 0 <_program_size-0xc78>
     f8c:	0000                	unimp
     f8e:	0000                	unimp
     f90:	000012c7          	.4byte	0x12c7
     f94:	0105                	addi	sp,sp,1
     f96:	c006                	sw	ra,0(sp)
     f98:	0001                	nop
     f9a:	1000                	addi	s0,sp,32
     f9c:	00ea                	slli	ra,ra,0x1a
     f9e:	0000                	unimp
     fa0:	2b02                	.2byte	0x2b02
     fa2:	3918                	.2byte	0x3918
     fa4:	0000                	unimp
     fa6:	0500                	addi	s0,sp,640
     fa8:	0801                	addi	a6,a6,0
     faa:	01be                	slli	gp,gp,0xf
     fac:	0000                	unimp
     fae:	0205                	addi	tp,tp,1 # 1 <_program_size-0xc77>
     fb0:	9a05                	andi	a2,a2,-31
     fb2:	0000                	unimp
     fb4:	0500                	addi	s0,sp,640
     fb6:	0702                	c.slli64	a4
     fb8:	01fa                	slli	gp,gp,0x1e
     fba:	0000                	unimp
     fbc:	0405                	addi	s0,s0,1
     fbe:	da05                	beqz	a2,eee <_program_size+0x276>
     fc0:	0000                	unimp
     fc2:	1000                	addi	s0,sp,32
     fc4:	00a4                	addi	s1,sp,72
     fc6:	0000                	unimp
     fc8:	4f02                	lw	t5,0(sp)
     fca:	6119                	addi	sp,sp,384
     fcc:	0000                	unimp
     fce:	0500                	addi	s0,sp,640
     fd0:	0704                	addi	s1,sp,896
     fd2:	01d8                	addi	a4,sp,196
     fd4:	0000                	unimp
     fd6:	0805                	addi	a6,a6,1
     fd8:	d505                	beqz	a0,f00 <_program_size+0x288>
     fda:	0000                	unimp
     fdc:	0500                	addi	s0,sp,640
     fde:	0708                	addi	a0,sp,896
     fe0:	000001d3          	.4byte	0x1d3
     fe4:	0422                	slli	s0,s0,0x8
     fe6:	6905                	lui	s2,0x1
     fe8:	746e                	.2byte	0x746e
     fea:	0500                	addi	s0,sp,640
     fec:	0704                	addi	s1,sp,896
     fee:	01dd                	addi	gp,gp,23
     ff0:	0000                	unimp
     ff2:	ec10                	.2byte	0xec10
     ff4:	0000                	unimp
     ff6:	0300                	addi	s0,sp,384
     ff8:	1318                	addi	a4,sp,416
     ffa:	002d                	c.nop	11
     ffc:	0000                	unimp
     ffe:	8406                	mv	s0,ra
    1000:	0000                	unimp
    1002:	1000                	addi	s0,sp,32
    1004:	00a6                	slli	ra,ra,0x9
    1006:	0000                	unimp
    1008:	55143003          	.4byte	0x55143003
    100c:	0000                	unimp
    100e:	2300                	.2byte	0x2300
    1010:	0095                	addi	ra,ra,5
    1012:	0000                	unimp
    1014:	d424                	sw	s1,104(s0)
    1016:	0002                	c.slli64	zero
    1018:	0400                	addi	s0,sp,512
    101a:	00bb2213          	slti	tp,s6,11
    101e:	0000                	unimp
    1020:	0000                	unimp
    1022:	6400                	.2byte	0x6400
    1024:	a10c                	.2byte	0xa10c
    1026:	0000                	unimp
    1028:	0600                	addi	s0,sp,768
    102a:	00b6                	slli	ra,ra,0xd
    102c:	0000                	unimp
    102e:	9008                	.2byte	0x9008
    1030:	0000                	unimp
    1032:	d000                	sw	s0,32(s0)
    1034:	0000                	unimp
    1036:	0900                	addi	s0,sp,144
    1038:	007d                	c.nop	31
    103a:	0000                	unimp
    103c:	001f c006 0000      	.byte	0x1f, 0x00, 0x06, 0xc0, 0x00, 0x00
    1042:	0400                	addi	s0,sp,512
    1044:	0331                	addi	t1,t1,12
    1046:	0000                	unimp
    1048:	0000d017          	auipc	zero,0xd
    104c:	2000                	.2byte	0x2000
    104e:	0100                	addi	s0,sp,128
    1050:	0302                	c.slli64	t1
    1052:	0504                	addi	s1,sp,640
    1054:	0706                	slli	a4,a4,0x1
    1056:	0908                	addi	a0,sp,144
    1058:	0b0a                	slli	s6,s6,0x2
    105a:	0d0c                	addi	a1,sp,656
    105c:	0f0e                	slli	t5,t5,0x3
    105e:	1110                	addi	a2,sp,160
    1060:	1312                	slli	t1,t1,0x24
    1062:	1514                	addi	a3,sp,672
    1064:	1716                	slli	a4,a4,0x25
    1066:	1918                	addi	a4,sp,176
    1068:	1b1a                	slli	s6,s6,0x26
    106a:	1d1c                	addi	a5,sp,688
    106c:	1f1e                	slli	t5,t5,0x27
    106e:	9008                	.2byte	0x9008
    1070:	0000                	unimp
    1072:	1000                	addi	s0,sp,32
    1074:	0001                	nop
    1076:	0900                	addi	s0,sp,144
    1078:	007d                	c.nop	31
    107a:	0000                	unimp
    107c:	0006000b          	.4byte	0x6000b
    1080:	0001                	nop
    1082:	0400                	addi	s0,sp,512
    1084:	039a                	slli	t2,t2,0x6
    1086:	0000                	unimp
    1088:	1018                	addi	a4,sp,32
    108a:	0001                	nop
    108c:	0c00                	addi	s0,sp,528
    108e:	0000                	unimp
    1090:	0000                	unimp
    1092:	0000                	unimp
    1094:	4a00                	lw	s0,16(a2)
    1096:	0000                	unimp
    1098:	0000                	unimp
    109a:	9008                	.2byte	0x9008
    109c:	0000                	unimp
    109e:	3c00                	.2byte	0x3c00
    10a0:	0001                	nop
    10a2:	0900                	addi	s0,sp,144
    10a4:	007d                	c.nop	31
    10a6:	0000                	unimp
    10a8:	0071                	c.nop	28
    10aa:	2c06                	.2byte	0x2c06
    10ac:	0001                	nop
    10ae:	0400                	addi	s0,sp,512
    10b0:	00000323          	sb	zero,6(zero) # 6 <_program_size-0xc72>
    10b4:	3c19                	jal	aca <_program_size-0x1ae>
    10b6:	0001                	nop
    10b8:	7200                	.2byte	0x7200
    10ba:	614c                	.2byte	0x614c
    10bc:	6964                	.2byte	0x6964
    10be:	7365                	lui	t1,0xffff9
    10c0:	6120                	.2byte	0x6120
    10c2:	646e                	.2byte	0x646e
    10c4:	4720                	lw	s0,72(a4)
    10c6:	6e65                	lui	t3,0x19
    10c8:	6c74                	.2byte	0x6c74
    10ca:	6d65                	lui	s10,0x19
    10cc:	6e65                	lui	t3,0x19
    10ce:	6f20                	.2byte	0x6f20
    10d0:	2066                	.2byte	0x2066
    10d2:	6874                	.2byte	0x6874
    10d4:	2065                	jal	117c <_program_size+0x504>
    10d6:	73616c63          	bltu	sp,s6,180e <_program_size+0xb96>
    10da:	666f2073          	csrs	0x666,t5
    10de:	2720                	.2byte	0x2720
    10e0:	3939                	jal	cfe <_program_size+0x86>
    10e2:	203a                	.2byte	0x203a
    10e4:	6649                	lui	a2,0x12
    10e6:	4920                	lw	s0,80(a0)
    10e8:	6320                	.2byte	0x6320
    10ea:	646c756f          	jal	a0,c8730 <_available_heap+0xbb3a8>
    10ee:	6f20                	.2byte	0x6f20
    10f0:	6666                	.2byte	0x6666
    10f2:	7265                	lui	tp,0xffff9
    10f4:	7920                	.2byte	0x7920
    10f6:	6f20756f          	jal	a0,87e8 <_stack_size+0x67e8>
    10fa:	6c6e                	.2byte	0x6c6e
    10fc:	2079                	jal	118a <_program_size+0x512>
    10fe:	20656e6f          	jal	t3,57304 <_available_heap+0x49f7c>
    1102:	6974                	.2byte	0x6974
    1104:	2070                	.2byte	0x2070
    1106:	6f66                	.2byte	0x6f66
    1108:	2072                	.2byte	0x2072
    110a:	6874                	.2byte	0x6874
    110c:	2065                	jal	11b4 <_program_size+0x53c>
    110e:	7566                	.2byte	0x7566
    1110:	7574                	.2byte	0x7574
    1112:	6572                	.2byte	0x6572
    1114:	202c                	.2byte	0x202c
    1116:	736e7573          	csrrci	a0,mhpmevent22h,28
    111a:	65657263          	bgeu	a0,s6,175e <_program_size+0xae6>
    111e:	206e                	.2byte	0x206e
    1120:	6c756f77          	.4byte	0x6c756f77
    1124:	2064                	.2byte	0x2064
    1126:	6562                	.2byte	0x6562
    1128:	6920                	.2byte	0x6920
    112a:	2e74                	.2byte	0x2e74
    112c:	e704                	.2byte	0xe704
    112e:	1a000003          	lb	zero,416(zero) # 1a0 <_program_size-0xad8>
    1132:	013c                	addi	a5,sp,136
    1134:	0000                	unimp
    1136:	6e72                	.2byte	0x6e72
    1138:	352e                	.2byte	0x352e
    113a:	259a                	.2byte	0x259a
    113c:	f968                	.2byte	0xf968
    113e:	4180                	lw	s0,0(a1)
    1140:	07ba                	slli	a5,a5,0xe
    1142:	dd28                	sw	a0,120(a0)
    1144:	690d                	lui	s2,0x3
    1146:	e981                	bnez	a1,1156 <_program_size+0x4de>
    1148:	7a7e                	.2byte	0x7a7e
    114a:	1dec                	addi	a1,sp,764
    114c:	0ac26043          	.4byte	0xac26043
    1150:	fdccaf27          	.4byte	0xfdccaf27
    1154:	ae9f f90b 651b      	.byte	0x9f, 0xae, 0x0b, 0xf9, 0x1b, 0x65
    115a:	52c5                	li	t0,-15
    115c:	8fab3347          	.4byte	0x8fab3347
    1160:	3d59                	jal	ff6 <_program_size+0x37e>
    1162:	b362cdab          	.4byte	0xb362cdab
    1166:	d6391657          	.4byte	0xd6391657
    116a:	e624                	.2byte	0xe624
    116c:	5251                	li	tp,-12
    116e:	0c538fab          	.4byte	0xc538fab
    1172:	9f35                	.2byte	0x9f35
    1174:	6108                	.2byte	0x6108
    1176:	07d8                	addi	a4,sp,964
    1178:	0dca                	slli	s11,s11,0x12
    117a:	6a0d50bf 8ea35661 	.8byte	0x8ea356616a0d50bf
    1182:	8a08                	.2byte	0x8a08
    1184:	b622                	.2byte	0xb622
    1186:	525e                	lw	tp,244(sp)
    1188:	51bc                	lw	a5,96(a1)
    118a:	164d                	addi	a2,a2,-13 # 11ff3 <_available_heap+0x4c6b>
    118c:	f8cc                	.2byte	0xf8cc
    118e:	8106                	mv	sp,ra
    1190:	e98c                	.2byte	0xe98c
    1192:	b71a                	.2byte	0xb71a
    1194:	3779                	jal	1122 <_program_size+0x4aa>
    1196:	5a36                	lw	s4,108(sp)
    1198:	0bf9                	addi	s7,s7,30
    119a:	5ba374bf 8e0bb4e6 	.8byte	0x8e0bb4e65ba374bf
    11a2:	f2ed                	bnez	a3,1184 <_program_size+0x50c>
    11a4:	5e78                	lw	a4,124(a2)
    11a6:	8742                	mv	a4,a6
    11a8:	044d                	addi	s0,s0,19
    11aa:	03da                	slli	t2,t2,0x16
    11ac:	0000                	unimp
    11ae:	d01d                	beqz	s0,10d4 <_program_size+0x45c>
    11b0:	0000                	unimp
    11b2:	2000                	.2byte	0x2000
    11b4:	d685                	beqz	a3,10dc <_program_size+0x464>
    11b6:	78be                	.2byte	0x78be
    11b8:	336d5557          	.4byte	0x336d5557
    11bc:	447f                	.2byte	0x447f
    11be:	fe52                	.2byte	0xfe52
    11c0:	d542                	sw	a6,168(sp)
    11c2:	a806                	.2byte	0xa806
    11c4:	0301                	addi	t1,t1,0 # ffff9000 <_ram_end+0x7ffe9000>
    11c6:	8a80                	.2byte	0x8a80
    11c8:	fdb20dfb          	.4byte	0xfdb20dfb
    11cc:	bf4a                	.2byte	0xbf4a
    11ce:	aff6                	.2byte	0xaff6
    11d0:	4941                	li	s2,16
    11d2:	1bf5                	addi	s7,s7,-3
    11d4:	9008                	.2byte	0x9008
    11d6:	0000                	unimp
    11d8:	7600                	.2byte	0x7600
    11da:	0002                	c.slli64	zero
    11dc:	0900                	addi	s0,sp,144
    11de:	007d                	c.nop	31
    11e0:	0000                	unimp
    11e2:	0021                	c.nop	8
    11e4:	6606                	.2byte	0x6606
    11e6:	0002                	c.slli64	zero
    11e8:	0400                	addi	s0,sp,512
    11ea:	02ee                	slli	t0,t0,0x1b
    11ec:	0000                	unimp
    11ee:	761e                	.2byte	0x761e
    11f0:	0002                	c.slli64	zero
    11f2:	2200                	.2byte	0x2200
    11f4:	70797243          	.4byte	0x70797243
    11f8:	6f74                	.2byte	0x6f74
    11fa:	70617267          	.4byte	0x70617267
    11fe:	6968                	.2byte	0x6968
    1200:	6f462063          	.4byte	0x6f462063
    1204:	7572                	.2byte	0x7572
    1206:	206d                	jal	12b0 <_program_size+0x638>
    1208:	6552                	.2byte	0x6552
    120a:	72616573          	csrrsi	a0,mhpmevent6h,2
    120e:	47206863          	bltu	zero,s2,167e <_program_size+0xa06>
    1212:	6f72                	.2byte	0x6f72
    1214:	7075                	c.lui	zero,0xffffd
    1216:	9008                	.2byte	0x9008
    1218:	0000                	unimp
    121a:	b800                	.2byte	0xb800
    121c:	0002                	c.slli64	zero
    121e:	0900                	addi	s0,sp,144
    1220:	007d                	c.nop	31
    1222:	0000                	unimp
    1224:	a806000f          	.4byte	0xa806000f
    1228:	0002                	c.slli64	zero
    122a:	0400                	addi	s0,sp,512
    122c:	000003ab          	.4byte	0x3ab
    1230:	b81f 0002 1000      	.byte	0x1f, 0xb8, 0x02, 0x00, 0x00, 0x10
    1236:	06a8                	addi	a0,sp,840
    1238:	c11d                	beqz	a0,125e <_program_size+0x5e6>
    123a:	5130                	lw	a2,96(a0)
    123c:	c636                	sw	a3,12(sp)
    123e:	2bc2                	.2byte	0x2bc2
    1240:	010caf8b          	.4byte	0x10caf8b
    1244:	4004a927          	.4byte	0x4004a927
    1248:	22000003          	lb	zero,544(zero) # 220 <_program_size-0xa58>
    124c:	00d0                	addi	a2,sp,68
    124e:	0000                	unimp
    1250:	8020                	.2byte	0x8020
    1252:	8281                	c.srli64	a3
    1254:	86858483          	lb	s1,-1944(a1) # 322 <_program_size-0x956>
    1258:	8a898887          	.4byte	0x8a898887
    125c:	8e8d8c8b          	.4byte	0x8e8d8c8b
    1260:	9291908f          	.4byte	0x9291908f
    1264:	96959493          	.4byte	0x96959493
    1268:	9a999897          	auipc	a7,0x9a999
    126c:	9e9d9c9b          	.4byte	0x9e9d9c9b
    1270:	049f 03cc 0000      	.byte	0x9f, 0x04, 0xcc, 0x03, 0x00, 0x00
    1276:	00011023          	sh	zero,0(sp)
    127a:	0c00                	addi	s0,sp,528
    127c:	00000007          	.4byte	0x7
    1280:	4140                	lw	s0,4(a0)
    1282:	4342                	lw	t1,16(sp)
    1284:	4544                	lw	s1,12(a0)
    1286:	4746                	lw	a4,80(sp)
    1288:	7a04                	.2byte	0x7a04
    128a:	24000003          	lb	zero,576(zero) # 240 <_program_size-0xa38>
    128e:	00d0                	addi	a2,sp,68
    1290:	0000                	unimp
    1292:	7b20                	.2byte	0x7b20
    1294:	2bac                	.2byte	0x2bac
    1296:	2d25                	jal	18ce <_program_size+0xc56>
    1298:	47b4                	lw	a3,72(a5)
    129a:	7ab609af          	.4byte	0x7ab609af
    129e:	a455                	j	1542 <_program_size+0x8ca>
    12a0:	55e9                	li	a1,-6
    12a2:	0a84                	addi	s1,sp,336
    12a4:	d6e1                	beqz	a3,126c <_program_size+0x5f4>
    12a6:	d9751073          	csrw	0xd97,a0
    12aa:	75932aeb          	.4byte	0x75932aeb
    12ae:	3e78                	.2byte	0x3e78
    12b0:	53d5                	li	t2,-11
    12b2:	0dff                	.2byte	0xdff
    12b4:	034c                	addi	a1,sp,388
    12b6:	0000                	unimp
    12b8:	2705                	jal	19d8 <_program_size+0xd60>
    12ba:	d016                	sw	t0,32(sp)
    12bc:	0000                	unimp
    12be:	0500                	addi	s0,sp,640
    12c0:	000b3803          	.4byte	0xb3803
    12c4:	0d80                	addi	s0,sp,720
    12c6:	0308                	addi	a0,sp,384
    12c8:	0000                	unimp
    12ca:	2805                	jal	12fa <_program_size+0x682>
    12cc:	1016                	c.slli	zero,0x25
    12ce:	0001                	nop
    12d0:	0500                	addi	s0,sp,640
    12d2:	000b2c03          	lw	s8,0(s6)
    12d6:	0d80                	addi	s0,sp,720
    12d8:	0359                	addi	t1,t1,22
    12da:	0000                	unimp
    12dc:	2905                	jal	170c <_program_size+0xa94>
    12de:	1016                	c.slli	zero,0x25
    12e0:	0001                	nop
    12e2:	0500                	addi	s0,sp,640
    12e4:	000b2003          	lw	zero,0(s6)
    12e8:	0880                	addi	s0,sp,80
    12ea:	0090                	addi	a2,sp,64
    12ec:	0000                	unimp
    12ee:	0000038b          	.4byte	0x38b
    12f2:	7d09                	lui	s10,0xfffe2
    12f4:	0000                	unimp
    12f6:	0d00                	addi	s0,sp,656
    12f8:	0600                	addi	s0,sp,768
    12fa:	0000037b          	.4byte	0x37b
    12fe:	6e0d                	lui	t3,0x3
    1300:	05000003          	lb	zero,80(zero) # 50 <_program_size-0xc28>
    1304:	162c                	addi	a1,sp,808
    1306:	0000038b          	.4byte	0x38b
    130a:	0305                	addi	t1,t1,1
    130c:	0b10                	addi	a2,sp,400
    130e:	8000                	.2byte	0x8000
    1310:	0904                	addi	s1,sp,144
    1312:	0004                	.2byte	0x4
    1314:	3400                	.2byte	0x3400
    1316:	0000038b          	.4byte	0x38b
    131a:	000e                	c.slli	zero,0x3
	...
    1328:	0400                	addi	s0,sp,512
    132a:	000002fb          	.4byte	0x2fb
    132e:	b835                	j	b6a <_program_size-0x10e>
    1330:	0002                	c.slli64	zero
    1332:	1000                	addi	s0,sp,32
	...
    1344:	e525                	bnez	a0,13ac <_program_size+0x734>
    1346:	0002                	c.slli64	zero
    1348:	0100                	addi	s0,sp,128
    134a:	114e                	slli	sp,sp,0x33
    134c:	0095                	addi	ra,ra,5
    134e:	0000                	unimp
    1350:	ea18                	.2byte	0xea18
    1352:	0001                	nop
    1354:	6900                	.2byte	0x6900
    1356:	0076                	c.slli	zero,0x1d
    1358:	0000                	unimp
    135a:	041e                	slli	s0,s0,0x7
    135c:	0000                	unimp
    135e:	00041e03          	lh	t3,0(s0)
    1362:	0300                	addi	s0,sp,384
    1364:	041e                	slli	s0,s0,0x7
    1366:	0000                	unimp
    1368:	00041e03          	lh	t3,0(s0)
    136c:	0300                	addi	s0,sp,384
    136e:	0095                	addi	ra,ra,5
    1370:	0000                	unimp
    1372:	00041e03          	lh	t3,0(s0)
    1376:	0300                	addi	s0,sp,384
    1378:	0095                	addi	ra,ra,5
    137a:	0000                	unimp
    137c:	00041e03          	lh	t3,0(s0)
    1380:	0300                	addi	s0,sp,384
    1382:	00000423          	sb	zero,8(zero) # 8 <_program_size-0xc70>
    1386:	00042303          	lw	t1,0(s0)
    138a:	0000                	unimp
    138c:	900c                	.2byte	0x900c
    138e:	0000                	unimp
    1390:	0c00                	addi	s0,sp,528
    1392:	0084                	addi	s1,sp,64
    1394:	0000                	unimp
    1396:	c118                	sw	a4,0(a0)
    1398:	0000                	unimp
    139a:	5000                	lw	s0,32(s0)
    139c:	0076                	c.slli	zero,0x1d
    139e:	0000                	unimp
    13a0:	045f 0000 1e03      	.byte	0x5f, 0x04, 0x00, 0x00, 0x03, 0x1e
    13a6:	0004                	.2byte	0x4
    13a8:	0300                	addi	s0,sp,384
    13aa:	041e                	slli	s0,s0,0x7
    13ac:	0000                	unimp
    13ae:	00041e03          	lh	t3,0(s0)
    13b2:	0300                	addi	s0,sp,384
    13b4:	0095                	addi	ra,ra,5
    13b6:	0000                	unimp
    13b8:	00041e03          	lh	t3,0(s0)
    13bc:	0300                	addi	s0,sp,384
    13be:	0095                	addi	ra,ra,5
    13c0:	0000                	unimp
    13c2:	00042303          	lw	t1,0(s0)
    13c6:	0300                	addi	s0,sp,384
    13c8:	00000423          	sb	zero,8(zero) # 8 <_program_size-0xc70>
    13cc:	2600                	.2byte	0x2600
    13ce:	02ac                	addi	a1,sp,328
    13d0:	0000                	unimp
    13d2:	2704                	.2byte	0x2704
    13d4:	720d                	lui	tp,0xfffe3
    13d6:	0004                	.2byte	0x4
    13d8:	0300                	addi	s0,sp,384
    13da:	0472                	slli	s0,s0,0x1c
    13dc:	0000                	unimp
    13de:	7e0c0027          	.4byte	0x7e0c0027
    13e2:	0004                	.2byte	0x4
    13e4:	0500                	addi	s0,sp,640
    13e6:	0801                	addi	a6,a6,0
    13e8:	000001c7          	.4byte	0x1c7
    13ec:	7706                	.2byte	0x7706
    13ee:	0004                	.2byte	0x4
    13f0:	2800                	.2byte	0x2800
    13f2:	00000317          	auipc	t1,0x0
    13f6:	7601                	lui	a2,0xfffe0
    13f8:	7605                	lui	a2,0xfffe1
    13fa:	0000                	unimp
    13fc:	a600                	.2byte	0xa600
    13fe:	0006                	c.slli	zero,0x1
    1400:	1e80                	addi	s0,sp,880
    1402:	0002                	c.slli64	zero
    1404:	0100                	addi	s0,sp,128
    1406:	769c                	.2byte	0x769c
    1408:	0008                	.2byte	0x8
    140a:	1900                	addi	s0,sp,176
    140c:	031c                	addi	a5,sp,384
    140e:	0000                	unimp
    1410:	0e76                	slli	t3,t3,0x1d
    1412:	0076                	c.slli	zero,0x1d
    1414:	0000                	unimp
    1416:	10a2                	slli	ra,ra,0x28
    1418:	0000                	unimp
    141a:	9519                	srai	a0,a0,0x26
    141c:	76000003          	lb	zero,1888(zero) # 760 <_program_size-0x518>
    1420:	761d                	lui	a2,0xfffe7
    1422:	0008                	.2byte	0x8
    1424:	bc00                	.2byte	0xbc00
    1426:	0010                	.2byte	0x10
    1428:	1200                	addi	s0,sp,288
    142a:	78007463          	bgeu	zero,zero,1bb2 <_program_size+0xf3a>
    142e:	8011                	srli	s0,s0,0x4
    1430:	0008                	.2byte	0x8
    1432:	0500                	addi	s0,sp,640
    1434:	000bf803          	.4byte	0xbf803
    1438:	1280                	addi	s0,sp,352
    143a:	7470                	.2byte	0x7470
    143c:	7900                	.2byte	0x7900
    143e:	8011                	srli	s0,s0,0x4
    1440:	0008                	.2byte	0x8
    1442:	0500                	addi	s0,sp,640
    1444:	000b6803          	.4byte	0xb6803
    1448:	0d80                	addi	s0,sp,720
    144a:	03c4                	addi	s1,sp,452
    144c:	0000                	unimp
    144e:	7a01                	lui	s4,0xfffe0
    1450:	9011                	srli	s0,s0,0x24
    1452:	0008                	.2byte	0x8
    1454:	0500                	addi	s0,sp,640
    1456:	000be803          	.4byte	0xbe803
    145a:	0d80                	addi	s0,sp,720
    145c:	0366                	slli	t1,t1,0x19
    145e:	0000                	unimp
    1460:	7b01                	lui	s6,0xfffe0
    1462:	9011                	srli	s0,s0,0x24
    1464:	0008                	.2byte	0x8
    1466:	0500                	addi	s0,sp,640
    1468:	000b5803          	lhu	a6,0(s6) # fffe0000 <_ram_end+0x7ffd0000>
    146c:	2980                	.2byte	0x2980
    146e:	6372                	.2byte	0x6372
    1470:	0100                	addi	s0,sp,128
    1472:	067c                	addi	a5,sp,780
    1474:	0076                	c.slli	zero,0x1d
    1476:	0000                	unimp
    1478:	10d6                	slli	ra,ra,0x35
    147a:	0000                	unimp
    147c:	fe1a                	.2byte	0xfe1a
    147e:	7c000003          	lb	zero,1984(zero) # 7c0 <_program_size-0x4b8>
    1482:	760a                	.2byte	0x760a
    1484:	0000                	unimp
    1486:	ed00                	.2byte	0xed00
    1488:	0010                	.2byte	0x10
    148a:	1a00                	addi	s0,sp,304
    148c:	03f5                	addi	t2,t2,29
    148e:	0000                	unimp
    1490:	167c                	addi	a5,sp,812
    1492:	0076                	c.slli	zero,0x1d
    1494:	0000                	unimp
    1496:	1104                	addi	s1,sp,160
    1498:	0000                	unimp
    149a:	0008a013          	slti	zero,a7,0
    149e:	c200                	sw	s0,0(a2)
    14a0:	70800007          	.4byte	0x70800007
    14a4:	a7000003          	lb	zero,-1424(zero) # fffffa70 <_ram_end+0x7ffefa70>
    14a8:	0005720f          	.4byte	0x5720f
    14ac:	0700                	addi	s0,sp,896
    14ae:	000008c3          	.4byte	0x8c3
    14b2:	1135                	addi	sp,sp,-19
    14b4:	0000                	unimp
    14b6:	0008ba07          	.4byte	0x8ba07
    14ba:	4e00                	lw	s0,24(a2)
    14bc:	0011                	c.nop	4
    14be:	0700                	addi	s0,sp,896
    14c0:	08b1                	addi	a7,a7,12 # 9a99a274 <_ram_end+0x1a98a274>
    14c2:	0000                	unimp
    14c4:	0000116f          	jal	sp,24c4 <_stack_size+0x4c4>
    14c8:	0008ce1b          	.4byte	0x8ce1b
    14cc:	c200                	sw	s0,0(a2)
    14ce:	2e800007          	.4byte	0x2e800007
    14d2:	0000                	unimp
    14d4:	0e00                	addi	s0,sp,784
    14d6:	000008cf          	.4byte	0x8cf
    14da:	1190                	addi	a2,sp,224
    14dc:	0000                	unimp
    14de:	0000                	unimp
    14e0:	a02a                	.2byte	0xa02a
    14e2:	0008                	.2byte	0x8
    14e4:	f000                	.2byte	0xf000
    14e6:	2e800007          	.4byte	0x2e800007
    14ea:	0000                	unimp
    14ec:	0100                	addi	s0,sp,128
    14ee:	0fa8                	addi	a0,sp,984
    14f0:	05b9                	addi	a1,a1,14
    14f2:	0000                	unimp
    14f4:	0008c307          	.4byte	0x8c307
    14f8:	e900                	.2byte	0xe900
    14fa:	0011                	c.nop	4
    14fc:	0700                	addi	s0,sp,896
    14fe:	08ba                	slli	a7,a7,0xe
    1500:	0000                	unimp
    1502:	11f6                	slli	gp,gp,0x3d
    1504:	0000                	unimp
    1506:	0008b107          	.4byte	0x8b107
    150a:	0700                	addi	s0,sp,896
    150c:	0012                	c.slli	zero,0x4
    150e:	1b00                	addi	s0,sp,432
    1510:	08ce                	slli	a7,a7,0x13
    1512:	0000                	unimp
    1514:	07f0                	addi	a2,sp,972
    1516:	8000                	.2byte	0x8000
    1518:	002e                	c.slli	zero,0xb
    151a:	0000                	unimp
    151c:	cf0e                	sw	gp,156(sp)
    151e:	0008                	.2byte	0x8
    1520:	1800                	addi	s0,sp,48
    1522:	0012                	c.slli	zero,0x4
    1524:	0000                	unimp
    1526:	0200                	addi	s0,sp,256
    1528:	06c0                	addi	s0,sp,836
    152a:	8000                	.2byte	0x8000
    152c:	045f 0000 05d0      	.byte	0x5f, 0x04, 0x00, 0x00, 0xd0, 0x05
    1532:	0000                	unimp
    1534:	0101                	addi	sp,sp,0
    1536:	055a                	slli	a0,a0,0x16
    1538:	00099403          	lh	s0,0(s3)
    153c:	0080                	addi	s0,sp,64
    153e:	ca02                	sw	zero,20(sp)
    1540:	0006                	c.slli	zero,0x1
    1542:	5f80                	lw	s0,56(a5)
    1544:	0004                	.2byte	0x4
    1546:	e700                	.2byte	0xe700
    1548:	0005                	c.nop	1
    154a:	0100                	addi	s0,sp,128
    154c:	5a01                	li	s4,-32
    154e:	0305                	addi	t1,t1,1 # 13f3 <_program_size+0x77b>
    1550:	09d0                	addi	a2,sp,212
    1552:	8000                	.2byte	0x8000
    1554:	0200                	addi	s0,sp,256
    1556:	0700                	addi	s0,sp,896
    1558:	8000                	.2byte	0x8000
    155a:	0428                	addi	a0,sp,520
    155c:	0000                	unimp
    155e:	0635                	addi	a2,a2,13 # fffe700d <_ram_end+0x7ffd700d>
    1560:	0000                	unimp
    1562:	0101                	addi	sp,sp,0
    1564:	055a                	slli	a0,a0,0x16
    1566:	000b3803          	.4byte	0xb3803
    156a:	0180                	addi	s0,sp,192
    156c:	5b01                	li	s6,-32
    156e:	0305                	addi	t1,t1,1
    1570:	0b2c                	addi	a1,sp,408
    1572:	8000                	.2byte	0x8000
    1574:	0101                	addi	sp,sp,0
    1576:	055c                	addi	a5,sp,644
    1578:	000b2003          	lw	zero,0(s6)
    157c:	0180                	addi	s0,sp,192
    157e:	5d01                	li	s10,-32
    1580:	3c01                	jal	f90 <_program_size+0x318>
    1582:	0101                	addi	sp,sp,0
    1584:	055e                	slli	a0,a0,0x17
    1586:	000b1003          	lh	zero,0(s6)
    158a:	0180                	addi	s0,sp,192
    158c:	5f01                	li	t5,-32
    158e:	3e01                	jal	109e <_program_size+0x426>
    1590:	0101                	addi	sp,sp,0
    1592:	0560                	addi	s0,sp,652
    1594:	000bf803          	.4byte	0xbf803
    1598:	0180                	addi	s0,sp,192
    159a:	6101                	addi	sp,sp,0
    159c:	0305                	addi	t1,t1,1
    159e:	0be8                	addi	a0,sp,476
    15a0:	8000                	.2byte	0x8000
    15a2:	0200                	addi	s0,sp,256
    15a4:	0712                	slli	a4,a4,0x4
    15a6:	8000                	.2byte	0x8000
    15a8:	045f 0000 0653      	.byte	0x5f, 0x04, 0x00, 0x00, 0x53, 0x06
    15ae:	0000                	unimp
    15b0:	0101                	addi	sp,sp,0
    15b2:	055a                	slli	a0,a0,0x16
    15b4:	0009fc03          	.4byte	0x9fc03
    15b8:	0180                	addi	s0,sp,192
    15ba:	5b01                	li	s6,-32
    15bc:	1f007803          	.4byte	0x1f007803
    15c0:	0200                	addi	s0,sp,256
    15c2:	071e                	slli	a4,a4,0x7
    15c4:	8000                	.2byte	0x8000
    15c6:	045f 0000 066a      	.byte	0x5f, 0x04, 0x00, 0x00, 0x6a, 0x06
    15cc:	0000                	unimp
    15ce:	0101                	addi	sp,sp,0
    15d0:	055a                	slli	a0,a0,0x16
    15d2:	000a1803          	lh	a6,0(s4) # fffe0000 <_ram_end+0x7ffd0000>
    15d6:	0080                	addi	s0,sp,64
    15d8:	2802                	.2byte	0x2802
    15da:	5f800007          	.4byte	0x5f800007
    15de:	0004                	.2byte	0x4
    15e0:	8100                	.2byte	0x8100
    15e2:	0006                	c.slli	zero,0x1
    15e4:	0100                	addi	s0,sp,128
    15e6:	5a01                	li	s4,-32
    15e8:	0305                	addi	t1,t1,1
    15ea:	0a24                	addi	s1,sp,280
    15ec:	8000                	.2byte	0x8000
    15ee:	0200                	addi	s0,sp,256
    15f0:	0732                	slli	a4,a4,0xc
    15f2:	8000                	.2byte	0x8000
    15f4:	00000a23          	sb	zero,20(zero) # 14 <_program_size-0xc64>
    15f8:	069f 0000 0101      	.byte	0x9f, 0x06, 0x00, 0x00, 0x01, 0x01
    15fe:	055a                	slli	a0,a0,0x16
    1600:	000bf803          	.4byte	0xbf803
    1604:	1180                	addi	s0,sp,224
    1606:	00000917          	auipc	s2,0x0
    160a:	3e01                	jal	111a <_program_size+0x4a2>
    160c:	0200                	addi	s0,sp,256
    160e:	073c                	addi	a5,sp,904
    1610:	8000                	.2byte	0x8000
    1612:	045f 0000 06b6      	.byte	0x5f, 0x04, 0x00, 0x00, 0xb6, 0x06
    1618:	0000                	unimp
    161a:	0101                	addi	sp,sp,0
    161c:	055a                	slli	a0,a0,0x16
    161e:	000a3403          	.4byte	0xa3403
    1622:	0080                	addi	s0,sp,64
    1624:	4602                	lw	a2,0(sp)
    1626:	9a800007          	.4byte	0x9a800007
    162a:	0009                	c.nop	2
    162c:	d400                	sw	s0,40(s0)
    162e:	0006                	c.slli	zero,0x1
    1630:	0100                	addi	s0,sp,128
    1632:	5a01                	li	s4,-32
    1634:	0305                	addi	t1,t1,1
    1636:	0be8                	addi	a0,sp,476
    1638:	8000                	.2byte	0x8000
    163a:	ed11                	bnez	a0,1656 <_program_size+0x9de>
    163c:	0008                	.2byte	0x8
    163e:	0100                	addi	s0,sp,128
    1640:	0040                	addi	s0,sp,4
    1642:	8602                	jr	a2
    1644:	e2800007          	.4byte	0xe2800007
    1648:	2c000003          	lb	zero,704(zero) # 2c0 <_program_size-0x9b8>
    164c:	01000007          	.4byte	0x1000007
    1650:	5a01                	li	s4,-32
    1652:	0305                	addi	t1,t1,1
    1654:	0b38                	addi	a4,sp,408
    1656:	8000                	.2byte	0x8000
    1658:	0101                	addi	sp,sp,0
    165a:	2c03055b          	.4byte	0x2c03055b
    165e:	0180000b          	.4byte	0x180000b
    1662:	5c01                	li	s8,-32
    1664:	0305                	addi	t1,t1,1
    1666:	0b20                	addi	s0,sp,408
    1668:	8000                	.2byte	0x8000
    166a:	0101                	addi	sp,sp,0
    166c:	015d                	addi	sp,sp,23
    166e:	013c                	addi	a5,sp,136
    1670:	5e01                	li	t3,-32
    1672:	0305                	addi	t1,t1,1
    1674:	0bf8                	addi	a4,sp,476
    1676:	8000                	.2byte	0x8000
    1678:	0101                	addi	sp,sp,0
    167a:	015f 013e 6001      	.byte	0x5f, 0x01, 0x3e, 0x01, 0x01, 0x60
    1680:	0305                	addi	t1,t1,1
    1682:	0be8                	addi	a0,sp,476
    1684:	8000                	.2byte	0x8000
    1686:	0101                	addi	sp,sp,0
    1688:	0561                	addi	a0,a0,24 # cf1f74 <_available_heap+0xce4bec>
    168a:	000b6803          	.4byte	0xb6803
    168e:	0180                	addi	s0,sp,192
    1690:	7202                	.2byte	0x7202
    1692:	0500                	addi	s0,sp,640
    1694:	000b5803          	lhu	a6,0(s6)
    1698:	0080                	addi	s0,sp,64
    169a:	9202                	jalr	tp
    169c:	5f800007          	.4byte	0x5f800007
    16a0:	0004                	.2byte	0x4
    16a2:	4300                	lw	s0,0(a4)
    16a4:	01000007          	.4byte	0x1000007
    16a8:	5a01                	li	s4,-32
    16aa:	0305                	addi	t1,t1,1
    16ac:	0a3c                	addi	a5,sp,280
    16ae:	8000                	.2byte	0x8000
    16b0:	0200                	addi	s0,sp,256
    16b2:	07a4                	addi	s1,sp,968
    16b4:	8000                	.2byte	0x8000
    16b6:	045f 0000 075a      	.byte	0x5f, 0x04, 0x00, 0x00, 0x5a, 0x07
    16bc:	0000                	unimp
    16be:	0101                	addi	sp,sp,0
    16c0:	055a                	slli	a0,a0,0x16
    16c2:	000a6003          	.4byte	0xa6003
    16c6:	0080                	addi	s0,sp,64
    16c8:	ae02                	.2byte	0xae02
    16ca:	23800007          	.4byte	0x23800007
    16ce:	000a                	c.slli	zero,0x2
    16d0:	7800                	.2byte	0x7800
    16d2:	01000007          	.4byte	0x1000007
    16d6:	5a01                	li	s4,-32
    16d8:	0305                	addi	t1,t1,1
    16da:	0b68                	addi	a0,sp,412
    16dc:	8000                	.2byte	0x8000
    16de:	1711                	addi	a4,a4,-28
    16e0:	0009                	c.nop	2
    16e2:	0100                	addi	s0,sp,128
    16e4:	003e                	c.slli	zero,0xf
    16e6:	b802                	.2byte	0xb802
    16e8:	5f800007          	.4byte	0x5f800007
    16ec:	0004                	.2byte	0x4
    16ee:	8f00                	.2byte	0x8f00
    16f0:	01000007          	.4byte	0x1000007
    16f4:	5a01                	li	s4,-32
    16f6:	0305                	addi	t1,t1,1
    16f8:	0a70                	addi	a2,sp,284
    16fa:	8000                	.2byte	0x8000
    16fc:	0200                	addi	s0,sp,256
    16fe:	07c2                	slli	a5,a5,0x10
    1700:	8000                	.2byte	0x8000
    1702:	099a                	slli	s3,s3,0x6
    1704:	0000                	unimp
    1706:	07ad                	addi	a5,a5,11
    1708:	0000                	unimp
    170a:	0101                	addi	sp,sp,0
    170c:	055a                	slli	a0,a0,0x16
    170e:	000b5803          	lhu	a6,0(s6)
    1712:	1180                	addi	s0,sp,224
    1714:	08ed                	addi	a7,a7,27
    1716:	0000                	unimp
    1718:	4001                	c.li	zero,0
    171a:	0200                	addi	s0,sp,256
    171c:	0832                	slli	a6,a6,0xc
    171e:	8000                	.2byte	0x8000
    1720:	045f 0000 07cd      	.byte	0x5f, 0x04, 0x00, 0x00, 0xcd, 0x07
    1726:	0000                	unimp
    1728:	0101                	addi	sp,sp,0
    172a:	055a                	slli	a0,a0,0x16
    172c:	000a9003          	lh	zero,0(s5)
    1730:	0180                	addi	s0,sp,192
    1732:	5b01                	li	s6,-32
    1734:	0305                	addi	t1,t1,1
    1736:	0980                	addi	s0,sp,208
    1738:	8000                	.2byte	0x8000
    173a:	0200                	addi	s0,sp,256
    173c:	0844                	addi	s1,sp,20
    173e:	8000                	.2byte	0x8000
    1740:	045f 0000 07e4      	.byte	0x5f, 0x04, 0x00, 0x00, 0xe4, 0x07
    1746:	0000                	unimp
    1748:	0101                	addi	sp,sp,0
    174a:	055a                	slli	a0,a0,0x16
    174c:	000ab403          	.4byte	0xab403
    1750:	0080                	addi	s0,sp,64
    1752:	6002                	.2byte	0x6002
    1754:	0008                	.2byte	0x8
    1756:	5f80                	lw	s0,56(a5)
    1758:	0004                	.2byte	0x4
    175a:	fb00                	.2byte	0xfb00
    175c:	01000007          	.4byte	0x1000007
    1760:	5a01                	li	s4,-32
    1762:	0305                	addi	t1,t1,1
    1764:	0ad8                	addi	a4,sp,340
    1766:	8000                	.2byte	0x8000
    1768:	0200                	addi	s0,sp,256
    176a:	0870                	addi	a2,sp,28
    176c:	8000                	.2byte	0x8000
    176e:	045f 0000 0819      	.byte	0x5f, 0x04, 0x00, 0x00, 0x19, 0x08
    1774:	0000                	unimp
    1776:	0101                	addi	sp,sp,0
    1778:	055a                	slli	a0,a0,0x16
    177a:	000a4803          	lbu	a6,0(s4)
    177e:	0180                	addi	s0,sp,192
    1780:	5b01                	li	s6,-32
    1782:	1f007903          	.4byte	0x1f007903
    1786:	0200                	addi	s0,sp,256
    1788:	088a                	slli	a7,a7,0x2
    178a:	8000                	.2byte	0x8000
    178c:	045f 0000 0839      	.byte	0x5f, 0x04, 0x00, 0x00, 0x39, 0x08
    1792:	0000                	unimp
    1794:	0101                	addi	sp,sp,0
    1796:	055a                	slli	a0,a0,0x16
    1798:	000a9003          	lh	zero,0(s5)
    179c:	0180                	addi	s0,sp,192
    179e:	5b01                	li	s6,-32
    17a0:	0305                	addi	t1,t1,1
    17a2:	0980                	addi	s0,sp,208
    17a4:	8000                	.2byte	0x8000
    17a6:	0200                	addi	s0,sp,256
    17a8:	08a6                	slli	a7,a7,0x9
    17aa:	8000                	.2byte	0x8000
    17ac:	045f 0000 0859      	.byte	0x5f, 0x04, 0x00, 0x00, 0x59, 0x08
    17b2:	0000                	unimp
    17b4:	0101                	addi	sp,sp,0
    17b6:	055a                	slli	a0,a0,0x16
    17b8:	000a9003          	lh	zero,0(s5)
    17bc:	0180                	addi	s0,sp,192
    17be:	5b01                	li	s6,-32
    17c0:	0305                	addi	t1,t1,1
    17c2:	0984                	addi	s1,sp,208
    17c4:	8000                	.2byte	0x8000
    17c6:	1400                	addi	s0,sp,544
    17c8:	08ba                	slli	a7,a7,0xe
    17ca:	8000                	.2byte	0x8000
    17cc:	045f 0000 0101      	.byte	0x5f, 0x04, 0x00, 0x00, 0x01, 0x01
    17d2:	055a                	slli	a0,a0,0x16
    17d4:	000a9003          	lh	zero,0(s5)
    17d8:	0180                	addi	s0,sp,192
    17da:	5b01                	li	s6,-32
    17dc:	0305                	addi	t1,t1,1
    17de:	0984                	addi	s1,sp,208
    17e0:	8000                	.2byte	0x8000
    17e2:	0000                	unimp
    17e4:	7b0c                	.2byte	0x7b0c
    17e6:	0008                	.2byte	0x8
    17e8:	0c00                	addi	s0,sp,528
    17ea:	00000477          	.4byte	0x477
    17ee:	8408                	.2byte	0x8408
    17f0:	0000                	unimp
    17f2:	9000                	.2byte	0x9000
    17f4:	0008                	.2byte	0x8
    17f6:	0900                	addi	s0,sp,144
    17f8:	007d                	c.nop	31
    17fa:	0000                	unimp
    17fc:	007f                	.2byte	0x7f
    17fe:	8408                	.2byte	0x8408
    1800:	0000                	unimp
    1802:	a000                	.2byte	0xa000
    1804:	0008                	.2byte	0x8
    1806:	0900                	addi	s0,sp,144
    1808:	007d                	c.nop	31
    180a:	0000                	unimp
    180c:	892b000f          	.4byte	0x892b000f
    1810:	01000003          	lb	zero,16(zero) # 10 <_program_size-0xc68>
    1814:	2450                	.2byte	0x2450
    1816:	0076                	c.slli	zero,0x1d
    1818:	0000                	unimp
    181a:	da01                	beqz	a2,172a <_program_size+0xab2>
    181c:	0008                	.2byte	0x8
    181e:	0a00                	addi	s0,sp,272
    1820:	0061                	c.nop	24
    1822:	3f50                	.2byte	0x3f50
    1824:	041e                	slli	s0,s0,0x7
    1826:	0000                	unimp
    1828:	620a                	.2byte	0x620a
    182a:	5000                	lw	s0,32(s0)
    182c:	1e51                	addi	t3,t3,-12 # 2ff4 <_stack_size+0xff4>
    182e:	0004                	.2byte	0x4
    1830:	0a00                	addi	s0,sp,272
    1832:	656c                	.2byte	0x656c
    1834:	006e                	c.slli	zero,0x1b
    1836:	5d50                	lw	a2,60(a0)
    1838:	0095                	addi	ra,ra,5
    183a:	0000                	unimp
    183c:	00690b0f          	.4byte	0x690b0f
    1840:	1052                	c.slli	zero,0x34
    1842:	0095                	addi	ra,ra,5
    1844:	0000                	unimp
    1846:	0000                	unimp
    1848:	1515                	addi	a0,a0,-27
    184a:	0004                	.2byte	0x4
    184c:	4000                	lw	s0,0(s0)
    184e:	0904                	addi	s1,sp,144
    1850:	0000                	unimp
    1852:	620a                	.2byte	0x620a
    1854:	4000                	lw	s0,0(s0)
    1856:	1e24                	addi	s1,sp,824
    1858:	0004                	.2byte	0x4
    185a:	0a00                	addi	s0,sp,272
    185c:	656c                	.2byte	0x656c
    185e:	006e                	c.slli	zero,0x1b
    1860:	3040                	.2byte	0x3040
    1862:	0095                	addi	ra,ra,5
    1864:	0000                	unimp
    1866:	00690b0f          	.4byte	0x690b0f
    186a:	1042                	c.slli	zero,0x30
    186c:	0095                	addi	ra,ra,5
    186e:	0000                	unimp
    1870:	0000                	unimp
    1872:	b815                	j	10a6 <_program_size+0x42e>
    1874:	27000003          	lb	zero,624(zero) # 270 <_program_size-0xa08>
    1878:	0960                	addi	s0,sp,156
    187a:	0000                	unimp
    187c:	620a                	.2byte	0x620a
    187e:	2700                	.2byte	0x2700
    1880:	1e28                	addi	a0,sp,824
    1882:	0004                	.2byte	0x4
    1884:	0a00                	addi	s0,sp,272
    1886:	656c                	.2byte	0x656c
    1888:	006e                	c.slli	zero,0x1b
    188a:	00953427          	.4byte	0x953427
    188e:	0000                	unimp
    1890:	666f0b0f          	.4byte	0x666f0b0f
    1894:	0066                	c.slli	zero,0x19
    1896:	1029                	c.nop	-22
    1898:	0095                	addi	ra,ra,5
    189a:	0000                	unimp
    189c:	006e0b0f          	.4byte	0x6e0b0f
    18a0:	0c2a                	slli	s8,s8,0xa
    18a2:	0095                	addi	ra,ra,5
    18a4:	0000                	unimp
    18a6:	472c                	lw	a1,72(a4)
    18a8:	0009                	c.nop	2
    18aa:	0b00                	addi	s0,sp,400
    18ac:	0069                	c.nop	26
    18ae:	112e                	slli	sp,sp,0x2b
    18b0:	0095                	addi	ra,ra,5
    18b2:	0000                	unimp
    18b4:	0f00                	addi	s0,sp,912
    18b6:	3800690b          	.4byte	0x3800690b
    18ba:	9511                	srai	a0,a0,0x24
    18bc:	0000                	unimp
    18be:	0f00                	addi	s0,sp,912
    18c0:	3900630b          	.4byte	0x3900630b
    18c4:	840c                	.2byte	0x840c
	...
    18ce:	1d15                	addi	s10,s10,-27 # fffe1fe5 <_ram_end+0x7ffd1fe5>
    18d0:	0004                	.2byte	0x4
    18d2:	1d00                	addi	s0,sp,688
    18d4:	0985                	addi	s3,s3,1
    18d6:	0000                	unimp
    18d8:	760a                	.2byte	0x760a
    18da:	1d00                	addi	s0,sp,688
    18dc:	8424                	.2byte	0x8424
    18de:	0000                	unimp
    18e0:	1200                	addi	s0,sp,288
    18e2:	6568                	.2byte	0x6568
    18e4:	0078                	addi	a4,sp,12
    18e6:	141f 0995 0000      	.byte	0x1f, 0x14, 0x95, 0x09, 0x00, 0x00
    18ec:	0305                	addi	t1,t1,1
    18ee:	0afc                	addi	a5,sp,348
    18f0:	8000                	.2byte	0x8000
    18f2:	0800                	addi	s0,sp,16
    18f4:	047e                	slli	s0,s0,0x1f
    18f6:	0000                	unimp
    18f8:	0995                	addi	s3,s3,5
    18fa:	0000                	unimp
    18fc:	7d09                	lui	s10,0xfffe2
    18fe:	0000                	unimp
    1900:	1000                	addi	s0,sp,32
    1902:	0600                	addi	s0,sp,768
    1904:	0985                	addi	s3,s3,1
    1906:	0000                	unimp
    1908:	da2d                	beqz	a2,187a <_program_size+0xc02>
    190a:	0008                	.2byte	0x8
    190c:	5600                	lw	s0,40(a2)
    190e:	0005                	c.nop	1
    1910:	7280                	.2byte	0x7280
    1912:	0000                	unimp
    1914:	0100                	addi	s0,sp,128
    1916:	239c                	.2byte	0x239c
    1918:	000a                	c.slli	zero,0x2
    191a:	0700                	addi	s0,sp,896
    191c:	08e4                	addi	s1,sp,92
    191e:	0000                	unimp
    1920:	125e                	slli	tp,tp,0x37
    1922:	0000                	unimp
    1924:	ed1c                	.2byte	0xed1c
    1926:	0008                	.2byte	0x8
    1928:	1000                	addi	s0,sp,32
    192a:	f81d                	bnez	s0,1860 <_program_size+0xbe8>
    192c:	0008                	.2byte	0x8
    192e:	b600                	.2byte	0xb600
    1930:	0002                	c.slli64	zero
    1932:	0f00                	addi	s0,sp,912
    1934:	000a                	c.slli	zero,0x2
    1936:	0e00                	addi	s0,sp,784
    1938:	08f9                	addi	a7,a7,30
    193a:	0000                	unimp
    193c:	00001283          	lh	t0,0(zero) # 0 <_program_size-0xc78>
    1940:	00096013          	ori	zero,s2,0
    1944:	7200                	.2byte	0x7200
    1946:	0005                	c.nop	1
    1948:	c980                	sw	s0,16(a1)
    194a:	0002                	c.slli64	zero
    194c:	4500                	lw	s0,8(a0)
    194e:	000a0503          	lb	a0,0(s4)
    1952:	0700                	addi	s0,sp,896
    1954:	096a                	slli	s2,s2,0x1a
    1956:	0000                	unimp
    1958:	12a6                	slli	t0,t0,0x29
    195a:	0000                	unimp
    195c:	c91e                	sw	t2,144(sp)
    195e:	0002                	c.slli64	zero
    1960:	1400                	addi	s0,sp,544
    1962:	05a8                	addi	a0,sp,712
    1964:	8000                	.2byte	0x8000
    1966:	045f 0000 0101      	.byte	0x5f, 0x04, 0x00, 0x00, 0x01, 0x01
    196c:	025a                	slli	tp,tp,0x16
    196e:	0085                	addi	ra,ra,1
    1970:	0000                	unimp
    1972:	1600                	addi	s0,sp,800
    1974:	0588                	addi	a0,sp,704
    1976:	8000                	.2byte	0x8000
    1978:	045f 0000 1f00      	.byte	0x5f, 0x04, 0x00, 0x00, 0x00, 0x1f
    197e:	05c8                	addi	a0,sp,708
    1980:	8000                	.2byte	0x8000
    1982:	045f 0000 0101      	.byte	0x5f, 0x04, 0x00, 0x00, 0x01, 0x01
    1988:	055a                	slli	a0,a0,0x16
    198a:	000a3803          	.4byte	0xa3803
    198e:	0080                	addi	s0,sp,64
    1990:	2e00                	.2byte	0x2e00
    1992:	0904                	addi	s1,sp,144
    1994:	0000                	unimp
    1996:	05c8                	addi	a0,sp,708
    1998:	8000                	.2byte	0x8000
    199a:	00de                	slli	ra,ra,0x17
    199c:	0000                	unimp
    199e:	9c01                	.2byte	0x9c01
    19a0:	00090e07          	.4byte	0x90e07
    19a4:	c300                	sw	s0,0(a4)
    19a6:	0012                	c.slli	zero,0x4
    19a8:	1c00                	addi	s0,sp,560
    19aa:	00000917          	auipc	s2,0x0
    19ae:	170e                	slli	a4,a4,0x23
    19b0:	0922                	slli	s2,s2,0x8
    19b2:	0000                	unimp
    19b4:	02e5                	addi	t0,t0,25
    19b6:	0000                	unimp
    19b8:	2320                	.2byte	0x2320
    19ba:	0009                	c.nop	2
    19bc:	0000                	unimp
    19be:	00092e17          	auipc	t3,0x92
    19c2:	e500                	.2byte	0xe500
    19c4:	0002                	c.slli64	zero
    19c6:	2000                	.2byte	0x2000
    19c8:	0000092f          	.4byte	0x92f
    19cc:	1d0e                	slli	s10,s10,0x23
    19ce:	0938                	addi	a4,sp,152
    19d0:	0000                	unimp
    19d2:	031c                	addi	a5,sp,384
    19d4:	0000                	unimp
    19d6:	0ac6                	slli	s5,s5,0x11
    19d8:	0000                	unimp
    19da:	3d0e                	.2byte	0x3d0e
    19dc:	0009                	c.nop	2
    19de:	f500                	.2byte	0xf500
    19e0:	0012                	c.slli	zero,0x4
    19e2:	1300                	addi	s0,sp,416
    19e4:	0960                	addi	s0,sp,156
    19e6:	0000                	unimp
    19e8:	05ee                	slli	a1,a1,0x1b
    19ea:	8000                	.2byte	0x8000
    19ec:	0000032f          	.4byte	0x32f
    19f0:	0530                	addi	a2,sp,648
    19f2:	0aa1                	addi	s5,s5,8
    19f4:	0000                	unimp
    19f6:	00096a07          	.4byte	0x96a07
    19fa:	3f00                	.2byte	0x3f00
    19fc:	1e000013          	li	zero,480
    1a00:	0000032f          	.4byte	0x32f
    1a04:	3416                	.2byte	0x3416
    1a06:	0006                	c.slli	zero,0x1
    1a08:	5f80                	lw	s0,56(a5)
    1a0a:	0004                	.2byte	0x4
    1a0c:	0000                	unimp
    1a0e:	0200                	addi	s0,sp,256
    1a10:	0638                	addi	a4,sp,776
    1a12:	8000                	.2byte	0x8000
    1a14:	045f 0000 0ab5      	.byte	0x5f, 0x04, 0x00, 0x00, 0xb5, 0x0a
    1a1a:	0000                	unimp
    1a1c:	0101                	addi	sp,sp,0
    1a1e:	025a                	slli	tp,tp,0x16
    1a20:	14000087          	.4byte	0x14000087
    1a24:	0646                	slli	a2,a2,0x11
    1a26:	8000                	.2byte	0x8000
    1a28:	045f 0000 0101      	.byte	0x5f, 0x04, 0x00, 0x00, 0x01, 0x01
    1a2e:	025a                	slli	tp,tp,0x16
    1a30:	0086                	slli	ra,ra,0x1
    1a32:	0000                	unimp
    1a34:	0009472f          	.4byte	0x9472f
    1a38:	5e00                	lw	s0,56(a2)
    1a3a:	0006                	c.slli	zero,0x1
    1a3c:	2a80                	.2byte	0x2a80
    1a3e:	0000                	unimp
    1a40:	fd00                	.2byte	0xfd00
    1a42:	000a                	c.slli	zero,0x2
    1a44:	0e00                	addi	s0,sp,784
    1a46:	0948                	addi	a0,sp,148
    1a48:	0000                	unimp
    1a4a:	0000134b          	.4byte	0x134b
    1a4e:	00095117          	auipc	sp,0x95
    1a52:	5d00                	lw	s0,56(a0)
    1a54:	0e000003          	lb	zero,224(zero) # e0 <_program_size-0xb98>
    1a58:	0952                	slli	s2,s2,0x14
    1a5a:	0000                	unimp
    1a5c:	137c                	addi	a5,sp,428
    1a5e:	0000                	unimp
    1a60:	8416                	mv	s0,t0
    1a62:	0006                	c.slli	zero,0x1
    1a64:	5f80                	lw	s0,56(a5)
    1a66:	0004                	.2byte	0x4
    1a68:	0000                	unimp
    1a6a:	0200                	addi	s0,sp,256
    1a6c:	05ec                	addi	a1,sp,716
    1a6e:	8000                	.2byte	0x8000
    1a70:	045f 0000 0b1a      	.byte	0x5f, 0x04, 0x00, 0x00, 0x1a, 0x0b
    1a76:	0000                	unimp
    1a78:	0101                	addi	sp,sp,0 # 96a4e <_available_heap+0x896c6>
    1a7a:	055a                	slli	a0,a0,0x16
    1a7c:	00096c03          	.4byte	0x96c03
    1a80:	0180                	addi	s0,sp,192
    1a82:	5b01                	li	s6,-32
    1a84:	7802                	.2byte	0x7802
    1a86:	0000                	unimp
    1a88:	5e02                	lw	t3,32(sp)
    1a8a:	0006                	c.slli	zero,0x1
    1a8c:	5f80                	lw	s0,56(a5)
    1a8e:	0004                	.2byte	0x4
    1a90:	2e00                	.2byte	0x2e00
    1a92:	0100000b          	.4byte	0x100000b
    1a96:	5a01                	li	s4,-32
    1a98:	8702                	jr	a4
    1a9a:	0000                	unimp
    1a9c:	a61f 0006 5f80      	.byte	0x1f, 0xa6, 0x06, 0x00, 0x80, 0x5f
    1aa2:	0004                	.2byte	0x4
    1aa4:	0100                	addi	s0,sp,128
    1aa6:	5a01                	li	s4,-32
    1aa8:	0305                	addi	t1,t1,1
    1aaa:	0a38                	addi	a4,sp,280
    1aac:	8000                	.2byte	0x8000
    1aae:	0000                	unimp
    1ab0:	0000                	unimp
	...

Disassembly of section .debug_abbrev:

00000000 <.debug_abbrev>:
   0:	1101                	addi	sp,sp,-32
   2:	1000                	addi	s0,sp,32
   4:	12011117          	auipc	sp,0x12011
   8:	1b0e030f          	.4byte	0x1b0e030f
   c:	250e                	.2byte	0x250e
   e:	130e                	slli	t1,t1,0x23
  10:	0005                	c.nop	1
  12:	0000                	unimp
  14:	0501                	addi	a0,a0,0
  16:	3100                	.2byte	0x3100
  18:	00170213          	addi	tp,a4,1
  1c:	0200                	addi	s0,sp,256
  1e:	0049                	c.nop	18
  20:	1802                	slli	a6,a6,0x20
  22:	187e                	slli	a6,a6,0x3f
  24:	0000                	unimp
  26:	31003403          	.4byte	0x31003403
  2a:	00170213          	addi	tp,a4,1
  2e:	0400                	addi	s0,sp,512
  30:	0005                	c.nop	1
  32:	213a0803          	lb	a6,531(s4)
  36:	3b01                	jal	fffffd46 <_ram_end+0x7ffefd46>
  38:	490b390b          	.4byte	0x490b390b
  3c:	00170213          	addi	tp,a4,1
  40:	0500                	addi	s0,sp,640
  42:	0005                	c.nop	1
  44:	213a0803          	lb	a6,531(s4)
  48:	3b01                	jal	fffffd58 <_ram_end+0x7ffefd58>
  4a:	490b390b          	.4byte	0x490b390b
  4e:	06000013          	li	zero,96
  52:	0034                	addi	a3,sp,8
  54:	213a0803          	lb	a6,531(s4)
  58:	3b01                	jal	fffffd68 <_ram_end+0x7ffefd68>
  5a:	490b390b          	.4byte	0x490b390b
  5e:	07000013          	li	zero,112
  62:	0005                	c.nop	1
  64:	213a0e03          	lb	t3,531(s4)
  68:	3b01                	jal	fffffd78 <_ram_end+0x7ffefd78>
  6a:	490b390b          	.4byte	0x490b390b
  6e:	00170213          	addi	tp,a4,1
  72:	0800                	addi	s0,sp,16
  74:	0024                	addi	s1,sp,8
  76:	0b3e0b0b          	.4byte	0xb3e0b0b
  7a:	00000e03          	lb	t3,0(zero) # 0 <_program_size-0xc78>
  7e:	0b09                	addi	s6,s6,2
  80:	5501                	li	a0,-32
  82:	0a000017          	auipc	zero,0xa000
  86:	0005                	c.nop	1
  88:	213a0e03          	lb	t3,531(s4)
  8c:	3b01                	jal	fffffd9c <_ram_end+0x7ffefd9c>
  8e:	490b390b          	.4byte	0x490b390b
  92:	0b000013          	li	zero,176
  96:	0016                	c.slli	zero,0x5
  98:	0b3a0e03          	lb	t3,179(s4)
  9c:	0b390b3b          	.4byte	0xb390b3b
  a0:	1349                	addi	t1,t1,-14
  a2:	0000                	unimp
  a4:	340c                	.2byte	0x340c
  a6:	0300                	addi	s0,sp,384
  a8:	3a08                	.2byte	0x3a08
  aa:	0121                	addi	sp,sp,8 # 1201100c <_available_heap+0x12003c84>
  ac:	0b390b3b          	.4byte	0xb390b3b
  b0:	1349                	addi	t1,t1,-14
  b2:	1702                	slli	a4,a4,0x20
  b4:	0000                	unimp
  b6:	0b0d                	addi	s6,s6,3
  b8:	0001                	nop
  ba:	0e00                	addi	s0,sp,784
  bc:	1331010b          	.4byte	0x1331010b
  c0:	1755                	addi	a4,a4,-11
  c2:	0000                	unimp
  c4:	31011d0f          	.4byte	0x31011d0f
  c8:	55015213          	.4byte	0x55015213
  cc:	01215817          	auipc	a6,0x1215
  d0:	0b59                	addi	s6,s6,22
  d2:	00000b57          	.4byte	0xb57
  d6:	4810                	lw	a2,16(s0)
  d8:	7d01                	lui	s10,0xfffe0
  da:	7f01                	lui	t5,0xfffe0
  dc:	11000013          	li	zero,272
  e0:	0034                	addi	a3,sp,8
  e2:	1331                	addi	t1,t1,-20
  e4:	0000                	unimp
  e6:	2e12                	.2byte	0x2e12
  e8:	0301                	addi	t1,t1,0
  ea:	3a0e                	.2byte	0x3a0e
  ec:	0121                	addi	sp,sp,8
  ee:	0b390b3b          	.4byte	0xb390b3b
  f2:	13491927          	.4byte	0x13491927
  f6:	2120                	.2byte	0x2120
  f8:	0101                	addi	sp,sp,0
  fa:	13000013          	li	zero,304
  fe:	011d                	addi	sp,sp,7
 100:	1331                	addi	t1,t1,-20
 102:	0111                	addi	sp,sp,4
 104:	0612                	slli	a2,a2,0x4
 106:	2158                	.2byte	0x2158
 108:	5901                	li	s2,-32
 10a:	000b570b          	.4byte	0xb570b
 10e:	1400                	addi	s0,sp,544
 110:	1331010b          	.4byte	0x1331010b
 114:	1755                	addi	a4,a4,-11
 116:	1301                	addi	t1,t1,-32
 118:	0000                	unimp
 11a:	2e15                	jal	44e <_program_size-0x82a>
 11c:	3f01                	jal	2c <_program_size-0xc4c>
 11e:	0319                	addi	t1,t1,6
 120:	3a0e                	.2byte	0x3a0e
 122:	0121                	addi	sp,sp,8
 124:	21390b3b          	.4byte	0x21390b3b
 128:	2705                	jal	848 <_program_size-0x430>
 12a:	4919                	li	s2,6
 12c:	12011113          	.4byte	0x12011113
 130:	4006                	.2byte	0x4006
 132:	7a18                	.2byte	0x7a18
 134:	0119                	addi	sp,sp,6
 136:	16000013          	li	zero,352
 13a:	1301010b          	.4byte	0x1301010b
 13e:	0000                	unimp
 140:	31011d17          	auipc	s10,0x31011
 144:	55015213          	.4byte	0x55015213
 148:	01215817          	auipc	a6,0x1215
 14c:	0b59                	addi	s6,s6,22
 14e:	13010b57          	.4byte	0x13010b57
 152:	0000                	unimp
 154:	1d18                	addi	a4,sp,688
 156:	3101                	jal	fffffd56 <_ram_end+0x7ffefd56>
 158:	12011113          	.4byte	0x12011113
 15c:	5806                	lw	a6,96(sp)
 15e:	0121                	addi	sp,sp,8
 160:	0b59                	addi	s6,s6,22
 162:	13010b57          	.4byte	0x13010b57
 166:	0000                	unimp
 168:	3419                	jal	fffffb6e <_ram_end+0x7ffefb6e>
 16a:	0300                	addi	s0,sp,384
 16c:	3a0e                	.2byte	0x3a0e
 16e:	0121                	addi	sp,sp,8
 170:	21390b3b          	.4byte	0x21390b3b
 174:	0213490b          	.4byte	0x213490b
 178:	1a000017          	auipc	zero,0x1a000
 17c:	0111010b          	.4byte	0x111010b
 180:	0612                	slli	a2,a2,0x4
 182:	1301                	addi	t1,t1,-32
 184:	0000                	unimp
 186:	0b000f1b          	.4byte	0xb000f1b
 18a:	0421                	addi	s0,s0,8
 18c:	1349                	addi	t1,t1,-14
 18e:	0000                	unimp
 190:	2e1c                	.2byte	0x2e1c
 192:	0301                	addi	t1,t1,0
 194:	3a0e                	.2byte	0x3a0e
 196:	0121                	addi	sp,sp,8
 198:	21390b3b          	.4byte	0x21390b3b
 19c:	270d                	jal	8be <_program_size-0x3ba>
 19e:	2019                	jal	1a4 <_program_size-0xad4>
 1a0:	0121                	addi	sp,sp,8
 1a2:	1301                	addi	t1,t1,-32
 1a4:	0000                	unimp
 1a6:	2e1d                	jal	4dc <_program_size-0x79c>
 1a8:	0301                	addi	t1,t1,0
 1aa:	3a0e                	.2byte	0x3a0e
 1ac:	0121                	addi	sp,sp,8
 1ae:	21390b3b          	.4byte	0x21390b3b
 1b2:	270d                	jal	8d4 <_program_size-0x3a4>
 1b4:	1119                	addi	sp,sp,-26
 1b6:	1201                	addi	tp,tp,-32 # fffe2fe0 <_ram_end+0x7ffd2fe0>
 1b8:	4006                	.2byte	0x4006
 1ba:	7a18                	.2byte	0x7a18
 1bc:	0119                	addi	sp,sp,6
 1be:	1e000013          	li	zero,480
 1c2:	0005                	c.nop	1
 1c4:	213a0e03          	lb	t3,531(s4)
 1c8:	3b01                	jal	fffffed8 <_ram_end+0x7ffefed8>
 1ca:	490b390b          	.4byte	0x490b390b
 1ce:	00180213          	addi	tp,a6,1 # 1215149 <_available_heap+0x1207dc1>
 1d2:	1f00                	addi	s0,sp,944
 1d4:	0005                	c.nop	1
 1d6:	213a0803          	lb	a6,531(s4)
 1da:	3b01                	jal	fffffeea <_ram_end+0x7ffefeea>
 1dc:	490b390b          	.4byte	0x490b390b
 1e0:	00180213          	addi	tp,a6,1
 1e4:	2000                	.2byte	0x2000
 1e6:	1331010b          	.4byte	0x1331010b
 1ea:	0111                	addi	sp,sp,4
 1ec:	0612                	slli	a2,a2,0x4
 1ee:	0000                	unimp
 1f0:	4821                	li	a6,8
 1f2:	7d01                	lui	s10,0xfffe0
 1f4:	7f01                	lui	t5,0xfffe0
 1f6:	00130113          	addi	sp,t1,1
 1fa:	2200                	.2byte	0x2200
 1fc:	0111                	addi	sp,sp,4
 1fe:	0e25                	addi	t3,t3,9 # 939c7 <_available_heap+0x8663f>
 200:	1f030b13          	addi	s6,t1,496
 204:	17551f1b          	.4byte	0x17551f1b
 208:	0111                	addi	sp,sp,4
 20a:	1710                	addi	a2,sp,928
 20c:	0000                	unimp
 20e:	0b002423          	sw	a6,168(zero) # a8 <_program_size-0xbd0>
 212:	030b3e0b          	.4byte	0x30b3e0b
 216:	0008                	.2byte	0x8
 218:	2400                	.2byte	0x2400
 21a:	0026                	c.slli	zero,0x9
 21c:	1349                	addi	t1,t1,-14
 21e:	0000                	unimp
 220:	3425                	jal	fffffc48 <_ram_end+0x7ffefc48>
 222:	0300                	addi	s0,sp,384
 224:	3a0e                	.2byte	0x3a0e
 226:	390b3b0b          	.4byte	0x390b3b0b
 22a:	0213490b          	.4byte	0x213490b
 22e:	0018                	.2byte	0x18
 230:	2600                	.2byte	0x2600
 232:	1755010b          	.4byte	0x1755010b
 236:	1301                	addi	t1,t1,-32
 238:	0000                	unimp
 23a:	49010127          	.4byte	0x49010127
 23e:	00130113          	addi	sp,t1,1
 242:	2800                	.2byte	0x2800
 244:	0021                	c.nop	8
 246:	1349                	addi	t1,t1,-14
 248:	00000b2f          	.4byte	0xb2f
 24c:	3429                	jal	fffffc56 <_ram_end+0x7ffefc56>
 24e:	0300                	addi	s0,sp,384
 250:	3a0e                	.2byte	0x3a0e
 252:	390b3b0b          	.4byte	0x390b3b0b
 256:	0013490b          	.4byte	0x13490b
 25a:	2a00                	.2byte	0x2a00
 25c:	0111010b          	.4byte	0x111010b
 260:	0612                	slli	a2,a2,0x4
 262:	0000                	unimp
 264:	0300342b          	.4byte	0x300342b
 268:	3a08                	.2byte	0x3a08
 26a:	390b3b0b          	.4byte	0x390b3b0b
 26e:	0213490b          	.4byte	0x213490b
 272:	0018                	.2byte	0x18
 274:	2c00                	.2byte	0x2c00
 276:	012e                	slli	sp,sp,0xb
 278:	1331                	addi	t1,t1,-20
 27a:	0111                	addi	sp,sp,4
 27c:	0612                	slli	a2,a2,0x4
 27e:	1840                	addi	s0,sp,52
 280:	197a                	slli	s2,s2,0x3e
 282:	0000                	unimp
 284:	0b2d                	addi	s6,s6,11
 286:	3101                	jal	fffffe86 <_ram_end+0x7ffefe86>
 288:	12011113          	.4byte	0x12011113
 28c:	0106                	slli	sp,sp,0x1
 28e:	2e000013          	li	zero,736
 292:	0005                	c.nop	1
 294:	1331                	addi	t1,t1,-20
 296:	0000                	unimp
 298:	0100                	addi	s0,sp,128
 29a:	0024                	addi	s1,sp,8
 29c:	0b3e0b0b          	.4byte	0xb3e0b0b
 2a0:	00000e03          	lb	t3,0(zero) # 0 <_program_size-0xc78>
 2a4:	3402                	.2byte	0x3402
 2a6:	3100                	.2byte	0x3100
 2a8:	00170213          	addi	tp,a4,1
 2ac:	0300                	addi	s0,sp,384
 2ae:	0005                	c.nop	1
 2b0:	1331                	addi	t1,t1,-20
 2b2:	0000                	unimp
 2b4:	3404                	.2byte	0x3404
 2b6:	3100                	.2byte	0x3100
 2b8:	05000013          	li	zero,80
 2bc:	0034                	addi	a3,sp,8
 2be:	213a0803          	lb	a6,531(s4)
 2c2:	3b01                	jal	ffffffd2 <_ram_end+0x7ffeffd2>
 2c4:	490b390b          	.4byte	0x490b390b
 2c8:	00170213          	addi	tp,a4,1
 2cc:	0600                	addi	s0,sp,768
 2ce:	0016                	c.slli	zero,0x5
 2d0:	0b3a0e03          	lb	t3,179(s4)
 2d4:	0b390b3b          	.4byte	0xb390b3b
 2d8:	1349                	addi	t1,t1,-14
 2da:	0000                	unimp
 2dc:	31011d07          	.4byte	0x31011d07
 2e0:	12011113          	.4byte	0x12011113
 2e4:	5806                	lw	a6,96(sp)
 2e6:	0121                	addi	sp,sp,8
 2e8:	0b59                	addi	s6,s6,22
 2ea:	00000b57          	.4byte	0xb57
 2ee:	0b08                	addi	a0,sp,400
 2f0:	5501                	li	a0,-32
 2f2:	09000017          	auipc	zero,0x9000
 2f6:	0034                	addi	a3,sp,8
 2f8:	213a0803          	lb	a6,531(s4)
 2fc:	3b01                	jal	c <_program_size-0xc6c>
 2fe:	490b390b          	.4byte	0x490b390b
 302:	00180213          	addi	tp,a6,1
 306:	0a00                	addi	s0,sp,272
 308:	0111010b          	.4byte	0x111010b
 30c:	0612                	slli	a2,a2,0x4
 30e:	1301                	addi	t1,t1,-32
 310:	0000                	unimp
 312:	3100050b          	.4byte	0x3100050b
 316:	00170213          	addi	tp,a4,1
 31a:	0c00                	addi	s0,sp,528
 31c:	0034                	addi	a3,sp,8
 31e:	0b3a0803          	lb	a6,179(s4)
 322:	0b390b3b          	.4byte	0xb390b3b
 326:	1349                	addi	t1,t1,-14
 328:	0000                	unimp
 32a:	0f0d                	addi	t5,t5,3 # fffe0003 <_ram_end+0x7ffd0003>
 32c:	0b00                	addi	s0,sp,400
 32e:	0421                	addi	s0,s0,8
 330:	1349                	addi	t1,t1,-14
 332:	0000                	unimp
 334:	260e                	.2byte	0x260e
 336:	4900                	lw	s0,16(a0)
 338:	0f000013          	li	zero,240
 33c:	012e                	slli	sp,sp,0xb
 33e:	0e03193f 3b01213a 	.8byte	0x3b01213a0e03193f
 346:	0621390b          	.4byte	0x621390b
 34a:	01111927          	.4byte	0x1111927
 34e:	0612                	slli	a2,a2,0x4
 350:	1840                	addi	s0,sp,52
 352:	197a                	slli	s2,s2,0x3e
 354:	1301                	addi	t1,t1,-32
 356:	0000                	unimp
 358:	0510                	addi	a2,sp,640
 35a:	0300                	addi	s0,sp,384
 35c:	3a08                	.2byte	0x3a08
 35e:	0121                	addi	sp,sp,8
 360:	0b390b3b          	.4byte	0xb390b3b
 364:	1349                	addi	t1,t1,-14
 366:	1702                	slli	a4,a4,0x20
 368:	0000                	unimp
 36a:	3411                	jal	fffffd6e <_ram_end+0x7ffefd6e>
 36c:	0300                	addi	s0,sp,384
 36e:	3a0e                	.2byte	0x3a0e
 370:	0121                	addi	sp,sp,8
 372:	3919213b          	.4byte	0x3919213b
 376:	0213490b          	.4byte	0x213490b
 37a:	12000017          	auipc	zero,0x12000
 37e:	1755010b          	.4byte	0x1755010b
 382:	1301                	addi	t1,t1,-32
 384:	0000                	unimp
 386:	31011d13          	.4byte	0x31011d13
 38a:	55015213          	.4byte	0x55015213
 38e:	01215817          	auipc	a6,0x1215
 392:	0b59                	addi	s6,s6,22
 394:	00000b57          	.4byte	0xb57
 398:	1d14                	addi	a3,sp,688
 39a:	3101                	jal	ffffff9a <_ram_end+0x7ffeff9a>
 39c:	55015213          	.4byte	0x55015213
 3a0:	01215817          	auipc	a6,0x1215
 3a4:	0b59                	addi	s6,s6,22
 3a6:	01052157          	.4byte	0x1052157
 3aa:	15000013          	li	zero,336
 3ae:	011d                	addi	sp,sp,7
 3b0:	1331                	addi	t1,t1,-20
 3b2:	0111                	addi	sp,sp,4
 3b4:	0612                	slli	a2,a2,0x4
 3b6:	2158                	.2byte	0x2158
 3b8:	5901                	li	s2,-32
 3ba:	0221570b          	.4byte	0x221570b
 3be:	1301                	addi	t1,t1,-32
 3c0:	0000                	unimp
 3c2:	0516                	slli	a0,a0,0x5
 3c4:	0300                	addi	s0,sp,384
 3c6:	3a08                	.2byte	0x3a08
 3c8:	390b3b0b          	.4byte	0x390b3b0b
 3cc:	0013490b          	.4byte	0x13490b
 3d0:	1700                	addi	s0,sp,928
 3d2:	0111                	addi	sp,sp,4
 3d4:	0e25                	addi	t3,t3,9
 3d6:	1f030b13          	addi	s6,t1,496
 3da:	17551f1b          	.4byte	0x17551f1b
 3de:	0111                	addi	sp,sp,4
 3e0:	1710                	addi	a2,sp,928
 3e2:	0000                	unimp
 3e4:	0f18                	addi	a4,sp,912
 3e6:	0b00                	addi	s0,sp,400
 3e8:	000e030b          	.4byte	0xe030b
 3ec:	1900                	addi	s0,sp,176
 3ee:	0024                	addi	s1,sp,8
 3f0:	0b3e0b0b          	.4byte	0xb3e0b0b
 3f4:	00000803          	lb	a6,0(zero) # 0 <_program_size-0xc78>
 3f8:	351a                	.2byte	0x351a
 3fa:	4900                	lw	s0,16(a0)
 3fc:	1b000013          	li	zero,432
 400:	0034                	addi	a3,sp,8
 402:	0b3a0e03          	lb	t3,179(s4)
 406:	0b390b3b          	.4byte	0xb390b3b
 40a:	1349                	addi	t1,t1,-14
 40c:	061c                	addi	a5,sp,768
 40e:	0000                	unimp
 410:	181c                	addi	a5,sp,48
 412:	0000                	unimp
 414:	1d00                	addi	s0,sp,688
 416:	0034                	addi	a3,sp,8
 418:	0b3a0e03          	lb	t3,179(s4)
 41c:	0b390b3b          	.4byte	0xb390b3b
 420:	1349                	addi	t1,t1,-14
 422:	0b1c                	addi	a5,sp,400
 424:	0000                	unimp
 426:	011e                	slli	sp,sp,0x7
 428:	4901                	li	s2,0
 42a:	00130113          	addi	sp,t1,1
 42e:	1f00                	addi	s0,sp,944
 430:	0021                	c.nop	8
 432:	1349                	addi	t1,t1,-14
 434:	00000b2f          	.4byte	0xb2f
 438:	3420                	.2byte	0x3420
 43a:	3100                	.2byte	0x3100
 43c:	00180213          	addi	tp,a6,1 # 12153a1 <_available_heap+0x1208019>
 440:	2100                	.2byte	0x2100
 442:	012e                	slli	sp,sp,0xb
 444:	0b3a0e03          	lb	t3,179(s4)
 448:	0b390b3b          	.4byte	0xb390b3b
 44c:	0b201927          	.4byte	0xb201927
 450:	1301                	addi	t1,t1,-32
 452:	0000                	unimp
 454:	2e22                	.2byte	0x2e22
 456:	0301                	addi	t1,t1,0
 458:	3a0e                	.2byte	0x3a0e
 45a:	390b3b0b          	.4byte	0x390b3b0b
 45e:	2019270b          	.4byte	0x2019270b
 462:	0000000b          	.4byte	0xb
 466:	4901                	li	s2,0
 468:	0200                	addi	s0,sp,256
 46a:	7e18                	.2byte	0x7e18
 46c:	0018                	.2byte	0x18
 46e:	0200                	addi	s0,sp,256
 470:	0148                	addi	a0,sp,132
 472:	017d                	addi	sp,sp,31
 474:	137f                	.2byte	0x137f
 476:	1301                	addi	t1,t1,-32
 478:	0000                	unimp
 47a:	49000503          	lb	a0,1168(zero) # 490 <_program_size-0x7e8>
 47e:	04000013          	li	zero,64
 482:	0034                	addi	a3,sp,8
 484:	213a0e03          	lb	t3,531(s4)
 488:	3b05                	jal	1b8 <_program_size-0xac0>
 48a:	1621390b          	.4byte	0x1621390b
 48e:	1349                	addi	t1,t1,-14
 490:	0a1c                	addi	a5,sp,272
 492:	0000                	unimp
 494:	2405                	jal	6b4 <_program_size-0x5c4>
 496:	0b00                	addi	s0,sp,400
 498:	030b3e0b          	.4byte	0x30b3e0b
 49c:	000e                	c.slli	zero,0x3
 49e:	0600                	addi	s0,sp,768
 4a0:	0026                	c.slli	zero,0x9
 4a2:	1349                	addi	t1,t1,-14
 4a4:	0000                	unimp
 4a6:	31000507          	.4byte	0x31000507
 4aa:	00170213          	addi	tp,a4,1
 4ae:	0800                	addi	s0,sp,16
 4b0:	0101                	addi	sp,sp,0
 4b2:	1349                	addi	t1,t1,-14
 4b4:	1301                	addi	t1,t1,-32
 4b6:	0000                	unimp
 4b8:	2109                	jal	8ba <_program_size-0x3be>
 4ba:	4900                	lw	s0,16(a0)
 4bc:	000b2f13          	slti	t5,s6,0
 4c0:	0a00                	addi	s0,sp,272
 4c2:	0005                	c.nop	1
 4c4:	213a0803          	lb	a6,531(s4)
 4c8:	3b01                	jal	1d8 <_program_size-0xaa0>
 4ca:	490b390b          	.4byte	0x490b390b
 4ce:	0b000013          	li	zero,176
 4d2:	0034                	addi	a3,sp,8
 4d4:	213a0803          	lb	a6,531(s4)
 4d8:	3b01                	jal	1e8 <_program_size-0xa90>
 4da:	490b390b          	.4byte	0x490b390b
 4de:	0c000013          	li	zero,192
 4e2:	210b000f          	.4byte	0x210b000f
 4e6:	4904                	lw	s1,16(a0)
 4e8:	0d000013          	li	zero,208
 4ec:	0034                	addi	a3,sp,8
 4ee:	0b3a0e03          	lb	t3,179(s4)
 4f2:	0b390b3b          	.4byte	0xb390b3b
 4f6:	1349                	addi	t1,t1,-14
 4f8:	1802                	slli	a6,a6,0x20
 4fa:	0000                	unimp
 4fc:	340e                	.2byte	0x340e
 4fe:	3100                	.2byte	0x3100
 500:	00170213          	addi	tp,a4,1
 504:	0f00                	addi	s0,sp,912
 506:	0000010b          	.4byte	0x10b
 50a:	1610                	addi	a2,sp,800
 50c:	0300                	addi	s0,sp,384
 50e:	3a0e                	.2byte	0x3a0e
 510:	390b3b0b          	.4byte	0x390b3b0b
 514:	0013490b          	.4byte	0x13490b
 518:	1100                	addi	s0,sp,160
 51a:	0049                	c.nop	18
 51c:	0180                	addi	s0,sp,192
 51e:	00187e13          	andi	t3,a6,1
 522:	1200                	addi	s0,sp,288
 524:	0034                	addi	a3,sp,8
 526:	213a0803          	lb	a6,531(s4)
 52a:	3b01                	jal	23a <_program_size-0xa3e>
 52c:	490b390b          	.4byte	0x490b390b
 530:	00180213          	addi	tp,a6,1
 534:	1300                	addi	s0,sp,416
 536:	011d                	addi	sp,sp,7
 538:	1331                	addi	t1,t1,-20
 53a:	0152                	slli	sp,sp,0x14
 53c:	1755                	addi	a4,a4,-11
 53e:	2158                	.2byte	0x2158
 540:	5901                	li	s2,-32
 542:	010b570b          	.4byte	0x10b570b
 546:	14000013          	li	zero,320
 54a:	0148                	addi	a0,sp,132
 54c:	017d                	addi	sp,sp,31
 54e:	137f                	.2byte	0x137f
 550:	0000                	unimp
 552:	2e15                	jal	886 <_program_size-0x3f2>
 554:	0301                	addi	t1,t1,0
 556:	3a0e                	.2byte	0x3a0e
 558:	0121                	addi	sp,sp,8
 55a:	21390b3b          	.4byte	0x21390b3b
 55e:	270d                	jal	c80 <_program_size+0x8>
 560:	2019                	jal	566 <_program_size-0x712>
 562:	0121                	addi	sp,sp,8
 564:	1301                	addi	t1,t1,-32
 566:	0000                	unimp
 568:	4816                	lw	a6,68(sp)
 56a:	7d00                	.2byte	0x7d00
 56c:	7f01                	lui	t5,0xfffe0
 56e:	17000013          	li	zero,368
 572:	1331010b          	.4byte	0x1331010b
 576:	1755                	addi	a4,a4,-11
 578:	0000                	unimp
 57a:	2e18                	.2byte	0x2e18
 57c:	3f01                	jal	48c <_program_size-0x7ec>
 57e:	0319                	addi	t1,t1,6
 580:	3a0e                	.2byte	0x3a0e
 582:	0621                	addi	a2,a2,8
 584:	21390b3b          	.4byte	0x21390b3b
 588:	2705                	jal	ca8 <_program_size+0x30>
 58a:	4919                	li	s2,6
 58c:	01193c13          	sltiu	s8,s2,17
 590:	19000013          	li	zero,400
 594:	0005                	c.nop	1
 596:	213a0e03          	lb	t3,531(s4)
 59a:	3b01                	jal	2aa <_program_size-0x9ce>
 59c:	490b390b          	.4byte	0x490b390b
 5a0:	00170213          	addi	tp,a4,1
 5a4:	1a00                	addi	s0,sp,304
 5a6:	0034                	addi	a3,sp,8
 5a8:	213a0e03          	lb	t3,531(s4)
 5ac:	3b01                	jal	2bc <_program_size-0x9bc>
 5ae:	490b390b          	.4byte	0x490b390b
 5b2:	00170213          	addi	tp,a4,1
 5b6:	1b00                	addi	s0,sp,432
 5b8:	1331010b          	.4byte	0x1331010b
 5bc:	0111                	addi	sp,sp,4
 5be:	0612                	slli	a2,a2,0x4
 5c0:	0000                	unimp
 5c2:	051c                	addi	a5,sp,640
 5c4:	3100                	.2byte	0x3100
 5c6:	000b1c13          	slli	s8,s6,0x0
 5ca:	1d00                	addi	s0,sp,688
 5cc:	1331010b          	.4byte	0x1331010b
 5d0:	1755                	addi	a4,a4,-11
 5d2:	1301                	addi	t1,t1,-32
 5d4:	0000                	unimp
 5d6:	0b1e                	slli	s6,s6,0x7
 5d8:	5501                	li	a0,-32
 5da:	1f000017          	auipc	zero,0x1f000
 5de:	0148                	addi	a0,sp,132
 5e0:	017d                	addi	sp,sp,31
 5e2:	0182                	c.slli64	gp
 5e4:	7f19                	lui	t5,0xfffe6
 5e6:	20000013          	li	zero,512
 5ea:	0034                	addi	a3,sp,8
 5ec:	1331                	addi	t1,t1,-20
 5ee:	0b1c                	addi	a5,sp,400
 5f0:	0000                	unimp
 5f2:	1121                	addi	sp,sp,-24
 5f4:	2501                	jal	bf4 <_program_size-0x84>
 5f6:	130e                	slli	t1,t1,0x23
 5f8:	1b1f030b          	.4byte	0x1b1f030b
 5fc:	551f 1117 1001      	.byte	0x1f, 0x55, 0x17, 0x11, 0x01, 0x10
 602:	22000017          	auipc	zero,0x22000
 606:	0024                	addi	s1,sp,8
 608:	0b3e0b0b          	.4byte	0xb3e0b0b
 60c:	00000803          	lb	a6,0(zero) # 0 <_program_size-0xc78>
 610:	49003523          	.4byte	0x49003523
 614:	24000013          	li	zero,576
 618:	0034                	addi	a3,sp,8
 61a:	0b3a0e03          	lb	t3,179(s4)
 61e:	0b390b3b          	.4byte	0xb390b3b
 622:	1349                	addi	t1,t1,-14
 624:	061c                	addi	a5,sp,768
 626:	0000                	unimp
 628:	3425                	jal	50 <_program_size-0xc28>
 62a:	0300                	addi	s0,sp,384
 62c:	3a0e                	.2byte	0x3a0e
 62e:	390b3b0b          	.4byte	0x390b3b0b
 632:	0013490b          	.4byte	0x13490b
 636:	2600                	.2byte	0x2600
 638:	012e                	slli	sp,sp,0xb
 63a:	0e03193f 0b3b0b3a 	.8byte	0xb3b0b3a0e03193f
 642:	0b39                	addi	s6,s6,14
 644:	193c1927          	.4byte	0x193c1927
 648:	1301                	addi	t1,t1,-32
 64a:	0000                	unimp
 64c:	00001827          	.4byte	0x1827
 650:	2800                	.2byte	0x2800
 652:	012e                	slli	sp,sp,0xb
 654:	0e03193f 0b3b0b3a 	.8byte	0xb3b0b3a0e03193f
 65c:	0b39                	addi	s6,s6,14
 65e:	13491927          	.4byte	0x13491927
 662:	0111                	addi	sp,sp,4
 664:	0612                	slli	a2,a2,0x4
 666:	1840                	addi	s0,sp,52
 668:	197a                	slli	s2,s2,0x3e
 66a:	1301                	addi	t1,t1,-32
 66c:	0000                	unimp
 66e:	3429                	jal	78 <_program_size-0xc00>
 670:	0300                	addi	s0,sp,384
 672:	3a08                	.2byte	0x3a08
 674:	390b3b0b          	.4byte	0x390b3b0b
 678:	0213490b          	.4byte	0x213490b
 67c:	2a000017          	auipc	zero,0x2a000
 680:	011d                	addi	sp,sp,7
 682:	1331                	addi	t1,t1,-20
 684:	0111                	addi	sp,sp,4
 686:	0612                	slli	a2,a2,0x4
 688:	0b58                	addi	a4,sp,404
 68a:	0b59                	addi	s6,s6,22
 68c:	13010b57          	.4byte	0x13010b57
 690:	0000                	unimp
 692:	03012e2b          	.4byte	0x3012e2b
 696:	3a0e                	.2byte	0x3a0e
 698:	390b3b0b          	.4byte	0x390b3b0b
 69c:	4919270b          	.4byte	0x4919270b
 6a0:	010b2013          	slti	zero,s6,16
 6a4:	2c000013          	li	zero,704
 6a8:	1301010b          	.4byte	0x1301010b
 6ac:	0000                	unimp
 6ae:	2e2d                	jal	9e8 <_program_size-0x290>
 6b0:	3101                	jal	2b0 <_program_size-0x9c8>
 6b2:	12011113          	.4byte	0x12011113
 6b6:	4006                	.2byte	0x4006
 6b8:	7a18                	.2byte	0x7a18
 6ba:	0119                	addi	sp,sp,6
 6bc:	2e000013          	li	zero,736
 6c0:	012e                	slli	sp,sp,0xb
 6c2:	1331                	addi	t1,t1,-20
 6c4:	0111                	addi	sp,sp,4
 6c6:	0612                	slli	a2,a2,0x4
 6c8:	1840                	addi	s0,sp,52
 6ca:	197a                	slli	s2,s2,0x3e
 6cc:	0000                	unimp
 6ce:	31010b2f          	.4byte	0x31010b2f
 6d2:	12011113          	.4byte	0x12011113
 6d6:	0106                	slli	sp,sp,0x1
 6d8:	00000013          	nop

Disassembly of section .debug_aranges:

00000000 <.debug_aranges>:
   0:	001c                	.2byte	0x1c
   2:	0000                	unimp
   4:	0002                	c.slli64	zero
   6:	0000                	unimp
   8:	0000                	unimp
   a:	0004                	.2byte	0x4
   c:	0000                	unimp
   e:	0000                	unimp
  10:	0000                	unimp
  12:	8000                	.2byte	0x8000
  14:	002a                	c.slli	zero,0xa
	...
  1e:	0000                	unimp
  20:	0044                	addi	s1,sp,4
  22:	0000                	unimp
  24:	0002                	c.slli64	zero
  26:	0024                	addi	s1,sp,8
  28:	0000                	unimp
  2a:	0004                	.2byte	0x4
  2c:	0000                	unimp
  2e:	0000                	unimp
  30:	002a                	c.slli	zero,0xa
  32:	8000                	.2byte	0x8000
  34:	005a                	c.slli	zero,0x16
  36:	0000                	unimp
  38:	0084                	addi	s1,sp,64
  3a:	8000                	.2byte	0x8000
  3c:	005c                	addi	a5,sp,4
  3e:	0000                	unimp
  40:	00e0                	addi	s0,sp,76
  42:	8000                	.2byte	0x8000
  44:	0220                	addi	s0,sp,264
  46:	0000                	unimp
  48:	0300                	addi	s0,sp,384
  4a:	8000                	.2byte	0x8000
  4c:	0034                	addi	a3,sp,8
  4e:	0000                	unimp
  50:	0334                	addi	a3,sp,392
  52:	8000                	.2byte	0x8000
  54:	00ae                	slli	ra,ra,0xb
	...
  66:	0000                	unimp
  68:	0024                	addi	s1,sp,8
  6a:	0000                	unimp
  6c:	0002                	c.slli64	zero
  6e:	00000b43          	.4byte	0xb43
  72:	0004                	.2byte	0x4
	...
  80:	03e2                	slli	t2,t2,0x18
  82:	8000                	.2byte	0x8000
  84:	0174                	addi	a3,sp,140
	...
  8e:	0000                	unimp
  90:	002c                	addi	a1,sp,8
  92:	0000                	unimp
  94:	0002                	c.slli64	zero
  96:	0f6e                	slli	t5,t5,0x1b
  98:	0000                	unimp
  9a:	0004                	.2byte	0x4
  9c:	0000                	unimp
  9e:	0000                	unimp
  a0:	0556                	slli	a0,a0,0x15
  a2:	8000                	.2byte	0x8000
  a4:	0072                	c.slli	zero,0x1c
  a6:	0000                	unimp
  a8:	05c8                	addi	a0,sp,708
  aa:	8000                	.2byte	0x8000
  ac:	00de                	slli	ra,ra,0x17
  ae:	0000                	unimp
  b0:	06a6                	slli	a3,a3,0x9
  b2:	8000                	.2byte	0x8000
  b4:	021e                	slli	tp,tp,0x7
	...

Disassembly of section .debug_str:

00000000 <.debug_str>:
   0:	6d6f682f          	.4byte	0x6d6f682f
   4:	2f65                	jal	7bc <_program_size-0x4bc>
   6:	7568                	.2byte	0x7568
   8:	676e                	.2byte	0x676e
   a:	6874                	.2byte	0x6874
   c:	326b696f          	jal	s2,b6332 <_available_heap+0xa8faa>
  10:	2f34                	.2byte	0x2f34
  12:	4952                	lw	s2,20(sp)
  14:	54564353          	.4byte	0x54564353
  18:	7475                	lui	s0,0xffffd
  1a:	6169726f          	jal	tp,97630 <_available_heap+0x8a2a8>
  1e:	2f6c                	.2byte	0x2f6c
  20:	7066                	.2byte	0x7066
  22:	732f6167          	.4byte	0x732f6167
  26:	68632f77          	.4byte	0x68632f77
  2a:	6361                	lui	t1,0x18
  2c:	6168                	.2byte	0x6168
  2e:	6f70                	.2byte	0x6f70
  30:	796c                	.2byte	0x796c
  32:	615f 6165 2f64      	.byte	0x5f, 0x61, 0x65, 0x61, 0x64, 0x2f
  38:	2f637273          	csrrci	tp,0x2f6,6
  3c:	30747263          	bgeu	s0,t2,340 <_program_size-0x938>
  40:	532e                	lw	t1,232(sp)
  42:	2f00                	.2byte	0x2f00
  44:	6f68                	.2byte	0x6f68
  46:	656d                	lui	a0,0x1b
  48:	6e75682f          	.4byte	0x6e75682f
  4c:	6f687467          	.4byte	0x6f687467
  50:	6b69                	lui	s6,0x1a
  52:	3432                	.2byte	0x3432
  54:	5349522f          	.4byte	0x5349522f
  58:	75545643          	.4byte	0x75545643
  5c:	6f74                	.2byte	0x6f74
  5e:	6972                	.2byte	0x6972
  60:	6c61                	lui	s8,0x18
  62:	6770662f          	.4byte	0x6770662f
  66:	2f61                	jal	7fe <_program_size-0x47a>
  68:	632f7773          	csrrci	a4,0x632,30
  6c:	6168                	.2byte	0x6168
  6e:	70616863          	bltu	sp,t1,77e <_program_size-0x4fa>
  72:	5f796c6f          	jal	s8,96e68 <_available_heap+0x89ae0>
  76:	6561                	lui	a0,0x18
  78:	6461                	lui	s0,0x18
  7a:	4700                	lw	s0,8(a4)
  7c:	554e                	lw	a0,240(sp)
  7e:	4120                	lw	s0,64(a0)
  80:	2e322053          	.4byte	0x2e322053
  84:	77003933          	.4byte	0x77003933
  88:	0064726f          	jal	tp,4708e <_available_heap+0x39d06>
  8c:	6572                	.2byte	0x6572
  8e:	6461                	lui	s0,0x18
  90:	745f 6761 6400      	.byte	0x5f, 0x74, 0x61, 0x67, 0x00, 0x64
  96:	6669                	lui	a2,0x1a
  98:	0066                	c.slli	zero,0x19
  9a:	726f6873          	csrrsi	a6,mhpmevent6h,30
  9e:	2074                	.2byte	0x2074
  a0:	6e69                	lui	t3,0x1a
  a2:	0074                	addi	a3,sp,12
  a4:	5f5f 6975 746e      	.byte	0x5f, 0x5f, 0x75, 0x69, 0x6e, 0x74
  aa:	745f3233          	.4byte	0x745f3233
  ae:	7200                	.2byte	0x7200
  b0:	6365                	lui	t1,0x19
  b2:	75706d6f          	jal	s10,7008 <_stack_size+0x5008>
  b6:	6574                	.2byte	0x6574
  b8:	0064                	addi	s1,sp,12
  ba:	6e69                	lui	t3,0x1a
  bc:	6c5f 6e65 6100      	.byte	0x5f, 0x6c, 0x65, 0x6e, 0x00, 0x61
  c2:	6165                	addi	sp,sp,112
  c4:	5f64                	lw	s1,124(a4)
  c6:	6e65                	lui	t3,0x19
  c8:	70797263          	bgeu	s2,t2,7cc <_program_size-0x4ac>
  cc:	0074                	addi	a3,sp,12
  ce:	6461                	lui	s0,0x18
  d0:	6c5f 6e65 6c00      	.byte	0x5f, 0x6c, 0x65, 0x6e, 0x00, 0x6c
  d6:	20676e6f          	jal	t3,762dc <_available_heap+0x68f54>
  da:	6f6c                	.2byte	0x6f6c
  dc:	676e                	.2byte	0x676e
  de:	6920                	.2byte	0x6920
  e0:	746e                	.2byte	0x746e
  e2:	6300                	.2byte	0x6300
  e4:	5f74                	lw	a3,124(a4)
  e6:	656c                	.2byte	0x656c
  e8:	006e                	c.slli	zero,0x1b
  ea:	5f5f 6975 746e      	.byte	0x5f, 0x5f, 0x75, 0x69, 0x6e, 0x74
  f0:	5f38                	lw	a4,120(a4)
  f2:	0074                	addi	a3,sp,12
  f4:	20554e47          	.4byte	0x20554e47
  f8:	20313143          	.4byte	0x20313143
  fc:	3231                	jal	fffffa08 <_ram_end+0x7ffefa08>
  fe:	322e                	.2byte	0x322e
 100:	302e                	.2byte	0x302e
 102:	2d20                	.2byte	0x2d20
 104:	616d                	addi	sp,sp,240
 106:	6962                	.2byte	0x6962
 108:	693d                	lui	s2,0xf
 10a:	706c                	.2byte	0x706c
 10c:	2d203233          	.4byte	0x2d203233
 110:	636d                	lui	t1,0x1b
 112:	6f6d                	lui	t5,0x1b
 114:	6564                	.2byte	0x6564
 116:	3d6c                	.2byte	0x3d6c
 118:	656d                	lui	a0,0x1b
 11a:	6164                	.2byte	0x6164
 11c:	796e                	.2byte	0x796e
 11e:	2d20                	.2byte	0x2d20
 120:	746d                	lui	s0,0xffffb
 122:	6e75                	lui	t3,0x1d
 124:	3d65                	jal	ffffffdc <_ram_end+0x7ffeffdc>
 126:	6f72                	.2byte	0x6f72
 128:	74656b63          	bltu	a0,t1,87e <_program_size-0x3fa>
 12c:	2d20                	.2byte	0x2d20
 12e:	696d                	lui	s2,0x1b
 130:	732d6173          	csrrsi	sp,mhpmevent18h,26
 134:	6570                	.2byte	0x6570
 136:	2e323d63          	.4byte	0x2e323d63
 13a:	2032                	.2byte	0x2032
 13c:	6d2d                	lui	s10,0xb
 13e:	7261                	lui	tp,0xffff8
 140:	723d6863          	bltu	s10,gp,870 <_program_size-0x408>
 144:	3376                	.2byte	0x3376
 146:	6932                	.2byte	0x6932
 148:	616d                	addi	sp,sp,240
 14a:	672d2063          	.4byte	0x672d2063
 14e:	2d20                	.2byte	0x2d20
 150:	2d20324f          	.4byte	0x2d20324f
 154:	3d647473          	csrrci	s0,0x3d6,8
 158:	31756e67          	.4byte	0x31756e67
 15c:	2031                	jal	168 <_program_size-0xb10>
 15e:	662d                	lui	a2,0xb
 160:	7566                	.2byte	0x7566
 162:	636e                	.2byte	0x636e
 164:	6974                	.2byte	0x6974
 166:	732d6e6f          	jal	t3,d6898 <_available_heap+0xc9510>
 16a:	6365                	lui	t1,0x19
 16c:	6974                	.2byte	0x6974
 16e:	20736e6f          	jal	t3,36b74 <_available_heap+0x297ec>
 172:	662d                	lui	a2,0xb
 174:	6164                	.2byte	0x6164
 176:	6174                	.2byte	0x6174
 178:	732d                	lui	t1,0xfffeb
 17a:	6365                	lui	t1,0x19
 17c:	6974                	.2byte	0x6974
 17e:	20736e6f          	jal	t3,36b84 <_available_heap+0x297fc>
 182:	662d                	lui	a2,0xb
 184:	6f6e                	.2byte	0x6f6e
 186:	632d                	lui	t1,0xb
 188:	6f6d6d6f          	jal	s10,d687e <_available_heap+0xc94f6>
 18c:	206e                	.2byte	0x206e
 18e:	662d                	lui	a2,0xb
 190:	6f6e                	.2byte	0x6f6e
 192:	622d                	lui	tp,0xb
 194:	6975                	lui	s2,0x1d
 196:	746c                	.2byte	0x746c
 198:	6e69                	lui	t3,0x1a
 19a:	2d20                	.2byte	0x2d20
 19c:	6e66                	.2byte	0x6e66
 19e:	72742d6f          	jal	s10,430c4 <_available_heap+0x35d3c>
 1a2:	6565                	lui	a0,0x19
 1a4:	6c2d                	lui	s8,0xb
 1a6:	2d706f6f          	jal	t5,6c7c <_stack_size+0x4c7c>
 1aa:	6964                	.2byte	0x6964
 1ac:	69727473          	csrrci	s0,0x697,4
 1b0:	7562                	.2byte	0x7562
 1b2:	6574                	.2byte	0x6574
 1b4:	702d                	c.lui	zero,0xfffeb
 1b6:	7461                	lui	s0,0xffff8
 1b8:	6574                	.2byte	0x6574
 1ba:	6e72                	.2byte	0x6e72
 1bc:	6e750073          	.4byte	0x6e750073
 1c0:	6e676973          	csrrsi	s2,0x6e6,14
 1c4:	6465                	lui	s0,0x19
 1c6:	6320                	.2byte	0x6320
 1c8:	6168                	.2byte	0x6168
 1ca:	0072                	c.slli	zero,0x1c
 1cc:	7470                	.2byte	0x7470
 1ce:	6c5f 6e65 6c00      	.byte	0x5f, 0x6c, 0x65, 0x6e, 0x00, 0x6c
 1d4:	20676e6f          	jal	t3,763da <_available_heap+0x69052>
 1d8:	6f6c                	.2byte	0x6f6c
 1da:	676e                	.2byte	0x676e
 1dc:	7520                	.2byte	0x7520
 1de:	736e                	.2byte	0x736e
 1e0:	6769                	lui	a4,0x1a
 1e2:	656e                	.2byte	0x656e
 1e4:	2064                	.2byte	0x2064
 1e6:	6e69                	lui	t3,0x1a
 1e8:	0074                	addi	a3,sp,12
 1ea:	6561                	lui	a0,0x18
 1ec:	6461                	lui	s0,0x18
 1ee:	645f 6365 7972      	.byte	0x5f, 0x64, 0x65, 0x63, 0x72, 0x79
 1f4:	7470                	.2byte	0x7470
 1f6:	655f 0078 6873      	.byte	0x5f, 0x65, 0x78, 0x00, 0x73, 0x68
 1fc:	2074726f          	jal	tp,47c02 <_available_heap+0x3a87a>
 200:	6e75                	lui	t3,0x1d
 202:	6e676973          	csrrsi	s2,0x6e6,14
 206:	6465                	lui	s0,0x19
 208:	6920                	.2byte	0x6920
 20a:	746e                	.2byte	0x746e
 20c:	6c00                	.2byte	0x6c00
 20e:	6665                	lui	a2,0x19
 210:	0074                	addi	a3,sp,12
 212:	6561                	lui	a0,0x18
 214:	6461                	lui	s0,0x18
 216:	645f 6365 7972      	.byte	0x5f, 0x64, 0x65, 0x63, 0x72, 0x79
 21c:	7470                	.2byte	0x7470
 21e:	5f00                	lw	s0,56(a4)
 220:	755f 6e69 7074      	.byte	0x5f, 0x75, 0x69, 0x6e, 0x74, 0x70
 226:	7274                	.2byte	0x7274
 228:	745f 6200 3365      	.byte	0x5f, 0x74, 0x00, 0x62, 0x65, 0x33
 22e:	5f32                	lw	t5,44(sp)
 230:	726f7473          	csrrci	s0,mhpmevent6h,30
 234:	5f65                	li	t5,-7
 236:	7461                	lui	s0,0xffff8
 238:	6100                	.2byte	0x6100
 23a:	6165                	addi	sp,sp,112
 23c:	5f64                	lw	s1,124(a4)
 23e:	7572                	.2byte	0x7572
 240:	006e                	c.slli	zero,0x1b
 242:	6f6c                	.2byte	0x6f6c
 244:	6461                	lui	s0,0x18
 246:	625f 6f6c 6b63      	.byte	0x5f, 0x62, 0x6c, 0x6f, 0x63, 0x6b
 24c:	6200                	.2byte	0x6200
 24e:	7361                	lui	t1,0xffff8
 250:	0065                	c.nop	25
 252:	6562                	.2byte	0x6562
 254:	6c5f3233          	.4byte	0x6c5f3233
 258:	5f64616f          	jal	sp,4684e <_available_heap+0x394c6>
 25c:	7461                	lui	s0,0xffff8
 25e:	7200                	.2byte	0x7200
 260:	6165                	addi	sp,sp,112
 262:	5f64                	lw	s1,124(a4)
 264:	6c62                	.2byte	0x6c62
 266:	006b636f          	jal	t1,b626c <_available_heap+0xa8ee4>
 26a:	74696177          	.4byte	0x74696177
 26e:	725f 6165 7964      	.byte	0x5f, 0x72, 0x65, 0x61, 0x64, 0x79
 274:	6f00                	.2byte	0x6f00
 276:	7475                	lui	s0,0xffffd
 278:	6f5f 6666 6573      	.byte	0x5f, 0x6f, 0x66, 0x66, 0x73, 0x65
 27e:	0074                	addi	a3,sp,12
 280:	7369                	lui	t1,0xffffa
 282:	635f 6168 0072      	.byte	0x5f, 0x63, 0x68, 0x61, 0x72, 0x00
 288:	5f5f 7562 6c69      	.byte	0x5f, 0x5f, 0x62, 0x75, 0x69, 0x6c
 28e:	6974                	.2byte	0x6974
 290:	5f6e                	lw	t5,248(sp)
 292:	6176                	.2byte	0x6176
 294:	6c5f 7369 0074      	.byte	0x5f, 0x6c, 0x69, 0x73, 0x74, 0x00
 29a:	5f5f 6e69 3374      	.byte	0x5f, 0x5f, 0x69, 0x6e, 0x74, 0x33
 2a0:	5f32                	lw	t5,44(sp)
 2a2:	0074                	addi	a3,sp,12
 2a4:	7369                	lui	t1,0xffffa
 2a6:	6c5f 6e6f 0067      	.byte	0x5f, 0x6c, 0x6f, 0x6e, 0x67, 0x00
 2ac:	6972706b          	.4byte	0x6972706b
 2b0:	746e                	.2byte	0x746e
 2b2:	0066                	c.slli	zero,0x19
 2b4:	5f5f 6e67 6375      	.byte	0x5f, 0x5f, 0x67, 0x6e, 0x75, 0x63
 2ba:	765f 5f61 696c      	.byte	0x5f, 0x76, 0x61, 0x5f, 0x6c, 0x69
 2c0:	69007473          	csrrci	s0,0x690,0
 2c4:	6f665f73          	csrrwi	t5,0x6f6,12
 2c8:	6d72                	.2byte	0x6d72
 2ca:	7461                	lui	s0,0xffff8
 2cc:	5f00                	lw	s0,56(a4)
 2ce:	7475706b          	.4byte	0x7475706b
 2d2:	61750073          	.4byte	0x61750073
 2d6:	7472                	.2byte	0x7472
 2d8:	6b00                	.2byte	0x6b00
 2da:	7570                	.2byte	0x7570
 2dc:	6374                	.2byte	0x6374
 2de:	5f00                	lw	s0,56(a4)
 2e0:	6f42                	.2byte	0x6f42
 2e2:	66006c6f          	jal	s8,6942 <_stack_size+0x4942>
 2e6:	6961                	lui	s2,0x18
 2e8:	756c                	.2byte	0x756c
 2ea:	6572                	.2byte	0x6572
 2ec:	616b0073          	.4byte	0x616b0073
 2f0:	5f74                	lw	a3,124(a4)
 2f2:	6f70                	.2byte	0x6f70
 2f4:	796c                	.2byte	0x796c
 2f6:	6d5f 6773 6b00      	.byte	0x5f, 0x6d, 0x73, 0x67, 0x00, 0x6b
 2fc:	7461                	lui	s0,0xffff8
 2fe:	615f 6165 5f64      	.byte	0x5f, 0x61, 0x65, 0x61, 0x64, 0x5f
 304:	6174                	.2byte	0x6174
 306:	616b0067          	jr	1558(s6) # 1a616 <_available_heap+0xd28e>
 30a:	5f74                	lw	a3,124(a4)
 30c:	6561                	lui	a0,0x18
 30e:	6461                	lui	s0,0x18
 310:	6e5f 6e6f 6563      	.byte	0x5f, 0x6e, 0x6f, 0x6e, 0x63, 0x65
 316:	6d00                	.2byte	0x6d00
 318:	6961                	lui	s2,0x18
 31a:	006e                	c.slli	zero,0x1b
 31c:	6168                	.2byte	0x6168
 31e:	7472                	.2byte	0x7472
 320:	6469                	lui	s0,0x1a
 322:	6b00                	.2byte	0x6b00
 324:	7461                	lui	s0,0xffff8
 326:	635f 6168 6863      	.byte	0x5f, 0x63, 0x68, 0x61, 0x63, 0x68
 32c:	5f61                	li	t5,-8
 32e:	7470                	.2byte	0x7470
 330:	6b00                	.2byte	0x6b00
 332:	7461                	lui	s0,0xffff8
 334:	635f 6168 6863      	.byte	0x5f, 0x63, 0x68, 0x61, 0x63, 0x68
 33a:	5f61                	li	t5,-8
 33c:	0079656b          	.4byte	0x79656b
 340:	5f74616b          	.4byte	0x5f74616b
 344:	5f6b746f          	jal	s0,b793a <_available_heap+0xaa5b2>
 348:	0079656b          	.4byte	0x79656b
 34c:	5f74616b          	.4byte	0x5f74616b
 350:	6561                	lui	a0,0x18
 352:	6461                	lui	s0,0x18
 354:	6b5f 7965 6b00      	.byte	0x5f, 0x6b, 0x65, 0x79, 0x00, 0x6b
 35a:	7461                	lui	s0,0xffff8
 35c:	615f 6165 5f64      	.byte	0x5f, 0x61, 0x65, 0x61, 0x64, 0x5f
 362:	6161                	addi	sp,sp,80
 364:	0064                	addi	s1,sp,12
 366:	6174                	.2byte	0x6174
 368:	65645f67          	.4byte	0x65645f67
 36c:	616b0063          	beq	s6,s6,96c <_program_size-0x30c>
 370:	5f74                	lw	a3,124(a4)
 372:	6561                	lui	a0,0x18
 374:	6461                	lui	s0,0x18
 376:	705f 0074 616b      	.byte	0x5f, 0x70, 0x74, 0x00, 0x6b, 0x61
 37c:	5f74                	lw	a3,124(a4)
 37e:	5f6b746f          	jal	s0,b7974 <_available_heap+0xaa5ec>
 382:	7865                	lui	a6,0xffff9
 384:	6570                	.2byte	0x6570
 386:	62007463          	bgeu	zero,zero,9ae <_program_size-0x2ca>
 38a:	7479                	lui	s0,0xffffe
 38c:	7365                	lui	t1,0xffff9
 38e:	655f 7571 6c61      	.byte	0x5f, 0x65, 0x71, 0x75, 0x61, 0x6c
 394:	6100                	.2byte	0x6100
 396:	6772                	.2byte	0x6772
 398:	0076                	c.slli	zero,0x1d
 39a:	5f74616b          	.4byte	0x5f74616b
 39e:	63616863          	bltu	sp,s6,9ce <_program_size-0x2aa>
 3a2:	6168                	.2byte	0x6168
 3a4:	6e5f 6e6f 6563      	.byte	0x5f, 0x6e, 0x6f, 0x6e, 0x63, 0x65
 3aa:	6b00                	.2byte	0x6b00
 3ac:	7461                	lui	s0,0xffff8
 3ae:	705f 6c6f 5f79      	.byte	0x5f, 0x70, 0x6f, 0x6c, 0x79, 0x5f
 3b4:	6174                	.2byte	0x6174
 3b6:	66720067          	jr	1639(tp) # 0 <_program_size-0xc78>
 3ba:	65685f63          	bge	a6,s6,a18 <_program_size-0x260>
 3be:	6478                	.2byte	0x6478
 3c0:	6d75                	lui	s10,0x1d
 3c2:	0070                	addi	a2,sp,12
 3c4:	6174                	.2byte	0x6174
 3c6:	6e655f67          	.4byte	0x6e655f67
 3ca:	616b0063          	beq	s6,s6,9ca <_program_size-0x2ae>
 3ce:	5f74                	lw	a3,124(a4)
 3d0:	5f6b746f          	jal	s0,b79c6 <_available_heap+0xaa63e>
 3d4:	6f6e                	.2byte	0x6f6e
 3d6:	636e                	.2byte	0x636e
 3d8:	0065                	c.nop	25
 3da:	5f74616b          	.4byte	0x5f74616b
 3de:	6f70                	.2byte	0x6f70
 3e0:	796c                	.2byte	0x796c
 3e2:	6b5f 7965 6b00      	.byte	0x5f, 0x6b, 0x65, 0x79, 0x00, 0x6b
 3e8:	7461                	lui	s0,0xffff8
 3ea:	635f 6168 6863      	.byte	0x5f, 0x63, 0x68, 0x61, 0x63, 0x68
 3f0:	5f61                	li	t5,-8
 3f2:	70007463          	bgeu	zero,zero,afa <_program_size-0x17e>
 3f6:	5f74                	lw	a3,124(a4)
 3f8:	616d                	addi	sp,sp,240
 3fa:	6374                	.2byte	0x6374
 3fc:	0068                	addi	a0,sp,12
 3fe:	6174                	.2byte	0x6174
 400:	6d5f7367          	.4byte	0x6d5f7367
 404:	7461                	lui	s0,0xffff8
 406:	6b006863          	bltu	zero,a6,ab6 <_program_size-0x1c2>
 40a:	7461                	lui	s0,0xffff8
 40c:	615f 6165 5f64      	.byte	0x5f, 0x61, 0x65, 0x61, 0x64, 0x5f
 412:	72007463          	bgeu	zero,zero,b3a <_program_size-0x13e>
 416:	6366                	.2byte	0x6366
 418:	745f 6761 7000      	.byte	0x5f, 0x74, 0x61, 0x67, 0x00, 0x70
 41e:	6972                	.2byte	0x6972
 420:	746e                	.2byte	0x746e
 422:	685f 7865 625f      	.byte	0x5f, 0x68, 0x65, 0x78, 0x5f, 0x62
 428:	7479                	lui	s0,0xffffe
 42a:	0065                	c.nop	25

Disassembly of section .debug_loclists:

00000000 <.debug_loclists>:
       0:	0df0                	addi	a2,sp,732
       2:	0000                	unimp
       4:	0005                	c.nop	1
       6:	0004                	.2byte	0x4
       8:	0000                	unimp
       a:	0000                	unimp
       c:	00033407          	.4byte	0x33407
      10:	6a80                	.2byte	0x6a80
      12:	01800003          	lb	zero,24(zero) # 18 <_program_size-0xc60>
      16:	075a                	slli	a4,a4,0x16
      18:	036a                	slli	t1,t1,0x1a
      1a:	8000                	.2byte	0x8000
      1c:	036d                	addi	t1,t1,27 # ffff901b <_ram_end+0x7ffe901b>
      1e:	8000                	.2byte	0x8000
      20:	5b01                	li	s6,-32
      22:	00036d07          	.4byte	0x36d07
      26:	de80                	sw	s0,56(a3)
      28:	04800003          	lb	zero,72(zero) # 48 <_program_size-0xc30>
      2c:	9f5a01a3          	sb	s5,-1565(s4)
      30:	0003de07          	.4byte	0x3de07
      34:	e080                	.2byte	0xe080
      36:	01800003          	lb	zero,24(zero) # 18 <_program_size-0xc60>
      3a:	075a                	slli	a4,a4,0x16
      3c:	03e0                	addi	s0,sp,460
      3e:	8000                	.2byte	0x8000
      40:	03e2                	slli	t2,t2,0x18
      42:	8000                	.2byte	0x8000
      44:	a304                	.2byte	0xa304
      46:	5a01                	li	s4,-32
      48:	009f 3407 0003      	.byte	0x9f, 0x00, 0x07, 0x34, 0x03, 0x00
      4e:	6880                	.2byte	0x6880
      50:	01800003          	lb	zero,24(zero) # 18 <_program_size-0xc60>
      54:	0368075b          	.4byte	0x368075b
      58:	8000                	.2byte	0x8000
      5a:	036d                	addi	t1,t1,27
      5c:	8000                	.2byte	0x8000
      5e:	5c01                	li	s8,-32
      60:	00036d07          	.4byte	0x36d07
      64:	de80                	sw	s0,56(a3)
      66:	04800003          	lb	zero,72(zero) # 48 <_program_size-0xc30>
      6a:	9f5b01a3          	sb	s5,-1565(s6)
      6e:	0003de07          	.4byte	0x3de07
      72:	e280                	.2byte	0xe280
      74:	01800003          	lb	zero,24(zero) # 18 <_program_size-0xc60>
      78:	3407005b          	.4byte	0x3407005b
      7c:	66800003          	lb	zero,1640(zero) # 668 <_program_size-0x610>
      80:	01800003          	lb	zero,24(zero) # 18 <_program_size-0xc60>
      84:	075c                	addi	a5,sp,900
      86:	0366                	slli	t1,t1,0x19
      88:	8000                	.2byte	0x8000
      8a:	036d                	addi	t1,t1,27
      8c:	8000                	.2byte	0x8000
      8e:	5d01                	li	s10,-32
      90:	00036d07          	.4byte	0x36d07
      94:	de80                	sw	s0,56(a3)
      96:	04800003          	lb	zero,72(zero) # 48 <_program_size-0xc30>
      9a:	9f5c01a3          	sb	s5,-1565(s8) # a9e3 <_stack_size+0x89e3>
      9e:	0003de07          	.4byte	0x3de07
      a2:	e280                	.2byte	0xe280
      a4:	01800003          	lb	zero,24(zero) # 18 <_program_size-0xc60>
      a8:	005c                	addi	a5,sp,4
      aa:	00033407          	.4byte	0x33407
      ae:	6280                	.2byte	0x6280
      b0:	01800003          	lb	zero,24(zero) # 18 <_program_size-0xc60>
      b4:	075d                	addi	a4,a4,23 # 1a017 <_available_heap+0xcc8f>
      b6:	0362                	slli	t1,t1,0x18
      b8:	8000                	.2byte	0x8000
      ba:	036d                	addi	t1,t1,27
      bc:	8000                	.2byte	0x8000
      be:	5e01                	li	t3,-32
      c0:	00036d07          	.4byte	0x36d07
      c4:	de80                	sw	s0,56(a3)
      c6:	04800003          	lb	zero,72(zero) # 48 <_program_size-0xc30>
      ca:	9f5d01a3          	sb	s5,-1565(s10) # 1c9e3 <_available_heap+0xf65b>
      ce:	0003de07          	.4byte	0x3de07
      d2:	e280                	.2byte	0xe280
      d4:	01800003          	lb	zero,24(zero) # 18 <_program_size-0xc60>
      d8:	005d                	c.nop	23
      da:	00033407          	.4byte	0x33407
      de:	4e80                	lw	s0,24(a3)
      e0:	01800003          	lb	zero,24(zero) # 18 <_program_size-0xc60>
      e4:	075e                	slli	a4,a4,0x17
      e6:	034e                	slli	t1,t1,0x13
      e8:	8000                	.2byte	0x8000
      ea:	036d                	addi	t1,t1,27
      ec:	8000                	.2byte	0x8000
      ee:	5f01                	li	t5,-32
      f0:	00036d07          	.4byte	0x36d07
      f4:	de80                	sw	s0,56(a3)
      f6:	04800003          	lb	zero,72(zero) # 48 <_program_size-0xc30>
      fa:	9f5e01a3          	sb	s5,-1565(t3) # 1c9e3 <_available_heap+0xf65b>
      fe:	0003de07          	.4byte	0x3de07
     102:	e280                	.2byte	0xe280
     104:	01800003          	lb	zero,24(zero) # 18 <_program_size-0xc60>
     108:	005e                	c.slli	zero,0x17
     10a:	00033407          	.4byte	0x33407
     10e:	4a80                	lw	s0,16(a3)
     110:	01800003          	lb	zero,24(zero) # 18 <_program_size-0xc60>
     114:	075f 034a 8000      	.byte	0x5f, 0x07, 0x4a, 0x03, 0x00, 0x80
     11a:	03ac                	addi	a1,sp,456
     11c:	8000                	.2byte	0x8000
     11e:	6401                	.2byte	0x6401
     120:	0003ac07          	.4byte	0x3ac07
     124:	bc80                	.2byte	0xbc80
     126:	04800003          	lb	zero,72(zero) # 48 <_program_size-0xc30>
     12a:	9f5f01a3          	sb	s5,-1565(t5) # 1a9e3 <_available_heap+0xd65b>
     12e:	0003bc07          	.4byte	0x3bc07
     132:	ca80                	sw	s0,16(a3)
     134:	01800003          	lb	zero,24(zero) # 18 <_program_size-0xc60>
     138:	0764                	addi	s1,sp,908
     13a:	03ca                	slli	t2,t2,0x12
     13c:	8000                	.2byte	0x8000
     13e:	03ce                	slli	t2,t2,0x13
     140:	8000                	.2byte	0x8000
     142:	a304                	.2byte	0xa304
     144:	5f01                	li	t5,-32
     146:	079f 03ce 8000      	.byte	0x9f, 0x07, 0xce, 0x03, 0x00, 0x80
     14c:	03d0                	addi	a2,sp,452
     14e:	8000                	.2byte	0x8000
     150:	6401                	.2byte	0x6401
     152:	0003d007          	.4byte	0x3d007
     156:	de80                	sw	s0,56(a3)
     158:	04800003          	lb	zero,72(zero) # 48 <_program_size-0xc30>
     15c:	9f5f01a3          	sb	s5,-1565(t5)
     160:	0003de07          	.4byte	0x3de07
     164:	e280                	.2byte	0xe280
     166:	01800003          	lb	zero,24(zero) # 18 <_program_size-0xc60>
     16a:	005f 3407 0003      	.byte	0x5f, 0x00, 0x07, 0x34, 0x03, 0x00
     170:	5680                	lw	s0,40(a3)
     172:	01800003          	lb	zero,24(zero) # 18 <_program_size-0xc60>
     176:	0760                	addi	s0,sp,908
     178:	0356                	slli	t1,t1,0x15
     17a:	8000                	.2byte	0x8000
     17c:	03ac                	addi	a1,sp,456
     17e:	8000                	.2byte	0x8000
     180:	5901                	li	s2,-32
     182:	0003ac07          	.4byte	0x3ac07
     186:	bc80                	.2byte	0xbc80
     188:	04800003          	lb	zero,72(zero) # 48 <_program_size-0xc30>
     18c:	9f6001a3          	sb	s6,-1565(zero) # fffff9e3 <_ram_end+0x7ffef9e3>
     190:	0003bc07          	.4byte	0x3bc07
     194:	c480                	sw	s0,8(s1)
     196:	01800003          	lb	zero,24(zero) # 18 <_program_size-0xc60>
     19a:	0759                	addi	a4,a4,22
     19c:	03c4                	addi	s1,sp,452
     19e:	8000                	.2byte	0x8000
     1a0:	03ce                	slli	t2,t2,0x13
     1a2:	8000                	.2byte	0x8000
     1a4:	a304                	.2byte	0xa304
     1a6:	6001                	.2byte	0x6001
     1a8:	079f 03ce 8000      	.byte	0x9f, 0x07, 0xce, 0x03, 0x00, 0x80
     1ae:	03de                	slli	t2,t2,0x17
     1b0:	8000                	.2byte	0x8000
     1b2:	5901                	li	s2,-32
     1b4:	0003de07          	.4byte	0x3de07
     1b8:	e280                	.2byte	0xe280
     1ba:	01800003          	lb	zero,24(zero) # 18 <_program_size-0xc60>
     1be:	0060                	addi	s0,sp,12
     1c0:	00033407          	.4byte	0x33407
     1c4:	6d80                	.2byte	0x6d80
     1c6:	01800003          	lb	zero,24(zero) # 18 <_program_size-0xc60>
     1ca:	0761                	addi	a4,a4,24
     1cc:	036d                	addi	t1,t1,27
     1ce:	8000                	.2byte	0x8000
     1d0:	03ac                	addi	a1,sp,456
     1d2:	8000                	.2byte	0x8000
     1d4:	6301                	.2byte	0x6301
     1d6:	0003ac07          	.4byte	0x3ac07
     1da:	bc80                	.2byte	0xbc80
     1dc:	04800003          	lb	zero,72(zero) # 48 <_program_size-0xc30>
     1e0:	9f6101a3          	sb	s6,-1565(sp)
     1e4:	0003bc07          	.4byte	0x3bc07
     1e8:	c880                	sw	s0,16(s1)
     1ea:	01800003          	lb	zero,24(zero) # 18 <_program_size-0xc60>
     1ee:	03c80763          	beq	a6,t3,21c <_program_size-0xa5c>
     1f2:	8000                	.2byte	0x8000
     1f4:	03ce                	slli	t2,t2,0x13
     1f6:	8000                	.2byte	0x8000
     1f8:	a304                	.2byte	0xa304
     1fa:	6101                	addi	sp,sp,0
     1fc:	079f 03ce 8000      	.byte	0x9f, 0x07, 0xce, 0x03, 0x00, 0x80
     202:	03d0                	addi	a2,sp,452
     204:	8000                	.2byte	0x8000
     206:	6301                	.2byte	0x6301
     208:	0003d007          	.4byte	0x3d007
     20c:	de80                	sw	s0,56(a3)
     20e:	04800003          	lb	zero,72(zero) # 48 <_program_size-0xc30>
     212:	9f6101a3          	sb	s6,-1565(sp)
     216:	0003de07          	.4byte	0x3de07
     21a:	e280                	.2byte	0xe280
     21c:	01800003          	lb	zero,24(zero) # 18 <_program_size-0xc60>
     220:	0061                	c.nop	24
     222:	00033407          	.4byte	0x33407
     226:	ba80                	.2byte	0xba80
     228:	02800003          	lb	zero,40(zero) # 28 <_program_size-0xc50>
     22c:	0091                	addi	ra,ra,4
     22e:	0003ba07          	.4byte	0x3ba07
     232:	bc80                	.2byte	0xbc80
     234:	02800003          	lb	zero,40(zero) # 28 <_program_size-0xc50>
     238:	0072                	c.slli	zero,0x1c
     23a:	0003bc07          	.4byte	0x3bc07
     23e:	cc80                	sw	s0,24(s1)
     240:	02800003          	lb	zero,40(zero) # 28 <_program_size-0xc50>
     244:	0091                	addi	ra,ra,4
     246:	0003cc07          	.4byte	0x3cc07
     24a:	ce80                	sw	s0,24(a3)
     24c:	02800003          	lb	zero,40(zero) # 28 <_program_size-0xc50>
     250:	0072                	c.slli	zero,0x1c
     252:	0003ce07          	.4byte	0x3ce07
     256:	de80                	sw	s0,56(a3)
     258:	02800003          	lb	zero,40(zero) # 28 <_program_size-0xc50>
     25c:	0091                	addi	ra,ra,4
     25e:	0003de07          	.4byte	0x3de07
     262:	e280                	.2byte	0xe280
     264:	01800003          	lb	zero,24(zero) # 18 <_program_size-0xc60>
     268:	0062                	c.slli	zero,0x18
     26a:	00034407          	.4byte	0x34407
     26e:	9480                	.2byte	0x9480
     270:	02800003          	lb	zero,40(zero) # 28 <_program_size-0xc50>
     274:	9f30                	.2byte	0x9f30
     276:	00039407          	.4byte	0x39407
     27a:	ac80                	.2byte	0xac80
     27c:	01800003          	lb	zero,24(zero) # 18 <_program_size-0xc60>
     280:	03bc075b          	.4byte	0x3bc075b
     284:	8000                	.2byte	0x8000
     286:	03ce                	slli	t2,t2,0x13
     288:	8000                	.2byte	0x8000
     28a:	3002                	.2byte	0x3002
     28c:	079f 03ce 8000      	.byte	0x9f, 0x07, 0xce, 0x03, 0x00, 0x80
     292:	03de                	slli	t2,t2,0x17
     294:	8000                	.2byte	0x8000
     296:	5b01                	li	s6,-32
     298:	0003de07          	.4byte	0x3de07
     29c:	e280                	.2byte	0xe280
     29e:	02800003          	lb	zero,40(zero) # 28 <_program_size-0xc50>
     2a2:	9f30                	.2byte	0x9f30
     2a4:	0700                	addi	s0,sp,896
     2a6:	036e                	slli	t1,t1,0x1b
     2a8:	8000                	.2byte	0x8000
     2aa:	0394                	addi	a3,sp,448
     2ac:	8000                	.2byte	0x8000
     2ae:	5a01                	li	s4,-32
     2b0:	0003bc07          	.4byte	0x3bc07
     2b4:	ce80                	sw	s0,24(a3)
     2b6:	01800003          	lb	zero,24(zero) # 18 <_program_size-0xc60>
     2ba:	005a                	c.slli	zero,0x16
     2bc:	00037a07          	.4byte	0x37a07
     2c0:	8080                	.2byte	0x8080
     2c2:	08800003          	lb	zero,136(zero) # 88 <_program_size-0xbf0>
     2c6:	007e                	c.slli	zero,0x1f
     2c8:	0091                	addi	ra,ra,4
     2ca:	231c                	.2byte	0x231c
     2cc:	9f30                	.2byte	0x9f30
     2ce:	00038007          	.4byte	0x38007
     2d2:	8680                	.2byte	0x8680
     2d4:	08800003          	lb	zero,136(zero) # 88 <_program_size-0xbf0>
     2d8:	007e                	c.slli	zero,0x1f
     2da:	0091                	addi	ra,ra,4
     2dc:	231c                	.2byte	0x231c
     2de:	07009f2f          	.4byte	0x7009f2f
     2e2:	0394                	addi	a3,sp,448
     2e4:	8000                	.2byte	0x8000
     2e6:	039e                	slli	t2,t2,0x7
     2e8:	8000                	.2byte	0x8000
     2ea:	7e08                	.2byte	0x7e08
     2ec:	9100                	.2byte	0x9100
     2ee:	1c00                	addi	s0,sp,560
     2f0:	079f3023          	.4byte	0x79f3023
     2f4:	039e                	slli	t2,t2,0x7
     2f6:	8000                	.2byte	0x8000
     2f8:	03a4                	addi	s1,sp,456
     2fa:	8000                	.2byte	0x8000
     2fc:	7e08                	.2byte	0x7e08
     2fe:	9100                	.2byte	0x9100
     300:	1c00                	addi	s0,sp,560
     302:	009f2f23          	sw	s1,30(t5)
     306:	0003d007          	.4byte	0x3d007
     30a:	d480                	sw	s0,40(s1)
     30c:	07800003          	lb	zero,120(zero) # 78 <_program_size-0xc00>
     310:	01a30083          	lb	ra,26(t1)
     314:	1c61                	addi	s8,s8,-8
     316:	079f 03d4 8000      	.byte	0x9f, 0x07, 0xd4, 0x03, 0x00, 0x80
     31c:	03d6                	slli	t2,t2,0x15
     31e:	8000                	.2byte	0x8000
     320:	8309                	srli	a4,a4,0x2
     322:	a300                	.2byte	0xa300
     324:	6101                	addi	sp,sp,0
     326:	231c                	.2byte	0x231c
     328:	9f01                	.2byte	0x9f01
     32a:	0003d607          	.4byte	0x3d607
     32e:	de80                	sw	s0,56(a3)
     330:	07800003          	lb	zero,120(zero) # 78 <_program_size-0xc00>
     334:	01a30083          	lb	ra,26(t1)
     338:	1c61                	addi	s8,s8,-8
     33a:	009f 4407 0003      	.byte	0x9f, 0x00, 0x07, 0x44, 0x03, 0x00
     340:	5c80                	lw	s0,56(s1)
     342:	03800003          	lb	zero,56(zero) # 38 <_program_size-0xc40>
     346:	5091                	li	ra,-28
     348:	079f 035c 8000      	.byte	0x9f, 0x07, 0x5c, 0x03, 0x00, 0x80
     34e:	036e                	slli	t1,t1,0x1b
     350:	8000                	.2byte	0x8000
     352:	5801                	li	a6,-32
     354:	0003de07          	.4byte	0x3de07
     358:	e280                	.2byte	0xe280
     35a:	03800003          	lb	zero,56(zero) # 38 <_program_size-0xc40>
     35e:	5091                	li	ra,-28
     360:	009f 4407 0003      	.byte	0x9f, 0x00, 0x07, 0x44, 0x03, 0x00
     366:	6d80                	.2byte	0x6d80
     368:	01800003          	lb	zero,24(zero) # 18 <_program_size-0xc60>
     36c:	0761                	addi	a4,a4,24
     36e:	036d                	addi	t1,t1,27
     370:	8000                	.2byte	0x8000
     372:	036e                	slli	t1,t1,0x1b
     374:	8000                	.2byte	0x8000
     376:	6301                	.2byte	0x6301
     378:	0003de07          	.4byte	0x3de07
     37c:	e280                	.2byte	0xe280
     37e:	01800003          	lb	zero,24(zero) # 18 <_program_size-0xc60>
     382:	0061                	c.nop	24
     384:	00034407          	.4byte	0x34407
     388:	4a80                	lw	s0,16(a3)
     38a:	01800003          	lb	zero,24(zero) # 18 <_program_size-0xc60>
     38e:	075f 034a 8000      	.byte	0x5f, 0x07, 0x4a, 0x03, 0x00, 0x80
     394:	036e                	slli	t1,t1,0x1b
     396:	8000                	.2byte	0x8000
     398:	6401                	.2byte	0x6401
     39a:	0003de07          	.4byte	0x3de07
     39e:	e280                	.2byte	0xe280
     3a0:	01800003          	lb	zero,24(zero) # 18 <_program_size-0xc60>
     3a4:	005f 4407 0003      	.byte	0x5f, 0x00, 0x07, 0x44, 0x03, 0x00
     3aa:	4e80                	lw	s0,24(a3)
     3ac:	01800003          	lb	zero,24(zero) # 18 <_program_size-0xc60>
     3b0:	075e                	slli	a4,a4,0x17
     3b2:	034e                	slli	t1,t1,0x13
     3b4:	8000                	.2byte	0x8000
     3b6:	036d                	addi	t1,t1,27
     3b8:	8000                	.2byte	0x8000
     3ba:	5f01                	li	t5,-32
     3bc:	00036d07          	.4byte	0x36d07
     3c0:	6e80                	.2byte	0x6e80
     3c2:	04800003          	lb	zero,72(zero) # 48 <_program_size-0xc30>
     3c6:	9f5e01a3          	sb	s5,-1565(t3)
     3ca:	0003de07          	.4byte	0x3de07
     3ce:	e280                	.2byte	0xe280
     3d0:	01800003          	lb	zero,24(zero) # 18 <_program_size-0xc60>
     3d4:	005e                	c.slli	zero,0x17
     3d6:	00034407          	.4byte	0x34407
     3da:	6280                	.2byte	0x6280
     3dc:	01800003          	lb	zero,24(zero) # 18 <_program_size-0xc60>
     3e0:	075d                	addi	a4,a4,23
     3e2:	0362                	slli	t1,t1,0x18
     3e4:	8000                	.2byte	0x8000
     3e6:	036d                	addi	t1,t1,27
     3e8:	8000                	.2byte	0x8000
     3ea:	5e01                	li	t3,-32
     3ec:	00036d07          	.4byte	0x36d07
     3f0:	6e80                	.2byte	0x6e80
     3f2:	04800003          	lb	zero,72(zero) # 48 <_program_size-0xc30>
     3f6:	9f5d01a3          	sb	s5,-1565(s10)
     3fa:	0003de07          	.4byte	0x3de07
     3fe:	e280                	.2byte	0xe280
     400:	01800003          	lb	zero,24(zero) # 18 <_program_size-0xc60>
     404:	005d                	c.nop	23
     406:	00034407          	.4byte	0x34407
     40a:	6680                	.2byte	0x6680
     40c:	01800003          	lb	zero,24(zero) # 18 <_program_size-0xc60>
     410:	075c                	addi	a5,sp,900
     412:	0366                	slli	t1,t1,0x19
     414:	8000                	.2byte	0x8000
     416:	036d                	addi	t1,t1,27
     418:	8000                	.2byte	0x8000
     41a:	5d01                	li	s10,-32
     41c:	00036d07          	.4byte	0x36d07
     420:	6e80                	.2byte	0x6e80
     422:	04800003          	lb	zero,72(zero) # 48 <_program_size-0xc30>
     426:	9f5c01a3          	sb	s5,-1565(s8)
     42a:	0003de07          	.4byte	0x3de07
     42e:	e280                	.2byte	0xe280
     430:	01800003          	lb	zero,24(zero) # 18 <_program_size-0xc60>
     434:	005c                	addi	a5,sp,4
     436:	00034407          	.4byte	0x34407
     43a:	6880                	.2byte	0x6880
     43c:	01800003          	lb	zero,24(zero) # 18 <_program_size-0xc60>
     440:	0368075b          	.4byte	0x368075b
     444:	8000                	.2byte	0x8000
     446:	036d                	addi	t1,t1,27
     448:	8000                	.2byte	0x8000
     44a:	5c01                	li	s8,-32
     44c:	00036d07          	.4byte	0x36d07
     450:	6e80                	.2byte	0x6e80
     452:	04800003          	lb	zero,72(zero) # 48 <_program_size-0xc30>
     456:	9f5b01a3          	sb	s5,-1565(s6)
     45a:	0003de07          	.4byte	0x3de07
     45e:	e280                	.2byte	0xe280
     460:	01800003          	lb	zero,24(zero) # 18 <_program_size-0xc60>
     464:	4407005b          	.4byte	0x4407005b
     468:	6a800003          	lb	zero,1704(zero) # 6a8 <_program_size-0x5d0>
     46c:	01800003          	lb	zero,24(zero) # 18 <_program_size-0xc60>
     470:	075a                	slli	a4,a4,0x16
     472:	036a                	slli	t1,t1,0x1a
     474:	8000                	.2byte	0x8000
     476:	036d                	addi	t1,t1,27
     478:	8000                	.2byte	0x8000
     47a:	5b01                	li	s6,-32
     47c:	00036d07          	.4byte	0x36d07
     480:	6e80                	.2byte	0x6e80
     482:	04800003          	lb	zero,72(zero) # 48 <_program_size-0xc30>
     486:	9f5a01a3          	sb	s5,-1565(s4)
     48a:	0003de07          	.4byte	0x3de07
     48e:	e080                	.2byte	0xe080
     490:	01800003          	lb	zero,24(zero) # 18 <_program_size-0xc60>
     494:	075a                	slli	a4,a4,0x16
     496:	03e0                	addi	s0,sp,460
     498:	8000                	.2byte	0x8000
     49a:	03e2                	slli	t2,t2,0x18
     49c:	8000                	.2byte	0x8000
     49e:	a304                	.2byte	0xa304
     4a0:	5a01                	li	s4,-32
     4a2:	009f 4407 0003      	.byte	0x9f, 0x00, 0x07, 0x44, 0x03, 0x00
     4a8:	6e80                	.2byte	0x6e80
     4aa:	02800003          	lb	zero,40(zero) # 28 <_program_size-0xc50>
     4ae:	9f30                	.2byte	0x9f30
     4b0:	0003de07          	.4byte	0x3de07
     4b4:	e280                	.2byte	0xe280
     4b6:	02800003          	lb	zero,40(zero) # 28 <_program_size-0xc50>
     4ba:	9f30                	.2byte	0x9f30
     4bc:	0700                	addi	s0,sp,896
	...
     4c6:	5a01                	li	s4,-32
     4c8:	00000007          	.4byte	0x7
     4cc:	0000                	unimp
     4ce:	0000                	unimp
     4d0:	0400                	addi	s0,sp,512
     4d2:	9f5a01a3          	sb	s5,-1565(s4)
     4d6:	0700                	addi	s0,sp,896
	...
     4e0:	5b01                	li	s6,-32
     4e2:	00000007          	.4byte	0x7
     4e6:	0000                	unimp
     4e8:	0000                	unimp
     4ea:	0400                	addi	s0,sp,512
     4ec:	9f5b01a3          	sb	s5,-1565(s6)
     4f0:	0700                	addi	s0,sp,896
	...
     4fa:	5c01                	li	s8,-32
     4fc:	00000007          	.4byte	0x7
     500:	0000                	unimp
     502:	0000                	unimp
     504:	0400                	addi	s0,sp,512
     506:	9f5c01a3          	sb	s5,-1565(s8)
     50a:	0700                	addi	s0,sp,896
	...
     514:	5d01                	li	s10,-32
     516:	00000007          	.4byte	0x7
     51a:	0000                	unimp
     51c:	0000                	unimp
     51e:	0400                	addi	s0,sp,512
     520:	9f5d01a3          	sb	s5,-1565(s10)
     524:	0700                	addi	s0,sp,896
	...
     52e:	5e01                	li	t3,-32
     530:	00000007          	.4byte	0x7
     534:	0000                	unimp
     536:	0000                	unimp
     538:	0400                	addi	s0,sp,512
     53a:	9f5e01a3          	sb	s5,-1565(t3)
     53e:	0700                	addi	s0,sp,896
	...
     548:	5f01                	li	t5,-32
     54a:	00000007          	.4byte	0x7
     54e:	0000                	unimp
     550:	0000                	unimp
     552:	0400                	addi	s0,sp,512
     554:	9f5f01a3          	sb	s5,-1565(t5)
     558:	0700                	addi	s0,sp,896
	...
     562:	6001                	.2byte	0x6001
     564:	00000007          	.4byte	0x7
     568:	0000                	unimp
     56a:	0000                	unimp
     56c:	0400                	addi	s0,sp,512
     56e:	9f6001a3          	sb	s6,-1565(zero) # fffff9e3 <_ram_end+0x7ffef9e3>
     572:	0700                	addi	s0,sp,896
	...
     57c:	6101                	addi	sp,sp,0
     57e:	00000007          	.4byte	0x7
     582:	0000                	unimp
     584:	0000                	unimp
     586:	0400                	addi	s0,sp,512
     588:	9f6101a3          	sb	s6,-1565(sp)
     58c:	0700                	addi	s0,sp,896
     58e:	0300                	addi	s0,sp,384
     590:	8000                	.2byte	0x8000
     592:	0328                	addi	a0,sp,392
     594:	8000                	.2byte	0x8000
     596:	5a01                	li	s4,-32
     598:	00032807          	.4byte	0x32807
     59c:	2980                	.2byte	0x2980
     59e:	01800003          	lb	zero,24(zero) # 18 <_program_size-0xc60>
     5a2:	0329075b          	.4byte	0x329075b
     5a6:	8000                	.2byte	0x8000
     5a8:	0330                	addi	a2,sp,392
     5aa:	8000                	.2byte	0x8000
     5ac:	a304                	.2byte	0xa304
     5ae:	5a01                	li	s4,-32
     5b0:	079f 0330 8000      	.byte	0x9f, 0x07, 0x30, 0x03, 0x00, 0x80
     5b6:	0332                	slli	t1,t1,0xc
     5b8:	8000                	.2byte	0x8000
     5ba:	5a01                	li	s4,-32
     5bc:	00033207          	.4byte	0x33207
     5c0:	3480                	.2byte	0x3480
     5c2:	04800003          	lb	zero,72(zero) # 48 <_program_size-0xc30>
     5c6:	9f5a01a3          	sb	s5,-1565(s4)
     5ca:	0700                	addi	s0,sp,896
     5cc:	0300                	addi	s0,sp,384
     5ce:	8000                	.2byte	0x8000
     5d0:	0326                	slli	t1,t1,0x9
     5d2:	8000                	.2byte	0x8000
     5d4:	5b01                	li	s6,-32
     5d6:	00032607          	.4byte	0x32607
     5da:	2980                	.2byte	0x2980
     5dc:	01800003          	lb	zero,24(zero) # 18 <_program_size-0xc60>
     5e0:	075c                	addi	a5,sp,900
     5e2:	0329                	addi	t1,t1,10
     5e4:	8000                	.2byte	0x8000
     5e6:	0330                	addi	a2,sp,392
     5e8:	8000                	.2byte	0x8000
     5ea:	a304                	.2byte	0xa304
     5ec:	5b01                	li	s6,-32
     5ee:	079f 0330 8000      	.byte	0x9f, 0x07, 0x30, 0x03, 0x00, 0x80
     5f4:	0334                	addi	a3,sp,392
     5f6:	8000                	.2byte	0x8000
     5f8:	5b01                	li	s6,-32
     5fa:	0700                	addi	s0,sp,896
     5fc:	0300                	addi	s0,sp,384
     5fe:	8000                	.2byte	0x8000
     600:	0324                	addi	s1,sp,392
     602:	8000                	.2byte	0x8000
     604:	5c01                	li	s8,-32
     606:	00032407          	.4byte	0x32407
     60a:	2980                	.2byte	0x2980
     60c:	01800003          	lb	zero,24(zero) # 18 <_program_size-0xc60>
     610:	075d                	addi	a4,a4,23
     612:	0329                	addi	t1,t1,10
     614:	8000                	.2byte	0x8000
     616:	0330                	addi	a2,sp,392
     618:	8000                	.2byte	0x8000
     61a:	a304                	.2byte	0xa304
     61c:	5c01                	li	s8,-32
     61e:	079f 0330 8000      	.byte	0x9f, 0x07, 0x30, 0x03, 0x00, 0x80
     624:	0334                	addi	a3,sp,392
     626:	8000                	.2byte	0x8000
     628:	5c01                	li	s8,-32
     62a:	0700                	addi	s0,sp,896
     62c:	0300                	addi	s0,sp,384
     62e:	8000                	.2byte	0x8000
     630:	0320                	addi	s0,sp,392
     632:	8000                	.2byte	0x8000
     634:	5d01                	li	s10,-32
     636:	00032007          	.4byte	0x32007
     63a:	2980                	.2byte	0x2980
     63c:	01800003          	lb	zero,24(zero) # 18 <_program_size-0xc60>
     640:	075e                	slli	a4,a4,0x17
     642:	0329                	addi	t1,t1,10
     644:	8000                	.2byte	0x8000
     646:	0330                	addi	a2,sp,392
     648:	8000                	.2byte	0x8000
     64a:	a304                	.2byte	0xa304
     64c:	5d01                	li	s10,-32
     64e:	079f 0330 8000      	.byte	0x9f, 0x07, 0x30, 0x03, 0x00, 0x80
     654:	0334                	addi	a3,sp,392
     656:	8000                	.2byte	0x8000
     658:	5d01                	li	s10,-32
     65a:	0700                	addi	s0,sp,896
     65c:	0300                	addi	s0,sp,384
     65e:	8000                	.2byte	0x8000
     660:	030e                	slli	t1,t1,0x3
     662:	8000                	.2byte	0x8000
     664:	5e01                	li	t3,-32
     666:	00030e07          	.4byte	0x30e07
     66a:	2980                	.2byte	0x2980
     66c:	01800003          	lb	zero,24(zero) # 18 <_program_size-0xc60>
     670:	075f 0329 8000      	.byte	0x5f, 0x07, 0x29, 0x03, 0x00, 0x80
     676:	0330                	addi	a2,sp,392
     678:	8000                	.2byte	0x8000
     67a:	a304                	.2byte	0xa304
     67c:	5e01                	li	t3,-32
     67e:	079f 0330 8000      	.byte	0x9f, 0x07, 0x30, 0x03, 0x00, 0x80
     684:	0334                	addi	a3,sp,392
     686:	8000                	.2byte	0x8000
     688:	5e01                	li	t3,-32
     68a:	0700                	addi	s0,sp,896
     68c:	0300                	addi	s0,sp,384
     68e:	8000                	.2byte	0x8000
     690:	030a                	slli	t1,t1,0x2
     692:	8000                	.2byte	0x8000
     694:	5f01                	li	t5,-32
     696:	00030a07          	.4byte	0x30a07
     69a:	2980                	.2byte	0x2980
     69c:	01800003          	lb	zero,24(zero) # 18 <_program_size-0xc60>
     6a0:	0756                	slli	a4,a4,0x15
     6a2:	0329                	addi	t1,t1,10
     6a4:	8000                	.2byte	0x8000
     6a6:	0330                	addi	a2,sp,392
     6a8:	8000                	.2byte	0x8000
     6aa:	a304                	.2byte	0xa304
     6ac:	5f01                	li	t5,-32
     6ae:	079f 0330 8000      	.byte	0x9f, 0x07, 0x30, 0x03, 0x00, 0x80
     6b4:	0334                	addi	a3,sp,392
     6b6:	8000                	.2byte	0x8000
     6b8:	5601                	li	a2,-32
     6ba:	0700                	addi	s0,sp,896
     6bc:	0300                	addi	s0,sp,384
     6be:	8000                	.2byte	0x8000
     6c0:	0322                	slli	t1,t1,0x8
     6c2:	8000                	.2byte	0x8000
     6c4:	6001                	.2byte	0x6001
     6c6:	00032207          	.4byte	0x32207
     6ca:	2980                	.2byte	0x2980
     6cc:	01800003          	lb	zero,24(zero) # 18 <_program_size-0xc60>
     6d0:	0761                	addi	a4,a4,24
     6d2:	0329                	addi	t1,t1,10
     6d4:	8000                	.2byte	0x8000
     6d6:	0330                	addi	a2,sp,392
     6d8:	8000                	.2byte	0x8000
     6da:	a304                	.2byte	0xa304
     6dc:	6001                	.2byte	0x6001
     6de:	079f 0330 8000      	.byte	0x9f, 0x07, 0x30, 0x03, 0x00, 0x80
     6e4:	0334                	addi	a3,sp,392
     6e6:	8000                	.2byte	0x8000
     6e8:	6001                	.2byte	0x6001
     6ea:	0700                	addi	s0,sp,896
     6ec:	0300                	addi	s0,sp,384
     6ee:	8000                	.2byte	0x8000
     6f0:	031e                	slli	t1,t1,0x7
     6f2:	8000                	.2byte	0x8000
     6f4:	6101                	addi	sp,sp,0
     6f6:	00031e07          	.4byte	0x31e07
     6fa:	2980                	.2byte	0x2980
     6fc:	02800003          	lb	zero,40(zero) # 28 <_program_size-0xc50>
     700:	0072                	c.slli	zero,0x1c
     702:	00032907          	.4byte	0x32907
     706:	3080                	.2byte	0x3080
     708:	04800003          	lb	zero,72(zero) # 48 <_program_size-0xc30>
     70c:	9f6101a3          	sb	s6,-1565(sp)
     710:	00033007          	.4byte	0x33007
     714:	3480                	.2byte	0x3480
     716:	01800003          	lb	zero,24(zero) # 18 <_program_size-0xc60>
     71a:	0061                	c.nop	24
     71c:	00030207          	.4byte	0x30207
     720:	1e80                	addi	s0,sp,880
     722:	01800003          	lb	zero,24(zero) # 18 <_program_size-0xc60>
     726:	0761                	addi	a4,a4,24
     728:	031e                	slli	t1,t1,0x7
     72a:	8000                	.2byte	0x8000
     72c:	0329                	addi	t1,t1,10
     72e:	8000                	.2byte	0x8000
     730:	7202                	.2byte	0x7202
     732:	0700                	addi	s0,sp,896
     734:	0329                	addi	t1,t1,10
     736:	8000                	.2byte	0x8000
     738:	0330                	addi	a2,sp,392
     73a:	8000                	.2byte	0x8000
     73c:	a304                	.2byte	0xa304
     73e:	6101                	addi	sp,sp,0
     740:	079f 0330 8000      	.byte	0x9f, 0x07, 0x30, 0x03, 0x00, 0x80
     746:	0332                	slli	t1,t1,0xc
     748:	8000                	.2byte	0x8000
     74a:	6101                	addi	sp,sp,0
     74c:	0700                	addi	s0,sp,896
     74e:	0302                	c.slli64	t1
     750:	8000                	.2byte	0x8000
     752:	0322                	slli	t1,t1,0x8
     754:	8000                	.2byte	0x8000
     756:	6001                	.2byte	0x6001
     758:	00032207          	.4byte	0x32207
     75c:	2980                	.2byte	0x2980
     75e:	01800003          	lb	zero,24(zero) # 18 <_program_size-0xc60>
     762:	0761                	addi	a4,a4,24
     764:	0329                	addi	t1,t1,10
     766:	8000                	.2byte	0x8000
     768:	0330                	addi	a2,sp,392
     76a:	8000                	.2byte	0x8000
     76c:	a304                	.2byte	0xa304
     76e:	6001                	.2byte	0x6001
     770:	079f 0330 8000      	.byte	0x9f, 0x07, 0x30, 0x03, 0x00, 0x80
     776:	0332                	slli	t1,t1,0xc
     778:	8000                	.2byte	0x8000
     77a:	6001                	.2byte	0x6001
     77c:	0700                	addi	s0,sp,896
     77e:	0302                	c.slli64	t1
     780:	8000                	.2byte	0x8000
     782:	030a                	slli	t1,t1,0x2
     784:	8000                	.2byte	0x8000
     786:	5f01                	li	t5,-32
     788:	00030a07          	.4byte	0x30a07
     78c:	2980                	.2byte	0x2980
     78e:	01800003          	lb	zero,24(zero) # 18 <_program_size-0xc60>
     792:	0756                	slli	a4,a4,0x15
     794:	0329                	addi	t1,t1,10
     796:	8000                	.2byte	0x8000
     798:	0330                	addi	a2,sp,392
     79a:	8000                	.2byte	0x8000
     79c:	a304                	.2byte	0xa304
     79e:	5f01                	li	t5,-32
     7a0:	079f 0330 8000      	.byte	0x9f, 0x07, 0x30, 0x03, 0x00, 0x80
     7a6:	0332                	slli	t1,t1,0xc
     7a8:	8000                	.2byte	0x8000
     7aa:	5601                	li	a2,-32
     7ac:	0700                	addi	s0,sp,896
     7ae:	0302                	c.slli64	t1
     7b0:	8000                	.2byte	0x8000
     7b2:	030e                	slli	t1,t1,0x3
     7b4:	8000                	.2byte	0x8000
     7b6:	5e01                	li	t3,-32
     7b8:	00030e07          	.4byte	0x30e07
     7bc:	2980                	.2byte	0x2980
     7be:	01800003          	lb	zero,24(zero) # 18 <_program_size-0xc60>
     7c2:	075f 0329 8000      	.byte	0x5f, 0x07, 0x29, 0x03, 0x00, 0x80
     7c8:	0330                	addi	a2,sp,392
     7ca:	8000                	.2byte	0x8000
     7cc:	a304                	.2byte	0xa304
     7ce:	5e01                	li	t3,-32
     7d0:	079f 0330 8000      	.byte	0x9f, 0x07, 0x30, 0x03, 0x00, 0x80
     7d6:	0332                	slli	t1,t1,0xc
     7d8:	8000                	.2byte	0x8000
     7da:	5e01                	li	t3,-32
     7dc:	0700                	addi	s0,sp,896
     7de:	0302                	c.slli64	t1
     7e0:	8000                	.2byte	0x8000
     7e2:	0320                	addi	s0,sp,392
     7e4:	8000                	.2byte	0x8000
     7e6:	5d01                	li	s10,-32
     7e8:	00032007          	.4byte	0x32007
     7ec:	2980                	.2byte	0x2980
     7ee:	01800003          	lb	zero,24(zero) # 18 <_program_size-0xc60>
     7f2:	075e                	slli	a4,a4,0x17
     7f4:	0329                	addi	t1,t1,10
     7f6:	8000                	.2byte	0x8000
     7f8:	0330                	addi	a2,sp,392
     7fa:	8000                	.2byte	0x8000
     7fc:	a304                	.2byte	0xa304
     7fe:	5d01                	li	s10,-32
     800:	079f 0330 8000      	.byte	0x9f, 0x07, 0x30, 0x03, 0x00, 0x80
     806:	0332                	slli	t1,t1,0xc
     808:	8000                	.2byte	0x8000
     80a:	5d01                	li	s10,-32
     80c:	0700                	addi	s0,sp,896
     80e:	0302                	c.slli64	t1
     810:	8000                	.2byte	0x8000
     812:	0324                	addi	s1,sp,392
     814:	8000                	.2byte	0x8000
     816:	5c01                	li	s8,-32
     818:	00032407          	.4byte	0x32407
     81c:	2980                	.2byte	0x2980
     81e:	01800003          	lb	zero,24(zero) # 18 <_program_size-0xc60>
     822:	075d                	addi	a4,a4,23
     824:	0329                	addi	t1,t1,10
     826:	8000                	.2byte	0x8000
     828:	0330                	addi	a2,sp,392
     82a:	8000                	.2byte	0x8000
     82c:	a304                	.2byte	0xa304
     82e:	5c01                	li	s8,-32
     830:	079f 0330 8000      	.byte	0x9f, 0x07, 0x30, 0x03, 0x00, 0x80
     836:	0332                	slli	t1,t1,0xc
     838:	8000                	.2byte	0x8000
     83a:	5c01                	li	s8,-32
     83c:	0700                	addi	s0,sp,896
     83e:	0302                	c.slli64	t1
     840:	8000                	.2byte	0x8000
     842:	0326                	slli	t1,t1,0x9
     844:	8000                	.2byte	0x8000
     846:	5b01                	li	s6,-32
     848:	00032607          	.4byte	0x32607
     84c:	2980                	.2byte	0x2980
     84e:	01800003          	lb	zero,24(zero) # 18 <_program_size-0xc60>
     852:	075c                	addi	a5,sp,900
     854:	0329                	addi	t1,t1,10
     856:	8000                	.2byte	0x8000
     858:	0330                	addi	a2,sp,392
     85a:	8000                	.2byte	0x8000
     85c:	a304                	.2byte	0xa304
     85e:	5b01                	li	s6,-32
     860:	079f 0330 8000      	.byte	0x9f, 0x07, 0x30, 0x03, 0x00, 0x80
     866:	0332                	slli	t1,t1,0xc
     868:	8000                	.2byte	0x8000
     86a:	5b01                	li	s6,-32
     86c:	0700                	addi	s0,sp,896
     86e:	0302                	c.slli64	t1
     870:	8000                	.2byte	0x8000
     872:	0328                	addi	a0,sp,392
     874:	8000                	.2byte	0x8000
     876:	5a01                	li	s4,-32
     878:	00032807          	.4byte	0x32807
     87c:	2980                	.2byte	0x2980
     87e:	01800003          	lb	zero,24(zero) # 18 <_program_size-0xc60>
     882:	0329075b          	.4byte	0x329075b
     886:	8000                	.2byte	0x8000
     888:	0330                	addi	a2,sp,392
     88a:	8000                	.2byte	0x8000
     88c:	a304                	.2byte	0xa304
     88e:	5a01                	li	s4,-32
     890:	079f 0330 8000      	.byte	0x9f, 0x07, 0x30, 0x03, 0x00, 0x80
     896:	0332                	slli	t1,t1,0xc
     898:	8000                	.2byte	0x8000
     89a:	5a01                	li	s4,-32
     89c:	0700                	addi	s0,sp,896
     89e:	0300                	addi	s0,sp,384
     8a0:	8000                	.2byte	0x8000
     8a2:	0332                	slli	t1,t1,0xc
     8a4:	8000                	.2byte	0x8000
     8a6:	3102                	.2byte	0x3102
     8a8:	009f 8407 0000      	.byte	0x9f, 0x00, 0x07, 0x84, 0x00, 0x00
     8ae:	a480                	.2byte	0xa480
     8b0:	0000                	unimp
     8b2:	0180                	addi	s0,sp,192
     8b4:	00a4075b          	.4byte	0xa4075b
     8b8:	8000                	.2byte	0x8000
     8ba:	00e0                	addi	s0,sp,76
     8bc:	8000                	.2byte	0x8000
     8be:	a304                	.2byte	0xa304
     8c0:	5b01                	li	s6,-32
     8c2:	009f 8407 0000      	.byte	0x9f, 0x00, 0x07, 0x84, 0x00, 0x00
     8c8:	a480                	.2byte	0xa480
     8ca:	0000                	unimp
     8cc:	0280                	addi	s0,sp,320
     8ce:	9f30                	.2byte	0x9f30
     8d0:	0000a407          	.4byte	0xa407
     8d4:	de80                	sw	s0,56(a3)
     8d6:	0000                	unimp
     8d8:	0180                	addi	s0,sp,192
     8da:	0056                	c.slli	zero,0x15
     8dc:	0000a407          	.4byte	0xa407
     8e0:	b080                	.2byte	0xb080
     8e2:	0000                	unimp
     8e4:	0180                	addi	s0,sp,192
     8e6:	0056                	c.slli	zero,0x15
     8e8:	0000b607          	.4byte	0xb607
     8ec:	d280                	sw	s0,32(a3)
     8ee:	0000                	unimp
     8f0:	0180                	addi	s0,sp,192
     8f2:	0061                	c.nop	24
     8f4:	0000b607          	.4byte	0xb607
     8f8:	d280                	sw	s0,32(a3)
     8fa:	0000                	unimp
     8fc:	0180                	addi	s0,sp,192
     8fe:	005c                	addi	a5,sp,4
     900:	0000b607          	.4byte	0xb607
     904:	d280                	sw	s0,32(a3)
     906:	0000                	unimp
     908:	0180                	addi	s0,sp,192
     90a:	b607005b          	.4byte	0xb607005b
     90e:	0000                	unimp
     910:	d280                	sw	s0,32(a3)
     912:	0000                	unimp
     914:	0180                	addi	s0,sp,192
     916:	005a                	c.slli	zero,0x16
     918:	0000b607          	.4byte	0xb607
     91c:	ba80                	.2byte	0xba80
     91e:	0000                	unimp
     920:	0280                	addi	s0,sp,320
     922:	9f30                	.2byte	0x9f30
     924:	0000ba07          	.4byte	0xba07
     928:	ce80                	sw	s0,24(a3)
     92a:	0000                	unimp
     92c:	0880                	addi	s0,sp,80
     92e:	007e                	c.slli	zero,0x1f
     930:	231c007b          	.4byte	0x231c007b
     934:	9f01                	.2byte	0x9f01
     936:	0000ce07          	.4byte	0xce07
     93a:	d280                	sw	s0,32(a3)
     93c:	0000                	unimp
     93e:	0680                	addi	s0,sp,832
     940:	007e                	c.slli	zero,0x1f
     942:	9f1c007b          	.4byte	0x9f1c007b
     946:	0700                	addi	s0,sp,896
     948:	002a                	c.slli	zero,0xa
     94a:	8000                	.2byte	0x8000
     94c:	0042                	c.slli	zero,0x10
     94e:	8000                	.2byte	0x8000
     950:	5b01                	li	s6,-32
     952:	00004207          	.4byte	0x4207
     956:	8480                	.2byte	0x8480
     958:	0000                	unimp
     95a:	0480                	addi	s0,sp,576
     95c:	bc76                	.2byte	0xbc76
     95e:	9f7f                	.2byte	0x9f7f
     960:	0700                	addi	s0,sp,896
     962:	0036                	c.slli	zero,0xd
     964:	8000                	.2byte	0x8000
     966:	0076                	c.slli	zero,0x1d
     968:	8000                	.2byte	0x8000
     96a:	6c01                	.2byte	0x6c01
     96c:	00007607          	.4byte	0x7607
     970:	7a80                	.2byte	0x7a80
     972:	0000                	unimp
     974:	0180                	addi	s0,sp,192
     976:	075f 007a 8000      	.byte	0x5f, 0x07, 0x7a, 0x00, 0x00, 0x80
     97c:	0084                	addi	s1,sp,64
     97e:	8000                	.2byte	0x8000
     980:	6c01                	.2byte	0x6c01
     982:	0700                	addi	s0,sp,896
     984:	0036                	c.slli	zero,0xd
     986:	8000                	.2byte	0x8000
     988:	0042                	c.slli	zero,0x10
     98a:	8000                	.2byte	0x8000
     98c:	3002                	.2byte	0x3002
     98e:	009f 4a07 0000      	.byte	0x9f, 0x00, 0x07, 0x4a, 0x00, 0x00
     994:	6280                	.2byte	0x6280
     996:	0000                	unimp
     998:	0180                	addi	s0,sp,192
     99a:	005c                	addi	a5,sp,4
     99c:	00004a07          	.4byte	0x4a07
     9a0:	4c80                	lw	s0,24(s1)
     9a2:	0000                	unimp
     9a4:	0180                	addi	s0,sp,192
     9a6:	075f 004c 8000      	.byte	0x5f, 0x07, 0x4c, 0x00, 0x00, 0x80
     9ac:	0062                	c.slli	zero,0x18
     9ae:	8000                	.2byte	0x8000
     9b0:	9f7c7d03          	.4byte	0x9f7c7d03
     9b4:	0700                	addi	s0,sp,896
     9b6:	004a                	c.slli	zero,0x12
     9b8:	8000                	.2byte	0x8000
     9ba:	0062                	c.slli	zero,0x18
     9bc:	8000                	.2byte	0x8000
     9be:	5a01                	li	s4,-32
     9c0:	0700                	addi	s0,sp,896
     9c2:	004a                	c.slli	zero,0x12
     9c4:	8000                	.2byte	0x8000
     9c6:	004c                	addi	a1,sp,4
     9c8:	8000                	.2byte	0x8000
     9ca:	3002                	.2byte	0x3002
     9cc:	009f 4a07 0000      	.byte	0x9f, 0x00, 0x07, 0x4a, 0x00, 0x00
     9d2:	4c80                	lw	s0,24(s1)
     9d4:	0000                	unimp
     9d6:	0280                	addi	s0,sp,320
     9d8:	9f30                	.2byte	0x9f30
     9da:	00004c07          	.4byte	0x4c07
     9de:	6280                	.2byte	0x6280
     9e0:	0000                	unimp
     9e2:	0280                	addi	s0,sp,320
     9e4:	9f31                	.2byte	0x9f31
     9e6:	0700                	addi	s0,sp,896
     9e8:	00e0                	addi	s0,sp,76
     9ea:	8000                	.2byte	0x8000
     9ec:	017e                	slli	sp,sp,0x1f
     9ee:	8000                	.2byte	0x8000
     9f0:	5a01                	li	s4,-32
     9f2:	00017e07          	.4byte	0x17e07
     9f6:	0080                	addi	s0,sp,64
     9f8:	04800003          	lb	zero,72(zero) # 48 <_program_size-0xc30>
     9fc:	9f5a01a3          	sb	s5,-1565(s4)
     a00:	0700                	addi	s0,sp,896
     a02:	00e0                	addi	s0,sp,76
     a04:	8000                	.2byte	0x8000
     a06:	010c                	addi	a1,sp,128
     a08:	8000                	.2byte	0x8000
     a0a:	5b01                	li	s6,-32
     a0c:	00010c07          	.4byte	0x10c07
     a10:	9280                	.2byte	0x9280
     a12:	0001                	nop
     a14:	0380                	addi	s0,sp,448
     a16:	5c8d                	li	s9,-29
     a18:	079f 0192 8000      	.byte	0x9f, 0x07, 0x92, 0x01, 0x00, 0x80
     a1e:	0300                	addi	s0,sp,384
     a20:	8000                	.2byte	0x8000
     a22:	a304                	.2byte	0xa304
     a24:	5b01                	li	s6,-32
     a26:	009f e007 0000      	.byte	0x9f, 0x00, 0x07, 0xe0, 0x00, 0x00
     a2c:	4680                	lw	s0,8(a3)
     a2e:	0001                	nop
     a30:	0180                	addi	s0,sp,192
     a32:	075c                	addi	a5,sp,900
     a34:	0146                	slli	sp,sp,0x11
     a36:	8000                	.2byte	0x8000
     a38:	0300                	addi	s0,sp,384
     a3a:	8000                	.2byte	0x8000
     a3c:	a304                	.2byte	0xa304
     a3e:	5c01                	li	s8,-32
     a40:	009f e007 0000      	.byte	0x9f, 0x00, 0x07, 0xe0, 0x00, 0x00
     a46:	1980                	addi	s0,sp,240
     a48:	0002                	c.slli64	zero
     a4a:	0180                	addi	s0,sp,192
     a4c:	075d                	addi	a4,a4,23
     a4e:	0219                	addi	tp,tp,6 # 6 <_program_size-0xc72>
     a50:	8000                	.2byte	0x8000
     a52:	0300                	addi	s0,sp,384
     a54:	8000                	.2byte	0x8000
     a56:	a304                	.2byte	0xa304
     a58:	5d01                	li	s10,-32
     a5a:	009f e007 0000      	.byte	0x9f, 0x00, 0x07, 0xe0, 0x00, 0x00
     a60:	1980                	addi	s0,sp,240
     a62:	0002                	c.slli64	zero
     a64:	0180                	addi	s0,sp,192
     a66:	075e                	slli	a4,a4,0x17
     a68:	0219                	addi	tp,tp,6 # 6 <_program_size-0xc72>
     a6a:	8000                	.2byte	0x8000
     a6c:	0300                	addi	s0,sp,384
     a6e:	8000                	.2byte	0x8000
     a70:	a304                	.2byte	0xa304
     a72:	5e01                	li	t3,-32
     a74:	009f e007 0000      	.byte	0x9f, 0x00, 0x07, 0xe0, 0x00, 0x00
     a7a:	0c80                	addi	s0,sp,592
     a7c:	0001                	nop
     a7e:	0180                	addi	s0,sp,192
     a80:	075f 010c 8000      	.byte	0x5f, 0x07, 0x0c, 0x01, 0x00, 0x80
     a86:	02f2                	slli	t0,t0,0x1c
     a88:	8000                	.2byte	0x8000
     a8a:	5901                	li	s2,-32
     a8c:	0002f207          	.4byte	0x2f207
     a90:	0080                	addi	s0,sp,64
     a92:	04800003          	lb	zero,72(zero) # 48 <_program_size-0xc30>
     a96:	9f5f01a3          	sb	s5,-1565(t5)
     a9a:	0700                	addi	s0,sp,896
     a9c:	00e0                	addi	s0,sp,76
     a9e:	8000                	.2byte	0x8000
     aa0:	0104                	addi	s1,sp,128
     aa2:	8000                	.2byte	0x8000
     aa4:	6001                	.2byte	0x6001
     aa6:	00010407          	.4byte	0x10407
     aaa:	f080                	.2byte	0xf080
     aac:	0002                	c.slli64	zero
     aae:	0180                	addi	s0,sp,192
     ab0:	0758                	addi	a4,sp,900
     ab2:	02f0                	addi	a2,sp,332
     ab4:	8000                	.2byte	0x8000
     ab6:	0300                	addi	s0,sp,384
     ab8:	8000                	.2byte	0x8000
     aba:	a304                	.2byte	0xa304
     abc:	6001                	.2byte	0x6001
     abe:	009f e007 0000      	.byte	0x9f, 0x00, 0x07, 0xe0, 0x00, 0x00
     ac4:	0c80                	addi	s0,sp,592
     ac6:	0001                	nop
     ac8:	0180                	addi	s0,sp,192
     aca:	0761                	addi	a4,a4,24
     acc:	010c                	addi	a1,sp,128
     ace:	8000                	.2byte	0x8000
     ad0:	02f4                	addi	a3,sp,332
     ad2:	8000                	.2byte	0x8000
     ad4:	6201                	.2byte	0x6201
     ad6:	0002f407          	.4byte	0x2f407
     ada:	0080                	addi	s0,sp,64
     adc:	04800003          	lb	zero,72(zero) # 48 <_program_size-0xc30>
     ae0:	9f6101a3          	sb	s6,-1565(sp)
     ae4:	0700                	addi	s0,sp,896
     ae6:	00e0                	addi	s0,sp,76
     ae8:	8000                	.2byte	0x8000
     aea:	02fe                	slli	t0,t0,0x1f
     aec:	8000                	.2byte	0x8000
     aee:	9102                	jalr	sp
     af0:	0700                	addi	s0,sp,896
     af2:	02fe                	slli	t0,t0,0x1f
     af4:	8000                	.2byte	0x8000
     af6:	0300                	addi	s0,sp,384
     af8:	8000                	.2byte	0x8000
     afa:	7202                	.2byte	0x7202
     afc:	0000                	unimp
     afe:	00019007          	.4byte	0x19007
     b02:	ea80                	.2byte	0xea80
     b04:	0002                	c.slli64	zero
     b06:	0280                	addi	s0,sp,320
     b08:	9f30                	.2byte	0x9f30
     b0a:	0700                	addi	s0,sp,896
     b0c:	0100                	addi	s0,sp,128
     b0e:	8000                	.2byte	0x8000
     b10:	010c                	addi	a1,sp,128
     b12:	8000                	.2byte	0x8000
     b14:	3002                	.2byte	0x3002
     b16:	009f 1007 0001      	.byte	0x9f, 0x00, 0x07, 0x10, 0x01, 0x00
     b1c:	2680                	.2byte	0x2680
     b1e:	0001                	nop
     b20:	0380                	addi	s0,sp,448
     b22:	2008                	.2byte	0x2008
     b24:	009f 1007 0001      	.byte	0x9f, 0x00, 0x07, 0x10, 0x01, 0x00
     b2a:	2680                	.2byte	0x2680
     b2c:	0001                	nop
     b2e:	0880                	addi	s0,sp,80
     b30:	0080                	addi	s0,sp,64
     b32:	008d                	addi	ra,ra,3
     b34:	231c                	.2byte	0x231c
     b36:	9f20                	.2byte	0x9f20
     b38:	0700                	addi	s0,sp,896
     b3a:	0110                	addi	a2,sp,128
     b3c:	8000                	.2byte	0x8000
     b3e:	0126                	slli	sp,sp,0x9
     b40:	8000                	.2byte	0x8000
     b42:	9f5c8d03          	lb	s10,-1547(s9)
     b46:	0700                	addi	s0,sp,896
     b48:	0110                	addi	a2,sp,128
     b4a:	8000                	.2byte	0x8000
     b4c:	0116                	slli	sp,sp,0x5
     b4e:	8000                	.2byte	0x8000
     b50:	3002                	.2byte	0x3002
     b52:	079f 0116 8000      	.byte	0x9f, 0x07, 0x16, 0x01, 0x00, 0x80
     b58:	011c                	addi	a5,sp,128
     b5a:	8000                	.2byte	0x8000
     b5c:	5b01                	li	s6,-32
     b5e:	00012207          	.4byte	0x12207
     b62:	2680                	.2byte	0x2680
     b64:	0001                	nop
     b66:	0180                	addi	s0,sp,192
     b68:	1007005b          	.4byte	0x1007005b
     b6c:	0001                	nop
     b6e:	1680                	addi	s0,sp,864
     b70:	0001                	nop
     b72:	0280                	addi	s0,sp,320
     b74:	9f30                	.2byte	0x9f30
     b76:	00011607          	.4byte	0x11607
     b7a:	1e80                	addi	s0,sp,880
     b7c:	0001                	nop
     b7e:	0880                	addi	s0,sp,80
     b80:	007f                	.2byte	0x7f
     b82:	0080                	addi	s0,sp,64
     b84:	231c                	.2byte	0x231c
     b86:	9f04                	.2byte	0x9f04
     b88:	00011e07          	.4byte	0x11e07
     b8c:	2280                	.2byte	0x2280
     b8e:	0001                	nop
     b90:	0880                	addi	s0,sp,80
     b92:	007f                	.2byte	0x7f
     b94:	0080                	addi	s0,sp,64
     b96:	231c                	.2byte	0x231c
     b98:	07009f03          	lh	t5,112(ra)
     b9c:	0146                	slli	sp,sp,0x11
     b9e:	8000                	.2byte	0x8000
     ba0:	015a                	slli	sp,sp,0x16
     ba2:	8000                	.2byte	0x8000
     ba4:	3c02                	.2byte	0x3c02
     ba6:	009f 4607 0001      	.byte	0x9f, 0x00, 0x07, 0x46, 0x01, 0x00
     bac:	5a80                	lw	s0,48(a3)
     bae:	0001                	nop
     bb0:	0780                	addi	s0,sp,960
     bb2:	d081                	beqz	s1,ab2 <_program_size-0x1c6>
     bb4:	fdbd                	bnez	a1,b32 <_program_size-0x146>
     bb6:	79df 009f 4607      	.byte	0xdf, 0x79, 0x9f, 0x00, 0x07, 0x46
     bbc:	0001                	nop
     bbe:	5a80                	lw	s0,48(a3)
     bc0:	0001                	nop
     bc2:	0480                	addi	s0,sp,576
     bc4:	9f5c01a3          	sb	s5,-1565(s8)
     bc8:	0700                	addi	s0,sp,896
     bca:	0146                	slli	sp,sp,0x11
     bcc:	8000                	.2byte	0x8000
     bce:	014c                	addi	a1,sp,132
     bd0:	8000                	.2byte	0x8000
     bd2:	3002                	.2byte	0x3002
     bd4:	079f 014c 8000      	.byte	0x9f, 0x07, 0x4c, 0x01, 0x00, 0x80
     bda:	0152                	slli	sp,sp,0x14
     bdc:	8000                	.2byte	0x8000
     bde:	5c01                	li	s8,-32
     be0:	00015607          	.4byte	0x15607
     be4:	5a80                	lw	s0,48(a3)
     be6:	0001                	nop
     be8:	0180                	addi	s0,sp,192
     bea:	005c                	addi	a5,sp,4
     bec:	00014607          	.4byte	0x14607
     bf0:	4c80                	lw	s0,24(s1)
     bf2:	0001                	nop
     bf4:	0280                	addi	s0,sp,320
     bf6:	9f30                	.2byte	0x9f30
     bf8:	00014c07          	.4byte	0x14c07
     bfc:	5480                	lw	s0,40(s1)
     bfe:	0001                	nop
     c00:	1080                	addi	s0,sp,96
     c02:	007f                	.2byte	0x7f
     c04:	0081                	addi	ra,ra,0
     c06:	a31c                	.2byte	0xa31c
     c08:	5c01                	li	s8,-32
     c0a:	231c                	.2byte	0x231c
     c0c:	c2b0                	sw	a2,64(a3)
     c0e:	a082                	.2byte	0xa082
     c10:	9f06                	add	t5,t5,ra
     c12:	00015407          	.4byte	0x15407
     c16:	5680                	lw	s0,40(a3)
     c18:	0001                	nop
     c1a:	1080                	addi	s0,sp,96
     c1c:	007f                	.2byte	0x7f
     c1e:	1c5c01a3          	sb	t0,451(s8)
     c22:	0081                	addi	ra,ra,0
     c24:	231c                	.2byte	0x231c
     c26:	a082c2af          	.4byte	0xa082c2af
     c2a:	9f06                	add	t5,t5,ra
     c2c:	0700                	addi	s0,sp,896
     c2e:	0172                	slli	sp,sp,0x1c
     c30:	8000                	.2byte	0x8000
     c32:	0182                	c.slli64	gp
     c34:	8000                	.2byte	0x8000
     c36:	0c06                	slli	s8,s8,0x1
     c38:	0d40                	addi	s0,sp,660
     c3a:	009f0003          	lb	zero,9(t5)
     c3e:	00019007          	.4byte	0x19007
     c42:	a880                	.2byte	0xa880
     c44:	0001                	nop
     c46:	0280                	addi	s0,sp,320
     c48:	9f30                	.2byte	0x9f30
     c4a:	0001a807          	.4byte	0x1a807
     c4e:	0680                	addi	s0,sp,832
     c50:	0002                	c.slli64	zero
     c52:	0380                	addi	s0,sp,448
     c54:	6c8e                	.2byte	0x6c8e
     c56:	079f 0206 8000      	.byte	0x9f, 0x07, 0x06, 0x02, 0x00, 0x80
     c5c:	020c                	addi	a1,sp,256
     c5e:	8000                	.2byte	0x8000
     c60:	9f7c8e03          	lb	t3,-1545(s9)
     c64:	00020c07          	.4byte	0x20c07
     c68:	1280                	addi	s0,sp,352
     c6a:	0002                	c.slli64	zero
     c6c:	0380                	addi	s0,sp,448
     c6e:	6c8e                	.2byte	0x6c8e
     c70:	009f ac07 0001      	.byte	0x9f, 0x00, 0x07, 0xac, 0x01, 0x00
     c76:	e880                	.2byte	0xe880
     c78:	0001                	nop
     c7a:	0180                	addi	s0,sp,192
     c7c:	01e8076f          	jal	a4,80c9a <_available_heap+0x73912>
     c80:	8000                	.2byte	0x8000
     c82:	01ea                	slli	gp,gp,0x1a
     c84:	8000                	.2byte	0x8000
     c86:	5c01                	li	s8,-32
     c88:	0001ea07          	.4byte	0x1ea07
     c8c:	1280                	addi	s0,sp,352
     c8e:	0002                	c.slli64	zero
     c90:	0180                	addi	s0,sp,192
     c92:	ac07006f          	j	fff70f52 <_ram_end+0x7ff60f52>
     c96:	0001                	nop
     c98:	b480                	.2byte	0xb480
     c9a:	0001                	nop
     c9c:	0280                	addi	s0,sp,320
     c9e:	9f30                	.2byte	0x9f30
     ca0:	0700                	addi	s0,sp,896
     ca2:	01bc                	addi	a5,sp,200
     ca4:	8000                	.2byte	0x8000
     ca6:	01d6                	slli	gp,gp,0x15
     ca8:	8000                	.2byte	0x8000
     caa:	5e01                	li	t3,-32
     cac:	0700                	addi	s0,sp,896
     cae:	01bc                	addi	a5,sp,200
     cb0:	8000                	.2byte	0x8000
     cb2:	01be                	slli	gp,gp,0xf
     cb4:	8000                	.2byte	0x8000
     cb6:	5c01                	li	s8,-32
     cb8:	0001be07          	.4byte	0x1be07
     cbc:	d680                	sw	s0,40(a3)
     cbe:	0001                	nop
     cc0:	0380                	addi	s0,sp,448
     cc2:	7c7a                	.2byte	0x7c7a
     cc4:	009f bc07 0001      	.byte	0x9f, 0x00, 0x07, 0xbc, 0x01, 0x00
     cca:	d680                	sw	s0,40(a3)
     ccc:	0001                	nop
     cce:	0180                	addi	s0,sp,192
     cd0:	005d                	c.nop	23
     cd2:	0001bc07          	.4byte	0x1bc07
     cd6:	be80                	.2byte	0xbe80
     cd8:	0001                	nop
     cda:	0280                	addi	s0,sp,320
     cdc:	9f30                	.2byte	0x9f30
     cde:	0700                	addi	s0,sp,896
     ce0:	01bc                	addi	a5,sp,200
     ce2:	8000                	.2byte	0x8000
     ce4:	01be                	slli	gp,gp,0xf
     ce6:	8000                	.2byte	0x8000
     ce8:	3002                	.2byte	0x3002
     cea:	079f 01be 8000      	.byte	0x9f, 0x07, 0xbe, 0x01, 0x00, 0x80
     cf0:	01d6                	slli	gp,gp,0x15
     cf2:	8000                	.2byte	0x8000
     cf4:	3102                	.2byte	0x3102
     cf6:	009f f207 0001      	.byte	0x9f, 0x00, 0x07, 0xf2, 0x01, 0x00
     cfc:	f880                	.2byte	0xf880
     cfe:	0001                	nop
     d00:	0680                	addi	s0,sp,832
     d02:	400c                	lw	a1,0(s0)
     d04:	030d                	addi	t1,t1,3
     d06:	9f00                	.2byte	0x9f00
     d08:	0700                	addi	s0,sp,896
     d0a:	0224                	addi	s1,sp,264
     d0c:	8000                	.2byte	0x8000
     d0e:	0234                	addi	a3,sp,264
     d10:	8000                	.2byte	0x8000
     d12:	0c06                	slli	s8,s8,0x1
     d14:	0d40                	addi	s0,sp,660
     d16:	009f0003          	lb	zero,9(t5)
     d1a:	00024c07          	.4byte	0x24c07
     d1e:	5a80                	lw	s0,48(a3)
     d20:	0002                	c.slli64	zero
     d22:	0380                	addi	s0,sp,448
     d24:	4008                	lw	a0,0(s0)
     d26:	079f 025a 8000      	.byte	0x9f, 0x07, 0x5a, 0x02, 0x00, 0x80
     d2c:	0280                	addi	s0,sp,320
     d2e:	8000                	.2byte	0x8000
     d30:	6501                	.2byte	0x6501
     d32:	00028007          	.4byte	0x28007
     d36:	8380                	.2byte	0x8380
     d38:	0002                	c.slli64	zero
     d3a:	0180                	addi	s0,sp,192
     d3c:	0283075b          	.4byte	0x283075b
     d40:	8000                	.2byte	0x8000
     d42:	0284                	addi	s1,sp,320
     d44:	8000                	.2byte	0x8000
     d46:	9f408503          	lb	a0,-1548(ra)
     d4a:	00028407          	.4byte	0x28407
     d4e:	8880                	.2byte	0x8880
     d50:	0002                	c.slli64	zero
     d52:	0180                	addi	s0,sp,192
     d54:	0065                	c.nop	25
     d56:	00026a07          	.4byte	0x26a07
     d5a:	6c80                	.2byte	0x6c80
     d5c:	0002                	c.slli64	zero
     d5e:	0680                	addi	s0,sp,832
     d60:	400c                	lw	a1,0(s0)
     d62:	030d                	addi	t1,t1,3
     d64:	9f00                	.2byte	0x9f00
     d66:	0700                	addi	s0,sp,896
     d68:	0292                	slli	t0,t0,0x4
     d6a:	8000                	.2byte	0x8000
     d6c:	02a2                	slli	t0,t0,0x8
     d6e:	8000                	.2byte	0x8000
     d70:	0c06                	slli	s8,s8,0x1
     d72:	0d40                	addi	s0,sp,660
     d74:	009f0003          	lb	zero,9(t5)
     d78:	0002c407          	.4byte	0x2c407
     d7c:	e280                	.2byte	0xe280
     d7e:	0002                	c.slli64	zero
     d80:	0180                	addi	s0,sp,192
     d82:	005e                	c.slli	zero,0x17
     d84:	0002c407          	.4byte	0x2c407
     d88:	e280                	.2byte	0xe280
     d8a:	0002                	c.slli64	zero
     d8c:	0280                	addi	s0,sp,320
     d8e:	9f40                	.2byte	0x9f40
     d90:	0700                	addi	s0,sp,896
     d92:	02c4                	addi	s1,sp,324
     d94:	8000                	.2byte	0x8000
     d96:	02c6                	slli	t0,t0,0x11
     d98:	8000                	.2byte	0x8000
     d9a:	91007f07          	.4byte	0x91007f07
     d9e:	0600                	addi	s0,sp,768
     da0:	9f1c                	.2byte	0x9f1c
     da2:	0002c607          	.4byte	0x2c607
     da6:	e280                	.2byte	0xe280
     da8:	0002                	c.slli64	zero
     daa:	0980                	addi	s0,sp,208
     dac:	007f                	.2byte	0x7f
     dae:	0091                	addi	ra,ra,4
     db0:	1c06                	slli	s8,s8,0x21
     db2:	1c34                	addi	a3,sp,568
     db4:	009f c407 0002      	.byte	0x9f, 0x00, 0x07, 0xc4, 0x02, 0x00
     dba:	e280                	.2byte	0xe280
     dbc:	0002                	c.slli64	zero
     dbe:	0280                	addi	s0,sp,320
     dc0:	0091                	addi	ra,ra,4
     dc2:	0700                	addi	s0,sp,896
     dc4:	02c4                	addi	s1,sp,324
     dc6:	8000                	.2byte	0x8000
     dc8:	02d6                	slli	t0,t0,0x15
     dca:	8000                	.2byte	0x8000
     dcc:	3002                	.2byte	0x3002
     dce:	079f 02d6 8000      	.byte	0x9f, 0x07, 0xd6, 0x02, 0x00, 0x80
     dd4:	02da                	slli	t0,t0,0x16
     dd6:	8000                	.2byte	0x8000
     dd8:	3102                	.2byte	0x3102
     dda:	079f 02da 8000      	.byte	0x9f, 0x07, 0xda, 0x02, 0x00, 0x80
     de0:	02de                	slli	t0,t0,0x17
     de2:	8000                	.2byte	0x8000
     de4:	3202                	.2byte	0x3202
     de6:	079f 02de 8000      	.byte	0x9f, 0x07, 0xde, 0x02, 0x00, 0x80
     dec:	02e2                	slli	t0,t0,0x18
     dee:	8000                	.2byte	0x8000
     df0:	3302                	.2byte	0x3302
     df2:	009f 029e 0000      	.byte	0x9f, 0x00, 0x9e, 0x02, 0x00, 0x00
     df8:	0005                	c.nop	1
     dfa:	0004                	.2byte	0x4
     dfc:	0000                	unimp
     dfe:	0000                	unimp
     e00:	0003e207          	.4byte	0x3e207
     e04:	fa80                	.2byte	0xfa80
     e06:	01800003          	lb	zero,24(zero) # 18 <_program_size-0xc60>
     e0a:	075a                	slli	a4,a4,0x16
     e0c:	03fa                	slli	t2,t2,0x1e
     e0e:	8000                	.2byte	0x8000
     e10:	0400                	addi	s0,sp,512
     e12:	8000                	.2byte	0x8000
     e14:	9f017a03          	.4byte	0x9f017a03
     e18:	00040007          	.4byte	0x40007
     e1c:	5480                	lw	s0,40(s1)
     e1e:	0004                	.2byte	0x4
     e20:	0180                	addi	s0,sp,192
     e22:	075a                	slli	a4,a4,0x16
     e24:	0458                	addi	a4,sp,516
     e26:	8000                	.2byte	0x8000
     e28:	0556                	slli	a0,a0,0x15
     e2a:	8000                	.2byte	0x8000
     e2c:	5a01                	li	s4,-32
     e2e:	0700                	addi	s0,sp,896
     e30:	03fa                	slli	t2,t2,0x1e
     e32:	8000                	.2byte	0x8000
     e34:	0416                	slli	s0,s0,0x5
     e36:	8000                	.2byte	0x8000
     e38:	3002                	.2byte	0x3002
     e3a:	079f 0416 8000      	.byte	0x9f, 0x07, 0x16, 0x04, 0x00, 0x80
     e40:	0432                	slli	s0,s0,0xc
     e42:	8000                	.2byte	0x8000
     e44:	5d01                	li	s10,-32
     e46:	00044a07          	.4byte	0x44a07
     e4a:	5480                	lw	s0,40(s1)
     e4c:	0004                	.2byte	0x4
     e4e:	0180                	addi	s0,sp,192
     e50:	075d                	addi	a4,a4,23
     e52:	0458                	addi	a4,sp,516
     e54:	8000                	.2byte	0x8000
     e56:	0476                	slli	s0,s0,0x1d
     e58:	8000                	.2byte	0x8000
     e5a:	5d01                	li	s10,-32
     e5c:	00049a07          	.4byte	0x49a07
     e60:	ac80                	.2byte	0xac80
     e62:	0004                	.2byte	0x4
     e64:	0180                	addi	s0,sp,192
     e66:	075d                	addi	a4,a4,23
     e68:	04be                	slli	s1,s1,0xf
     e6a:	8000                	.2byte	0x8000
     e6c:	04e4                	addi	s1,sp,588
     e6e:	8000                	.2byte	0x8000
     e70:	5d01                	li	s10,-32
     e72:	0004ee07          	.4byte	0x4ee07
     e76:	f280                	.2byte	0xf280
     e78:	0004                	.2byte	0x4
     e7a:	0180                	addi	s0,sp,192
     e7c:	075d                	addi	a4,a4,23
     e7e:	04f2                	slli	s1,s1,0x1c
     e80:	8000                	.2byte	0x8000
     e82:	050c                	addi	a1,sp,640
     e84:	8000                	.2byte	0x8000
     e86:	3002                	.2byte	0x3002
     e88:	079f 050c 8000      	.byte	0x9f, 0x07, 0x0c, 0x05, 0x00, 0x80
     e8e:	0510                	addi	a2,sp,640
     e90:	8000                	.2byte	0x8000
     e92:	5d01                	li	s10,-32
     e94:	0700                	addi	s0,sp,896
     e96:	03fa                	slli	t2,t2,0x1e
     e98:	8000                	.2byte	0x8000
     e9a:	0416                	slli	s0,s0,0x5
     e9c:	8000                	.2byte	0x8000
     e9e:	3002                	.2byte	0x3002
     ea0:	079f 0416 8000      	.byte	0x9f, 0x07, 0x16, 0x04, 0x00, 0x80
     ea6:	043a                	slli	s0,s0,0xe
     ea8:	8000                	.2byte	0x8000
     eaa:	5e01                	li	t3,-32
     eac:	00044a07          	.4byte	0x44a07
     eb0:	5480                	lw	s0,40(s1)
     eb2:	0004                	.2byte	0x4
     eb4:	0180                	addi	s0,sp,192
     eb6:	075e                	slli	a4,a4,0x17
     eb8:	0458                	addi	a4,sp,516
     eba:	8000                	.2byte	0x8000
     ebc:	0476                	slli	s0,s0,0x1d
     ebe:	8000                	.2byte	0x8000
     ec0:	5e01                	li	t3,-32
     ec2:	00049a07          	.4byte	0x49a07
     ec6:	a680                	.2byte	0xa680
     ec8:	0004                	.2byte	0x4
     eca:	0180                	addi	s0,sp,192
     ecc:	075e                	slli	a4,a4,0x17
     ece:	04be                	slli	s1,s1,0xf
     ed0:	8000                	.2byte	0x8000
     ed2:	04c4                	addi	s1,sp,580
     ed4:	8000                	.2byte	0x8000
     ed6:	5e01                	li	t3,-32
     ed8:	0004ee07          	.4byte	0x4ee07
     edc:	f280                	.2byte	0xf280
     ede:	0004                	.2byte	0x4
     ee0:	0280                	addi	s0,sp,320
     ee2:	9f31                	.2byte	0x9f31
     ee4:	0004f207          	.4byte	0x4f207
     ee8:	0c80                	addi	s0,sp,592
     eea:	0005                	c.nop	1
     eec:	0180                	addi	s0,sp,192
     eee:	005e                	c.slli	zero,0x17
     ef0:	0003fa07          	.4byte	0x3fa07
     ef4:	1c80                	addi	s0,sp,624
     ef6:	0004                	.2byte	0x4
     ef8:	0180                	addi	s0,sp,192
     efa:	0756                	slli	a4,a4,0x15
     efc:	0450                	addi	a2,sp,516
     efe:	8000                	.2byte	0x8000
     f00:	0458                	addi	a4,sp,516
     f02:	8000                	.2byte	0x8000
     f04:	5601                	li	a2,-32
     f06:	0004f207          	.4byte	0x4f207
     f0a:	0c80                	addi	s0,sp,592
     f0c:	0005                	c.nop	1
     f0e:	0180                	addi	s0,sp,192
     f10:	0056                	c.slli	zero,0x15
     f12:	00051007          	.4byte	0x51007
     f16:	3480                	.2byte	0x3480
     f18:	0005                	c.nop	1
     f1a:	0180                	addi	s0,sp,192
     f1c:	0756                	slli	a4,a4,0x15
     f1e:	0534                	addi	a3,sp,648
     f20:	8000                	.2byte	0x8000
     f22:	0544                	addi	s1,sp,644
     f24:	8000                	.2byte	0x8000
     f26:	5f01                	li	t5,-32
     f28:	00054407          	.4byte	0x54407
     f2c:	5680                	lw	s0,40(a3)
     f2e:	0005                	c.nop	1
     f30:	0c80                	addi	s0,sp,592
     f32:	0076                	c.slli	zero,0x1d
     f34:	26a8                	.2byte	0x26a8
     f36:	008d                	addi	ra,ra,3
     f38:	26a8                	.2byte	0x26a8
     f3a:	9f00a81b          	.4byte	0x9f00a81b
     f3e:	0700                	addi	s0,sp,896
     f40:	04c8                	addi	a0,sp,580
     f42:	8000                	.2byte	0x8000
     f44:	04ce                	slli	s1,s1,0x13
     f46:	8000                	.2byte	0x8000
     f48:	3002                	.2byte	0x3002
     f4a:	009f 1007 0005      	.byte	0x9f, 0x00, 0x07, 0x10, 0x05, 0x00
     f50:	1480                	addi	s0,sp,608
     f52:	0005                	c.nop	1
     f54:	0380                	addi	s0,sp,448
     f56:	3f08                	.2byte	0x3f08
     f58:	079f 0514 8000      	.byte	0x9f, 0x07, 0x14, 0x05, 0x00, 0x80
     f5e:	051c                	addi	a5,sp,640
     f60:	8000                	.2byte	0x8000
     f62:	7f08                	.2byte	0x7f08
     f64:	9100                	.2byte	0x9100
     f66:	1c00                	addi	s0,sp,560
     f68:	079f6123          	.4byte	0x79f6123
     f6c:	051c                	addi	a5,sp,640
     f6e:	8000                	.2byte	0x8000
     f70:	0520                	addi	s0,sp,648
     f72:	8000                	.2byte	0x8000
     f74:	7e08                	.2byte	0x7e08
     f76:	9100                	.2byte	0x9100
     f78:	1c00                	addi	s0,sp,560
     f7a:	009f6123          	.4byte	0x9f6123
     f7e:	00054c07          	.4byte	0x54c07
     f82:	5280                	lw	s0,32(a3)
     f84:	0005                	c.nop	1
     f86:	0880                	addi	s0,sp,80
     f88:	007c                	addi	a5,sp,12
     f8a:	0091                	addi	ra,ra,4
     f8c:	231c                	.2byte	0x231c
     f8e:	9f60                	.2byte	0x9f60
     f90:	00055207          	.4byte	0x55207
     f94:	5680                	lw	s0,40(a3)
     f96:	0005                	c.nop	1
     f98:	0880                	addi	s0,sp,80
     f9a:	007c                	addi	a5,sp,12
     f9c:	0091                	addi	ra,ra,4
     f9e:	231c                	.2byte	0x231c
     fa0:	9f5f 0700 0548      	.byte	0x5f, 0x9f, 0x00, 0x07, 0x48, 0x05
     fa6:	8000                	.2byte	0x8000
     fa8:	054c                	addi	a1,sp,644
     faa:	8000                	.2byte	0x8000
     fac:	5d01                	li	s10,-32
     fae:	0700                	addi	s0,sp,896
     fb0:	0476                	slli	s0,s0,0x1d
     fb2:	8000                	.2byte	0x8000
     fb4:	049a                	slli	s1,s1,0x6
     fb6:	8000                	.2byte	0x8000
     fb8:	5c01                	li	s8,-32
     fba:	0700                	addi	s0,sp,896
     fbc:	047e                	slli	s0,s0,0x1f
     fbe:	8000                	.2byte	0x8000
     fc0:	049a                	slli	s1,s1,0x6
     fc2:	8000                	.2byte	0x8000
     fc4:	5601                	li	a2,-32
     fc6:	0700                	addi	s0,sp,896
     fc8:	048e                	slli	s1,s1,0x3
     fca:	8000                	.2byte	0x8000
     fcc:	0492                	slli	s1,s1,0x4
     fce:	8000                	.2byte	0x8000
     fd0:	5d01                	li	s10,-32
     fd2:	0700                	addi	s0,sp,896
     fd4:	043a                	slli	s0,s0,0xe
     fd6:	8000                	.2byte	0x8000
     fd8:	0446                	slli	s0,s0,0x11
     fda:	8000                	.2byte	0x8000
     fdc:	5e01                	li	t3,-32
     fde:	0700                	addi	s0,sp,896
     fe0:	043a                	slli	s0,s0,0xe
     fe2:	8000                	.2byte	0x8000
     fe4:	0446                	slli	s0,s0,0x11
     fe6:	8000                	.2byte	0x8000
     fe8:	4904                	lw	s1,16(a0)
     fea:	244a                	.2byte	0x244a
     fec:	009f 4207 0004      	.byte	0x9f, 0x00, 0x07, 0x42, 0x04, 0x00
     ff2:	4680                	lw	s0,8(a3)
     ff4:	0004                	.2byte	0x4
     ff6:	0180                	addi	s0,sp,192
     ff8:	005d                	c.nop	23
     ffa:	00049e07          	.4byte	0x49e07
     ffe:	be80                	.2byte	0xbe80
    1000:	0004                	.2byte	0x4
    1002:	0180                	addi	s0,sp,192
    1004:	005c                	addi	a5,sp,4
    1006:	0004a607          	.4byte	0x4a607
    100a:	b880                	.2byte	0xb880
    100c:	0004                	.2byte	0x4
    100e:	0180                	addi	s0,sp,192
    1010:	075e                	slli	a4,a4,0x17
    1012:	04ba                	slli	s1,s1,0xe
    1014:	8000                	.2byte	0x8000
    1016:	04be                	slli	s1,s1,0xf
    1018:	8000                	.2byte	0x8000
    101a:	5e01                	li	t3,-32
    101c:	0700                	addi	s0,sp,896
    101e:	04b0                	addi	a2,sp,584
    1020:	8000                	.2byte	0x8000
    1022:	04b4                	addi	a3,sp,584
    1024:	8000                	.2byte	0x8000
    1026:	5d01                	li	s10,-32
    1028:	0700                	addi	s0,sp,896
    102a:	04e8                	addi	a0,sp,588
    102c:	8000                	.2byte	0x8000
    102e:	04ee                	slli	s1,s1,0x1b
    1030:	8000                	.2byte	0x8000
    1032:	5d01                	li	s10,-32
    1034:	0700                	addi	s0,sp,896
    1036:	04fe                	slli	s1,s1,0x1f
    1038:	8000                	.2byte	0x8000
    103a:	050c                	addi	a1,sp,640
    103c:	8000                	.2byte	0x8000
    103e:	5f01                	li	t5,-32
    1040:	0700                	addi	s0,sp,896
	...
    104a:	5a01                	li	s4,-32
    104c:	00000007          	.4byte	0x7
    1050:	0000                	unimp
    1052:	0000                	unimp
    1054:	0400                	addi	s0,sp,512
    1056:	9f5a01a3          	sb	s5,-1565(s4)
    105a:	0700                	addi	s0,sp,896
	...
    1064:	5a01                	li	s4,-32
    1066:	0700                	addi	s0,sp,896
	...
    1070:	5e01                	li	t3,-32
    1072:	00000007          	.4byte	0x7
    1076:	0000                	unimp
    1078:	0000                	unimp
    107a:	0100                	addi	s0,sp,128
    107c:	005e                	c.slli	zero,0x17
    107e:	00000007          	.4byte	0x7
    1082:	0000                	unimp
    1084:	0000                	unimp
    1086:	0100                	addi	s0,sp,128
    1088:	005d                	c.nop	23
    108a:	00000007          	.4byte	0x7
    108e:	0000                	unimp
    1090:	0000                	unimp
    1092:	0100                	addi	s0,sp,128
    1094:	005d                	c.nop	23
    1096:	02fa                	slli	t0,t0,0x1e
    1098:	0000                	unimp
    109a:	0005                	c.nop	1
    109c:	0004                	.2byte	0x4
    109e:	0000                	unimp
    10a0:	0000                	unimp
    10a2:	0006a607          	.4byte	0x6a607
    10a6:	be80                	.2byte	0xbe80
    10a8:	0006                	c.slli	zero,0x1
    10aa:	0180                	addi	s0,sp,192
    10ac:	075a                	slli	a4,a4,0x16
    10ae:	06be                	slli	a3,a3,0xf
    10b0:	8000                	.2byte	0x8000
    10b2:	08c4                	addi	s1,sp,84
    10b4:	8000                	.2byte	0x8000
    10b6:	a304                	.2byte	0xa304
    10b8:	5a01                	li	s4,-32
    10ba:	009f a607 0006      	.byte	0x9f, 0x00, 0x07, 0xa6, 0x06, 0x00
    10c0:	bf80                	.2byte	0xbf80
    10c2:	0006                	c.slli	zero,0x1
    10c4:	0180                	addi	s0,sp,192
    10c6:	06bf075b          	.4byte	0x6bf075b
    10ca:	8000                	.2byte	0x8000
    10cc:	08c4                	addi	s1,sp,84
    10ce:	8000                	.2byte	0x8000
    10d0:	a304                	.2byte	0xa304
    10d2:	5b01                	li	s6,-32
    10d4:	009f 0207 0007      	.byte	0x9f, 0x00, 0x07, 0x02, 0x07, 0x00
    10da:	8880                	.2byte	0x8880
    10dc:	01800007          	.4byte	0x1800007
    10e0:	0758                	addi	a4,sp,900
    10e2:	0788                	addi	a0,sp,960
    10e4:	8000                	.2byte	0x8000
    10e6:	08c4                	addi	s1,sp,84
    10e8:	8000                	.2byte	0x8000
    10ea:	5901                	li	s2,-32
    10ec:	0700                	addi	s0,sp,896
    10ee:	07f0                	addi	a2,sp,972
    10f0:	8000                	.2byte	0x8000
    10f2:	0862                	slli	a6,a6,0x18
    10f4:	8000                	.2byte	0x8000
    10f6:	5801                	li	a6,-32
    10f8:	00087607          	.4byte	0x87607
    10fc:	c480                	sw	s0,8(s1)
    10fe:	0008                	.2byte	0x8
    1100:	0180                	addi	s0,sp,192
    1102:	0058                	addi	a4,sp,4
    1104:	00081e07          	.4byte	0x81e07
    1108:	3a80                	.2byte	0x3a80
    110a:	0008                	.2byte	0x8
    110c:	0280                	addi	s0,sp,320
    110e:	9f30                	.2byte	0x9f30
    1110:	00087607          	.4byte	0x87607
    1114:	9480                	.2byte	0x9480
    1116:	0008                	.2byte	0x8
    1118:	0280                	addi	s0,sp,320
    111a:	9f31                	.2byte	0x9f31
    111c:	00089407          	.4byte	0x89407
    1120:	a880                	.2byte	0xa880
    1122:	0008                	.2byte	0x8
    1124:	0280                	addi	s0,sp,320
    1126:	9f30                	.2byte	0x9f30
    1128:	0008a807          	.4byte	0x8a807
    112c:	c480                	sw	s0,8(s1)
    112e:	0008                	.2byte	0x8
    1130:	0280                	addi	s0,sp,320
    1132:	9f31                	.2byte	0x9f31
    1134:	0700                	addi	s0,sp,896
    1136:	07c2                	slli	a5,a5,0x10
    1138:	8000                	.2byte	0x8000
    113a:	07f0                	addi	a2,sp,972
    113c:	8000                	.2byte	0x8000
    113e:	4002                	.2byte	0x4002
    1140:	079f 0872 8000      	.byte	0x9f, 0x07, 0x72, 0x08, 0x00, 0x80
    1146:	0876                	slli	a6,a6,0x1d
    1148:	8000                	.2byte	0x8000
    114a:	4002                	.2byte	0x4002
    114c:	009f c207 0007      	.byte	0x9f, 0x00, 0x07, 0xc2, 0x07, 0x00
    1152:	f080                	.2byte	0xf080
    1154:	06800007          	.4byte	0x6800007
    1158:	000b5803          	lhu	a6,0(s6)
    115c:	9f80                	.2byte	0x9f80
    115e:	00087207          	.4byte	0x87207
    1162:	7680                	.2byte	0x7680
    1164:	0008                	.2byte	0x8
    1166:	0680                	addi	s0,sp,832
    1168:	000b5803          	lhu	a6,0(s6)
    116c:	9f80                	.2byte	0x9f80
    116e:	0700                	addi	s0,sp,896
    1170:	07c2                	slli	a5,a5,0x10
    1172:	8000                	.2byte	0x8000
    1174:	07f0                	addi	a2,sp,972
    1176:	8000                	.2byte	0x8000
    1178:	0306                	slli	t1,t1,0x1
    117a:	0be8                	addi	a0,sp,476
    117c:	8000                	.2byte	0x8000
    117e:	079f 0872 8000      	.byte	0x9f, 0x07, 0x72, 0x08, 0x00, 0x80
    1184:	0876                	slli	a6,a6,0x1d
    1186:	8000                	.2byte	0x8000
    1188:	0306                	slli	t1,t1,0x1
    118a:	0be8                	addi	a0,sp,476
    118c:	8000                	.2byte	0x8000
    118e:	009f c207 0007      	.byte	0x9f, 0x00, 0x07, 0xc2, 0x07, 0x00
    1194:	dc80                	sw	s0,56(s1)
    1196:	02800007          	.4byte	0x2800007
    119a:	9f30                	.2byte	0x9f30
    119c:	0007dc07          	.4byte	0x7dc07
    11a0:	e080                	.2byte	0xe080
    11a2:	09800007          	.4byte	0x9800007
    11a6:	007f                	.2byte	0x7f
    11a8:	000be803          	.4byte	0xbe803
    11ac:	1c80                	addi	s0,sp,624
    11ae:	079f 07e0 8000      	.byte	0x9f, 0x07, 0xe0, 0x07, 0x00, 0x80
    11b4:	07ea                	slli	a5,a5,0x1a
    11b6:	8000                	.2byte	0x8000
    11b8:	7f09                	lui	t5,0xfffe2
    11ba:	0300                	addi	s0,sp,384
    11bc:	80000be7          	jalr	s7,-2048(zero) # 0 <_program_size-0xc78>
    11c0:	9f1c                	.2byte	0x9f1c
    11c2:	0007ea07          	.4byte	0x7ea07
    11c6:	f080                	.2byte	0xf080
    11c8:	09800007          	.4byte	0x9800007
    11cc:	007f                	.2byte	0x7f
    11ce:	000be803          	.4byte	0xbe803
    11d2:	1c80                	addi	s0,sp,624
    11d4:	079f 0872 8000      	.byte	0x9f, 0x07, 0x72, 0x08, 0x00, 0x80
    11da:	0876                	slli	a6,a6,0x1d
    11dc:	8000                	.2byte	0x8000
    11de:	7f09                	lui	t5,0xfffe2
    11e0:	0300                	addi	s0,sp,384
    11e2:	0be8                	addi	a0,sp,476
    11e4:	8000                	.2byte	0x8000
    11e6:	9f1c                	.2byte	0x9f1c
    11e8:	0700                	addi	s0,sp,896
    11ea:	07f0                	addi	a2,sp,972
    11ec:	8000                	.2byte	0x8000
    11ee:	081e                	slli	a6,a6,0x7
    11f0:	8000                	.2byte	0x8000
    11f2:	3e02                	.2byte	0x3e02
    11f4:	009f f007 0007      	.byte	0x9f, 0x00, 0x07, 0xf0, 0x07, 0x00
    11fa:	1e80                	addi	s0,sp,880
    11fc:	0008                	.2byte	0x8
    11fe:	0680                	addi	s0,sp,832
    1200:	000b1003          	lh	zero,0(s6)
    1204:	9f80                	.2byte	0x9f80
    1206:	0700                	addi	s0,sp,896
    1208:	07f0                	addi	a2,sp,972
    120a:	8000                	.2byte	0x8000
    120c:	081e                	slli	a6,a6,0x7
    120e:	8000                	.2byte	0x8000
    1210:	0306                	slli	t1,t1,0x1
    1212:	0b68                	addi	a0,sp,412
    1214:	8000                	.2byte	0x8000
    1216:	009f f007 0007      	.byte	0x9f, 0x00, 0x07, 0xf0, 0x07, 0x00
    121c:	0a80                	addi	s0,sp,336
    121e:	0008                	.2byte	0x8
    1220:	0280                	addi	s0,sp,320
    1222:	9f30                	.2byte	0x9f30
    1224:	00080a07          	.4byte	0x80a07
    1228:	0e80                	addi	s0,sp,848
    122a:	0008                	.2byte	0x8
    122c:	0980                	addi	s0,sp,208
    122e:	007f                	.2byte	0x7f
    1230:	000b6803          	.4byte	0xb6803
    1234:	1c80                	addi	s0,sp,624
    1236:	079f 080e 8000      	.byte	0x9f, 0x07, 0x0e, 0x08, 0x00, 0x80
    123c:	0818                	addi	a4,sp,16
    123e:	8000                	.2byte	0x8000
    1240:	7f09                	lui	t5,0xfffe2
    1242:	0300                	addi	s0,sp,384
    1244:	80000b67          	jalr	s6,-2048(zero) # 0 <_program_size-0xc78>
    1248:	9f1c                	.2byte	0x9f1c
    124a:	00081807          	.4byte	0x81807
    124e:	1e80                	addi	s0,sp,880
    1250:	0008                	.2byte	0x8
    1252:	0980                	addi	s0,sp,208
    1254:	007f                	.2byte	0x7f
    1256:	000b6803          	.4byte	0xb6803
    125a:	1c80                	addi	s0,sp,624
    125c:	009f 5607 0005      	.byte	0x9f, 0x00, 0x07, 0x56, 0x05, 0x00
    1262:	8680                	.2byte	0x8680
    1264:	0005                	c.nop	1
    1266:	0180                	addi	s0,sp,192
    1268:	075a                	slli	a4,a4,0x16
    126a:	0586                	slli	a1,a1,0x1
    126c:	8000                	.2byte	0x8000
    126e:	05b6                	slli	a1,a1,0xd
    1270:	8000                	.2byte	0x8000
    1272:	6201                	.2byte	0x6201
    1274:	0005b607          	.4byte	0x5b607
    1278:	c880                	sw	s0,16(s1)
    127a:	0005                	c.nop	1
    127c:	0480                	addi	s0,sp,576
    127e:	9f5a01a3          	sb	s5,-1565(s4)
    1282:	0700                	addi	s0,sp,896
    1284:	0556                	slli	a0,a0,0x15
    1286:	8000                	.2byte	0x8000
    1288:	0586                	slli	a1,a1,0x1
    128a:	8000                	.2byte	0x8000
    128c:	3002                	.2byte	0x3002
    128e:	079f 0586 8000      	.byte	0x9f, 0x07, 0x86, 0x05, 0x00, 0x80
    1294:	0588                	addi	a0,sp,704
    1296:	8000                	.2byte	0x8000
    1298:	5801                	li	a6,-32
    129a:	0005a807          	.4byte	0x5a807
    129e:	b080                	.2byte	0xb080
    12a0:	0005                	c.nop	1
    12a2:	0180                	addi	s0,sp,192
    12a4:	0058                	addi	a4,sp,4
    12a6:	00059007          	.4byte	0x59007
    12aa:	9a80                	.2byte	0x9a80
    12ac:	0005                	c.nop	1
    12ae:	0180                	addi	s0,sp,192
    12b0:	075f 059a 8000      	.byte	0x5f, 0x07, 0x9a, 0x05, 0x00, 0x80
    12b6:	800005a7          	.4byte	0x800005a7
    12ba:	78008207          	.4byte	0x78008207
    12be:	2200                	.2byte	0x2200
    12c0:	1c31                	addi	s8,s8,-20
    12c2:	0700                	addi	s0,sp,896
    12c4:	05c8                	addi	a0,sp,708
    12c6:	8000                	.2byte	0x8000
    12c8:	05d8                	addi	a4,sp,708
    12ca:	8000                	.2byte	0x8000
    12cc:	5a01                	li	s4,-32
    12ce:	0005d807          	.4byte	0x5d807
    12d2:	6a80                	.2byte	0x6a80
    12d4:	0006                	c.slli	zero,0x1
    12d6:	0180                	addi	s0,sp,192
    12d8:	0759                	addi	a4,a4,22
    12da:	066a                	slli	a2,a2,0x1a
    12dc:	8000                	.2byte	0x8000
    12de:	0692                	slli	a3,a3,0x4
    12e0:	8000                	.2byte	0x8000
    12e2:	9f728303          	lb	t1,-1545(t0)
    12e6:	00069207          	.4byte	0x69207
    12ea:	a680                	.2byte	0xa680
    12ec:	0006                	c.slli	zero,0x1
    12ee:	0480                	addi	s0,sp,576
    12f0:	9f5a01a3          	sb	s5,-1565(s4)
    12f4:	0700                	addi	s0,sp,896
    12f6:	05ec                	addi	a1,sp,716
    12f8:	8000                	.2byte	0x8000
    12fa:	0610                	addi	a2,sp,768
    12fc:	8000                	.2byte	0x8000
    12fe:	3002                	.2byte	0x3002
    1300:	079f 0610 8000      	.byte	0x9f, 0x07, 0x10, 0x06, 0x00, 0x80
    1306:	0620                	addi	s0,sp,776
    1308:	8000                	.2byte	0x8000
    130a:	5801                	li	a6,-32
    130c:	00062007          	.4byte	0x62007
    1310:	3880                	.2byte	0x3880
    1312:	0006                	c.slli	zero,0x1
    1314:	0380                	addi	s0,sp,448
    1316:	7f78                	.2byte	0x7f78
    1318:	079f 0638 8000      	.byte	0x9f, 0x07, 0x38, 0x06, 0x00, 0x80
    131e:	0646                	slli	a2,a2,0x11
    1320:	8000                	.2byte	0x8000
    1322:	5801                	li	a6,-32
    1324:	00064607          	.4byte	0x64607
    1328:	4c80                	lw	s0,24(s1)
    132a:	0006                	c.slli	zero,0x1
    132c:	0380                	addi	s0,sp,448
    132e:	0178                	addi	a4,sp,140
    1330:	079f 064e 8000      	.byte	0x9f, 0x07, 0x4e, 0x06, 0x00, 0x80
    1336:	0658                	addi	a4,sp,772
    1338:	8000                	.2byte	0x8000
    133a:	9f017803          	.4byte	0x9f017803
    133e:	0700                	addi	s0,sp,896
    1340:	061e                	slli	a2,a2,0x7
    1342:	8000                	.2byte	0x8000
    1344:	0626                	slli	a2,a2,0x9
    1346:	8000                	.2byte	0x8000
    1348:	5f01                	li	t5,-32
    134a:	0700                	addi	s0,sp,896
    134c:	065e                	slli	a2,a2,0x17
    134e:	8000                	.2byte	0x8000
    1350:	066a                	slli	a2,a2,0x1a
    1352:	8000                	.2byte	0x8000
    1354:	3002                	.2byte	0x3002
    1356:	079f 066a 8000      	.byte	0x9f, 0x07, 0x6a, 0x06, 0x00, 0x80
    135c:	0672                	slli	a2,a2,0x1c
    135e:	8000                	.2byte	0x8000
    1360:	7808                	.2byte	0x7808
    1362:	8300                	.2byte	0x8300
    1364:	1c00                	addi	s0,sp,560
    1366:	079f0e23          	sb	s9,124(t5) # fffe207c <_ram_end+0x7ffd207c>
    136a:	0672                	slli	a2,a2,0x1c
    136c:	8000                	.2byte	0x8000
    136e:	0684                	addi	s1,sp,832
    1370:	8000                	.2byte	0x8000
    1372:	7808                	.2byte	0x7808
    1374:	8300                	.2byte	0x8300
    1376:	1c00                	addi	s0,sp,560
    1378:	009f0d23          	sb	s1,26(t5)
    137c:	00066e07          	.4byte	0x66e07
    1380:	8280                	.2byte	0x8280
    1382:	0006                	c.slli	zero,0x1
    1384:	0180                	addi	s0,sp,192
    1386:	0682075b          	.4byte	0x682075b
    138a:	8000                	.2byte	0x8000
    138c:	80000683          	lb	a3,-2048(zero) # fffff800 <_ram_end+0x7ffef800>
    1390:	7802                	.2byte	0x7802
    1392:	007f                	.2byte	0x7f

Disassembly of section .debug_rnglists:

00000000 <.debug_rnglists>:
   0:	01f0                	addi	a2,sp,204
   2:	0000                	unimp
   4:	0005                	c.nop	1
   6:	0004                	.2byte	0x4
   8:	0000                	unimp
   a:	0000                	unimp
   c:	2a06                	.2byte	0x2a06
   e:	0000                	unimp
  10:	3280                	.2byte	0x3280
  12:	0000                	unimp
  14:	0680                	addi	s0,sp,832
  16:	0036                	c.slli	zero,0xd
  18:	8000                	.2byte	0x8000
  1a:	006c                	addi	a1,sp,12
  1c:	8000                	.2byte	0x8000
  1e:	0600                	addi	s0,sp,768
  20:	004a                	c.slli	zero,0x12
  22:	8000                	.2byte	0x8000
  24:	004a                	c.slli	zero,0x12
  26:	8000                	.2byte	0x8000
  28:	4c06                	lw	s8,64(sp)
  2a:	0000                	unimp
  2c:	6280                	.2byte	0x6280
  2e:	0000                	unimp
  30:	0080                	addi	s0,sp,64
  32:	8406                	mv	s0,ra
  34:	0000                	unimp
  36:	8480                	.2byte	0x8480
  38:	0000                	unimp
  3a:	0680                	addi	s0,sp,832
  3c:	0086                	slli	ra,ra,0x1
  3e:	8000                	.2byte	0x8000
  40:	00a2                	slli	ra,ra,0x8
  42:	8000                	.2byte	0x8000
  44:	a406                	.2byte	0xa406
  46:	0000                	unimp
  48:	d280                	sw	s0,32(a3)
  4a:	0000                	unimp
  4c:	0680                	addi	s0,sp,832
  4e:	00d8                	addi	a4,sp,68
  50:	8000                	.2byte	0x8000
  52:	00de                	slli	ra,ra,0x17
  54:	8000                	.2byte	0x8000
  56:	0600                	addi	s0,sp,768
  58:	008a                	slli	ra,ra,0x2
  5a:	8000                	.2byte	0x8000
  5c:	009c                	addi	a5,sp,64
  5e:	8000                	.2byte	0x8000
  60:	a406                	.2byte	0xa406
  62:	0000                	unimp
  64:	b080                	.2byte	0xb080
  66:	0000                	unimp
  68:	0080                	addi	s0,sp,64
  6a:	a006                	.2byte	0xa006
  6c:	0000                	unimp
  6e:	a280                	.2byte	0xa280
  70:	0000                	unimp
  72:	0680                	addi	s0,sp,832
  74:	00b6                	slli	ra,ra,0xd
  76:	8000                	.2byte	0x8000
  78:	00b6                	slli	ra,ra,0xd
  7a:	8000                	.2byte	0x8000
  7c:	ba06                	.2byte	0xba06
  7e:	0000                	unimp
  80:	d280                	sw	s0,32(a3)
  82:	0000                	unimp
  84:	0080                	addi	s0,sp,64
  86:	e006                	.2byte	0xe006
  88:	0000                	unimp
  8a:	e480                	.2byte	0xe480
  8c:	0000                	unimp
  8e:	0680                	addi	s0,sp,832
  90:	00e6                	slli	ra,ra,0x19
  92:	8000                	.2byte	0x8000
  94:	00ea                	slli	ra,ra,0x1a
  96:	8000                	.2byte	0x8000
  98:	0006                	c.slli	zero,0x1
  9a:	0001                	nop
  9c:	3280                	.2byte	0x3280
  9e:	0001                	nop
  a0:	0680                	addi	s0,sp,832
  a2:	0136                	slli	sp,sp,0xd
  a4:	8000                	.2byte	0x8000
  a6:	0142                	slli	sp,sp,0x10
  a8:	8000                	.2byte	0x8000
  aa:	0600                	addi	s0,sp,768
  ac:	0110                	addi	a2,sp,128
  ae:	8000                	.2byte	0x8000
  b0:	0114                	addi	a3,sp,128
  b2:	8000                	.2byte	0x8000
  b4:	1606                	slli	a2,a2,0x21
  b6:	0001                	nop
  b8:	2680                	.2byte	0x2680
  ba:	0001                	nop
  bc:	0080                	addi	s0,sp,64
  be:	3206                	.2byte	0x3206
  c0:	0001                	nop
  c2:	3680                	.2byte	0x3680
  c4:	0001                	nop
  c6:	0680                	addi	s0,sp,832
  c8:	0142                	slli	sp,sp,0x10
  ca:	8000                	.2byte	0x8000
  cc:	0168                	addi	a0,sp,140
  ce:	8000                	.2byte	0x8000
  d0:	0600                	addi	s0,sp,768
  d2:	0146                	slli	sp,sp,0x11
  d4:	8000                	.2byte	0x8000
  d6:	014a                	slli	sp,sp,0x12
  d8:	8000                	.2byte	0x8000
  da:	4c06                	lw	s8,64(sp)
  dc:	0001                	nop
  de:	5a80                	lw	s0,48(a3)
  e0:	0001                	nop
  e2:	0080                	addi	s0,sp,64
  e4:	9606                	add	a2,a2,ra
  e6:	0001                	nop
  e8:	a080                	.2byte	0xa080
  ea:	0001                	nop
  ec:	0680                	addi	s0,sp,832
  ee:	01ac                	addi	a1,sp,200
  f0:	8000                	.2byte	0x8000
  f2:	01e2                	slli	gp,gp,0x18
  f4:	8000                	.2byte	0x8000
  f6:	0600                	addi	s0,sp,768
  f8:	01bc                	addi	a5,sp,200
  fa:	8000                	.2byte	0x8000
  fc:	01bc                	addi	a5,sp,200
  fe:	8000                	.2byte	0x8000
 100:	be06                	.2byte	0xbe06
 102:	0001                	nop
 104:	d680                	sw	s0,40(a3)
 106:	0001                	nop
 108:	0080                	addi	s0,sp,64
 10a:	a406                	.2byte	0xa406
 10c:	0001                	nop
 10e:	a880                	.2byte	0xa880
 110:	0001                	nop
 112:	0680                	addi	s0,sp,832
 114:	01f2                	slli	gp,gp,0x1c
 116:	8000                	.2byte	0x8000
 118:	0206                	slli	tp,tp,0x1
 11a:	8000                	.2byte	0x8000
 11c:	0600                	addi	s0,sp,768
 11e:	0246                	slli	tp,tp,0x11
 120:	8000                	.2byte	0x8000
 122:	024a                	slli	tp,tp,0x12
 124:	8000                	.2byte	0x8000
 126:	4c06                	lw	s8,64(sp)
 128:	0002                	c.slli64	zero
 12a:	8880                	.2byte	0x8880
 12c:	0002                	c.slli64	zero
 12e:	0080                	addi	s0,sp,64
 130:	5206                	lw	tp,96(sp)
 132:	0002                	c.slli64	zero
 134:	5680                	lw	s0,40(a3)
 136:	0002                	c.slli64	zero
 138:	0680                	addi	s0,sp,832
 13a:	0262                	slli	tp,tp,0x18
 13c:	8000                	.2byte	0x8000
 13e:	0266                	slli	tp,tp,0x19
 140:	8000                	.2byte	0x8000
 142:	6a06                	.2byte	0x6a06
 144:	0002                	c.slli64	zero
 146:	7880                	.2byte	0x7880
 148:	0002                	c.slli64	zero
 14a:	0080                	addi	s0,sp,64
 14c:	9206                	add	tp,tp,ra
 14e:	0002                	c.slli64	zero
 150:	ae80                	.2byte	0xae80
 152:	0002                	c.slli64	zero
 154:	0680                	addi	s0,sp,832
 156:	02ae                	slli	t0,t0,0xb
 158:	8000                	.2byte	0x8000
 15a:	02b0                	addi	a2,sp,328
 15c:	8000                	.2byte	0x8000
 15e:	0600                	addi	s0,sp,768
 160:	02c4                	addi	s1,sp,324
 162:	8000                	.2byte	0x8000
 164:	02c4                	addi	s1,sp,324
 166:	8000                	.2byte	0x8000
 168:	c606                	sw	ra,12(sp)
 16a:	0002                	c.slli64	zero
 16c:	e280                	.2byte	0xe280
 16e:	0002                	c.slli64	zero
 170:	0080                	addi	s0,sp,64
 172:	0206                	slli	tp,tp,0x1
 174:	04800003          	lb	zero,72(zero) # 48 <_program_size-0xc30>
 178:	06800003          	lb	zero,104(zero) # 68 <_program_size-0xc10>
 17c:	030a                	slli	t1,t1,0x2
 17e:	8000                	.2byte	0x8000
 180:	032a                	slli	t1,t1,0xa
 182:	8000                	.2byte	0x8000
 184:	3006                	.2byte	0x3006
 186:	32800003          	lb	zero,808(zero) # 328 <_program_size-0x950>
 18a:	00800003          	lb	zero,8(zero) # 8 <_program_size-0xc70>
 18e:	4406                	lw	s0,64(sp)
 190:	44800003          	lb	zero,1096(zero) # 448 <_program_size-0x830>
 194:	06800003          	lb	zero,104(zero) # 68 <_program_size-0xc10>
 198:	0346                	slli	t1,t1,0x11
 19a:	8000                	.2byte	0x8000
 19c:	036e                	slli	t1,t1,0x1b
 19e:	8000                	.2byte	0x8000
 1a0:	de06                	sw	ra,60(sp)
 1a2:	e2800003          	lb	zero,-472(zero) # fffffe28 <_ram_end+0x7ffefe28>
 1a6:	00800003          	lb	zero,8(zero) # 8 <_program_size-0xc70>
 1aa:	d006                	sw	ra,32(sp)
 1ac:	da800003          	lb	zero,-600(zero) # fffffda8 <_ram_end+0x7ffefda8>
 1b0:	06800003          	lb	zero,104(zero) # 68 <_program_size-0xc10>
 1b4:	03dc                	addi	a5,sp,452
 1b6:	8000                	.2byte	0x8000
 1b8:	03de                	slli	t2,t2,0x17
 1ba:	8000                	.2byte	0x8000
 1bc:	0600                	addi	s0,sp,768
 1be:	002a                	c.slli	zero,0xa
 1c0:	8000                	.2byte	0x8000
 1c2:	0084                	addi	s1,sp,64
 1c4:	8000                	.2byte	0x8000
 1c6:	8406                	mv	s0,ra
 1c8:	0000                	unimp
 1ca:	e080                	.2byte	0xe080
 1cc:	0000                	unimp
 1ce:	0680                	addi	s0,sp,832
 1d0:	00e0                	addi	s0,sp,76
 1d2:	8000                	.2byte	0x8000
 1d4:	0300                	addi	s0,sp,384
 1d6:	8000                	.2byte	0x8000
 1d8:	0006                	c.slli	zero,0x1
 1da:	34800003          	lb	zero,840(zero) # 348 <_program_size-0x930>
 1de:	06800003          	lb	zero,104(zero) # 68 <_program_size-0xc10>
 1e2:	0334                	addi	a3,sp,392
 1e4:	8000                	.2byte	0x8000
 1e6:	03e2                	slli	t2,t2,0x18
 1e8:	8000                	.2byte	0x8000
 1ea:	0006                	c.slli	zero,0x1
	...
 1f4:	00b2                	slli	ra,ra,0xc
 1f6:	0000                	unimp
 1f8:	0005                	c.nop	1
 1fa:	0004                	.2byte	0x4
 1fc:	0000                	unimp
 1fe:	0000                	unimp
 200:	0806                	slli	a6,a6,0x1
 202:	0004                	.2byte	0x4
 204:	0c80                	addi	s0,sp,592
 206:	0004                	.2byte	0x4
 208:	0680                	addi	s0,sp,832
 20a:	04fa                	slli	s1,s1,0x1e
 20c:	8000                	.2byte	0x8000
 20e:	050c                	addi	a1,sp,640
 210:	8000                	.2byte	0x8000
 212:	0600                	addi	s0,sp,768
 214:	0430                	addi	a2,sp,520
 216:	8000                	.2byte	0x8000
 218:	0446                	slli	s0,s0,0x11
 21a:	8000                	.2byte	0x8000
 21c:	5806                	lw	a6,96(sp)
 21e:	0004                	.2byte	0x4
 220:	f280                	.2byte	0xf280
 222:	0004                	.2byte	0x4
 224:	0680                	addi	s0,sp,832
 226:	050c                	addi	a1,sp,640
 228:	8000                	.2byte	0x8000
 22a:	0556                	slli	a0,a0,0x15
 22c:	8000                	.2byte	0x8000
 22e:	0600                	addi	s0,sp,768
 230:	0432                	slli	s0,s0,0xc
 232:	8000                	.2byte	0x8000
 234:	0436                	slli	s0,s0,0xd
 236:	8000                	.2byte	0x8000
 238:	3a06                	.2byte	0x3a06
 23a:	0004                	.2byte	0x4
 23c:	3a80                	.2byte	0x3a80
 23e:	0004                	.2byte	0x4
 240:	0680                	addi	s0,sp,832
 242:	043e                	slli	s0,s0,0xf
 244:	8000                	.2byte	0x8000
 246:	0446                	slli	s0,s0,0x11
 248:	8000                	.2byte	0x8000
 24a:	0600                	addi	s0,sp,768
 24c:	046e                	slli	s0,s0,0x1b
 24e:	8000                	.2byte	0x8000
 250:	0474                	addi	a3,sp,524
 252:	8000                	.2byte	0x8000
 254:	7606                	.2byte	0x7606
 256:	0004                	.2byte	0x4
 258:	9280                	.2byte	0x9280
 25a:	0004                	.2byte	0x4
 25c:	0080                	addi	s0,sp,64
 25e:	7006                	.2byte	0x7006
 260:	0004                	.2byte	0x4
 262:	7480                	.2byte	0x7480
 264:	0004                	.2byte	0x4
 266:	0680                	addi	s0,sp,832
 268:	048a                	slli	s1,s1,0x2
 26a:	8000                	.2byte	0x8000
 26c:	0492                	slli	s1,s1,0x4
 26e:	8000                	.2byte	0x8000
 270:	0600                	addi	s0,sp,768
 272:	049e                	slli	s1,s1,0x7
 274:	8000                	.2byte	0x8000
 276:	049e                	slli	s1,s1,0x7
 278:	8000                	.2byte	0x8000
 27a:	a206                	.2byte	0xa206
 27c:	0004                	.2byte	0x4
 27e:	be80                	.2byte	0xbe80
 280:	0004                	.2byte	0x4
 282:	0080                	addi	s0,sp,64
 284:	c806                	sw	ra,16(sp)
 286:	0004                	.2byte	0x4
 288:	c880                	sw	s0,16(s1)
 28a:	0004                	.2byte	0x4
 28c:	0680                	addi	s0,sp,832
 28e:	04ce                	slli	s1,s1,0x13
 290:	8000                	.2byte	0x8000
 292:	04d8                	addi	a4,sp,580
 294:	8000                	.2byte	0x8000
 296:	0600                	addi	s0,sp,768
	...
 2a0:	e206                	.2byte	0xe206
 2a2:	56800003          	lb	zero,1384(zero) # 568 <_program_size-0x710>
 2a6:	0005                	c.nop	1
 2a8:	0080                	addi	s0,sp,64
 2aa:	00f1                	addi	ra,ra,28
 2ac:	0000                	unimp
 2ae:	0005                	c.nop	1
 2b0:	0004                	.2byte	0x4
 2b2:	0000                	unimp
 2b4:	0000                	unimp
 2b6:	5606                	lw	a2,96(sp)
 2b8:	0005                	c.nop	1
 2ba:	5680                	lw	s0,40(a3)
 2bc:	0005                	c.nop	1
 2be:	0680                	addi	s0,sp,832
 2c0:	0568                	addi	a0,sp,652
 2c2:	8000                	.2byte	0x8000
 2c4:	05ae                	slli	a1,a1,0xb
 2c6:	8000                	.2byte	0x8000
 2c8:	0600                	addi	s0,sp,768
 2ca:	0572                	slli	a0,a0,0x1c
 2cc:	8000                	.2byte	0x8000
 2ce:	057a                	slli	a0,a0,0x1e
 2d0:	8000                	.2byte	0x8000
 2d2:	9006                	c.add	zero,ra
 2d4:	0005                	c.nop	1
 2d6:	9280                	.2byte	0x9280
 2d8:	0005                	c.nop	1
 2da:	0680                	addi	s0,sp,832
 2dc:	0594                	addi	a3,sp,704
 2de:	8000                	.2byte	0x8000
 2e0:	05a8                	addi	a0,sp,712
 2e2:	8000                	.2byte	0x8000
 2e4:	0600                	addi	s0,sp,768
 2e6:	05c8                	addi	a0,sp,708
 2e8:	8000                	.2byte	0x8000
 2ea:	05c8                	addi	a0,sp,708
 2ec:	8000                	.2byte	0x8000
 2ee:	cc06                	sw	ra,24(sp)
 2f0:	0005                	c.nop	1
 2f2:	ce80                	sw	s0,24(a3)
 2f4:	0005                	c.nop	1
 2f6:	0680                	addi	s0,sp,832
 2f8:	05d0                	addi	a2,sp,708
 2fa:	8000                	.2byte	0x8000
 2fc:	05d8                	addi	a4,sp,708
 2fe:	8000                	.2byte	0x8000
 300:	e806                	.2byte	0xe806
 302:	0005                	c.nop	1
 304:	8880                	.2byte	0x8880
 306:	0006                	c.slli	zero,0x1
 308:	0680                	addi	s0,sp,832
 30a:	069a                	slli	a3,a3,0x6
 30c:	8000                	.2byte	0x8000
 30e:	06a2                	slli	a3,a3,0x8
 310:	8000                	.2byte	0x8000
 312:	a406                	.2byte	0xa406
 314:	0006                	c.slli	zero,0x1
 316:	a680                	.2byte	0xa680
 318:	0006                	c.slli	zero,0x1
 31a:	0080                	addi	s0,sp,64
 31c:	e806                	.2byte	0xe806
 31e:	0005                	c.nop	1
 320:	ea80                	.2byte	0xea80
 322:	0005                	c.nop	1
 324:	0680                	addi	s0,sp,832
 326:	05ec                	addi	a1,sp,716
 328:	8000                	.2byte	0x8000
 32a:	064e                	slli	a2,a2,0x13
 32c:	8000                	.2byte	0x8000
 32e:	0600                	addi	s0,sp,768
 330:	05ee                	slli	a1,a1,0x1b
 332:	8000                	.2byte	0x8000
 334:	05fe                	slli	a1,a1,0x1f
 336:	8000                	.2byte	0x8000
 338:	1406                	slli	s0,s0,0x21
 33a:	0006                	c.slli	zero,0x1
 33c:	1680                	addi	s0,sp,864
 33e:	0006                	c.slli	zero,0x1
 340:	0680                	addi	s0,sp,832
 342:	061e                	slli	a2,a2,0x7
 344:	8000                	.2byte	0x8000
 346:	061e                	slli	a2,a2,0x7
 348:	8000                	.2byte	0x8000
 34a:	2006                	.2byte	0x2006
 34c:	0006                	c.slli	zero,0x1
 34e:	3480                	.2byte	0x3480
 350:	0006                	c.slli	zero,0x1
 352:	0680                	addi	s0,sp,832
 354:	063c                	addi	a5,sp,776
 356:	8000                	.2byte	0x8000
 358:	063e                	slli	a2,a2,0xf
 35a:	8000                	.2byte	0x8000
 35c:	0600                	addi	s0,sp,768
 35e:	065e                	slli	a2,a2,0x17
 360:	8000                	.2byte	0x8000
 362:	0670                	addi	a2,sp,780
 364:	8000                	.2byte	0x8000
 366:	7206                	.2byte	0x7206
 368:	0006                	c.slli	zero,0x1
 36a:	8480                	.2byte	0x8480
 36c:	0006                	c.slli	zero,0x1
 36e:	0080                	addi	s0,sp,64
 370:	c206                	sw	ra,4(sp)
 372:	f0800007          	.4byte	0xf0800007
 376:	06800007          	.4byte	0x6800007
 37a:	0872                	slli	a6,a6,0x1c
 37c:	8000                	.2byte	0x8000
 37e:	0876                	slli	a6,a6,0x1d
 380:	8000                	.2byte	0x8000
 382:	0600                	addi	s0,sp,768
 384:	0556                	slli	a0,a0,0x15
 386:	8000                	.2byte	0x8000
 388:	05c8                	addi	a0,sp,708
 38a:	8000                	.2byte	0x8000
 38c:	c806                	sw	ra,16(sp)
 38e:	0005                	c.nop	1
 390:	a680                	.2byte	0xa680
 392:	0006                	c.slli	zero,0x1
 394:	0680                	addi	s0,sp,832
 396:	06a6                	slli	a3,a3,0x9
 398:	8000                	.2byte	0x8000
 39a:	08c4                	addi	s1,sp,84
 39c:	8000                	.2byte	0x8000
	...

Disassembly of section .debug_frame:

00000000 <.debug_frame>:
   0:	000c                	.2byte	0xc
   2:	0000                	unimp
   4:	ffff                	.2byte	0xffff
   6:	ffff                	.2byte	0xffff
   8:	7c010003          	lb	zero,1984(sp)
   c:	0d01                	addi	s10,s10,0
   e:	0002                	c.slli64	zero
  10:	000c                	.2byte	0xc
  12:	0000                	unimp
  14:	0000                	unimp
  16:	0000                	unimp
  18:	002a                	c.slli	zero,0xa
  1a:	8000                	.2byte	0x8000
  1c:	005a                	c.slli	zero,0x16
  1e:	0000                	unimp
  20:	000c                	.2byte	0xc
  22:	0000                	unimp
  24:	0000                	unimp
  26:	0000                	unimp
  28:	0084                	addi	s1,sp,64
  2a:	8000                	.2byte	0x8000
  2c:	005c                	addi	a5,sp,4
  2e:	0000                	unimp
  30:	0038                	addi	a4,sp,8
  32:	0000                	unimp
  34:	0000                	unimp
  36:	0000                	unimp
  38:	00e0                	addi	s0,sp,76
  3a:	8000                	.2byte	0x8000
  3c:	0220                	addi	s0,sp,264
  3e:	0000                	unimp
  40:	0e46                	slli	t3,t3,0x11
  42:	4a20                	lw	s0,80(a2)
  44:	0288                	addi	a0,sp,320
  46:	0389                	addi	t2,t2,2
  48:	0492                	slli	s1,s1,0x4
  4a:	814c                	.2byte	0x814c
  4c:	9301                	srli	a4,a4,0x20
  4e:	9405                	srai	s0,s0,0x21
  50:	9506                	add	a0,a0,ra
  52:	03089607          	.4byte	0x3089607
  56:	01f2                	slli	gp,gp,0x1c
  58:	42c1                	li	t0,16
  5a:	42c8                	lw	a0,4(a3)
  5c:	42c9                	li	t0,18
  5e:	42d2                	lw	t0,20(sp)
  60:	42d442d3          	.4byte	0x42d442d3
  64:	42d5                	li	t0,21
  66:	42d6                	lw	t0,84(sp)
  68:	000e                	c.slli	zero,0x3
  6a:	0000                	unimp
  6c:	0018                	.2byte	0x18
  6e:	0000                	unimp
  70:	0000                	unimp
  72:	0000                	unimp
  74:	0300                	addi	s0,sp,384
  76:	8000                	.2byte	0x8000
  78:	0034                	addi	a3,sp,8
  7a:	0000                	unimp
  7c:	0e46                	slli	t3,t3,0x11
  7e:	4220                	lw	s0,64(a2)
  80:	0181                	addi	gp,gp,0
  82:	c164                	sw	s1,68(a0)
  84:	0e42                	slli	t3,t3,0x10
  86:	0000                	unimp
  88:	0044                	addi	s1,sp,4
  8a:	0000                	unimp
  8c:	0000                	unimp
  8e:	0000                	unimp
  90:	0334                	addi	a3,sp,392
  92:	8000                	.2byte	0x8000
  94:	00ae                	slli	ra,ra,0xb
  96:	0000                	unimp
  98:	0e42                	slli	t3,t3,0x10
  9a:	4c40                	lw	s0,28(s0)
  9c:	0492                	slli	s1,s1,0x4
  9e:	0694                	addi	a3,sp,832
  a0:	0181                	addi	gp,gp,0
  a2:	0288                	addi	a0,sp,320
  a4:	0389                	addi	t2,t2,2
  a6:	6c020593          	addi	a1,tp,1728 # 6c0 <_program_size-0x5b8>
  aa:	c10a                	sw	sp,128(sp)
  ac:	c842                	sw	a6,16(sp)
  ae:	c942                	sw	a6,144(sp)
  b0:	d242                	sw	a6,36(sp)
  b2:	d342                	sw	a6,164(sp)
  b4:	d442                	sw	a6,40(sp)
  b6:	0e42                	slli	t3,t3,0x10
  b8:	4200                	lw	s0,0(a2)
  ba:	c10a440b          	.4byte	0xc10a440b
  be:	c842                	sw	a6,16(sp)
  c0:	c942                	sw	a6,144(sp)
  c2:	d242                	sw	a6,36(sp)
  c4:	d342                	sw	a6,164(sp)
  c6:	d442                	sw	a6,40(sp)
  c8:	0e42                	slli	t3,t3,0x10
  ca:	4200                	lw	s0,0(a2)
  cc:	0000000b          	.4byte	0xb
  d0:	0018                	.2byte	0x18
	...
  de:	0000                	unimp
  e0:	0e42                	slli	t3,t3,0x10
  e2:	4420                	lw	s0,72(s0)
  e4:	0181                	addi	gp,gp,0
  e6:	c140                	sw	s0,4(a0)
  e8:	0e42                	slli	t3,t3,0x10
  ea:	0000                	unimp
  ec:	000c                	.2byte	0xc
  ee:	0000                	unimp
  f0:	ffff                	.2byte	0xffff
  f2:	ffff                	.2byte	0xffff
  f4:	7c010003          	lb	zero,1984(sp)
  f8:	0d01                	addi	s10,s10,0
  fa:	0002                	c.slli64	zero
  fc:	000c                	.2byte	0xc
  fe:	0000                	unimp
 100:	00ec                	addi	a1,sp,76
	...
 10a:	0000                	unimp
 10c:	0018                	.2byte	0x18
 10e:	0000                	unimp
 110:	00ec                	addi	a1,sp,76
 112:	0000                	unimp
 114:	03e2                	slli	t2,t2,0x18
 116:	8000                	.2byte	0x8000
 118:	0174                	addi	a3,sp,140
 11a:	0000                	unimp
 11c:	0e42                	slli	t3,t3,0x10
 11e:	0270                	addi	a2,sp,268
 120:	0a72                	slli	s4,s4,0x1c
 122:	000e                	c.slli	zero,0x3
 124:	0b42                	slli	s6,s6,0x10
 126:	0000                	unimp
 128:	000c                	.2byte	0xc
 12a:	0000                	unimp
 12c:	ffff                	.2byte	0xffff
 12e:	ffff                	.2byte	0xffff
 130:	7c010003          	lb	zero,1984(sp)
 134:	0d01                	addi	s10,s10,0
 136:	0002                	c.slli64	zero
 138:	0030                	addi	a2,sp,8
 13a:	0000                	unimp
 13c:	0128                	addi	a0,sp,136
 13e:	0000                	unimp
 140:	0556                	slli	a0,a0,0x15
 142:	8000                	.2byte	0x8000
 144:	0072                	c.slli	zero,0x1c
 146:	0000                	unimp
 148:	0e42                	slli	t3,t3,0x10
 14a:	4e20                	lw	s0,88(a2)
 14c:	0288                	addi	a0,sp,320
 14e:	0389                	addi	t2,t2,2
 150:	0492                	slli	s1,s1,0x4
 152:	06940593          	addi	a1,s0,105 # ffffe069 <_ram_end+0x7ffee069>
 156:	0795                	addi	a5,a5,5
 158:	0181                	addi	gp,gp,0
 15a:	4a02                	lw	s4,0(sp)
 15c:	42c8                	lw	a0,4(a3)
 15e:	42c1                	li	t0,16
 160:	42c9                	li	t0,18
 162:	42d2                	lw	t0,20(sp)
 164:	42d442d3          	.4byte	0x42d442d3
 168:	4ad5                	li	s5,21
 16a:	000e                	c.slli	zero,0x3
 16c:	003c                	addi	a5,sp,8
 16e:	0000                	unimp
 170:	0128                	addi	a0,sp,136
 172:	0000                	unimp
 174:	05c8                	addi	a0,sp,708
 176:	8000                	.2byte	0x8000
 178:	00de                	slli	ra,ra,0x17
 17a:	0000                	unimp
 17c:	0e42                	slli	t3,t3,0x10
 17e:	4430                	lw	a2,72(s0)
 180:	0389                	addi	t2,t2,2
 182:	885a                	mv	a6,s6
 184:	9202                	jalr	tp
 186:	9304                	.2byte	0x9304
 188:	9405                	srai	s0,s0,0x21
 18a:	9506                	add	a0,a0,ra
 18c:	97089607          	.4byte	0x97089607
 190:	8109                	srli	a0,a0,0x2
 192:	0201                	addi	tp,tp,0 # 0 <_program_size-0xc78>
 194:	c8a2                	sw	s0,80(sp)
 196:	c142                	sw	a6,128(sp)
 198:	c942                	sw	a6,144(sp)
 19a:	d242                	sw	a6,36(sp)
 19c:	d342                	sw	a6,164(sp)
 19e:	d442                	sw	a6,40(sp)
 1a0:	d542                	sw	a6,168(sp)
 1a2:	d642                	sw	a6,44(sp)
 1a4:	d742                	sw	a6,172(sp)
 1a6:	0e4a                	slli	t3,t3,0x12
 1a8:	0000                	unimp
 1aa:	0000                	unimp
 1ac:	0018                	.2byte	0x18
 1ae:	0000                	unimp
 1b0:	0128                	addi	a0,sp,136
 1b2:	0000                	unimp
 1b4:	06a6                	slli	a3,a3,0x9
 1b6:	8000                	.2byte	0x8000
 1b8:	021e                	slli	tp,tp,0x7
 1ba:	0000                	unimp
 1bc:	0e42                	slli	t3,t3,0x10
 1be:	4c20                	lw	s0,88(s0)
 1c0:	0181                	addi	gp,gp,0
 1c2:	0288                	addi	a0,sp,320
 1c4:	0389                	addi	t2,t2,2
	...
