
/home/hungthoik24/RISCVTutorial/fpga/sw/chacha+ascon/build/main.elf:     file format elf32-littleriscv


Disassembly of section .text:

80000000 <_prog_start>:
  .section .text.init
  .option norvc
  .globl _prog_start
_prog_start:
  // perform boot if hart_0, otherwise sleep
  csrr s0, mhartid
80000000:	f1402473          	csrr	s0,mhartid
  bne s0, zero, _stop
80000004:	02041063          	bnez	s0,80000024 <_stop>
  csrw mie, s2
80000008:	30491073          	csrw	mie,s2
  li sp, (PAYLOAD_DEST + 0x3ff0)
8000000c:	80004137          	lui	sp,0x80004
80000010:	ff010113          	addi	sp,sp,-16 # 80003ff0 <_ram_end+0xffff3ff0>
  csrr a0, mhartid
80000014:	f1402573          	csrr	a0,mhartid
  call main
80000018:	0bb000ef          	jal	ra,800008d2 <main>
  li s1, MEMORY_MEM_ADDR
8000001c:	800004b7          	lui	s1,0x80000
  jr s1
80000020:	00048067          	jr	s1 # 80000000 <_ram_end+0xffff0000>

80000024 <_stop>:
_stop:
  wfi
80000024:	10500073          	wfi

80000028 <_loopback>:
_loopback:
  j _loopback
80000028:	0000006f          	j	80000028 <_loopback>

8000002c <be32_load_at>:
 * Base-plus-index rather than a pre-offset pointer, so a short final block
 * never forms a pointer past the end of the buffer. `len` is the buffer's valid
 * length; bytes at or beyond it read as zero and are not written.
 */
static uint32_t be32_load_at(const uint8_t *base, uint32_t idx, uint32_t len)
{
8000002c:	872a                	mv	a4,a0
8000002e:	00458813          	addi	a6,a1,4
	uint32_t v = 0;
80000032:	4501                	li	a0,0

	for (uint32_t i = 0; i < 4; i++)
		v = (v << 8) | (idx + i < len ? base[idx + i] : 0u);
80000034:	00851793          	slli	a5,a0,0x8
80000038:	4681                	li	a3,0
8000003a:	00c5f663          	bgeu	a1,a2,80000046 <be32_load_at+0x1a>
8000003e:	00b706b3          	add	a3,a4,a1
80000042:	0006c683          	lbu	a3,0(a3)
	for (uint32_t i = 0; i < 4; i++)
80000046:	0585                	addi	a1,a1,1
		v = (v << 8) | (idx + i < len ? base[idx + i] : 0u);
80000048:	00d7e533          	or	a0,a5,a3
	for (uint32_t i = 0; i < 4; i++)
8000004c:	ff0594e3          	bne	a1,a6,80000034 <be32_load_at+0x8>
	return v;
}
80000050:	8082                	ret

80000052 <wait_ready>:
	uint32_t n = POLL_LIMIT;

	/* `ready` is registered in the wrapper on top of the core's own register,
	 * and an MMIO round trip is far longer than that, so this cannot return a
	 * stale ready left over from before the pulse that started the step. */
	while (REG32(AEAD_READY) != 1)
80000052:	000317b7          	lui	a5,0x31
80000056:	d4078793          	addi	a5,a5,-704 # 30d40 <_available_heap+0x23ac8>
8000005a:	6400a637          	lui	a2,0x6400a
8000005e:	4705                	li	a4,1
80000060:	19060693          	addi	a3,a2,400 # 6400a190 <_available_heap+0x63ffcf18>
80000064:	4294                	lw	a3,0(a3)
80000066:	00e69463          	bne	a3,a4,8000006e <wait_ready+0x1c>
		if (--n == 0)
			return AEAD_ETIMEOUT;
	return AEAD_OK;
8000006a:	4501                	li	a0,0
8000006c:	8082                	ret
		if (--n == 0)
8000006e:	17fd                	addi	a5,a5,-1
80000070:	fbe5                	bnez	a5,80000060 <wait_ready+0xe>
			return AEAD_ETIMEOUT;
80000072:	557d                	li	a0,-1
}
80000074:	8082                	ret

80000076 <load_block>:
 * `block_len` has to be written before the pulse that consumes it: the core
 * latches the MAC sub-block count and advances its length counter from it, and
 * `cipher_text` is masked combinationally by whatever `block_len` currently
 * holds -- which is also why it must stay put until the output is read back. */
static void load_block(const uint8_t *base, uint32_t off, uint32_t len)
{
80000076:	1101                	addi	sp,sp,-32
	uint32_t left = len - off;
80000078:	6400a7b7          	lui	a5,0x6400a
{
8000007c:	cc22                	sw	s0,24(sp)
	uint32_t left = len - off;
8000007e:	13c78413          	addi	s0,a5,316 # 6400a13c <_available_heap+0x63ffcec4>
{
80000082:	ca26                	sw	s1,20(sp)
80000084:	c84a                	sw	s2,16(sp)
80000086:	c64e                	sw	s3,12(sp)
80000088:	c452                	sw	s4,8(sp)
8000008a:	c256                	sw	s5,4(sp)
8000008c:	ce06                	sw	ra,28(sp)
8000008e:	8aaa                	mv	s5,a0
80000090:	8a32                	mv	s4,a2
	uint32_t left = len - off;
80000092:	40b60933          	sub	s2,a2,a1

	for (uint32_t w = 0; w < 16; w++)
		REG32(AEAD_IN + w * 4) = be32_load_at(base, off + w * 4, len);
80000096:	408584b3          	sub	s1,a1,s0
	for (uint32_t w = 0; w < 16; w++)
8000009a:	17c78993          	addi	s3,a5,380
		REG32(AEAD_IN + w * 4) = be32_load_at(base, off + w * 4, len);
8000009e:	008485b3          	add	a1,s1,s0
800000a2:	8652                	mv	a2,s4
800000a4:	8556                	mv	a0,s5
800000a6:	3759                	jal	8000002c <be32_load_at>
800000a8:	c008                	sw	a0,0(s0)
	for (uint32_t w = 0; w < 16; w++)
800000aa:	0411                	addi	s0,s0,4
800000ac:	ff3419e3          	bne	s0,s3,8000009e <load_block+0x28>

	REG32(AEAD_BLOCK_LEN) = left < AEAD_BLOCK ? left : AEAD_BLOCK;
800000b0:	04000713          	li	a4,64
800000b4:	87ca                	mv	a5,s2
800000b6:	01277463          	bgeu	a4,s2,800000be <load_block+0x48>
800000ba:	04000793          	li	a5,64
}
800000be:	40f2                	lw	ra,28(sp)
800000c0:	4462                	lw	s0,24(sp)
	REG32(AEAD_BLOCK_LEN) = left < AEAD_BLOCK ? left : AEAD_BLOCK;
800000c2:	6400a737          	lui	a4,0x6400a
800000c6:	18f72623          	sw	a5,396(a4) # 6400a18c <_available_heap+0x63ffcf14>
}
800000ca:	44d2                	lw	s1,20(sp)
800000cc:	4942                	lw	s2,16(sp)
800000ce:	49b2                	lw	s3,12(sp)
800000d0:	4a22                	lw	s4,8(sp)
800000d2:	4a92                	lw	s5,4(sp)
800000d4:	6105                	addi	sp,sp,32
800000d6:	8082                	ret

800000d8 <read_block>:
static void read_block(uint8_t *base, uint32_t off, uint32_t len)
{
	for (uint32_t w = 0; w < 16; w++) {
		uint32_t at = off + w * 4;

		if (at >= len)
800000d8:	04c5e363          	bltu	a1,a2,8000011e <read_block+0x46>
800000dc:	8082                	ret
		uint32_t at = off + w * 4;
800000de:	0591                	addi	a1,a1,4
		if (at >= len)
800000e0:	00470693          	addi	a3,a4,4
800000e4:	02c5fc63          	bgeu	a1,a2,8000011c <read_block+0x44>
	return word < 2 ? AEAD_OUT_LO + word * 4
800000e8:	87b6                	mv	a5,a3
	                : AEAD_OUT_HI + (word - 2) * 4;
800000ea:	01e80463          	beq	a6,t5,800000f2 <read_block+0x1a>
800000ee:	06470793          	addi	a5,a4,100
800000f2:	8736                	mv	a4,a3
			break;
		be32_store_at(base, at, len, REG32(out_offset(w)));
800000f4:	97f2                	add	a5,a5,t3
800000f6:	0007af83          	lw	t6,0(a5)
800000fa:	86ae                	mv	a3,a1
800000fc:	47e1                	li	a5,24
		if (idx + i < len)
800000fe:	00c6f863          	bgeu	a3,a2,8000010e <read_block+0x36>
			base[idx + i] = (uint8_t)(v >> (24 - 8 * i));
80000102:	00d508b3          	add	a7,a0,a3
80000106:	00ffd2b3          	srl	t0,t6,a5
8000010a:	00588023          	sb	t0,0(a7)
	for (uint32_t i = 0; i < 4; i++)
8000010e:	17e1                	addi	a5,a5,-8
80000110:	0685                	addi	a3,a3,1
80000112:	ffd796e3          	bne	a5,t4,800000fe <read_block+0x26>
	for (uint32_t w = 0; w < 16; w++) {
80000116:	0805                	addi	a6,a6,1
80000118:	fc6713e3          	bne	a4,t1,800000de <read_block+0x6>
	}
}
8000011c:	8082                	ret
	for (uint32_t w = 0; w < 16; w++) {
8000011e:	4801                	li	a6,0
		if (at >= len)
80000120:	19800713          	li	a4,408
80000124:	19800793          	li	a5,408
		be32_store_at(base, at, len, REG32(out_offset(w)));
80000128:	6400ae37          	lui	t3,0x6400a
	for (uint32_t i = 0; i < 4; i++)
8000012c:	5ee1                	li	t4,-8
	for (uint32_t w = 0; w < 16; w++) {
8000012e:	1d400313          	li	t1,468
	                : AEAD_OUT_HI + (word - 2) * 4;
80000132:	4f05                	li	t5,1
80000134:	b7c1                	j	800000f4 <read_block+0x1c>

80000136 <aead_run>:
                    const uint8_t key[AEAD_KEY_LEN],
                    const uint8_t nonce[AEAD_NONCE_LEN],
                    const uint8_t *ad, uint32_t ad_len,
                    const uint8_t *in, uint32_t in_len,
                    uint8_t *out, uint8_t tag[AEAD_TAG_LEN])
{
80000136:	715d                	addi	sp,sp,-80
80000138:	c686                	sw	ra,76(sp)
8000013a:	c4a2                	sw	s0,72(sp)
8000013c:	c2a6                	sw	s1,68(sp)
8000013e:	c0ca                	sw	s2,64(sp)
80000140:	de4e                	sw	s3,60(sp)
80000142:	dc52                	sw	s4,56(sp)
80000144:	da56                	sw	s5,52(sp)
80000146:	d85a                	sw	s6,48(sp)
80000148:	d65e                	sw	s7,44(sp)
8000014a:	d462                	sw	s8,40(sp)
8000014c:	d266                	sw	s9,36(sp)
8000014e:	d06a                	sw	s10,32(sp)
80000150:	ce6e                	sw	s11,28(sp)
80000152:	c43e                	sw	a5,8(sp)
80000154:	c646                	sw	a7,12(sp)
	int rc;

	if (in_len == 0)
80000156:	18080363          	beqz	a6,800002dc <aead_run+0x1a6>
		return AEAD_EINVAL;

	/* Reset first: it clears `in`, which the key-generation pass requires, and
	 * it is the only way out of the core's terminal state. */
	REG32(AEAD_RST_CORE) = 0;
8000015a:	6400a7b7          	lui	a5,0x6400a
8000015e:	17c78793          	addi	a5,a5,380 # 6400a17c <_available_heap+0x63ffcf04>
80000162:	8a3a                	mv	s4,a4
80000164:	0007a023          	sw	zero,0(a5)
	REG32(AEAD_RST_CORE) = 1;
80000168:	4705                	li	a4,1

	for (uint32_t i = 0; i < AEAD_KEY_LEN / 4; i++)
		REG32(AEAD_KEY + i * 4) = be32_load_at(key, i * 4, AEAD_KEY_LEN);
8000016a:	6400a4b7          	lui	s1,0x6400a
8000016e:	8c2a                	mv	s8,a0
80000170:	8cae                	mv	s9,a1
80000172:	8bb2                	mv	s7,a2
80000174:	8b36                	mv	s6,a3
80000176:	8442                	mv	s0,a6
	REG32(AEAD_RST_CORE) = 1;
80000178:	c398                	sw	a4,0(a5)
8000017a:	4a81                	li	s5,0
		REG32(AEAD_KEY + i * 4) = be32_load_at(key, i * 4, AEAD_KEY_LEN);
8000017c:	10048d93          	addi	s11,s1,256 # 6400a100 <_available_heap+0x63ffce88>
80000180:	85d6                	mv	a1,s5
80000182:	02000613          	li	a2,32
80000186:	8566                	mv	a0,s9
80000188:	01ba8d33          	add	s10,s5,s11
8000018c:	3545                	jal	8000002c <be32_load_at>
8000018e:	00ad2023          	sw	a0,0(s10)
	for (uint32_t i = 0; i < AEAD_KEY_LEN / 4; i++)
80000192:	0a91                	addi	s5,s5,4
80000194:	02000793          	li	a5,32
80000198:	fefa94e3          	bne	s5,a5,80000180 <aead_run+0x4a>
	for (uint32_t i = 0; i < AEAD_NONCE_LEN / 4; i++)
		REG32(AEAD_NONCE + i * 4) = be32_load_at(nonce, i * 4, AEAD_NONCE_LEN);
8000019c:	4631                	li	a2,12
8000019e:	4581                	li	a1,0
800001a0:	855e                	mv	a0,s7
800001a2:	3569                	jal	8000002c <be32_load_at>
800001a4:	4631                	li	a2,12
800001a6:	4591                	li	a1,4
800001a8:	12a4a823          	sw	a0,304(s1)
800001ac:	855e                	mv	a0,s7
800001ae:	3dbd                	jal	8000002c <be32_load_at>
800001b0:	13448793          	addi	a5,s1,308
800001b4:	c388                	sw	a0,0(a5)
800001b6:	4631                	li	a2,12
800001b8:	45a1                	li	a1,8
800001ba:	855e                	mv	a0,s7
800001bc:	3d85                	jal	8000002c <be32_load_at>
800001be:	13848793          	addi	a5,s1,312
800001c2:	c388                	sw	a0,0(a5)

	REG32(AEAD_ENCRYPT) = encrypt;
800001c4:	19448793          	addi	a5,s1,404
		REG32(AEAD_NONCE + i * 4) = be32_load_at(nonce, i * 4, AEAD_NONCE_LEN);
800001c8:	13048a93          	addi	s5,s1,304
	REG32(AEAD_ENCRYPT) = encrypt;
800001cc:	0187a023          	sw	s8,0(a5)
	REG32(AEAD_INIT) = 1;
800001d0:	18048493          	addi	s1,s1,384
800001d4:	4785                	li	a5,1
800001d6:	c09c                	sw	a5,0(s1)

	rc = wait_ready();
800001d8:	3dad                	jal	80000052 <wait_ready>
	if (rc != AEAD_OK)
800001da:	e151                	bnez	a0,8000025e <aead_run+0x128>
	 * when there is no AAD, which leaves the length counter at zero. */
	for (uint32_t off = 0; off < ad_len; off += AEAD_AAD_BLOCK) {
		uint32_t left = ad_len - off;

		for (uint32_t w = 0; w < 4; w++)
			REG32(AEAD_AAD + w * 4) = be32_load_at(ad, off + w * 4, ad_len);
800001dc:	9bff6bb7          	lui	s7,0x9bff6
	for (uint32_t off = 0; off < ad_len; off += AEAD_AAD_BLOCK) {
800001e0:	4481                	li	s1,0
		uint32_t left = ad_len - off;
800001e2:	6400a937          	lui	s2,0x6400a
			REG32(AEAD_AAD + w * 4) = be32_load_at(ad, off + w * 4, ad_len);
800001e6:	ee0b8b93          	addi	s7,s7,-288 # 9bff5ee0 <_ram_end+0x1bfe5ee0>

		REG32(AEAD_BLOCK_LEN) = left < AEAD_AAD_BLOCK ? left : AEAD_AAD_BLOCK;
800001ea:	4c41                	li	s8,16
		REG32(AEAD_NEXT) = 1;
800001ec:	4c85                	li	s9,1
	for (uint32_t off = 0; off < ad_len; off += AEAD_AAD_BLOCK) {
800001ee:	0944e763          	bltu	s1,s4,8000027c <aead_run+0x146>
	}

	/* First data block. The pulse that ends the AAD phase also runs this
	 * block, so its length must already be loaded -- hence load_block before
	 * the finish, not after. */
	load_block(in, 0, in_len);
800001f2:	4522                	lw	a0,8(sp)
800001f4:	8622                	mv	a2,s0
800001f6:	4581                	li	a1,0
800001f8:	3dbd                	jal	80000076 <load_block>
	REG32(AEAD_FINISH) = 1;
800001fa:	6400a7b7          	lui	a5,0x6400a
800001fe:	4705                	li	a4,1
80000200:	18e7a423          	sw	a4,392(a5) # 6400a188 <_available_heap+0x63ffcf10>

	rc = wait_ready();
80000204:	35b9                	jal	80000052 <wait_ready>
	if (rc != AEAD_OK)
80000206:	ed21                	bnez	a0,8000025e <aead_run+0x128>
		return rc;
	read_block(out, 0, in_len);
80000208:	4532                	lw	a0,12(sp)
8000020a:	8622                	mv	a2,s0
8000020c:	4581                	li	a1,0
8000020e:	35e9                	jal	800000d8 <read_block>

	/* Remaining data blocks. */
	for (uint32_t off = AEAD_BLOCK; off < in_len; off += AEAD_BLOCK) {
80000210:	04000493          	li	s1,64
		load_block(in, off, in_len);
		REG32(AEAD_NEXT) = 1;
80000214:	6400aa37          	lui	s4,0x6400a
80000218:	4a85                	li	s5,1
	for (uint32_t off = AEAD_BLOCK; off < in_len; off += AEAD_BLOCK) {
8000021a:	0a84e063          	bltu	s1,s0,800002ba <aead_run+0x184>
			return rc;
		read_block(out, off, in_len);
	}

	/* Second finish: absorbs le64(len AAD) || le64(len CT) and emits the tag. */
	REG32(AEAD_FINISH) = 1;
8000021e:	6400a437          	lui	s0,0x6400a
80000222:	18840793          	addi	a5,s0,392 # 6400a188 <_available_heap+0x63ffcf10>
80000226:	4705                	li	a4,1
80000228:	c398                	sw	a4,0(a5)

	rc = wait_ready();
8000022a:	3525                	jal	80000052 <wait_ready>
	if (rc != AEAD_OK)
8000022c:	e90d                	bnez	a0,8000025e <aead_run+0x128>
8000022e:	47c6                	lw	a5,80(sp)
80000230:	23840713          	addi	a4,s0,568
	for (uint32_t i = 0; i < AEAD_TAG_LEN / 4; i++)
80000234:	24840413          	addi	s0,s0,584
		be32_store_at(tag, i * 4, AEAD_TAG_LEN, REG32(AEAD_MAC + i * 4));
80000238:	4314                	lw	a3,0(a4)
	for (uint32_t i = 0; i < AEAD_TAG_LEN / 4; i++)
8000023a:	0711                	addi	a4,a4,4
8000023c:	0791                	addi	a5,a5,4
			base[idx + i] = (uint8_t)(v >> (24 - 8 * i));
8000023e:	0186d613          	srli	a2,a3,0x18
80000242:	fec78e23          	sb	a2,-4(a5)
80000246:	0106d613          	srli	a2,a3,0x10
8000024a:	fec78ea3          	sb	a2,-3(a5)
8000024e:	0086d613          	srli	a2,a3,0x8
80000252:	fec78f23          	sb	a2,-2(a5)
80000256:	fed78fa3          	sb	a3,-1(a5)
	for (uint32_t i = 0; i < AEAD_TAG_LEN / 4; i++)
8000025a:	fc871fe3          	bne	a4,s0,80000238 <aead_run+0x102>
		return rc;

	read_tag(tag);
	return AEAD_OK;
}
8000025e:	40b6                	lw	ra,76(sp)
80000260:	4426                	lw	s0,72(sp)
80000262:	4496                	lw	s1,68(sp)
80000264:	4906                	lw	s2,64(sp)
80000266:	59f2                	lw	s3,60(sp)
80000268:	5a62                	lw	s4,56(sp)
8000026a:	5ad2                	lw	s5,52(sp)
8000026c:	5b42                	lw	s6,48(sp)
8000026e:	5bb2                	lw	s7,44(sp)
80000270:	5c22                	lw	s8,40(sp)
80000272:	5c92                	lw	s9,36(sp)
80000274:	5d02                	lw	s10,32(sp)
80000276:	4df2                	lw	s11,28(sp)
80000278:	6161                	addi	sp,sp,80
8000027a:	8082                	ret
		uint32_t left = ad_len - off;
8000027c:	409a0d33          	sub	s10,s4,s1
80000280:	12090d93          	addi	s11,s2,288 # 6400a120 <_available_heap+0x63ffcea8>
			REG32(AEAD_AAD + w * 4) = be32_load_at(ad, off + w * 4, ad_len);
80000284:	017489b3          	add	s3,s1,s7
80000288:	01b985b3          	add	a1,s3,s11
8000028c:	8652                	mv	a2,s4
8000028e:	855a                	mv	a0,s6
80000290:	3b71                	jal	8000002c <be32_load_at>
80000292:	00ada023          	sw	a0,0(s11)
		for (uint32_t w = 0; w < 4; w++)
80000296:	0d91                	addi	s11,s11,4
80000298:	ff5d98e3          	bne	s11,s5,80000288 <aead_run+0x152>
		REG32(AEAD_BLOCK_LEN) = left < AEAD_AAD_BLOCK ? left : AEAD_AAD_BLOCK;
8000029c:	87ea                	mv	a5,s10
8000029e:	01ac7363          	bgeu	s8,s10,800002a4 <aead_run+0x16e>
800002a2:	47c1                	li	a5,16
800002a4:	18c90693          	addi	a3,s2,396
800002a8:	c29c                	sw	a5,0(a3)
		REG32(AEAD_NEXT) = 1;
800002aa:	18490793          	addi	a5,s2,388
800002ae:	0197a023          	sw	s9,0(a5)
		rc = wait_ready();
800002b2:	3345                	jal	80000052 <wait_ready>
		if (rc != AEAD_OK)
800002b4:	f54d                	bnez	a0,8000025e <aead_run+0x128>
	for (uint32_t off = 0; off < ad_len; off += AEAD_AAD_BLOCK) {
800002b6:	04c1                	addi	s1,s1,16
800002b8:	bf1d                	j	800001ee <aead_run+0xb8>
		load_block(in, off, in_len);
800002ba:	4522                	lw	a0,8(sp)
800002bc:	8622                	mv	a2,s0
800002be:	85a6                	mv	a1,s1
800002c0:	3b5d                	jal	80000076 <load_block>
		REG32(AEAD_NEXT) = 1;
800002c2:	184a0793          	addi	a5,s4,388 # 6400a184 <_available_heap+0x63ffcf0c>
800002c6:	0157a023          	sw	s5,0(a5)
		rc = wait_ready();
800002ca:	3361                	jal	80000052 <wait_ready>
		if (rc != AEAD_OK)
800002cc:	f949                	bnez	a0,8000025e <aead_run+0x128>
		read_block(out, off, in_len);
800002ce:	4532                	lw	a0,12(sp)
800002d0:	85a6                	mv	a1,s1
800002d2:	8622                	mv	a2,s0
800002d4:	3511                	jal	800000d8 <read_block>
	for (uint32_t off = AEAD_BLOCK; off < in_len; off += AEAD_BLOCK) {
800002d6:	04048493          	addi	s1,s1,64
800002da:	b781                	j	8000021a <aead_run+0xe4>
		return AEAD_EINVAL;
800002dc:	5579                	li	a0,-2
800002de:	b741                	j	8000025e <aead_run+0x128>

800002e0 <aead_encrypt>:
int aead_encrypt(const uint8_t key[AEAD_KEY_LEN],
                 const uint8_t nonce[AEAD_NONCE_LEN],
                 const uint8_t *ad, uint32_t ad_len,
                 const uint8_t *pt, uint32_t pt_len,
                 uint8_t *ct, uint8_t tag[AEAD_TAG_LEN])
{
800002e0:	1101                	addi	sp,sp,-32
	return aead_run(1, key, nonce, ad, ad_len, pt, pt_len, ct, tag);
800002e2:	c046                	sw	a7,0(sp)
800002e4:	88c2                	mv	a7,a6
800002e6:	883e                	mv	a6,a5
800002e8:	87ba                	mv	a5,a4
800002ea:	8736                	mv	a4,a3
800002ec:	86b2                	mv	a3,a2
800002ee:	862e                	mv	a2,a1
800002f0:	85aa                	mv	a1,a0
800002f2:	4505                	li	a0,1
{
800002f4:	ce06                	sw	ra,28(sp)
	return aead_run(1, key, nonce, ad, ad_len, pt, pt_len, ct, tag);
800002f6:	3581                	jal	80000136 <aead_run>
}
800002f8:	40f2                	lw	ra,28(sp)
800002fa:	6105                	addi	sp,sp,32
800002fc:	8082                	ret

800002fe <aead_decrypt_ex>:
                    const uint8_t *ad, uint32_t ad_len,
                    const uint8_t *ct, uint32_t ct_len,
                    const uint8_t tag[AEAD_TAG_LEN],
                    uint8_t *pt,
                    uint8_t recomputed[AEAD_TAG_LEN])
{
800002fe:	7139                	addi	sp,sp,-64
80000300:	d452                	sw	s4,40(sp)
80000302:	4a06                	lw	s4,64(sp)
80000304:	d64e                	sw	s3,44(sp)
	uint8_t computed[AEAD_TAG_LEN];
	uint32_t diff = 0;
	int rc;

	rc = aead_run(0, key, nonce, ad, ad_len, ct, ct_len, pt, computed);
80000306:	01010993          	addi	s3,sp,16
{
8000030a:	dc22                	sw	s0,56(sp)
8000030c:	d84a                	sw	s2,48(sp)
8000030e:	843e                	mv	s0,a5
80000310:	8942                	mv	s2,a6
	rc = aead_run(0, key, nonce, ad, ad_len, ct, ct_len, pt, computed);
80000312:	c04e                	sw	s3,0(sp)
80000314:	883e                	mv	a6,a5
80000316:	87ba                	mv	a5,a4
80000318:	8736                	mv	a4,a3
8000031a:	86b2                	mv	a3,a2
8000031c:	862e                	mv	a2,a1
8000031e:	85aa                	mv	a1,a0
80000320:	4501                	li	a0,0
{
80000322:	da26                	sw	s1,52(sp)
80000324:	de06                	sw	ra,60(sp)
80000326:	84c6                	mv	s1,a7
	rc = aead_run(0, key, nonce, ad, ad_len, ct, ct_len, pt, computed);
80000328:	3539                	jal	80000136 <aead_run>

	if (recomputed && rc == AEAD_OK)
8000032a:	040a0463          	beqz	s4,80000372 <aead_decrypt_ex+0x74>
8000032e:	e139                	bnez	a0,80000374 <aead_decrypt_ex+0x76>
		for (uint32_t i = 0; i < AEAD_TAG_LEN; i++)
80000330:	4701                	li	a4,0
80000332:	47c1                	li	a5,16
			recomputed[i] = computed[i];
80000334:	00e98633          	add	a2,s3,a4
80000338:	00064603          	lbu	a2,0(a2)
8000033c:	00ea06b3          	add	a3,s4,a4
		for (uint32_t i = 0; i < AEAD_TAG_LEN; i++)
80000340:	0705                	addi	a4,a4,1
			recomputed[i] = computed[i];
80000342:	00c68023          	sb	a2,0(a3)
		for (uint32_t i = 0; i < AEAD_TAG_LEN; i++)
80000346:	fef717e3          	bne	a4,a5,80000334 <aead_decrypt_ex+0x36>
8000034a:	4701                	li	a4,0
8000034c:	4781                	li	a5,0
	if (rc != AEAD_OK)
		return rc;

	for (uint32_t i = 0; i < AEAD_TAG_LEN; i++)
8000034e:	4641                	li	a2,16
		diff |= (uint32_t)(computed[i] ^ tag[i]);
80000350:	00e986b3          	add	a3,s3,a4
80000354:	00e905b3          	add	a1,s2,a4
80000358:	0006c683          	lbu	a3,0(a3)
8000035c:	0005c583          	lbu	a1,0(a1)
	for (uint32_t i = 0; i < AEAD_TAG_LEN; i++)
80000360:	0705                	addi	a4,a4,1
		diff |= (uint32_t)(computed[i] ^ tag[i]);
80000362:	8ead                	xor	a3,a3,a1
80000364:	8fd5                	or	a5,a5,a3
	for (uint32_t i = 0; i < AEAD_TAG_LEN; i++)
80000366:	fec715e3          	bne	a4,a2,80000350 <aead_decrypt_ex+0x52>
		for (uint32_t i = 0; i < ct_len; i++)
			pt[i] = 0;
		return AEAD_EAUTH;
	}

	return AEAD_OK;
8000036a:	4501                	li	a0,0
	if (diff) {
8000036c:	c781                	beqz	a5,80000374 <aead_decrypt_ex+0x76>
		for (uint32_t i = 0; i < ct_len; i++)
8000036e:	4781                	li	a5,0
80000370:	a839                	j	8000038e <aead_decrypt_ex+0x90>
	if (rc != AEAD_OK)
80000372:	dd61                	beqz	a0,8000034a <aead_decrypt_ex+0x4c>
}
80000374:	50f2                	lw	ra,60(sp)
80000376:	5462                	lw	s0,56(sp)
80000378:	54d2                	lw	s1,52(sp)
8000037a:	5942                	lw	s2,48(sp)
8000037c:	59b2                	lw	s3,44(sp)
8000037e:	5a22                	lw	s4,40(sp)
80000380:	6121                	addi	sp,sp,64
80000382:	8082                	ret
			pt[i] = 0;
80000384:	00f48733          	add	a4,s1,a5
80000388:	00070023          	sb	zero,0(a4)
		for (uint32_t i = 0; i < ct_len; i++)
8000038c:	0785                	addi	a5,a5,1
8000038e:	fe879be3          	bne	a5,s0,80000384 <aead_decrypt_ex+0x86>
		return AEAD_EAUTH;
80000392:	5575                	li	a0,-3
80000394:	b7c5                	j	80000374 <aead_decrypt_ex+0x76>

80000396 <aead_decrypt>:
{
80000396:	1101                	addi	sp,sp,-32
	return aead_decrypt_ex(key, nonce, ad, ad_len, ct, ct_len, tag, pt,
80000398:	c002                	sw	zero,0(sp)
{
8000039a:	ce06                	sw	ra,28(sp)
	return aead_decrypt_ex(key, nonce, ad, ad_len, ct, ct_len, tag, pt,
8000039c:	378d                	jal	800002fe <aead_decrypt_ex>
}
8000039e:	40f2                	lw	ra,28(sp)
800003a0:	6105                	addi	sp,sp,32
800003a2:	8082                	ret

800003a4 <le32_at>:
/* Byte packing -- little-endian                                              */
/* ------------------------------------------------------------------------- */

/* word = bytes[idx..idx+3] loaded little-endian, zero past `len`. */
static uint32_t le32_at(const uint8_t *base, uint32_t idx, uint32_t len)
{
800003a4:	872a                	mv	a4,a0
800003a6:	4781                	li	a5,0
	uint32_t v = 0;
800003a8:	4501                	li	a0,0

	for (uint32_t i = 0; i < 4; i++)
800003aa:	02000813          	li	a6,32
		if (idx + i < len)
800003ae:	00c5f963          	bgeu	a1,a2,800003c0 <le32_at+0x1c>
			v |= (uint32_t)base[idx + i] << (8 * i);
800003b2:	00b706b3          	add	a3,a4,a1
800003b6:	0006c683          	lbu	a3,0(a3)
800003ba:	00f696b3          	sll	a3,a3,a5
800003be:	8d55                	or	a0,a0,a3
	for (uint32_t i = 0; i < 4; i++)
800003c0:	07a1                	addi	a5,a5,8
800003c2:	0585                	addi	a1,a1,1
800003c4:	ff0795e3          	bne	a5,a6,800003ae <le32_at+0xa>
	return v;
}
800003c8:	8082                	ret

800003ca <le32_store_at>:

static void le32_store_at(uint8_t *base, uint32_t idx, uint32_t len, uint32_t v)
{
800003ca:	4781                	li	a5,0
	for (uint32_t i = 0; i < 4; i++)
800003cc:	02000813          	li	a6,32
		if (idx + i < len)
800003d0:	00c5f863          	bgeu	a1,a2,800003e0 <le32_store_at+0x16>
			base[idx + i] = (uint8_t)(v >> (8 * i));
800003d4:	00b50733          	add	a4,a0,a1
800003d8:	00f6d8b3          	srl	a7,a3,a5
800003dc:	01170023          	sb	a7,0(a4)
	for (uint32_t i = 0; i < 4; i++)
800003e0:	07a1                	addi	a5,a5,8
800003e2:	0585                	addi	a1,a1,1
800003e4:	ff0796e3          	bne	a5,a6,800003d0 <le32_store_at+0x6>
}
800003e8:	8082                	ret

800003ea <wait_flag>:

static int wait_flag(uint32_t mask, uint32_t want)
{
	uint32_t n = POLL_LIMIT;

	while (((REG32(ASCON_STATUS) & mask) != 0u) != (want != 0u))
800003ea:	00031737          	lui	a4,0x31
800003ee:	d4070713          	addi	a4,a4,-704 # 30d40 <_available_heap+0x23ac8>
800003f2:	640086b7          	lui	a3,0x64008
800003f6:	8985                	andi	a1,a1,1
800003f8:	46dc                	lw	a5,12(a3)
800003fa:	8fe9                	and	a5,a5,a0
800003fc:	00f037b3          	snez	a5,a5
80000400:	00b79463          	bne	a5,a1,80000408 <wait_flag+0x1e>
		if (--n == 0)
			return ASCON_ETIMEOUT;
	return ASCON_OK;
80000404:	4501                	li	a0,0
80000406:	8082                	ret
		if (--n == 0)
80000408:	177d                	addi	a4,a4,-1
8000040a:	f77d                	bnez	a4,800003f8 <wait_flag+0xe>
			return ASCON_ETIMEOUT;
8000040c:	557d                	li	a0,-1
}
8000040e:	8082                	ret

80000410 <wait_not_busy>:

static int wait_in_ready(void) { return wait_flag(ASCON_ST_IN_READY, 1); }
static int wait_not_busy(void) { return wait_flag(ASCON_ST_BUSY, 0); }
80000410:	4581                	li	a1,0
80000412:	4505                	li	a0,1
80000414:	bfd9                	j	800003ea <wait_flag>

80000416 <read_hash>:
 * hash register k holds hash_o[255-32k : 224-32k], so 64-bit output word w
 * spans registers 2w (upper half) and 2w+1 (lower half). Little-endian packing
 * puts bytes 8w..8w+3 in the lower half and 8w+4..8w+7 in the upper.
 */
static void read_hash(uint8_t *dst, uint32_t len)
{
80000416:	1101                	addi	sp,sp,-32
	for (uint32_t w = 0; w * 8 < len; w++) {
		le32_store_at(dst, w * 8,     len, REG32(ASCON_HASH + (2 * w + 1) * 4));
80000418:	640087b7          	lui	a5,0x64008
{
8000041c:	cc22                	sw	s0,24(sp)
8000041e:	ca26                	sw	s1,20(sp)
80000420:	c84a                	sw	s2,16(sp)
80000422:	c64e                	sw	s3,12(sp)
80000424:	c452                	sw	s4,8(sp)
80000426:	ce06                	sw	ra,28(sp)
80000428:	892a                	mv	s2,a0
8000042a:	84ae                	mv	s1,a1
8000042c:	4401                	li	s0,0
		le32_store_at(dst, w * 8,     len, REG32(ASCON_HASH + (2 * w + 1) * 4));
8000042e:	04478a13          	addi	s4,a5,68 # 64008044 <_available_heap+0x63ffadcc>
		le32_store_at(dst, w * 8 + 4, len, REG32(ASCON_HASH + (2 * w) * 4));
80000432:	04078993          	addi	s3,a5,64
		le32_store_at(dst, w * 8,     len, REG32(ASCON_HASH + (2 * w + 1) * 4));
80000436:	014407b3          	add	a5,s0,s4
8000043a:	4394                	lw	a3,0(a5)
8000043c:	85a2                	mv	a1,s0
8000043e:	8626                	mv	a2,s1
80000440:	854a                	mv	a0,s2
80000442:	3761                	jal	800003ca <le32_store_at>
		le32_store_at(dst, w * 8 + 4, len, REG32(ASCON_HASH + (2 * w) * 4));
80000444:	013407b3          	add	a5,s0,s3
80000448:	4394                	lw	a3,0(a5)
8000044a:	00440593          	addi	a1,s0,4
8000044e:	8626                	mv	a2,s1
80000450:	854a                	mv	a0,s2
80000452:	0421                	addi	s0,s0,8
80000454:	3f9d                	jal	800003ca <le32_store_at>
	for (uint32_t w = 0; w * 8 < len; w++) {
80000456:	fe9460e3          	bltu	s0,s1,80000436 <read_hash+0x20>
	}
}
8000045a:	40f2                	lw	ra,28(sp)
8000045c:	4462                	lw	s0,24(sp)
8000045e:	44d2                	lw	s1,20(sp)
80000460:	4942                	lw	s2,16(sp)
80000462:	49b2                	lw	s3,12(sp)
80000464:	4a22                	lw	s4,8(sp)
80000466:	6105                	addi	sp,sp,32
80000468:	8082                	ret

8000046a <read_out_buf>:

/* Same layout for the wrapper's captured output buffer. */
static void read_out_buf(uint8_t *dst, uint32_t len)
{
8000046a:	1101                	addi	sp,sp,-32
	for (uint32_t w = 0; w * 8 < len; w++) {
		le32_store_at(dst, w * 8,     len, REG32(ASCON_OUT + (2 * w + 1) * 4));
8000046c:	640087b7          	lui	a5,0x64008
{
80000470:	cc22                	sw	s0,24(sp)
80000472:	ca26                	sw	s1,20(sp)
80000474:	c84a                	sw	s2,16(sp)
80000476:	c64e                	sw	s3,12(sp)
80000478:	c452                	sw	s4,8(sp)
8000047a:	ce06                	sw	ra,28(sp)
8000047c:	892a                	mv	s2,a0
8000047e:	84ae                	mv	s1,a1
	for (uint32_t w = 0; w * 8 < len; w++) {
80000480:	4401                	li	s0,0
		le32_store_at(dst, w * 8,     len, REG32(ASCON_OUT + (2 * w + 1) * 4));
80000482:	10478a13          	addi	s4,a5,260 # 64008104 <_available_heap+0x63ffae8c>
		le32_store_at(dst, w * 8 + 4, len, REG32(ASCON_OUT + (2 * w) * 4));
80000486:	10078993          	addi	s3,a5,256
	for (uint32_t w = 0; w * 8 < len; w++) {
8000048a:	00946a63          	bltu	s0,s1,8000049e <read_out_buf+0x34>
	}
}
8000048e:	40f2                	lw	ra,28(sp)
80000490:	4462                	lw	s0,24(sp)
80000492:	44d2                	lw	s1,20(sp)
80000494:	4942                	lw	s2,16(sp)
80000496:	49b2                	lw	s3,12(sp)
80000498:	4a22                	lw	s4,8(sp)
8000049a:	6105                	addi	sp,sp,32
8000049c:	8082                	ret
		le32_store_at(dst, w * 8,     len, REG32(ASCON_OUT + (2 * w + 1) * 4));
8000049e:	014407b3          	add	a5,s0,s4
800004a2:	4394                	lw	a3,0(a5)
800004a4:	85a2                	mv	a1,s0
800004a6:	8626                	mv	a2,s1
800004a8:	854a                	mv	a0,s2
800004aa:	3705                	jal	800003ca <le32_store_at>
		le32_store_at(dst, w * 8 + 4, len, REG32(ASCON_OUT + (2 * w) * 4));
800004ac:	013407b3          	add	a5,s0,s3
800004b0:	4394                	lw	a3,0(a5)
800004b2:	00440593          	addi	a1,s0,4
800004b6:	8626                	mv	a2,s1
800004b8:	854a                	mv	a0,s2
800004ba:	3f01                	jal	800003ca <le32_store_at>
	for (uint32_t w = 0; w * 8 < len; w++) {
800004bc:	0421                	addi	s0,s0,8
800004be:	b7f1                	j	8000048a <read_out_buf+0x20>

800004c0 <feed_word>:
{
800004c0:	7179                	addi	sp,sp,-48
800004c2:	ce4e                	sw	s3,28(sp)
800004c4:	cc52                	sw	s4,24(sp)
800004c6:	89aa                	mv	s3,a0
800004c8:	8a2e                	mv	s4,a1
static int wait_in_ready(void) { return wait_flag(ASCON_ST_IN_READY, 1); }
800004ca:	4511                	li	a0,4
800004cc:	4585                	li	a1,1
{
800004ce:	d422                	sw	s0,40(sp)
800004d0:	d226                	sw	s1,36(sp)
800004d2:	d04a                	sw	s2,32(sp)
800004d4:	ca56                	sw	s5,20(sp)
800004d6:	c85a                	sw	s6,16(sp)
800004d8:	d606                	sw	ra,44(sp)
800004da:	c65e                	sw	s7,12(sp)
800004dc:	8ab2                	mv	s5,a2
800004de:	8b36                	mv	s6,a3
800004e0:	84ba                	mv	s1,a4
800004e2:	843e                	mv	s0,a5
static int wait_in_ready(void) { return wait_flag(ASCON_ST_IN_READY, 1); }
800004e4:	3719                	jal	800003ea <wait_flag>
800004e6:	892a                	mv	s2,a0
	if (rc != ASCON_OK)
800004e8:	e91d                	bnez	a0,8000051e <feed_word+0x5e>
	REG32(ASCON_IN_LO) = le32_at(base, idx, len);
800004ea:	8656                	mv	a2,s5
800004ec:	85d2                	mv	a1,s4
800004ee:	854e                	mv	a0,s3
800004f0:	3d55                	jal	800003a4 <le32_at>
800004f2:	64008bb7          	lui	s7,0x64008
800004f6:	00abaa23          	sw	a0,20(s7) # 64008014 <_available_heap+0x63ffad9c>
	REG32(ASCON_IN_HI) = le32_at(base, idx + 4, len);
800004fa:	8656                	mv	a2,s5
800004fc:	004a0593          	addi	a1,s4,4
80000500:	854e                	mv	a0,s3
80000502:	354d                	jal	800003a4 <le32_at>
80000504:	00abac23          	sw	a0,24(s7)
	                     | ((uint32_t)(last != 0) << 1)
80000508:	4785                	li	a5,1
8000050a:	000b0363          	beqz	s6,80000510 <feed_word+0x50>
8000050e:	478d                	li	a5,3
	                     | ((uint32_t)(phase_sel != 0) << 6);
80000510:	041a                	slli	s0,s0,0x6
	                     | ((last_bytes & 0xFu) << 2)
80000512:	048a                	slli	s1,s1,0x2
	                     | ((uint32_t)(phase_sel != 0) << 6);
80000514:	8c45                	or	s0,s0,s1
80000516:	8c5d                	or	s0,s0,a5
	REG32(ASCON_IN_CTRL) = 1u
80000518:	640087b7          	lui	a5,0x64008
8000051c:	cfc0                	sw	s0,28(a5)
}
8000051e:	50b2                	lw	ra,44(sp)
80000520:	5422                	lw	s0,40(sp)
80000522:	5492                	lw	s1,36(sp)
80000524:	49f2                	lw	s3,28(sp)
80000526:	4a62                	lw	s4,24(sp)
80000528:	4ad2                	lw	s5,20(sp)
8000052a:	4b42                	lw	s6,16(sp)
8000052c:	4bb2                	lw	s7,12(sp)
8000052e:	854a                	mv	a0,s2
80000530:	5902                	lw	s2,32(sp)
80000532:	6145                	addi	sp,sp,48
80000534:	8082                	ret

80000536 <feed_phase>:
	if (len == 0)
80000536:	e591                	bnez	a1,80000542 <feed_phase+0xc>
		return feed_word(base, 0, 0, 1, 0, 0);
80000538:	4781                	li	a5,0
8000053a:	4701                	li	a4,0
8000053c:	4685                	li	a3,1
8000053e:	4601                	li	a2,0
80000540:	b741                	j	800004c0 <feed_word>
{
80000542:	1101                	addi	sp,sp,-32
80000544:	cc22                	sw	s0,24(sp)
80000546:	ca26                	sw	s1,20(sp)
80000548:	c84a                	sw	s2,16(sp)
8000054a:	c64e                	sw	s3,12(sp)
8000054c:	c452                	sw	s4,8(sp)
8000054e:	c256                	sw	s5,4(sp)
80000550:	c05a                	sw	s6,0(sp)
80000552:	ce06                	sw	ra,28(sp)
80000554:	89aa                	mv	s3,a0
80000556:	842e                	mv	s0,a1
80000558:	8a32                	mv	s4,a2
8000055a:	84ae                	mv	s1,a1
	uint32_t idx = 0;
8000055c:	4901                	li	s2,0
		if (!last)
8000055e:	4aa1                	li	s5,8
			lb = len % 16u;   /* 0 here means "block fills the rate" */
80000560:	00f5fb13          	andi	s6,a1,15
80000564:	409405b3          	sub	a1,s0,s1
		int last = (left <= 8);
80000568:	0094b693          	sltiu	a3,s1,9
		int phase = aead ? (int)(idx & 1u) : 0;
8000056c:	000a1863          	bnez	s4,8000057c <feed_phase+0x46>
80000570:	4781                	li	a5,0
		if (!last)
80000572:	8726                	mv	a4,s1
80000574:	009afa63          	bgeu	s5,s1,80000588 <feed_phase+0x52>
			lb = 0;
80000578:	4701                	li	a4,0
8000057a:	a039                	j	80000588 <feed_phase+0x52>
		int phase = aead ? (int)(idx & 1u) : 0;
8000057c:	00197793          	andi	a5,s2,1
			lb = 0;
80000580:	4701                	li	a4,0
		if (!last)
80000582:	009ae363          	bltu	s5,s1,80000588 <feed_phase+0x52>
			lb = len % 16u;   /* 0 here means "block fills the rate" */
80000586:	875a                	mv	a4,s6
		rc = feed_word(base, off, len, last, lb, phase);
80000588:	8622                	mv	a2,s0
8000058a:	854e                	mv	a0,s3
8000058c:	3f15                	jal	800004c0 <feed_word>
		if (rc != ASCON_OK)
8000058e:	e519                	bnez	a0,8000059c <feed_phase+0x66>
	for (uint32_t off = 0; off < len; off += 8, idx++) {
80000590:	14e1                	addi	s1,s1,-8
80000592:	409407b3          	sub	a5,s0,s1
80000596:	0905                	addi	s2,s2,1
80000598:	fc87e6e3          	bltu	a5,s0,80000564 <feed_phase+0x2e>
}
8000059c:	40f2                	lw	ra,28(sp)
8000059e:	4462                	lw	s0,24(sp)
800005a0:	44d2                	lw	s1,20(sp)
800005a2:	4942                	lw	s2,16(sp)
800005a4:	49b2                	lw	s3,12(sp)
800005a6:	4a22                	lw	s4,8(sp)
800005a8:	4a92                	lw	s5,4(sp)
800005aa:	4b02                	lw	s6,0(sp)
800005ac:	6105                	addi	sp,sp,32
800005ae:	8082                	ret

800005b0 <aead_run>:
                    const uint8_t key[ASCON_AEAD_KEY_LEN],
                    const uint8_t npub[ASCON_AEAD_NPUB_LEN],
                    const uint8_t *ad, uint32_t ad_len,
                    const uint8_t *in, uint32_t in_len,
                    uint8_t *out, uint8_t tag[ASCON_AEAD_TAG_LEN])
{
800005b0:	7179                	addi	sp,sp,-48
800005b2:	d422                	sw	s0,40(sp)
800005b4:	ce4e                	sw	s3,28(sp)
800005b6:	d606                	sw	ra,44(sp)
800005b8:	89be                	mv	s3,a5
800005ba:	d226                	sw	s1,36(sp)
800005bc:	d04a                	sw	s2,32(sp)
800005be:	cc52                	sw	s4,24(sp)
800005c0:	ca56                	sw	s5,20(sp)
800005c2:	c85a                	sw	s6,16(sp)
800005c4:	c65e                	sw	s7,12(sp)
800005c6:	c462                	sw	s8,8(sp)
	int rc;

	if (in_len > ASCON_MAX_OUT)
800005c8:	08000793          	li	a5,128
		return ASCON_EINVAL;
800005cc:	5479                	li	s0,-2
	if (in_len > ASCON_MAX_OUT)
800005ce:	0907e063          	bltu	a5,a6,8000064e <aead_run+0x9e>
	REG32(ASCON_MODE) = mode;
800005d2:	64008a37          	lui	s4,0x64008
800005d6:	00aa2223          	sw	a0,4(s4) # 64008004 <_available_heap+0x63ffad8c>
800005da:	8c2e                	mv	s8,a1
	REG32(ASCON_OUT_LEN) = out_blocks;
800005dc:	000a2423          	sw	zero,8(s4)
	REG32(ASCON_CTRL) = 1;
800005e0:	4785                	li	a5,1
800005e2:	00fa2023          	sw	a5,0(s4)
800005e6:	8bb2                	mv	s7,a2
800005e8:	8b36                	mv	s6,a3
800005ea:	8aba                	mv	s5,a4
	 * ready handshake pace the transfer. */
	start_op_raw(mode, 0);

	/* Key then nonce, two 64-bit words each, no last_block marking. */
	for (uint32_t w = 0; w < 2; w++) {
		rc = feed_word(key, w * 8, ASCON_AEAD_KEY_LEN, 0, 0, 0);
800005ec:	4781                	li	a5,0
800005ee:	4701                	li	a4,0
800005f0:	4681                	li	a3,0
800005f2:	4641                	li	a2,16
800005f4:	4581                	li	a1,0
800005f6:	8562                	mv	a0,s8
800005f8:	84c2                	mv	s1,a6
800005fa:	8946                	mv	s2,a7
800005fc:	35d1                	jal	800004c0 <feed_word>
800005fe:	842a                	mv	s0,a0
		if (rc != ASCON_OK)
80000600:	e539                	bnez	a0,8000064e <aead_run+0x9e>
		rc = feed_word(key, w * 8, ASCON_AEAD_KEY_LEN, 0, 0, 0);
80000602:	4781                	li	a5,0
80000604:	4701                	li	a4,0
80000606:	4681                	li	a3,0
80000608:	4641                	li	a2,16
8000060a:	45a1                	li	a1,8
8000060c:	8562                	mv	a0,s8
8000060e:	3d4d                	jal	800004c0 <feed_word>
80000610:	842a                	mv	s0,a0
		if (rc != ASCON_OK)
80000612:	ed15                	bnez	a0,8000064e <aead_run+0x9e>
			return rc;
	}
	for (uint32_t w = 0; w < 2; w++) {
		rc = feed_word(npub, w * 8, ASCON_AEAD_NPUB_LEN, 0, 0, 0);
80000614:	4781                	li	a5,0
80000616:	4701                	li	a4,0
80000618:	4681                	li	a3,0
8000061a:	4641                	li	a2,16
8000061c:	4581                	li	a1,0
8000061e:	855e                	mv	a0,s7
80000620:	3545                	jal	800004c0 <feed_word>
80000622:	842a                	mv	s0,a0
		if (rc != ASCON_OK)
80000624:	e50d                	bnez	a0,8000064e <aead_run+0x9e>
		rc = feed_word(npub, w * 8, ASCON_AEAD_NPUB_LEN, 0, 0, 0);
80000626:	4781                	li	a5,0
80000628:	4701                	li	a4,0
8000062a:	4681                	li	a3,0
8000062c:	4641                	li	a2,16
8000062e:	45a1                	li	a1,8
80000630:	855e                	mv	a0,s7
80000632:	3579                	jal	800004c0 <feed_word>
80000634:	842a                	mv	s0,a0
		if (rc != ASCON_OK)
80000636:	ed01                	bnez	a0,8000064e <aead_run+0x9e>
			return rc;
	}

	rc = wait_not_busy();
80000638:	3be1                	jal	80000410 <wait_not_busy>
8000063a:	842a                	mv	s0,a0
	if (rc != ASCON_OK)
8000063c:	e909                	bnez	a0,8000064e <aead_run+0x9e>
		return rc;

	if (ad_len) {
8000063e:	020a8563          	beqz	s5,80000668 <aead_run+0xb8>
		rc = feed_phase(ad, ad_len, 1);
80000642:	4605                	li	a2,1
80000644:	85d6                	mv	a1,s5
80000646:	855a                	mv	a0,s6
80000648:	35fd                	jal	80000536 <feed_phase>
8000064a:	842a                	mv	s0,a0
		if (rc != ASCON_OK)
8000064c:	c51d                	beqz	a0,8000067a <aead_run+0xca>
		read_out_buf(out, in_len);

	/* The tag occupies hash_o[255:128], i.e. the first two 64-bit words. */
	read_hash(tag, ASCON_AEAD_TAG_LEN);
	return ASCON_OK;
}
8000064e:	50b2                	lw	ra,44(sp)
80000650:	8522                	mv	a0,s0
80000652:	5422                	lw	s0,40(sp)
80000654:	5492                	lw	s1,36(sp)
80000656:	5902                	lw	s2,32(sp)
80000658:	49f2                	lw	s3,28(sp)
8000065a:	4a62                	lw	s4,24(sp)
8000065c:	4ad2                	lw	s5,20(sp)
8000065e:	4b42                	lw	s6,16(sp)
80000660:	4bb2                	lw	s7,12(sp)
80000662:	4c22                	lw	s8,8(sp)
80000664:	6145                	addi	sp,sp,48
80000666:	8082                	ret
		REG32(ASCON_IN_CTRL) = (1u << 6);
80000668:	04000793          	li	a5,64
8000066c:	00fa2e23          	sw	a5,28(s4)
		rc = wait_not_busy();
80000670:	3345                	jal	80000410 <wait_not_busy>
80000672:	842a                	mv	s0,a0
		if (rc != ASCON_OK)
80000674:	fd69                	bnez	a0,8000064e <aead_run+0x9e>
		REG32(ASCON_IN_CTRL) = 0;
80000676:	000a2e23          	sw	zero,28(s4)
	rc = wait_not_busy();
8000067a:	3b59                	jal	80000410 <wait_not_busy>
8000067c:	842a                	mv	s0,a0
	if (rc != ASCON_OK)
8000067e:	f961                	bnez	a0,8000064e <aead_run+0x9e>
	rc = feed_phase(in, in_len, 1);
80000680:	4605                	li	a2,1
80000682:	85a6                	mv	a1,s1
80000684:	854e                	mv	a0,s3
80000686:	3d45                	jal	80000536 <feed_phase>
80000688:	842a                	mv	s0,a0
	if (rc != ASCON_OK)
8000068a:	f171                	bnez	a0,8000064e <aead_run+0x9e>
static int wait_done(void)     { return wait_flag(ASCON_ST_DONE, 1); }
8000068c:	4585                	li	a1,1
8000068e:	4509                	li	a0,2
80000690:	3ba9                	jal	800003ea <wait_flag>
80000692:	842a                	mv	s0,a0
	if (rc != ASCON_OK)
80000694:	fd4d                	bnez	a0,8000064e <aead_run+0x9e>
	if (in_len)
80000696:	c481                	beqz	s1,8000069e <aead_run+0xee>
		read_out_buf(out, in_len);
80000698:	85a6                	mv	a1,s1
8000069a:	854a                	mv	a0,s2
8000069c:	33f9                	jal	8000046a <read_out_buf>
	read_hash(tag, ASCON_AEAD_TAG_LEN);
8000069e:	5542                	lw	a0,48(sp)
800006a0:	45c1                	li	a1,16
800006a2:	3b95                	jal	80000416 <read_hash>
	return ASCON_OK;
800006a4:	b76d                	j	8000064e <aead_run+0x9e>

800006a6 <ascon_aead128_encrypt>:
int ascon_aead128_encrypt(const uint8_t key[ASCON_AEAD_KEY_LEN],
                          const uint8_t npub[ASCON_AEAD_NPUB_LEN],
                          const uint8_t *ad, uint32_t ad_len,
                          const uint8_t *pt, uint32_t pt_len,
                          uint8_t *ct, uint8_t tag[ASCON_AEAD_TAG_LEN])
{
800006a6:	1101                	addi	sp,sp,-32
	return aead_run(ASCON_MODE_ENC, key, npub, ad, ad_len, pt, pt_len, ct, tag);
800006a8:	c046                	sw	a7,0(sp)
800006aa:	88c2                	mv	a7,a6
800006ac:	883e                	mv	a6,a5
800006ae:	87ba                	mv	a5,a4
800006b0:	8736                	mv	a4,a3
800006b2:	86b2                	mv	a3,a2
800006b4:	862e                	mv	a2,a1
800006b6:	85aa                	mv	a1,a0
800006b8:	4501                	li	a0,0
{
800006ba:	ce06                	sw	ra,28(sp)
	return aead_run(ASCON_MODE_ENC, key, npub, ad, ad_len, pt, pt_len, ct, tag);
800006bc:	3dd5                	jal	800005b0 <aead_run>
}
800006be:	40f2                	lw	ra,28(sp)
800006c0:	6105                	addi	sp,sp,32
800006c2:	8082                	ret

800006c4 <ascon_aead128_decrypt>:
int ascon_aead128_decrypt(const uint8_t key[ASCON_AEAD_KEY_LEN],
                          const uint8_t npub[ASCON_AEAD_NPUB_LEN],
                          const uint8_t *ad, uint32_t ad_len,
                          const uint8_t *ct, uint32_t ct_len,
                          uint8_t *pt, const uint8_t tag[ASCON_AEAD_TAG_LEN])
{
800006c4:	715d                	addi	sp,sp,-80
800006c6:	dc52                	sw	s4,56(sp)
800006c8:	da56                	sw	s5,52(sp)
800006ca:	d85a                	sw	s6,48(sp)
800006cc:	8a2a                	mv	s4,a0
800006ce:	8aae                	mv	s5,a1
			le32_at(tag, w * 8, ASCON_AEAD_TAG_LEN);
800006d0:	8546                	mv	a0,a7
{
800006d2:	8b32                	mv	s6,a2
			le32_at(tag, w * 8, ASCON_AEAD_TAG_LEN);
800006d4:	4581                	li	a1,0
800006d6:	4641                	li	a2,16
{
800006d8:	c686                	sw	ra,76(sp)
800006da:	c4a2                	sw	s0,72(sp)
800006dc:	c2a6                	sw	s1,68(sp)
800006de:	8446                	mv	s0,a7
		REG32(ASCON_EXP_TAG + (2 * w + 1) * 4) =
800006e0:	640084b7          	lui	s1,0x64008
{
800006e4:	c0ca                	sw	s2,64(sp)
800006e6:	de4e                	sw	s3,60(sp)
800006e8:	893e                	mv	s2,a5
800006ea:	89c2                	mv	s3,a6
800006ec:	d65e                	sw	s7,44(sp)
800006ee:	d462                	sw	s8,40(sp)
800006f0:	8bb6                	mv	s7,a3
800006f2:	8c3a                	mv	s8,a4
			le32_at(tag, w * 8, ASCON_AEAD_TAG_LEN);
800006f4:	3945                	jal	800003a4 <le32_at>
		REG32(ASCON_EXP_TAG + (2 * w + 1) * 4) =
800006f6:	d0c8                	sw	a0,36(s1)
			le32_at(tag, w * 8 + 4, ASCON_AEAD_TAG_LEN);
800006f8:	4641                	li	a2,16
800006fa:	4591                	li	a1,4
800006fc:	8522                	mv	a0,s0
800006fe:	315d                	jal	800003a4 <le32_at>
		REG32(ASCON_EXP_TAG + (2 * w) * 4) =
80000700:	d088                	sw	a0,32(s1)
			le32_at(tag, w * 8, ASCON_AEAD_TAG_LEN);
80000702:	4641                	li	a2,16
80000704:	45a1                	li	a1,8
80000706:	8522                	mv	a0,s0
80000708:	3971                	jal	800003a4 <le32_at>
		REG32(ASCON_EXP_TAG + (2 * w + 1) * 4) =
8000070a:	d4c8                	sw	a0,44(s1)
			le32_at(tag, w * 8 + 4, ASCON_AEAD_TAG_LEN);
8000070c:	4641                	li	a2,16
8000070e:	45b1                	li	a1,12
80000710:	8522                	mv	a0,s0
80000712:	3949                	jal	800003a4 <le32_at>
		REG32(ASCON_EXP_TAG + (2 * w) * 4) =
80000714:	d488                	sw	a0,40(s1)

	/* The engine verifies the tag itself, so hand it the expected value
	 * before starting and read auth_fail afterwards. */
	write_exp_tag(tag);

	rc = aead_run(ASCON_MODE_DEC, key, npub, ad, ad_len, ct, ct_len, pt, computed);
80000716:	081c                	addi	a5,sp,16
80000718:	c03e                	sw	a5,0(sp)
8000071a:	88ce                	mv	a7,s3
8000071c:	884a                	mv	a6,s2
8000071e:	87e2                	mv	a5,s8
80000720:	875e                	mv	a4,s7
80000722:	86da                	mv	a3,s6
80000724:	8656                	mv	a2,s5
80000726:	85d2                	mv	a1,s4
80000728:	4505                	li	a0,1
8000072a:	3559                	jal	800005b0 <aead_run>
	if (rc != ASCON_OK)
8000072c:	ed11                	bnez	a0,80000748 <ascon_aead128_decrypt+0x84>
		return rc;

	if (REG32(ASCON_STATUS) & ASCON_ST_AUTH_FAIL) {
8000072e:	44dc                	lw	a5,12(s1)
80000730:	8bc1                	andi	a5,a5,16
80000732:	cb99                	beqz	a5,80000748 <ascon_aead128_decrypt+0x84>
		for (uint32_t i = 0; i < ct_len; i++)
80000734:	4781                	li	a5,0
80000736:	a031                	j	80000742 <ascon_aead128_decrypt+0x7e>
			pt[i] = 0;
80000738:	00f98733          	add	a4,s3,a5
8000073c:	00070023          	sb	zero,0(a4)
		for (uint32_t i = 0; i < ct_len; i++)
80000740:	0785                	addi	a5,a5,1 # 64008001 <_available_heap+0x63ffad89>
80000742:	ff279be3          	bne	a5,s2,80000738 <ascon_aead128_decrypt+0x74>
		return ASCON_EAUTH;
80000746:	5575                	li	a0,-3
	}

	return ASCON_OK;
}
80000748:	40b6                	lw	ra,76(sp)
8000074a:	4426                	lw	s0,72(sp)
8000074c:	4496                	lw	s1,68(sp)
8000074e:	4906                	lw	s2,64(sp)
80000750:	59f2                	lw	s3,60(sp)
80000752:	5a62                	lw	s4,56(sp)
80000754:	5ad2                	lw	s5,52(sp)
80000756:	5b42                	lw	s6,48(sp)
80000758:	5bb2                	lw	s7,44(sp)
8000075a:	5c22                	lw	s8,40(sp)
8000075c:	6161                	addi	sp,sp,80
8000075e:	8082                	ret

80000760 <kputc>:
{
	volatile uint32_t *tx = &REG32(uart, UART_REG_TXFIFO);
#ifdef __riscv_atomic
	int32_t r;
	do {
		__asm__ __volatile__ (
80000760:	640007b7          	lui	a5,0x64000
80000764:	40a7a72f          	amoor.w	a4,a0,(a5)
			"amoor.w %0, %2, %1\n"
			: "=r" (r), "+A" (*tx)
			: "r" (c));
	} while (r < 0);
80000768:	fe074ee3          	bltz	a4,80000764 <kputc+0x4>
#else
	while ((int32_t)(*tx) < 0);
	*tx = c;
#endif
}
8000076c:	8082                	ret

8000076e <kprintf>:
	kputc('\r');
	kputc('\n');
}

void kprintf(const char *fmt, ...)
{
8000076e:	7135                	addi	sp,sp,-160
80000770:	cb3e                	sw	a5,148(sp)
80000772:	de86                	sw	ra,124(sp)
	va_list vl;
	bool is_format, is_long, is_char;
	char c;

	va_start(vl, fmt);
80000774:	015c                	addi	a5,sp,132
{
80000776:	dca2                	sw	s0,120(sp)
80000778:	daa6                	sw	s1,116(sp)
8000077a:	d8ca                	sw	s2,112(sp)
8000077c:	d6ce                	sw	s3,108(sp)
8000077e:	d4d2                	sw	s4,104(sp)
80000780:	d2d6                	sw	s5,100(sp)
80000782:	d0da                	sw	s6,96(sp)
80000784:	cede                	sw	s7,92(sp)
80000786:	cce2                	sw	s8,88(sp)
80000788:	c32e                	sw	a1,132(sp)
8000078a:	c532                	sw	a2,136(sp)
8000078c:	c736                	sw	a3,140(sp)
8000078e:	c93a                	sw	a4,144(sp)
80000790:	cd42                	sw	a6,152(sp)
80000792:	cf46                	sw	a7,156(sp)
	va_start(vl, fmt);
80000794:	c63e                	sw	a5,12(sp)
	is_format = false;
	is_long = false;
	is_char = false;
	while ((c = *fmt++) != '\0') {
80000796:	00150793          	addi	a5,a0,1
8000079a:	00054503          	lbu	a0,0(a0)
8000079e:	c961                	beqz	a0,8000086e <kprintf+0x100>
				break;
			}
			is_format = false;
			is_long = false;
			is_char = false;
		} else if (c == '%') {
800007a0:	02500993          	li	s3,37
			switch (c) {
800007a4:	06c00913          	li	s2,108
800007a8:	06300a13          	li	s4,99
800007ac:	06800a93          	li	s5,104
800007b0:	07300b13          	li	s6,115
		} else if (c == '%') {
800007b4:	00178493          	addi	s1,a5,1 # 64000001 <_available_heap+0x63ff2d89>
800007b8:	0f350a63          	beq	a0,s3,800008ac <kprintf+0x13e>
			is_format = true;
		} else {
			kputc(c);
800007bc:	3755                	jal	80000760 <kputc>
	while ((c = *fmt++) != '\0') {
800007be:	fff4c503          	lbu	a0,-1(s1) # 64007fff <_available_heap+0x63ffad87>
800007c2:	87a6                	mv	a5,s1
800007c4:	a221                	j	800008cc <kprintf+0x15e>
			switch (c) {
800007c6:	0d678063          	beq	a5,s6,80000886 <kprintf+0x118>
800007ca:	07800693          	li	a3,120
800007ce:	0ed79b63          	bne	a5,a3,800008c4 <kprintf+0x156>
					n = va_arg(vl, unsigned int);
800007d2:	47b2                	lw	a5,12(sp)
					i = is_char ? 4 : (sizeof(unsigned int) << 3) - 4;
800007d4:	4411                	li	s0,4
					n = va_arg(vl, unsigned int);
800007d6:	00478693          	addi	a3,a5,4
800007da:	c636                	sw	a3,12(sp)
800007dc:	0007ab83          	lw	s7,0(a5)
					i = is_char ? 4 : (sizeof(unsigned int) << 3) - 4;
800007e0:	e311                	bnez	a4,800007e4 <kprintf+0x76>
800007e2:	4471                	li	s0,28
					kputc(d < 10 ? '0' + d : 'a' + d - 10);
800007e4:	4c25                	li	s8,9
					d = (n >> i) & 0xF;
800007e6:	008bd7b3          	srl	a5,s7,s0
800007ea:	00f7f713          	andi	a4,a5,15
					kputc(d < 10 ? '0' + d : 'a' + d - 10);
800007ee:	05770513          	addi	a0,a4,87
800007f2:	00ec6463          	bltu	s8,a4,800007fa <kprintf+0x8c>
800007f6:	03070513          	addi	a0,a4,48
				for (; i >= 0; i -= 4) {
800007fa:	1471                	addi	s0,s0,-4
					kputc(d < 10 ? '0' + d : 'a' + d - 10);
800007fc:	3795                	jal	80000760 <kputc>
				for (; i >= 0; i -= 4) {
800007fe:	fe0454e3          	bgez	s0,800007e6 <kprintf+0x78>
80000802:	a0c9                	j	800008c4 <kprintf+0x156>
				n = va_arg(vl, unsigned long);
80000804:	47b2                	lw	a5,12(sp)
				for (int i = 0; i < 64; i ++) c[i] = 0;
80000806:	0814                	addi	a3,sp,16
80000808:	04000613          	li	a2,64
				n = va_arg(vl, unsigned long);
8000080c:	00478713          	addi	a4,a5,4
80000810:	439c                	lw	a5,0(a5)
80000812:	c63a                	sw	a4,12(sp)
				for (int i = 0; i < 64; i ++) c[i] = 0;
80000814:	4701                	li	a4,0
80000816:	00e685b3          	add	a1,a3,a4
8000081a:	00058023          	sb	zero,0(a1)
8000081e:	0705                	addi	a4,a4,1
80000820:	fec71be3          	bne	a4,a2,80000816 <kprintf+0xa8>
					kputc ('0');
80000824:	03000513          	li	a0,48
				if (n == 0) {
80000828:	c3c1                	beqz	a5,800008a8 <kprintf+0x13a>
					c[0] = '0' + (n%10);
8000082a:	4629                	li	a2,10
				for (;n != 0;) {
8000082c:	45a5                	li	a1,9
					for (int i = 63; i > 0; i--) c[i] = c[i-1];
8000082e:	04f10413          	addi	s0,sp,79
80000832:	fff44703          	lbu	a4,-1(s0)
80000836:	147d                	addi	s0,s0,-1
80000838:	00e400a3          	sb	a4,1(s0)
8000083c:	fe869be3          	bne	a3,s0,80000832 <kprintf+0xc4>
					c[0] = '0' + (n%10);
80000840:	02c7f733          	remu	a4,a5,a2
80000844:	03070713          	addi	a4,a4,48
80000848:	00e10823          	sb	a4,16(sp)
					n = n / 10;
8000084c:	02c7d733          	divu	a4,a5,a2
				for (;n != 0;) {
80000850:	00f5f563          	bgeu	a1,a5,8000085a <kprintf+0xec>
					n = n / 10;
80000854:	87ba                	mv	a5,a4
80000856:	bfe1                	j	8000082e <kprintf+0xc0>
				for (int i = 0; c[i] != 0; i++) kputc(c[i]);
80000858:	3721                	jal	80000760 <kputc>
8000085a:	00044503          	lbu	a0,0(s0)
8000085e:	0405                	addi	s0,s0,1
80000860:	fd65                	bnez	a0,80000858 <kprintf+0xea>
80000862:	a08d                	j	800008c4 <kprintf+0x156>
	while ((c = *fmt++) != '\0') {
80000864:	0004c783          	lbu	a5,0(s1)
80000868:	0485                	addi	s1,s1,1
				is_char = true;
8000086a:	4705                	li	a4,1
	while ((c = *fmt++) != '\0') {
8000086c:	e7a1                	bnez	a5,800008b4 <kprintf+0x146>
		}
	}
	va_end(vl);
}
8000086e:	50f6                	lw	ra,124(sp)
80000870:	5466                	lw	s0,120(sp)
80000872:	54d6                	lw	s1,116(sp)
80000874:	5946                	lw	s2,112(sp)
80000876:	59b6                	lw	s3,108(sp)
80000878:	5a26                	lw	s4,104(sp)
8000087a:	5a96                	lw	s5,100(sp)
8000087c:	5b06                	lw	s6,96(sp)
8000087e:	4bf6                	lw	s7,92(sp)
80000880:	4c66                	lw	s8,88(sp)
80000882:	610d                	addi	sp,sp,160
80000884:	8082                	ret
				_kputs(va_arg(vl, const char *));
80000886:	47b2                	lw	a5,12(sp)
80000888:	4380                	lw	s0,0(a5)
8000088a:	00478713          	addi	a4,a5,4
8000088e:	c63a                	sw	a4,12(sp)
	for (; (c = *s) != '\0'; s++)
80000890:	00044503          	lbu	a0,0(s0)
80000894:	c905                	beqz	a0,800008c4 <kprintf+0x156>
		kputc(c);
80000896:	35e9                	jal	80000760 <kputc>
	for (; (c = *s) != '\0'; s++)
80000898:	0405                	addi	s0,s0,1
8000089a:	bfdd                	j	80000890 <kprintf+0x122>
				kputc(va_arg(vl, int));
8000089c:	47b2                	lw	a5,12(sp)
8000089e:	0007c503          	lbu	a0,0(a5)
800008a2:	00478713          	addi	a4,a5,4
800008a6:	c63a                	sw	a4,12(sp)
800008a8:	3d65                	jal	80000760 <kputc>
				break;
800008aa:	a829                	j	800008c4 <kprintf+0x156>
	while ((c = *fmt++) != '\0') {
800008ac:	fff4c783          	lbu	a5,-1(s1)
800008b0:	dfdd                	beqz	a5,8000086e <kprintf+0x100>
800008b2:	4701                	li	a4,0
			switch (c) {
800008b4:	f52788e3          	beq	a5,s2,80000804 <kprintf+0x96>
800008b8:	f0f967e3          	bltu	s2,a5,800007c6 <kprintf+0x58>
800008bc:	ff4780e3          	beq	a5,s4,8000089c <kprintf+0x12e>
800008c0:	fb5782e3          	beq	a5,s5,80000864 <kprintf+0xf6>
	while ((c = *fmt++) != '\0') {
800008c4:	0004c503          	lbu	a0,0(s1)
800008c8:	00148793          	addi	a5,s1,1
800008cc:	ee0514e3          	bnez	a0,800007b4 <kprintf+0x46>
800008d0:	bf79                	j	8000086e <kprintf+0x100>

800008d2 <main>:
}

/* ------------------------------------------------------------------------- */

int main(int hartid, char **argv)
{
800008d2:	1141                	addi	sp,sp,-16
800008d4:	c606                	sw	ra,12(sp)
    static uint8_t ct[64];
    static uint8_t pt_dec[64];
    static uint8_t tag[16];
    int rc, pt_match;

    REG32(uart, UART_REG_TXCTRL) = UART_TXEN;
800008d6:	640007b7          	lui	a5,0x64000
800008da:	4705                	li	a4,1
{
800008dc:	c422                	sw	s0,8(sp)
800008de:	c226                	sw	s1,4(sp)
    REG32(uart, UART_REG_TXCTRL) = UART_TXEN;
800008e0:	c798                	sw	a4,8(a5)

    kprintf("Input: The University of Electro-Communications\r\n");
800008e2:	00000517          	auipc	a0,0x0
800008e6:	2ba50513          	addi	a0,a0,698 # 80000b9c <ascon_ad+0x24>
800008ea:	3551                	jal	8000076e <kprintf>

    /* Run 1: ChaCha20-Poly1305 */
    kprintf("\r\nRun 1: ChaCha20-Poly1305\r\n");
800008ec:	00000517          	auipc	a0,0x0
800008f0:	2e450513          	addi	a0,a0,740 # 80000bd0 <ascon_ad+0x58>
800008f4:	3dad                	jal	8000076e <kprintf>

    rc = aead_encrypt(chacha_key, chacha_nonce,
800008f6:	00000897          	auipc	a7,0x0
800008fa:	44288893          	addi	a7,a7,1090 # 80000d38 <tag.1>
800008fe:	00000817          	auipc	a6,0x0
80000902:	44a80813          	addi	a6,a6,1098 # 80000d48 <ct.2>
80000906:	02800793          	li	a5,40
8000090a:	00000717          	auipc	a4,0x0
8000090e:	3be70713          	addi	a4,a4,958 # 80000cc8 <input>
80000912:	46b1                	li	a3,12
80000914:	00000617          	auipc	a2,0x0
80000918:	37c60613          	addi	a2,a2,892 # 80000c90 <chacha_aad>
8000091c:	00000597          	auipc	a1,0x0
80000920:	38058593          	addi	a1,a1,896 # 80000c9c <chacha_nonce>
80000924:	00000517          	auipc	a0,0x0
80000928:	38450513          	addi	a0,a0,900 # 80000ca8 <chacha_key>
8000092c:	3a55                	jal	800002e0 <aead_encrypt>
                      chacha_aad, chacha_aad_len,
                      input, input_len, ct, tag);

    if (rc != AEAD_OK) { kprintf("Encrypt FAILED\r\n"); goto run2; }
8000092e:	c52d                	beqz	a0,80000998 <main+0xc6>
80000930:	00000517          	auipc	a0,0x0
80000934:	2c050513          	addi	a0,a0,704 # 80000bf0 <ascon_ad+0x78>
80000938:	3d1d                	jal	8000076e <kprintf>
    kprintf("PT recovered : %s\r\n", pt_match ? "YES" : "NO");
    kprintf("Result       : %s\r\n", (rc == AEAD_OK && pt_match) ? "PASS" : "FAIL");

    /* Run 2: ASCON */
run2:
    kprintf("\r\nRun 2: Ascon AEAD128\r\n");
8000093a:	00000517          	auipc	a0,0x0
8000093e:	30e50513          	addi	a0,a0,782 # 80000c48 <ascon_ad+0xd0>
80000942:	3535                	jal	8000076e <kprintf>

    rc = ascon_aead128_encrypt(ascon_key, ascon_npub,
80000944:	00000897          	auipc	a7,0x0
80000948:	3f488893          	addi	a7,a7,1012 # 80000d38 <tag.1>
8000094c:	00000817          	auipc	a6,0x0
80000950:	3fc80813          	addi	a6,a6,1020 # 80000d48 <ct.2>
80000954:	02800793          	li	a5,40
80000958:	00000717          	auipc	a4,0x0
8000095c:	37070713          	addi	a4,a4,880 # 80000cc8 <input>
80000960:	46a1                	li	a3,8
80000962:	00000617          	auipc	a2,0x0
80000966:	21660613          	addi	a2,a2,534 # 80000b78 <ascon_ad>
8000096a:	00000597          	auipc	a1,0x0
8000096e:	30658593          	addi	a1,a1,774 # 80000c70 <ascon_npub>
80000972:	00000517          	auipc	a0,0x0
80000976:	30e50513          	addi	a0,a0,782 # 80000c80 <ascon_key>
8000097a:	3335                	jal	800006a6 <ascon_aead128_encrypt>
8000097c:	842a                	mv	s0,a0
                               ascon_ad, ascon_ad_len,
                               input, input_len, ct, tag);

    if (rc != ASCON_OK) { kprintf("Encrypt FAILED\r\n"); goto done; }
8000097e:	0e050563          	beqz	a0,80000a68 <main+0x196>
80000982:	00000517          	auipc	a0,0x0
80000986:	26e50513          	addi	a0,a0,622 # 80000bf0 <ascon_ad+0x78>
8000098a:	33d5                	jal	8000076e <kprintf>
    kprintf("Tag verifies : %s\r\n", rc == ASCON_OK ? "OK" : "FAILED");
    kprintf("PT recovered : %s\r\n", pt_match ? "YES" : "NO");
    kprintf("Result       : %s\r\n", (rc == ASCON_OK && pt_match) ? "PASS" : "FAIL");

done:
    kprintf("\r\nDone.\r\n");
8000098c:	00000517          	auipc	a0,0x0
80000990:	2d850513          	addi	a0,a0,728 # 80000c64 <ascon_ad+0xec>
80000994:	3be9                	jal	8000076e <kprintf>
    for (;;) {}
80000996:	a001                	j	80000996 <main+0xc4>
    rc = aead_decrypt(chacha_key, chacha_nonce,
80000998:	02800793          	li	a5,40
8000099c:	00000617          	auipc	a2,0x0
800009a0:	2f460613          	addi	a2,a2,756 # 80000c90 <chacha_aad>
800009a4:	00000597          	auipc	a1,0x0
800009a8:	2f858593          	addi	a1,a1,760 # 80000c9c <chacha_nonce>
800009ac:	842a                	mv	s0,a0
800009ae:	00000897          	auipc	a7,0x0
800009b2:	34a88893          	addi	a7,a7,842 # 80000cf8 <pt_dec.0>
800009b6:	00000817          	auipc	a6,0x0
800009ba:	38280813          	addi	a6,a6,898 # 80000d38 <tag.1>
800009be:	00000717          	auipc	a4,0x0
800009c2:	38a70713          	addi	a4,a4,906 # 80000d48 <ct.2>
800009c6:	46b1                	li	a3,12
800009c8:	00000517          	auipc	a0,0x0
800009cc:	2e050513          	addi	a0,a0,736 # 80000ca8 <chacha_key>
800009d0:	32d9                	jal	80000396 <aead_decrypt>
800009d2:	84aa                	mv	s1,a0
    for (uint32_t i = 0; i < len; i++)
800009d4:	4781                	li	a5,0
        if (a[i] != b[i]) return 0;
800009d6:	00000597          	auipc	a1,0x0
800009da:	32258593          	addi	a1,a1,802 # 80000cf8 <pt_dec.0>
800009de:	00000517          	auipc	a0,0x0
800009e2:	2ea50513          	addi	a0,a0,746 # 80000cc8 <input>
    for (uint32_t i = 0; i < len; i++)
800009e6:	02800613          	li	a2,40
        if (a[i] != b[i]) return 0;
800009ea:	00b786b3          	add	a3,a5,a1
800009ee:	00a78733          	add	a4,a5,a0
800009f2:	0006c683          	lbu	a3,0(a3) # 64008000 <_available_heap+0x63ffad88>
800009f6:	00074703          	lbu	a4,0(a4)
800009fa:	00e69663          	bne	a3,a4,80000a06 <main+0x134>
    for (uint32_t i = 0; i < len; i++)
800009fe:	0785                	addi	a5,a5,1 # 64000001 <_available_heap+0x63ff2d89>
80000a00:	fec795e3          	bne	a5,a2,800009ea <main+0x118>
    return 1;
80000a04:	4405                	li	s0,1
    kprintf("Tag verifies : %s\r\n", rc == AEAD_OK ? "OK" : "FAILED");
80000a06:	00000597          	auipc	a1,0x0
80000a0a:	17a58593          	addi	a1,a1,378 # 80000b80 <ascon_ad+0x8>
80000a0e:	c489                	beqz	s1,80000a18 <main+0x146>
80000a10:	00000597          	auipc	a1,0x0
80000a14:	17458593          	addi	a1,a1,372 # 80000b84 <ascon_ad+0xc>
80000a18:	00000517          	auipc	a0,0x0
80000a1c:	1ec50513          	addi	a0,a0,492 # 80000c04 <ascon_ad+0x8c>
80000a20:	33b9                	jal	8000076e <kprintf>
    kprintf("PT recovered : %s\r\n", pt_match ? "YES" : "NO");
80000a22:	c80d                	beqz	s0,80000a54 <main+0x182>
80000a24:	00000597          	auipc	a1,0x0
80000a28:	1f458593          	addi	a1,a1,500 # 80000c18 <ascon_ad+0xa0>
80000a2c:	00000517          	auipc	a0,0x0
80000a30:	1f050513          	addi	a0,a0,496 # 80000c1c <ascon_ad+0xa4>
80000a34:	3b2d                	jal	8000076e <kprintf>
    kprintf("Result       : %s\r\n", (rc == AEAD_OK && pt_match) ? "PASS" : "FAIL");
80000a36:	00000597          	auipc	a1,0x0
80000a3a:	15658593          	addi	a1,a1,342 # 80000b8c <ascon_ad+0x14>
80000a3e:	c489                	beqz	s1,80000a48 <main+0x176>
80000a40:	00000597          	auipc	a1,0x0
80000a44:	15458593          	addi	a1,a1,340 # 80000b94 <ascon_ad+0x1c>
80000a48:	00000517          	auipc	a0,0x0
80000a4c:	1ec50513          	addi	a0,a0,492 # 80000c34 <ascon_ad+0xbc>
80000a50:	3b39                	jal	8000076e <kprintf>
80000a52:	b5e5                	j	8000093a <main+0x68>
    kprintf("PT recovered : %s\r\n", pt_match ? "YES" : "NO");
80000a54:	00000597          	auipc	a1,0x0
80000a58:	1dc58593          	addi	a1,a1,476 # 80000c30 <ascon_ad+0xb8>
80000a5c:	00000517          	auipc	a0,0x0
80000a60:	1c050513          	addi	a0,a0,448 # 80000c1c <ascon_ad+0xa4>
80000a64:	3329                	jal	8000076e <kprintf>
    kprintf("Result       : %s\r\n", (rc == AEAD_OK && pt_match) ? "PASS" : "FAIL");
80000a66:	bfe9                	j	80000a40 <main+0x16e>
    rc = ascon_aead128_decrypt(ascon_key, ascon_npub,
80000a68:	02800793          	li	a5,40
80000a6c:	00000617          	auipc	a2,0x0
80000a70:	10c60613          	addi	a2,a2,268 # 80000b78 <ascon_ad>
80000a74:	00000597          	auipc	a1,0x0
80000a78:	1fc58593          	addi	a1,a1,508 # 80000c70 <ascon_npub>
80000a7c:	00000897          	auipc	a7,0x0
80000a80:	2bc88893          	addi	a7,a7,700 # 80000d38 <tag.1>
80000a84:	00000817          	auipc	a6,0x0
80000a88:	27480813          	addi	a6,a6,628 # 80000cf8 <pt_dec.0>
80000a8c:	00000717          	auipc	a4,0x0
80000a90:	2bc70713          	addi	a4,a4,700 # 80000d48 <ct.2>
80000a94:	46a1                	li	a3,8
80000a96:	00000517          	auipc	a0,0x0
80000a9a:	1ea50513          	addi	a0,a0,490 # 80000c80 <ascon_key>
80000a9e:	311d                	jal	800006c4 <ascon_aead128_decrypt>
80000aa0:	84aa                	mv	s1,a0
    for (uint32_t i = 0; i < len; i++)
80000aa2:	4781                	li	a5,0
        if (a[i] != b[i]) return 0;
80000aa4:	00000597          	auipc	a1,0x0
80000aa8:	25458593          	addi	a1,a1,596 # 80000cf8 <pt_dec.0>
80000aac:	00000517          	auipc	a0,0x0
80000ab0:	21c50513          	addi	a0,a0,540 # 80000cc8 <input>
    for (uint32_t i = 0; i < len; i++)
80000ab4:	02800613          	li	a2,40
        if (a[i] != b[i]) return 0;
80000ab8:	00b786b3          	add	a3,a5,a1
80000abc:	00a78733          	add	a4,a5,a0
80000ac0:	0006c683          	lbu	a3,0(a3)
80000ac4:	00074703          	lbu	a4,0(a4)
80000ac8:	00e69663          	bne	a3,a4,80000ad4 <main+0x202>
    for (uint32_t i = 0; i < len; i++)
80000acc:	0785                	addi	a5,a5,1
80000ace:	fec795e3          	bne	a5,a2,80000ab8 <main+0x1e6>
    return 1;
80000ad2:	4405                	li	s0,1
    kprintf("Tag verifies : %s\r\n", rc == ASCON_OK ? "OK" : "FAILED");
80000ad4:	00000597          	auipc	a1,0x0
80000ad8:	0ac58593          	addi	a1,a1,172 # 80000b80 <ascon_ad+0x8>
80000adc:	c489                	beqz	s1,80000ae6 <main+0x214>
80000ade:	00000597          	auipc	a1,0x0
80000ae2:	0a658593          	addi	a1,a1,166 # 80000b84 <ascon_ad+0xc>
80000ae6:	00000517          	auipc	a0,0x0
80000aea:	11e50513          	addi	a0,a0,286 # 80000c04 <ascon_ad+0x8c>
80000aee:	3141                	jal	8000076e <kprintf>
    kprintf("PT recovered : %s\r\n", pt_match ? "YES" : "NO");
80000af0:	e405                	bnez	s0,80000b18 <main+0x246>
80000af2:	00000597          	auipc	a1,0x0
80000af6:	13e58593          	addi	a1,a1,318 # 80000c30 <ascon_ad+0xb8>
80000afa:	00000517          	auipc	a0,0x0
80000afe:	12250513          	addi	a0,a0,290 # 80000c1c <ascon_ad+0xa4>
80000b02:	31b5                	jal	8000076e <kprintf>
    kprintf("Result       : %s\r\n", (rc == ASCON_OK && pt_match) ? "PASS" : "FAIL");
80000b04:	00000597          	auipc	a1,0x0
80000b08:	09058593          	addi	a1,a1,144 # 80000b94 <ascon_ad+0x1c>
80000b0c:	00000517          	auipc	a0,0x0
80000b10:	12850513          	addi	a0,a0,296 # 80000c34 <ascon_ad+0xbc>
80000b14:	39a9                	jal	8000076e <kprintf>
80000b16:	bd9d                	j	8000098c <main+0xba>
    kprintf("PT recovered : %s\r\n", pt_match ? "YES" : "NO");
80000b18:	00000597          	auipc	a1,0x0
80000b1c:	10058593          	addi	a1,a1,256 # 80000c18 <ascon_ad+0xa0>
80000b20:	00000517          	auipc	a0,0x0
80000b24:	0fc50513          	addi	a0,a0,252 # 80000c1c <ascon_ad+0xa4>
80000b28:	3199                	jal	8000076e <kprintf>
    kprintf("Result       : %s\r\n", (rc == ASCON_OK && pt_match) ? "PASS" : "FAIL");
80000b2a:	fce9                	bnez	s1,80000b04 <main+0x232>
80000b2c:	00000597          	auipc	a1,0x0
80000b30:	06058593          	addi	a1,a1,96 # 80000b8c <ascon_ad+0x14>
80000b34:	bfe1                	j	80000b0c <main+0x23a>
	...

Disassembly of section .srodata:

80000b78 <ascon_ad>:
static const uint8_t  ascon_ad[]   = { 0x4B,0x32,0x34,0x00,0x00,0x00,0x00,0x00 };
80000b78:	0034324b          	.4byte	0x34324b
80000b7c:	0000                	unimp
	...

Disassembly of section .rodata:

80000b80 <ascon_npub-0xf0>:
80000b80:	00004b4f          	.4byte	0x4b4f
80000b84:	4146                	lw	sp,80(sp)
80000b86:	4c49                	li	s8,18
80000b88:	4445                	li	s0,17
80000b8a:	0000                	unimp
80000b8c:	4150                	lw	a2,4(a0)
80000b8e:	00005353          	.4byte	0x5353
80000b92:	0000                	unimp
80000b94:	4146                	lw	sp,80(sp)
80000b96:	4c49                	li	s8,18
80000b98:	0000                	unimp
80000b9a:	0000                	unimp
80000b9c:	6e49                	lui	t3,0x12
80000b9e:	7570                	.2byte	0x7570
80000ba0:	3a74                	.2byte	0x3a74
80000ba2:	5420                	lw	s0,104(s0)
80000ba4:	6568                	.2byte	0x6568
80000ba6:	5520                	lw	s0,104(a0)
80000ba8:	696e                	.2byte	0x696e
80000baa:	6576                	.2byte	0x6576
80000bac:	7372                	.2byte	0x7372
80000bae:	7469                	lui	s0,0xffffa
80000bb0:	2079                	jal	80000c3e <ascon_ad+0xc6>
80000bb2:	4520666f          	jal	a2,80007004 <_end+0x627c>
80000bb6:	656c                	.2byte	0x656c
80000bb8:	6f727463          	bgeu	tp,s7,800012a0 <_end+0x518>
80000bbc:	432d                	li	t1,11
80000bbe:	756d6d6f          	jal	s10,800d7314 <_ram_end+0xc7314>
80000bc2:	696e                	.2byte	0x696e
80000bc4:	69746163          	bltu	s0,s7,80001246 <_end+0x4be>
80000bc8:	0d736e6f          	jal	t3,8003749e <_ram_end+0x2749e>
80000bcc:	000a                	c.slli	zero,0x2
80000bce:	0000                	unimp
80000bd0:	0a0d                	addi	s4,s4,3
80000bd2:	7552                	.2byte	0x7552
80000bd4:	206e                	.2byte	0x206e
80000bd6:	3a31                	jal	800004f2 <feed_word+0x32>
80000bd8:	4320                	lw	s0,64(a4)
80000bda:	6168                	.2byte	0x6168
80000bdc:	32616843          	.4byte	0x32616843
80000be0:	2d30                	.2byte	0x2d30
80000be2:	6f50                	.2byte	0x6f50
80000be4:	796c                	.2byte	0x796c
80000be6:	3331                	jal	800008f2 <main+0x20>
80000be8:	3530                	.2byte	0x3530
80000bea:	0a0d                	addi	s4,s4,3
80000bec:	0000                	unimp
80000bee:	0000                	unimp
80000bf0:	6e45                	lui	t3,0x11
80000bf2:	70797263          	bgeu	s2,t2,800012f6 <_end+0x56e>
80000bf6:	2074                	.2byte	0x2074
80000bf8:	4146                	lw	sp,80(sp)
80000bfa:	4c49                	li	s8,18
80000bfc:	4445                	li	s0,17
80000bfe:	0a0d                	addi	s4,s4,3
80000c00:	0000                	unimp
80000c02:	0000                	unimp
80000c04:	6154                	.2byte	0x6154
80000c06:	65762067          	.4byte	0x65762067
80000c0a:	6972                	.2byte	0x6972
80000c0c:	6966                	.2byte	0x6966
80000c0e:	7365                	lui	t1,0xffff9
80000c10:	3a20                	.2byte	0x3a20
80000c12:	2520                	.2byte	0x2520
80000c14:	000a0d73          	.4byte	0xa0d73
80000c18:	4559                	li	a0,22
80000c1a:	54500053          	.4byte	0x54500053
80000c1e:	7220                	.2byte	0x7220
80000c20:	6365                	lui	t1,0x19
80000c22:	7265766f          	jal	a2,80058348 <_ram_end+0x48348>
80000c26:	6465                	lui	s0,0x19
80000c28:	3a20                	.2byte	0x3a20
80000c2a:	2520                	.2byte	0x2520
80000c2c:	000a0d73          	.4byte	0xa0d73
80000c30:	4f4e                	lw	t5,208(sp)
80000c32:	0000                	unimp
80000c34:	6552                	.2byte	0x6552
80000c36:	746c7573          	csrrci	a0,0x746,24
80000c3a:	2020                	.2byte	0x2020
80000c3c:	2020                	.2byte	0x2020
80000c3e:	2020                	.2byte	0x2020
80000c40:	3a20                	.2byte	0x3a20
80000c42:	2520                	.2byte	0x2520
80000c44:	000a0d73          	.4byte	0xa0d73
80000c48:	0a0d                	addi	s4,s4,3
80000c4a:	7552                	.2byte	0x7552
80000c4c:	206e                	.2byte	0x206e
80000c4e:	3a32                	.2byte	0x3a32
80000c50:	4120                	lw	s0,64(a0)
80000c52:	6e6f6373          	csrrsi	t1,0x6e6,30
80000c56:	4120                	lw	s0,64(a0)
80000c58:	4145                	li	sp,17
80000c5a:	3144                	.2byte	0x3144
80000c5c:	3832                	.2byte	0x3832
80000c5e:	0a0d                	addi	s4,s4,3
80000c60:	0000                	unimp
80000c62:	0000                	unimp
80000c64:	0a0d                	addi	s4,s4,3
80000c66:	6f44                	.2byte	0x6f44
80000c68:	656e                	.2byte	0x656e
80000c6a:	0d2e                	slli	s10,s10,0xb
80000c6c:	000a                	c.slli	zero,0x2
	...

80000c70 <ascon_npub>:
static const uint8_t ascon_npub[16] = {
80000c70:	1100                	addi	s0,sp,160
80000c72:	3322                	.2byte	0x3322
80000c74:	5544                	lw	s1,44(a0)
80000c76:	7766                	.2byte	0x7766
80000c78:	9988                	.2byte	0x9988
80000c7a:	bbaa                	.2byte	0xbbaa
80000c7c:	ddcc                	sw	a1,60(a1)
80000c7e:	ffee                	.2byte	0xffee

80000c80 <ascon_key>:
static const uint8_t ascon_key[16] = {
80000c80:	0100                	addi	s0,sp,128
80000c82:	0302                	c.slli64	t1
80000c84:	0504                	addi	s1,sp,640
80000c86:	0706                	slli	a4,a4,0x1
80000c88:	0908                	addi	a0,sp,144
80000c8a:	0b0a                	slli	s6,s6,0x2
80000c8c:	0d0c                	addi	a1,sp,656
80000c8e:	0f0e                	slli	t5,t5,0x3

80000c90 <chacha_aad>:
static const uint8_t  chacha_aad[]   = {
80000c90:	5150                	lw	a2,36(a0)
80000c92:	5352                	lw	t1,52(sp)
80000c94:	c1c0                	sw	s0,4(a1)
80000c96:	c3c2                	sw	a6,196(sp)
80000c98:	c5c4                	sw	s1,12(a1)
80000c9a:	c7c6                	sw	a7,204(sp)

80000c9c <chacha_nonce>:
static const uint8_t chacha_nonce[12] = {
80000c9c:	00000007          	.4byte	0x7
80000ca0:	4140                	lw	s0,4(a0)
80000ca2:	4342                	lw	t1,16(sp)
80000ca4:	4544                	lw	s1,12(a0)
80000ca6:	4746                	lw	a4,80(sp)

80000ca8 <chacha_key>:
static const uint8_t chacha_key[32] = {
80000ca8:	8180                	.2byte	0x8180
80000caa:	8382                	jr	t2
80000cac:	8584                	.2byte	0x8584
80000cae:	8786                	mv	a5,ra
80000cb0:	8988                	.2byte	0x8988
80000cb2:	8b8a                	mv	s7,sp
80000cb4:	8d8c                	.2byte	0x8d8c
80000cb6:	8f8e                	mv	t6,gp
80000cb8:	9190                	.2byte	0x9190
80000cba:	9392                	add	t2,t2,tp
80000cbc:	9594                	.2byte	0x9594
80000cbe:	9796                	add	a5,a5,t0
80000cc0:	9998                	.2byte	0x9998
80000cc2:	9b9a                	add	s7,s7,t1
80000cc4:	9d9c                	.2byte	0x9d9c
80000cc6:	9f9e                	add	t6,t6,t2

80000cc8 <input>:
static const uint8_t  input[]   = "The University of Electro-Communications";
80000cc8:	6854                	.2byte	0x6854
80000cca:	2065                	jal	80000d72 <ct.2+0x2a>
80000ccc:	6e55                	lui	t3,0x15
80000cce:	7669                	lui	a2,0xffffa
80000cd0:	7265                	lui	tp,0xffff9
80000cd2:	79746973          	csrrsi	s2,0x797,8
80000cd6:	6f20                	.2byte	0x6f20
80000cd8:	2066                	.2byte	0x2066
80000cda:	6c45                	lui	s8,0x11
80000cdc:	6365                	lui	t1,0x19
80000cde:	7274                	.2byte	0x7274
80000ce0:	6f432d6f          	jal	s10,800333d4 <_ram_end+0x233d4>
80000ce4:	6d6d                	lui	s10,0x1b
80000ce6:	6e75                	lui	t3,0x1d
80000ce8:	6369                	lui	t1,0x1a
80000cea:	7461                	lui	s0,0xffff8
80000cec:	6f69                	lui	t5,0x1a
80000cee:	736e                	.2byte	0x736e
	...

Disassembly of section .bss:

80000cf8 <pt_dec.0>:
	...

80000d38 <tag.1>:
	...

80000d48 <ct.2>:
	...

Disassembly of section .riscv.attributes:

00000000 <.riscv.attributes>:
   0:	2e41                	jal	390 <_program_size-0x9f8>
   2:	0000                	unimp
   4:	7200                	.2byte	0x7200
   6:	7369                	lui	t1,0xffffa
   8:	01007663          	bgeu	zero,a6,14 <_program_size-0xd74>
   c:	0024                	addi	s1,sp,8
   e:	0000                	unimp
  10:	1004                	addi	s1,sp,32
  12:	7205                	lui	tp,0xfffe1
  14:	3376                	.2byte	0x3376
  16:	6932                	.2byte	0x6932
  18:	7032                	.2byte	0x7032
  1a:	5f30                	lw	a2,120(a4)
  1c:	326d                	jal	fffff9c6 <_ram_end+0x7ffef9c6>
  1e:	3070                	.2byte	0x3070
  20:	615f 7032 5f30      	.byte	0x5f, 0x61, 0x32, 0x70, 0x30, 0x5f
  26:	30703263          	.4byte	0x30703263
  2a:	0800                	addi	s0,sp,16
  2c:	0a01                	addi	s4,s4,0
  2e:	0b              	Address 0x000000000000002e is out of bounds.


Disassembly of section .comment:

00000000 <.comment>:
   0:	3a434347          	.4byte	0x3a434347
   4:	2820                	.2byte	0x2820
   6:	65653267          	.4byte	0x65653267
   a:	6535                	lui	a0,0xd
   c:	3334                	.2byte	0x3334
   e:	3030                	.2byte	0x3030
  10:	3831                	jal	fffff82c <_ram_end+0x7ffef82c>
  12:	2029                	jal	1c <_program_size-0xd6c>
  14:	3231                	jal	fffff920 <_ram_end+0x7ffef920>
  16:	322e                	.2byte	0x322e
  18:	302e                	.2byte	0x302e
	...

Disassembly of section .debug_line:

00000000 <.debug_line>:
       0:	007c                	addi	a5,sp,12
       2:	0000                	unimp
       4:	0005                	c.nop	1
       6:	0004                	.2byte	0x4
       8:	002e                	c.slli	zero,0xb
       a:	0000                	unimp
       c:	0101                	addi	sp,sp,0
       e:	fb01                	bnez	a4,ffffff1e <_ram_end+0x7ffeff1e>
      10:	0d0e                	slli	s10,s10,0x3
      12:	0100                	addi	s0,sp,128
      14:	0101                	addi	sp,sp,0
      16:	0001                	nop
      18:	0000                	unimp
      1a:	0001                	nop
      1c:	0100                	addi	s0,sp,128
      1e:	0101                	addi	sp,sp,0
      20:	021f 0000 0000      	.byte	0x1f, 0x02, 0x00, 0x00, 0x00, 0x00
      26:	0035                	c.nop	13
      28:	0000                	unimp
      2a:	0102                	c.slli64	sp
      2c:	021f 020f 006e      	.byte	0x1f, 0x02, 0x0f, 0x02, 0x6e, 0x00
      32:	0000                	unimp
      34:	6e01                	.2byte	0x6e01
      36:	0000                	unimp
      38:	0100                	addi	s0,sp,128
      3a:	0500                	addi	s0,sp,640
      3c:	0002                	c.slli64	zero
      3e:	0000                	unimp
      40:	0380                	addi	s0,sp,448
      42:	010a                	slli	sp,sp,0x2
      44:	04090103          	lb	sp,64(s2)
      48:	0100                	addi	s0,sp,128
      4a:	04090103          	lb	sp,64(s2)
      4e:	0100                	addi	s0,sp,128
      50:	04090103          	lb	sp,64(s2)
      54:	0100                	addi	s0,sp,128
      56:	08090103          	lb	sp,128(s2)
      5a:	0100                	addi	s0,sp,128
      5c:	04090103          	lb	sp,64(s2)
      60:	0100                	addi	s0,sp,128
      62:	04090103          	lb	sp,64(s2)
      66:	0100                	addi	s0,sp,128
      68:	04090103          	lb	sp,64(s2)
      6c:	0100                	addi	s0,sp,128
      6e:	04090203          	lb	tp,64(s2)
      72:	0100                	addi	s0,sp,128
      74:	04090203          	lb	tp,64(s2)
      78:	0100                	addi	s0,sp,128
      7a:	0409                	addi	s0,s0,2 # ffff8002 <_ram_end+0x7ffe8002>
      7c:	0000                	unimp
      7e:	0101                	addi	sp,sp,0
      80:	0a96                	slli	s5,s5,0x5
      82:	0000                	unimp
      84:	0005                	c.nop	1
      86:	0004                	.2byte	0x4
      88:	0040                	addi	s0,sp,4
      8a:	0000                	unimp
      8c:	0101                	addi	sp,sp,0
      8e:	fb01                	bnez	a4,ffffff9e <_ram_end+0x7ffeff9e>
      90:	0d0e                	slli	s10,s10,0x3
      92:	0100                	addi	s0,sp,128
      94:	0101                	addi	sp,sp,0
      96:	0001                	nop
      98:	0000                	unimp
      9a:	0001                	nop
      9c:	0100                	addi	s0,sp,128
      9e:	0101                	addi	sp,sp,0
      a0:	041f 0000 0000      	.byte	0x1f, 0x04, 0x00, 0x00, 0x00, 0x00
      a6:	0035                	c.nop	13
      a8:	0000                	unimp
      aa:	00b5                	addi	ra,ra,13
      ac:	0000                	unimp
      ae:	0110                	addi	a2,sp,128
      b0:	0000                	unimp
      b2:	0102                	c.slli64	sp
      b4:	021f 040f 00ae      	.byte	0x1f, 0x02, 0x0f, 0x04, 0xae, 0x00
      ba:	0000                	unimp
      bc:	ae01                	j	3cc <_program_size-0x9bc>
      be:	0000                	unimp
      c0:	0100                	addi	s0,sp,128
      c2:	00000167          	jalr	sp,zero # 0 <_program_size-0xd88>
      c6:	7802                	.2byte	0x7802
      c8:	0001                	nop
      ca:	0300                	addi	s0,sp,384
      cc:	0105                	addi	sp,sp,1
      ce:	0500                	addi	s0,sp,640
      d0:	2c02                	.2byte	0x2c02
      d2:	0000                	unimp
      d4:	0380                	addi	s0,sp,448
      d6:	0115                	addi	sp,sp,5
      d8:	0205                	addi	tp,tp,1 # fffe1001 <_ram_end+0x7ffd1001>
      da:	00090103          	lb	sp,0(s2)
      de:	0100                	addi	s0,sp,128
      e0:	00090203          	lb	tp,0(s2)
      e4:	0100                	addi	s0,sp,128
      e6:	0705                	addi	a4,a4,1
      e8:	00090003          	lb	zero,0(s2)
      ec:	0100                	addi	s0,sp,128
      ee:	1905                	addi	s2,s2,-31
      f0:	00090003          	lb	zero,0(s2)
      f4:	0100                	addi	s0,sp,128
      f6:	0105                	addi	sp,sp,1
      f8:	0306                	slli	t1,t1,0x1
      fa:	097d                	addi	s2,s2,31
      fc:	0000                	unimp
      fe:	0501                	addi	a0,a0,0 # d000 <_stack_size+0xb000>
     100:	0901030b          	.4byte	0x901030b
     104:	0006                	c.slli	zero,0x1
     106:	0501                	addi	a0,a0,0
     108:	03030603          	lb	a2,48(t1) # ffffa030 <_ram_end+0x7ffea030>
     10c:	0209                	addi	tp,tp,2 # 2 <_program_size-0xd86>
     10e:	0100                	addi	s0,sp,128
     110:	0a05                	addi	s4,s4,1
     112:	0306                	slli	t1,t1,0x1
     114:	0900                	addi	s0,sp,144
     116:	0000                	unimp
     118:	0501                	addi	a0,a0,0
     11a:	0331                	addi	t1,t1,12
     11c:	0900                	addi	s0,sp,144
     11e:	0004                	.2byte	0x4
     120:	0501                	addi	a0,a0,0
     122:	04020027          	.4byte	0x4020027
     126:	0301                	addi	t1,t1,0
     128:	0900                	addi	s0,sp,144
     12a:	0006                	c.slli	zero,0x1
     12c:	0501                	addi	a0,a0,0
     12e:	0031                	c.nop	12
     130:	0402                	c.slli64	s0
     132:	0301                	addi	t1,t1,0
     134:	0900                	addi	s0,sp,144
     136:	0004                	.2byte	0x4
     138:	0501                	addi	a0,a0,0
     13a:	0019                	c.nop	6
     13c:	0402                	c.slli64	s0
     13e:	0304                	addi	s1,sp,384
     140:	097f                	.2byte	0x97f
     142:	0004                	.2byte	0x4
     144:	0501                	addi	a0,a0,0
     146:	0005                	c.nop	1
     148:	0402                	c.slli64	s0
     14a:	0304                	addi	s1,sp,384
     14c:	0901                	addi	s2,s2,0
     14e:	0002                	c.slli64	zero
     150:	0501                	addi	a0,a0,0
     152:	001f 0402 0604      	.byte	0x1f, 0x00, 0x02, 0x04, 0x04, 0x06
     158:	04097f03          	.4byte	0x4097f03
     15c:	0100                	addi	s0,sp,128
     15e:	1905                	addi	s2,s2,-31
     160:	0200                	addi	s0,sp,256
     162:	0404                	addi	s1,sp,512
     164:	00090003          	lb	zero,0(s2)
     168:	0100                	addi	s0,sp,128
     16a:	0205                	addi	tp,tp,1 # 1 <_program_size-0xd87>
     16c:	04090203          	lb	tp,64(s2)
     170:	0100                	addi	s0,sp,128
     172:	0105                	addi	sp,sp,1
     174:	0306                	slli	t1,t1,0x1
     176:	0901                	addi	s2,s2,0
     178:	0000                	unimp
     17a:	0901                	addi	s2,s2,0
     17c:	0002                	c.slli64	zero
     17e:	0100                	addi	s0,sp,128
     180:	0501                	addi	a0,a0,0
     182:	0001                	nop
     184:	0205                	addi	tp,tp,1 # 1 <_program_size-0xd87>
     186:	0052                	c.slli	zero,0x14
     188:	8000                	.2byte	0x8000
     18a:	05013103          	.4byte	0x5013103
     18e:	0302                	c.slli64	t1
     190:	0901                	addi	s2,s2,0
     192:	0000                	unimp
     194:	0301                	addi	t1,t1,0
     196:	0905                	addi	s2,s2,1
     198:	0000                	unimp
     19a:	0501                	addi	a0,a0,0
     19c:	0608                	addi	a0,sp,768
     19e:	00090003          	lb	zero,0(s2)
     1a2:	0100                	addi	s0,sp,128
     1a4:	0905                	addi	s2,s2,1
     1a6:	08090003          	lb	zero,128(s2)
     1aa:	0100                	addi	s0,sp,128
     1ac:	1b05                	addi	s6,s6,-31
     1ae:	04090003          	lb	zero,64(s2)
     1b2:	0100                	addi	s0,sp,128
     1b4:	0306                	slli	t1,t1,0x1
     1b6:	0900                	addi	s0,sp,144
     1b8:	0002                	c.slli64	zero
     1ba:	0501                	addi	a0,a0,0
     1bc:	0609                	addi	a2,a2,2 # ffffa002 <_ram_end+0x7ffea002>
     1be:	00090003          	lb	zero,0(s2)
     1c2:	0100                	addi	s0,sp,128
     1c4:	1b05                	addi	s6,s6,-31
     1c6:	06090003          	lb	zero,96(s2)
     1ca:	0100                	addi	s0,sp,128
     1cc:	0905                	addi	s2,s2,1
     1ce:	04090303          	lb	t1,64(s2)
     1d2:	0100                	addi	s0,sp,128
     1d4:	0305                	addi	t1,t1,1
     1d6:	0306                	slli	t1,t1,0x1
     1d8:	097e                	slli	s2,s2,0x1f
     1da:	0004                	.2byte	0x4
     1dc:	0501                	addi	a0,a0,0
     1de:	0606                	slli	a2,a2,0x1
     1e0:	00090003          	lb	zero,0(s2)
     1e4:	0100                	addi	s0,sp,128
     1e6:	0b05                	addi	s6,s6,1
     1e8:	04090103          	lb	sp,64(s2)
     1ec:	0100                	addi	s0,sp,128
     1ee:	0105                	addi	sp,sp,1
     1f0:	02090203          	lb	tp,32(s2)
     1f4:	0100                	addi	s0,sp,128
     1f6:	0209                	addi	tp,tp,2 # 2 <_program_size-0xd86>
     1f8:	0000                	unimp
     1fa:	0101                	addi	sp,sp,0
     1fc:	0105                	addi	sp,sp,1
     1fe:	0500                	addi	s0,sp,640
     200:	7602                	.2byte	0x7602
     202:	0000                	unimp
     204:	0380                	addi	s0,sp,448
     206:	00c4                	addi	s1,sp,68
     208:	0501                	addi	a0,a0,0
     20a:	0302                	c.slli64	t1
     20c:	0901                	addi	s2,s2,0
     20e:	0000                	unimp
     210:	0501                	addi	a0,a0,0
     212:	0601                	addi	a2,a2,0
     214:	00097f03          	.4byte	0x97f03
     218:	0100                	addi	s0,sp,128
     21a:	0b05                	addi	s6,s6,1
     21c:	02090103          	lb	sp,32(s2)
     220:	0100                	addi	s0,sp,128
     222:	0105                	addi	sp,sp,1
     224:	04097f03          	.4byte	0x4097f03
     228:	0100                	addi	s0,sp,128
     22a:	0b05                	addi	s6,s6,1
     22c:	02090103          	lb	sp,32(s2)
     230:	0100                	addi	s0,sp,128
     232:	0105                	addi	sp,sp,1
     234:	04097f03          	.4byte	0x4097f03
     238:	0100                	addi	s0,sp,128
     23a:	0c090003          	lb	zero,192(s2)
     23e:	0100                	addi	s0,sp,128
     240:	0b05                	addi	s6,s6,1
     242:	04090103          	lb	sp,64(s2)
     246:	0100                	addi	s0,sp,128
     248:	0205                	addi	tp,tp,1 # 1 <_program_size-0xd87>
     24a:	0306                	slli	t1,t1,0x1
     24c:	0902                	c.slli64	s2
     24e:	0004                	.2byte	0x4
     250:	0501                	addi	a0,a0,0
     252:	09000307          	.4byte	0x9000307
     256:	0000                	unimp
     258:	0501                	addi	a0,a0,0
     25a:	0319                	addi	t1,t1,6
     25c:	0900                	addi	s0,sp,144
     25e:	0000                	unimp
     260:	0501                	addi	a0,a0,0
     262:	061c                	addi	a5,sp,768
     264:	00090103          	lb	sp,0(s2)
     268:	0100                	addi	s0,sp,128
     26a:	1905                	addi	s2,s2,-31
     26c:	04097f03          	.4byte	0x4097f03
     270:	0100                	addi	s0,sp,128
     272:	0305                	addi	t1,t1,1
     274:	0200                	addi	s0,sp,256
     276:	0304                	addi	s1,sp,384
     278:	0306                	slli	t1,t1,0x1
     27a:	0901                	addi	s2,s2,0
     27c:	0004                	.2byte	0x4
     27e:	0501                	addi	a0,a0,0
     280:	001c                	.2byte	0x1c
     282:	0402                	c.slli64	s0
     284:	00030603          	lb	a2,0(t1)
     288:	0009                	c.nop	2
     28a:	0100                	addi	s0,sp,128
     28c:	1a05                	addi	s4,s4,-31
     28e:	0200                	addi	s0,sp,256
     290:	0304                	addi	s1,sp,384
     292:	0a090003          	lb	zero,160(s2)
     296:	0100                	addi	s0,sp,128
     298:	2005                	jal	2b8 <_program_size-0xad0>
     29a:	0200                	addi	s0,sp,256
     29c:	0304                	addi	s1,sp,384
     29e:	0306                	slli	t1,t1,0x1
     2a0:	097f                	.2byte	0x97f
     2a2:	0002                	c.slli64	zero
     2a4:	0501                	addi	a0,a0,0
     2a6:	0019                	c.nop	6
     2a8:	0402                	c.slli64	s0
     2aa:	09000303          	lb	t1,144(zero) # 90 <_program_size-0xcf8>
     2ae:	0000                	unimp
     2b0:	0501                	addi	a0,a0,0
     2b2:	0302                	c.slli64	t1
     2b4:	00060903          	lb	s2,0(a2)
     2b8:	0501                	addi	a0,a0,0
     2ba:	00030633          	add	a2,t1,zero
     2be:	0009                	c.nop	2
     2c0:	0100                	addi	s0,sp,128
     2c2:	0105                	addi	sp,sp,1
     2c4:	0e090103          	lb	sp,224(s2)
     2c8:	0100                	addi	s0,sp,128
     2ca:	1805                	addi	a6,a6,-31
     2cc:	04097f03          	.4byte	0x4097f03
     2d0:	0100                	addi	s0,sp,128
     2d2:	0105                	addi	sp,sp,1
     2d4:	08090103          	lb	sp,128(s2)
     2d8:	0100                	addi	s0,sp,128
     2da:	0e09                	addi	t3,t3,2 # 1d002 <_available_heap+0xfd8a>
     2dc:	0000                	unimp
     2de:	0101                	addi	sp,sp,0
     2e0:	0105                	addi	sp,sp,1
     2e2:	0500                	addi	s0,sp,640
     2e4:	d802                	sw	zero,48(sp)
     2e6:	0000                	unimp
     2e8:	0380                	addi	s0,sp,448
     2ea:	00ce                	slli	ra,ra,0x13
     2ec:	0501                	addi	a0,a0,0
     2ee:	0302                	c.slli64	t1
     2f0:	0901                	addi	s2,s2,0
     2f2:	0000                	unimp
     2f4:	0501                	addi	a0,a0,0
     2f6:	09000307          	.4byte	0x9000307
     2fa:	0000                	unimp
     2fc:	0501                	addi	a0,a0,0
     2fe:	0319                	addi	t1,t1,6
     300:	0900                	addi	s0,sp,144
     302:	0000                	unimp
     304:	0501                	addi	a0,a0,0
     306:	09010303          	lb	t1,144(sp)
     30a:	0000                	unimp
     30c:	0301                	addi	t1,t1,0
     30e:	0902                	c.slli64	s2
     310:	0000                	unimp
     312:	0501                	addi	a0,a0,0
     314:	0606                	slli	a2,a2,0x1
     316:	00090003          	lb	zero,0(s2)
     31a:	0100                	addi	s0,sp,128
     31c:	0305                	addi	t1,t1,1
     31e:	0306                	slli	t1,t1,0x1
     320:	097e                	slli	s2,s2,0x1f
     322:	0006                	c.slli	zero,0x1
     324:	0501                	addi	a0,a0,0
     326:	060c                	addi	a1,sp,768
     328:	00090003          	lb	zero,0(s2)
     32c:	0100                	addi	s0,sp,128
     32e:	0305                	addi	t1,t1,1
     330:	0306                	slli	t1,t1,0x1
     332:	0902                	c.slli64	s2
     334:	0002                	c.slli64	zero
     336:	0501                	addi	a0,a0,0
     338:	0606                	slli	a2,a2,0x1
     33a:	00090003          	lb	zero,0(s2)
     33e:	0100                	addi	s0,sp,128
     340:	0305                	addi	t1,t1,1
     342:	0306                	slli	t1,t1,0x1
     344:	0902                	c.slli64	s2
     346:	0008                	.2byte	0x8
     348:	0501                	addi	a0,a0,0
     34a:	0302                	c.slli64	t1
     34c:	0954                	addi	a3,sp,148
     34e:	0000                	unimp
     350:	0501                	addi	a0,a0,0
     352:	0612                	slli	a2,a2,0x4
     354:	02090103          	lb	sp,32(s2)
     358:	0100                	addi	s0,sp,128
     35a:	2005                	jal	37a <_program_size-0xa0e>
     35c:	0a092b03          	lw	s6,160(s2)
     360:	0100                	addi	s0,sp,128
     362:	0305                	addi	t1,t1,1
     364:	02090003          	lb	zero,32(s2)
     368:	0100                	addi	s0,sp,128
     36a:	1905                	addi	s2,s2,-31
     36c:	0306                	slli	t1,t1,0x1
     36e:	0004094b          	.4byte	0x4094b
     372:	0501                	addi	a0,a0,0
     374:	35030603          	lb	a2,848(t1)
     378:	0009                	c.nop	2
     37a:	0100                	addi	s0,sp,128
     37c:	0306                	slli	t1,t1,0x1
     37e:	094c                	addi	a1,sp,148
     380:	0004                	.2byte	0x4
     382:	0501                	addi	a0,a0,0
     384:	0606                	slli	a2,a2,0x1
     386:	00090003          	lb	zero,0(s2)
     38a:	0100                	addi	s0,sp,128
     38c:	0405                	addi	s0,s0,1
     38e:	0306                	slli	t1,t1,0x1
     390:	0901                	addi	s2,s2,0
     392:	0004                	.2byte	0x4
     394:	0501                	addi	a0,a0,0
     396:	0612                	slli	a2,a2,0x4
     398:	00090003          	lb	zero,0(s2)
     39c:	0100                	addi	s0,sp,128
     39e:	2005                	jal	3be <_program_size-0x9ca>
     3a0:	04090003          	lb	zero,64(s2)
     3a4:	0100                	addi	s0,sp,128
     3a6:	1405                	addi	s0,s0,-31
     3a8:	04090003          	lb	zero,64(s2)
     3ac:	0100                	addi	s0,sp,128
     3ae:	1f05                	addi	t5,t5,-31 # 19fe1 <_available_heap+0xcd69>
     3b0:	0306                	slli	t1,t1,0x1
     3b2:	097e                	slli	s2,s2,0x1f
     3b4:	0004                	.2byte	0x4
     3b6:	0501                	addi	a0,a0,0
     3b8:	0319                	addi	t1,t1,6
     3ba:	0900                	addi	s0,sp,144
     3bc:	0000                	unimp
     3be:	0501                	addi	a0,a0,0
     3c0:	0020                	addi	s0,sp,8
     3c2:	0402                	c.slli64	s0
     3c4:	0302                	c.slli64	t1
     3c6:	0930                	addi	a2,sp,152
     3c8:	0008                	.2byte	0x8
     3ca:	0501                	addi	a0,a0,0
     3cc:	0019                	c.nop	6
     3ce:	0402                	c.slli64	s0
     3d0:	0302                	c.slli64	t1
     3d2:	0900                	addi	s0,sp,144
     3d4:	0002                	c.slli64	zero
     3d6:	0501                	addi	a0,a0,0
     3d8:	0601                	addi	a2,a2,0
     3da:	04090703          	lb	a4,64(s2)
     3de:	0100                	addi	s0,sp,128
     3e0:	1005                	c.nop	-31
     3e2:	02097903          	.4byte	0x2097903
     3e6:	0100                	addi	s0,sp,128
     3e8:	0605                	addi	a2,a2,1
     3ea:	02090303          	lb	t1,32(s2)
     3ee:	0100                	addi	s0,sp,128
     3f0:	2005                	jal	410 <_program_size-0x978>
     3f2:	08090203          	lb	tp,128(s2)
     3f6:	0100                	addi	s0,sp,128
     3f8:	1905                	addi	s2,s2,-31
     3fa:	04094b03          	lbu	s6,64(s2)
     3fe:	0100                	addi	s0,sp,128
     400:	02093003          	.4byte	0x2093003
     404:	0100                	addi	s0,sp,128
     406:	1205                	addi	tp,tp,-31 # ffffffe1 <_ram_end+0x7ffeffe1>
     408:	04095a03          	lhu	s4,64(s2)
     40c:	0100                	addi	s0,sp,128
     40e:	0409                	addi	s0,s0,2
     410:	0000                	unimp
     412:	0101                	addi	sp,sp,0
     414:	0105                	addi	sp,sp,1
     416:	0500                	addi	s0,sp,640
     418:	3602                	.2byte	0x3602
     41a:	0001                	nop
     41c:	0380                	addi	s0,sp,448
     41e:	00ec                	addi	a1,sp,76
     420:	0601                	addi	a2,a2,0
     422:	1c090003          	lb	zero,448(s2)
     426:	0100                	addi	s0,sp,128
     428:	0205                	addi	tp,tp,1 # 1 <_program_size-0xd87>
     42a:	0306                	slli	t1,t1,0x1
     42c:	0901                	addi	s2,s2,0
     42e:	0004                	.2byte	0x4
     430:	0301                	addi	t1,t1,0
     432:	0902                	c.slli64	s2
     434:	0000                	unimp
     436:	0501                	addi	a0,a0,0
     438:	0605                	addi	a2,a2,1
     43a:	00090003          	lb	zero,0(s2)
     43e:	0100                	addi	s0,sp,128
     440:	1705                	addi	a4,a4,-31
     442:	04090503          	lb	a0,64(s2)
     446:	0100                	addi	s0,sp,128
     448:	0e090103          	lb	sp,224(s2)
     44c:	0100                	addi	s0,sp,128
     44e:	0305                	addi	t1,t1,1
     450:	02090303          	lb	t1,32(s2)
     454:	0100                	addi	s0,sp,128
     456:	0205                	addi	tp,tp,1 # 1 <_program_size-0xd87>
     458:	0306                	slli	t1,t1,0x1
     45a:	097c                	addi	a5,sp,156
     45c:	000e                	c.slli	zero,0x3
     45e:	0301                	addi	t1,t1,0
     460:	0901                	addi	s2,s2,0
     462:	0000                	unimp
     464:	0501                	addi	a0,a0,0
     466:	00030617          	auipc	a2,0x30
     46a:	0009                	c.nop	2
     46c:	0100                	addi	s0,sp,128
     46e:	0205                	addi	tp,tp,1 # 1 <_program_size-0xd87>
     470:	0306                	slli	t1,t1,0x1
     472:	0902                	c.slli64	s2
     474:	0002                	c.slli64	zero
     476:	0501                	addi	a0,a0,0
     478:	09000307          	.4byte	0x9000307
     47c:	0000                	unimp
     47e:	0501                	addi	a0,a0,0
     480:	0319                	addi	t1,t1,6
     482:	0900                	addi	s0,sp,144
     484:	0000                	unimp
     486:	0501                	addi	a0,a0,0
     488:	7e030617          	auipc	a2,0x7e030
     48c:	0009                	c.nop	2
     48e:	0100                	addi	s0,sp,128
     490:	0305                	addi	t1,t1,1
     492:	02090303          	lb	t1,32(s2)
     496:	0100                	addi	s0,sp,128
     498:	0306                	slli	t1,t1,0x1
     49a:	0900                	addi	s0,sp,144
     49c:	0004                	.2byte	0x4
     49e:	0501                	addi	a0,a0,0
     4a0:	061d                	addi	a2,a2,7 # 7e03048f <_available_heap+0x7e023217>
     4a2:	00090003          	lb	zero,0(s2)
     4a6:	0100                	addi	s0,sp,128
     4a8:	0305                	addi	t1,t1,1
     4aa:	08090003          	lb	zero,128(s2)
     4ae:	0100                	addi	s0,sp,128
     4b0:	1d05                	addi	s10,s10,-31 # 1afe1 <_available_heap+0xdd69>
     4b2:	04090003          	lb	zero,64(s2)
     4b6:	0100                	addi	s0,sp,128
     4b8:	1b05                	addi	s6,s6,-31
     4ba:	02090003          	lb	zero,32(s2)
     4be:	0100                	addi	s0,sp,128
     4c0:	2e05                	jal	7f0 <_program_size-0x598>
     4c2:	0306                	slli	t1,t1,0x1
     4c4:	097f                	.2byte	0x97f
     4c6:	0004                	.2byte	0x4
     4c8:	0501                	addi	a0,a0,0
     4ca:	0319                	addi	t1,t1,6
     4cc:	0900                	addi	s0,sp,144
     4ce:	0000                	unimp
     4d0:	0301                	addi	t1,t1,0
     4d2:	0902                	c.slli64	s2
     4d4:	000a                	c.slli	zero,0x2
     4d6:	0501                	addi	a0,a0,0
     4d8:	09010303          	lb	t1,144(sp)
     4dc:	0000                	unimp
     4de:	0501                	addi	a0,a0,0
     4e0:	061f 0003 0009      	.byte	0x1f, 0x06, 0x03, 0x00, 0x09, 0x00
     4e6:	0100                	addi	s0,sp,128
     4e8:	1d05                	addi	s10,s10,-31
     4ea:	0c090003          	lb	zero,192(s2)
     4ee:	0100                	addi	s0,sp,128
     4f0:	3005                	jal	fffffd10 <_ram_end+0x7ffefd10>
     4f2:	0306                	slli	t1,t1,0x1
     4f4:	097f                	.2byte	0x97f
     4f6:	0004                	.2byte	0x4
     4f8:	0501                	addi	a0,a0,0
     4fa:	0319                	addi	t1,t1,6
     4fc:	0900                	addi	s0,sp,144
     4fe:	0000                	unimp
     500:	0501                	addi	a0,a0,0
     502:	09010303          	lb	t1,144(sp)
     506:	0000                	unimp
     508:	0501                	addi	a0,a0,0
     50a:	061f 0003 0009      	.byte	0x1f, 0x06, 0x03, 0x00, 0x09, 0x00
     510:	0100                	addi	s0,sp,128
     512:	1d05                	addi	s10,s10,-31
     514:	04090003          	lb	zero,64(s2)
     518:	0100                	addi	s0,sp,128
     51a:	3005                	jal	fffffd3a <_ram_end+0x7ffefd3a>
     51c:	0306                	slli	t1,t1,0x1
     51e:	097f                	.2byte	0x97f
     520:	0006                	c.slli	zero,0x1
     522:	0501                	addi	a0,a0,0
     524:	0319                	addi	t1,t1,6
     526:	0900                	addi	s0,sp,144
     528:	0000                	unimp
     52a:	0501                	addi	a0,a0,0
     52c:	09010303          	lb	t1,144(sp)
     530:	0000                	unimp
     532:	0501                	addi	a0,a0,0
     534:	061f 0003 0009      	.byte	0x1f, 0x06, 0x03, 0x00, 0x09, 0x00
     53a:	0100                	addi	s0,sp,128
     53c:	1d05                	addi	s10,s10,-31
     53e:	08090003          	lb	zero,128(s2)
     542:	0100                	addi	s0,sp,128
     544:	3005                	jal	fffffd64 <_ram_end+0x7ffefd64>
     546:	0306                	slli	t1,t1,0x1
     548:	097f                	.2byte	0x97f
     54a:	0006                	c.slli	zero,0x1
     54c:	0501                	addi	a0,a0,0
     54e:	0319                	addi	t1,t1,6
     550:	0900                	addi	s0,sp,144
     552:	0000                	unimp
     554:	0501                	addi	a0,a0,0
     556:	0302                	c.slli64	t1
     558:	00000903          	lb	s2,0(zero) # 0 <_program_size-0xd88>
     55c:	0501                	addi	a0,a0,0
     55e:	0616                	slli	a2,a2,0x5
     560:	00090003          	lb	zero,0(s2)
     564:	0100                	addi	s0,sp,128
     566:	1d05                	addi	s10,s10,-31
     568:	04097e03          	.4byte	0x4097e03
     56c:	0100                	addi	s0,sp,128
     56e:	1605                	addi	a2,a2,-31
     570:	04090203          	lb	tp,64(s2)
     574:	0100                	addi	s0,sp,128
     576:	0205                	addi	tp,tp,1 # 1 <_program_size-0xd87>
     578:	0306                	slli	t1,t1,0x1
     57a:	0901                	addi	s2,s2,0
     57c:	0004                	.2byte	0x4
     57e:	0501                	addi	a0,a0,0
     580:	00030613          	mv	a2,t1
     584:	0009                	c.nop	2
     586:	0100                	addi	s0,sp,128
     588:	0205                	addi	tp,tp,1 # 1 <_program_size-0xd87>
     58a:	0306                	slli	t1,t1,0x1
     58c:	0902                	c.slli64	s2
     58e:	0008                	.2byte	0x8
     590:	0501                	addi	a0,a0,0
     592:	00030607          	.4byte	0x30607
     596:	0009                	c.nop	2
     598:	0100                	addi	s0,sp,128
     59a:	0205                	addi	tp,tp,1 # 1 <_program_size-0xd87>
     59c:	0306                	slli	t1,t1,0x1
     59e:	0901                	addi	s2,s2,0
     5a0:	0002                	c.slli64	zero
     5a2:	0501                	addi	a0,a0,0
     5a4:	0605                	addi	a2,a2,1
     5a6:	00090003          	lb	zero,0(s2)
     5aa:	0100                	addi	s0,sp,128
     5ac:	1e05                	addi	t3,t3,-31
     5ae:	02090903          	lb	s2,32(s2)
     5b2:	0100                	addi	s0,sp,128
     5b4:	1005                	c.nop	-31
     5b6:	04097c03          	.4byte	0x4097c03
     5ba:	0100                	addi	s0,sp,128
     5bc:	0c05                	addi	s8,s8,1 # 11001 <_available_heap+0x3d89>
     5be:	02090103          	lb	sp,32(s2)
     5c2:	0100                	addi	s0,sp,128
     5c4:	1e05                	addi	t3,t3,-31
     5c6:	04090303          	lb	t1,64(s2)
     5ca:	0100                	addi	s0,sp,128
     5cc:	3805                	jal	fffffdfc <_ram_end+0x7ffefdfc>
     5ce:	04090203          	lb	tp,64(s2)
     5d2:	0100                	addi	s0,sp,128
     5d4:	1405                	addi	s0,s0,-31
     5d6:	02090103          	lb	sp,32(s2)
     5da:	0100                	addi	s0,sp,128
     5dc:	1d05                	addi	s10,s10,-31
     5de:	0306                	slli	t1,t1,0x1
     5e0:	0979                	addi	s2,s2,30
     5e2:	0002                	c.slli64	zero
     5e4:	0501                	addi	a0,a0,0
     5e6:	0302                	c.slli64	t1
     5e8:	0911                	addi	s2,s2,4
     5ea:	0004                	.2byte	0x4
     5ec:	0301                	addi	t1,t1,0
     5ee:	0901                	addi	s2,s2,0
     5f0:	0008                	.2byte	0x8
     5f2:	0501                	addi	a0,a0,0
     5f4:	0615                	addi	a2,a2,5
     5f6:	00090003          	lb	zero,0(s2)
     5fa:	0100                	addi	s0,sp,128
     5fc:	0205                	addi	tp,tp,1 # 1 <_program_size-0xd87>
     5fe:	0306                	slli	t1,t1,0x1
     600:	0902                	c.slli64	s2
     602:	000a                	c.slli	zero,0x2
     604:	0501                	addi	a0,a0,0
     606:	00030607          	.4byte	0x30607
     60a:	0009                	c.nop	2
     60c:	0100                	addi	s0,sp,128
     60e:	0205                	addi	tp,tp,1 # 1 <_program_size-0xd87>
     610:	0306                	slli	t1,t1,0x1
     612:	0901                	addi	s2,s2,0
     614:	0002                	c.slli64	zero
     616:	0501                	addi	a0,a0,0
     618:	0605                	addi	a2,a2,1
     61a:	00090003          	lb	zero,0(s2)
     61e:	0100                	addi	s0,sp,128
     620:	0205                	addi	tp,tp,1 # 1 <_program_size-0xd87>
     622:	0306                	slli	t1,t1,0x1
     624:	0902                	c.slli64	s2
     626:	0002                	c.slli64	zero
     628:	0301                	addi	t1,t1,0
     62a:	00080903          	lb	s2,0(a6)
     62e:	0501                	addi	a0,a0,0
     630:	09000307          	.4byte	0x9000307
     634:	0000                	unimp
     636:	0501                	addi	a0,a0,0
     638:	0610                	addi	a2,sp,768
     63a:	00090003          	lb	zero,0(s2)
     63e:	0100                	addi	s0,sp,128
     640:	1405                	addi	s0,s0,-31
     642:	04090203          	lb	tp,64(s2)
     646:	0100                	addi	s0,sp,128
     648:	2605                	jal	968 <_program_size-0x420>
     64a:	0306                	slli	t1,t1,0x1
     64c:	097e                	slli	s2,s2,0x1f
     64e:	0006                	c.slli	zero,0x1
     650:	0501                	addi	a0,a0,0
     652:	0302                	c.slli64	t1
     654:	0004090b          	.4byte	0x4090b
     658:	0501                	addi	a0,a0,0
     65a:	0615                	addi	a2,a2,5
     65c:	00090003          	lb	zero,0(s2)
     660:	0100                	addi	s0,sp,128
     662:	0205                	addi	tp,tp,1 # 1 <_program_size-0xd87>
     664:	0306                	slli	t1,t1,0x1
     666:	0902                	c.slli64	s2
     668:	000c                	.2byte	0xc
     66a:	0501                	addi	a0,a0,0
     66c:	00030607          	.4byte	0x30607
     670:	0009                	c.nop	2
     672:	0100                	addi	s0,sp,128
     674:	0205                	addi	tp,tp,1 # 1 <_program_size-0xd87>
     676:	0306                	slli	t1,t1,0x1
     678:	0901                	addi	s2,s2,0
     67a:	0002                	c.slli64	zero
     67c:	0501                	addi	a0,a0,0
     67e:	0605                	addi	a2,a2,1
     680:	00090003          	lb	zero,0(s2)
     684:	0100                	addi	s0,sp,128
     686:	1905                	addi	s2,s2,-31
     688:	097fad03          	lw	s10,151(t6)
     68c:	0008                	.2byte	0x8
     68e:	0501                	addi	a0,a0,0
     690:	01030603          	lb	a2,16(t1)
     694:	0409                	addi	s0,s0,2
     696:	0100                	addi	s0,sp,128
     698:	0205                	addi	tp,tp,1 # 1 <_program_size-0xd87>
     69a:	02094403          	lbu	s0,32(s2)
     69e:	0100                	addi	s0,sp,128
     6a0:	0705                	addi	a4,a4,1
     6a2:	00090003          	lb	zero,0(s2)
     6a6:	0100                	addi	s0,sp,128
     6a8:	1905                	addi	s2,s2,-31
     6aa:	00090003          	lb	zero,0(s2)
     6ae:	0100                	addi	s0,sp,128
     6b0:	0305                	addi	t1,t1,1
     6b2:	00090103          	lb	sp,0(s2)
     6b6:	0100                	addi	s0,sp,128
     6b8:	0405                	addi	s0,s0,1
     6ba:	00090103          	lb	sp,0(s2)
     6be:	0100                	addi	s0,sp,128
     6c0:	1905                	addi	s2,s2,-31
     6c2:	0306                	slli	t1,t1,0x1
     6c4:	0939                	addi	s2,s2,14
     6c6:	0000                	unimp
     6c8:	0501                	addi	a0,a0,0
     6ca:	0320                	addi	s0,sp,392
     6cc:	00040947          	.4byte	0x40947
     6d0:	0501                	addi	a0,a0,0
     6d2:	0314                	addi	a3,sp,384
     6d4:	0900                	addi	s0,sp,144
     6d6:	0004                	.2byte	0x4
     6d8:	0501                	addi	a0,a0,0
     6da:	061f 7e03 0409      	.byte	0x1f, 0x06, 0x03, 0x7e, 0x09, 0x04
     6e0:	0100                	addi	s0,sp,128
     6e2:	1905                	addi	s2,s2,-31
     6e4:	00090003          	lb	zero,0(s2)
     6e8:	0100                	addi	s0,sp,128
     6ea:	0305                	addi	t1,t1,1
     6ec:	00090103          	lb	sp,0(s2)
     6f0:	0100                	addi	s0,sp,128
     6f2:	0405                	addi	s0,s0,1
     6f4:	00090103          	lb	sp,0(s2)
     6f8:	0100                	addi	s0,sp,128
     6fa:	2005                	jal	71a <_program_size-0x66e>
     6fc:	0306                	slli	t1,t1,0x1
     6fe:	0900                	addi	s0,sp,144
     700:	0000                	unimp
     702:	0501                	addi	a0,a0,0
     704:	0314                	addi	a3,sp,384
     706:	0900                	addi	s0,sp,144
     708:	0004                	.2byte	0x4
     70a:	0501                	addi	a0,a0,0
     70c:	061f 7e03 0409      	.byte	0x1f, 0x06, 0x03, 0x7e, 0x09, 0x04
     712:	0100                	addi	s0,sp,128
     714:	1905                	addi	s2,s2,-31
     716:	00090003          	lb	zero,0(s2)
     71a:	0100                	addi	s0,sp,128
     71c:	0305                	addi	t1,t1,1
     71e:	00090103          	lb	sp,0(s2)
     722:	0100                	addi	s0,sp,128
     724:	0405                	addi	s0,s0,1
     726:	00090103          	lb	sp,0(s2)
     72a:	0100                	addi	s0,sp,128
     72c:	2005                	jal	74c <_program_size-0x63c>
     72e:	0306                	slli	t1,t1,0x1
     730:	0900                	addi	s0,sp,144
     732:	0000                	unimp
     734:	0501                	addi	a0,a0,0
     736:	0314                	addi	a3,sp,384
     738:	0900                	addi	s0,sp,144
     73a:	0004                	.2byte	0x4
     73c:	0501                	addi	a0,a0,0
     73e:	061f 7e03 0409      	.byte	0x1f, 0x06, 0x03, 0x7e, 0x09, 0x04
     744:	0100                	addi	s0,sp,128
     746:	1905                	addi	s2,s2,-31
     748:	00090003          	lb	zero,0(s2)
     74c:	0100                	addi	s0,sp,128
     74e:	0305                	addi	t1,t1,1
     750:	00090103          	lb	sp,0(s2)
     754:	0100                	addi	s0,sp,128
     756:	0405                	addi	s0,s0,1
     758:	00090103          	lb	sp,0(s2)
     75c:	0100                	addi	s0,sp,128
     75e:	1405                	addi	s0,s0,-31
     760:	0306                	slli	t1,t1,0x1
     762:	0900                	addi	s0,sp,144
     764:	0000                	unimp
     766:	0501                	addi	a0,a0,0
     768:	061f 7e03 0409      	.byte	0x1f, 0x06, 0x03, 0x7e, 0x09, 0x04
     76e:	0100                	addi	s0,sp,128
     770:	1905                	addi	s2,s2,-31
     772:	00090003          	lb	zero,0(s2)
     776:	0100                	addi	s0,sp,128
     778:	2e05                	jal	aa8 <_program_size-0x2e0>
     77a:	00093b03          	.4byte	0x93b03
     77e:	0100                	addi	s0,sp,128
     780:	1905                	addi	s2,s2,-31
     782:	00090003          	lb	zero,0(s2)
     786:	0100                	addi	s0,sp,128
     788:	0105                	addi	sp,sp,1
     78a:	0306                	slli	t1,t1,0x1
     78c:	00d8                	addi	a4,sp,68
     78e:	0409                	addi	s0,s0,2
     790:	0100                	addi	s0,sp,128
     792:	0305                	addi	t1,t1,1
     794:	0306                	slli	t1,t1,0x1
     796:	0954                	addi	a3,sp,148
     798:	001e                	c.slli	zero,0x7
     79a:	0501                	addi	a0,a0,0
     79c:	060c                	addi	a1,sp,768
     79e:	00090003          	lb	zero,0(s2)
     7a2:	0100                	addi	s0,sp,128
     7a4:	0305                	addi	t1,t1,1
     7a6:	0306                	slli	t1,t1,0x1
     7a8:	0902                	c.slli64	s2
     7aa:	0004                	.2byte	0x4
     7ac:	0501                	addi	a0,a0,0
     7ae:	0308                	addi	a0,sp,384
     7b0:	0900                	addi	s0,sp,144
     7b2:	0000                	unimp
     7b4:	0501                	addi	a0,a0,0
     7b6:	031a                	slli	t1,t1,0x6
     7b8:	0900                	addi	s0,sp,144
     7ba:	0000                	unimp
     7bc:	0501                	addi	a0,a0,0
     7be:	060c                	addi	a1,sp,768
     7c0:	00097e03          	.4byte	0x97e03
     7c4:	0100                	addi	s0,sp,128
     7c6:	1e05                	addi	t3,t3,-31
     7c8:	04090303          	lb	t1,64(s2)
     7cc:	0100                	addi	s0,sp,128
     7ce:	0405                	addi	s0,s0,1
     7d0:	0306                	slli	t1,t1,0x1
     7d2:	0900                	addi	s0,sp,144
     7d4:	0004                	.2byte	0x4
     7d6:	0501                	addi	a0,a0,0
     7d8:	061e                	slli	a2,a2,0x7
     7da:	00090003          	lb	zero,0(s2)
     7de:	0100                	addi	s0,sp,128
     7e0:	1c05                	addi	s8,s8,-31
     7e2:	0a090003          	lb	zero,160(s2)
     7e6:	0100                	addi	s0,sp,128
     7e8:	2005                	jal	808 <_program_size-0x580>
     7ea:	0306                	slli	t1,t1,0x1
     7ec:	097f                	.2byte	0x97f
     7ee:	0004                	.2byte	0x4
     7f0:	0501                	addi	a0,a0,0
     7f2:	031a                	slli	t1,t1,0x6
     7f4:	0900                	addi	s0,sp,144
     7f6:	0000                	unimp
     7f8:	0501                	addi	a0,a0,0
     7fa:	09030303          	lb	t1,144(t1)
     7fe:	0006                	c.slli	zero,0x1
     800:	0501                	addi	a0,a0,0
     802:	0638                	addi	a4,sp,776
     804:	00090003          	lb	zero,0(s2)
     808:	0100                	addi	s0,sp,128
     80a:	1905                	addi	s2,s2,-31
     80c:	08090003          	lb	zero,128(s2)
     810:	0100                	addi	s0,sp,128
     812:	0305                	addi	t1,t1,1
     814:	0306                	slli	t1,t1,0x1
     816:	0901                	addi	s2,s2,0
     818:	0006                	c.slli	zero,0x1
     81a:	0501                	addi	a0,a0,0
     81c:	0614                	addi	a3,sp,768
     81e:	00090003          	lb	zero,0(s2)
     822:	0100                	addi	s0,sp,128
     824:	0305                	addi	t1,t1,1
     826:	0306                	slli	t1,t1,0x1
     828:	0902                	c.slli64	s2
     82a:	0008                	.2byte	0x8
     82c:	0501                	addi	a0,a0,0
     82e:	0608                	addi	a0,sp,768
     830:	00090003          	lb	zero,0(s2)
     834:	0100                	addi	s0,sp,128
     836:	0305                	addi	t1,t1,1
     838:	0306                	slli	t1,t1,0x1
     83a:	0901                	addi	s2,s2,0
     83c:	0002                	c.slli64	zero
     83e:	0501                	addi	a0,a0,0
     840:	0606                	slli	a2,a2,0x1
     842:	00090003          	lb	zero,0(s2)
     846:	0100                	addi	s0,sp,128
     848:	2b05                	jal	d78 <_program_size-0x10>
     84a:	0306                	slli	t1,t1,0x1
     84c:	0976                	slli	s2,s2,0x1d
     84e:	0002                	c.slli64	zero
     850:	0501                	addi	a0,a0,0
     852:	091b0303          	lb	t1,145(s6)
     856:	0004                	.2byte	0x4
     858:	0301                	addi	t1,t1,0
     85a:	0901                	addi	s2,s2,0
     85c:	0008                	.2byte	0x8
     85e:	0501                	addi	a0,a0,0
     860:	0614                	addi	a3,sp,768
     862:	00090003          	lb	zero,0(s2)
     866:	0100                	addi	s0,sp,128
     868:	0305                	addi	t1,t1,1
     86a:	0306                	slli	t1,t1,0x1
     86c:	0902                	c.slli64	s2
     86e:	0008                	.2byte	0x8
     870:	0501                	addi	a0,a0,0
     872:	0608                	addi	a0,sp,768
     874:	00090003          	lb	zero,0(s2)
     878:	0100                	addi	s0,sp,128
     87a:	0305                	addi	t1,t1,1
     87c:	0306                	slli	t1,t1,0x1
     87e:	0901                	addi	s2,s2,0
     880:	0002                	c.slli64	zero
     882:	0501                	addi	a0,a0,0
     884:	0606                	slli	a2,a2,0x1
     886:	00090003          	lb	zero,0(s2)
     88a:	0100                	addi	s0,sp,128
     88c:	0305                	addi	t1,t1,1
     88e:	0306                	slli	t1,t1,0x1
     890:	0902                	c.slli64	s2
     892:	0002                	c.slli64	zero
     894:	0501                	addi	a0,a0,0
     896:	0334                	addi	a3,sp,392
     898:	0979                	addi	s2,s2,30
     89a:	0008                	.2byte	0x8
     89c:	0501                	addi	a0,a0,0
     89e:	060a                	slli	a2,a2,0x2
     8a0:	06095103          	lhu	sp,96(s2)
     8a4:	0100                	addi	s0,sp,128
     8a6:	0409                	addi	s0,s0,2
     8a8:	0000                	unimp
     8aa:	0101                	addi	sp,sp,0
     8ac:	0105                	addi	sp,sp,1
     8ae:	0500                	addi	s0,sp,640
     8b0:	e002                	.2byte	0xe002
     8b2:	0002                	c.slli64	zero
     8b4:	0380                	addi	s0,sp,448
     8b6:	01b9                	addi	gp,gp,14
     8b8:	0501                	addi	a0,a0,0
     8ba:	0302                	c.slli64	t1
     8bc:	0901                	addi	s2,s2,0
     8be:	0000                	unimp
     8c0:	0501                	addi	a0,a0,0
     8c2:	0601                	addi	a2,a2,0
     8c4:	00097f03          	.4byte	0x97f03
     8c8:	0100                	addi	s0,sp,128
     8ca:	0905                	addi	s2,s2,1
     8cc:	02090103          	lb	sp,32(s2)
     8d0:	0100                	addi	s0,sp,128
     8d2:	0105                	addi	sp,sp,1
     8d4:	12097f03          	.4byte	0x12097f03
     8d8:	0100                	addi	s0,sp,128
     8da:	0905                	addi	s2,s2,1
     8dc:	02090103          	lb	sp,32(s2)
     8e0:	0100                	addi	s0,sp,128
     8e2:	0105                	addi	sp,sp,1
     8e4:	02090103          	lb	sp,32(s2)
     8e8:	0100                	addi	s0,sp,128
     8ea:	0609                	addi	a2,a2,2
     8ec:	0000                	unimp
     8ee:	0101                	addi	sp,sp,0
     8f0:	0105                	addi	sp,sp,1
     8f2:	0500                	addi	s0,sp,640
     8f4:	fe02                	.2byte	0xfe02
     8f6:	0002                	c.slli64	zero
     8f8:	0380                	addi	s0,sp,448
     8fa:	050101cf          	.4byte	0x50101cf
     8fe:	0302                	c.slli64	t1
     900:	0901                	addi	s2,s2,0
     902:	0000                	unimp
     904:	0301                	addi	t1,t1,0
     906:	0901                	addi	s2,s2,0
     908:	0000                	unimp
     90a:	0301                	addi	t1,t1,0
     90c:	0901                	addi	s2,s2,0
     90e:	0000                	unimp
     910:	0301                	addi	t1,t1,0
     912:	0902                	c.slli64	s2
     914:	0000                	unimp
     916:	0501                	addi	a0,a0,0
     918:	0601                	addi	a2,a2,0
     91a:	00097b03          	.4byte	0x97b03
     91e:	0100                	addi	s0,sp,128
     920:	0705                	addi	a4,a4,1
     922:	08090503          	lb	a0,128(s2)
     926:	0100                	addi	s0,sp,128
     928:	0105                	addi	sp,sp,1
     92a:	04097b03          	.4byte	0x4097b03
     92e:	0100                	addi	s0,sp,128
     930:	0705                	addi	a4,a4,1
     932:	08090503          	lb	a0,128(s2)
     936:	0100                	addi	s0,sp,128
     938:	0105                	addi	sp,sp,1
     93a:	10097b03          	.4byte	0x10097b03
     93e:	0100                	addi	s0,sp,128
     940:	04090003          	lb	zero,64(s2)
     944:	0100                	addi	s0,sp,128
     946:	0705                	addi	a4,a4,1
     948:	02090503          	lb	a0,32(s2)
     94c:	0100                	addi	s0,sp,128
     94e:	0205                	addi	tp,tp,1 # 1 <_program_size-0xd87>
     950:	0306                	slli	t1,t1,0x1
     952:	0902                	c.slli64	s2
     954:	0002                	c.slli64	zero
     956:	0501                	addi	a0,a0,0
     958:	0605                	addi	a2,a2,1
     95a:	00090003          	lb	zero,0(s2)
     95e:	0100                	addi	s0,sp,128
     960:	1105                	addi	sp,sp,-31
     962:	0200                	addi	s0,sp,256
     964:	0104                	addi	s1,sp,128
     966:	04090003          	lb	zero,64(s2)
     96a:	0100                	addi	s0,sp,128
     96c:	02090103          	lb	sp,32(s2)
     970:	0100                	addi	s0,sp,128
     972:	1a05                	addi	s4,s4,-31
     974:	02090003          	lb	zero,32(s2)
     978:	0100                	addi	s0,sp,128
     97a:	0405                	addi	s0,s0,1
     97c:	0200                	addi	s0,sp,256
     97e:	0304                	addi	s1,sp,384
     980:	0306                	slli	t1,t1,0x1
     982:	0901                	addi	s2,s2,0
     984:	0002                	c.slli64	zero
     986:	0501                	addi	a0,a0,0
     988:	001c                	.2byte	0x1c
     98a:	0402                	c.slli64	s0
     98c:	00030603          	lb	a2,0(t1)
     990:	0009                	c.nop	2
     992:	0100                	addi	s0,sp,128
     994:	1205                	addi	tp,tp,-31 # ffffffe1 <_ram_end+0x7ffeffe1>
     996:	0200                	addi	s0,sp,256
     998:	0304                	addi	s1,sp,384
     99a:	04090003          	lb	zero,64(s2)
     99e:	0100                	addi	s0,sp,128
     9a0:	2b05                	jal	ed0 <_program_size+0x148>
     9a2:	0200                	addi	s0,sp,256
     9a4:	0304                	addi	s1,sp,384
     9a6:	08097f03          	.4byte	0x8097f03
     9aa:	0100                	addi	s0,sp,128
     9ac:	1205                	addi	tp,tp,-31 # ffffffe1 <_ram_end+0x7ffeffe1>
     9ae:	0200                	addi	s0,sp,256
     9b0:	0304                	addi	s1,sp,384
     9b2:	02090103          	lb	sp,32(s2)
     9b6:	0100                	addi	s0,sp,128
     9b8:	2b05                	jal	ee8 <_program_size+0x160>
     9ba:	0200                	addi	s0,sp,256
     9bc:	0304                	addi	s1,sp,384
     9be:	0306                	slli	t1,t1,0x1
     9c0:	097f                	.2byte	0x97f
     9c2:	0004                	.2byte	0x4
     9c4:	0501                	addi	a0,a0,0
     9c6:	001a                	c.slli	zero,0x6
     9c8:	0402                	c.slli64	s0
     9ca:	09000303          	lb	t1,144(zero) # 90 <_program_size-0xcf8>
     9ce:	0000                	unimp
     9d0:	0501                	addi	a0,a0,0
     9d2:	0011                	c.nop	4
     9d4:	0402                	c.slli64	s0
     9d6:	00030603          	lb	a2,0(t1)
     9da:	0409                	addi	s0,s0,2
     9dc:	0100                	addi	s0,sp,128
     9de:	1905                	addi	s2,s2,-31
     9e0:	0200                	addi	s0,sp,256
     9e2:	0304                	addi	s1,sp,384
     9e4:	04090503          	lb	a0,64(s2)
     9e8:	0100                	addi	s0,sp,128
     9ea:	0305                	addi	t1,t1,1
     9ec:	0200                	addi	s0,sp,256
     9ee:	0304                	addi	s1,sp,384
     9f0:	0306                	slli	t1,t1,0x1
     9f2:	0901                	addi	s2,s2,0
     9f4:	0002                	c.slli64	zero
     9f6:	0501                	addi	a0,a0,0
     9f8:	001e                	c.slli	zero,0x7
     9fa:	0402                	c.slli64	s0
     9fc:	00030603          	lb	a2,0(t1)
     a00:	0009                	c.nop	2
     a02:	0100                	addi	s0,sp,128
     a04:	2705                	jal	1124 <_program_size+0x39c>
     a06:	0200                	addi	s0,sp,256
     a08:	0304                	addi	s1,sp,384
     a0a:	04090003          	lb	zero,64(s2)
     a0e:	0100                	addi	s0,sp,128
     a10:	0b05                	addi	s6,s6,1
     a12:	0200                	addi	s0,sp,256
     a14:	0304                	addi	s1,sp,384
     a16:	04090003          	lb	zero,64(s2)
     a1a:	0100                	addi	s0,sp,128
     a1c:	2a05                	jal	b4c <_program_size-0x23c>
     a1e:	0200                	addi	s0,sp,256
     a20:	0304                	addi	s1,sp,384
     a22:	08097f03          	.4byte	0x8097f03
     a26:	0100                	addi	s0,sp,128
     a28:	0b05                	addi	s6,s6,1
     a2a:	0200                	addi	s0,sp,256
     a2c:	0304                	addi	s1,sp,384
     a2e:	02090103          	lb	sp,32(s2)
     a32:	0100                	addi	s0,sp,128
     a34:	0805                	addi	a6,a6,1
     a36:	0200                	addi	s0,sp,256
     a38:	0304                	addi	s1,sp,384
     a3a:	02090003          	lb	zero,32(s2)
     a3e:	0100                	addi	s0,sp,128
     a40:	2a05                	jal	b70 <_program_size-0x218>
     a42:	0200                	addi	s0,sp,256
     a44:	0304                	addi	s1,sp,384
     a46:	0306                	slli	t1,t1,0x1
     a48:	097f                	.2byte	0x97f
     a4a:	0002                	c.slli64	zero
     a4c:	0501                	addi	a0,a0,0
     a4e:	0019                	c.nop	6
     a50:	0402                	c.slli64	s0
     a52:	09000303          	lb	t1,144(zero) # 90 <_program_size-0xcf8>
     a56:	0000                	unimp
     a58:	0501                	addi	a0,a0,0
     a5a:	0302                	c.slli64	t1
     a5c:	00040903          	lb	s2,0(s0)
     a60:	0501                	addi	a0,a0,0
     a62:	0609                	addi	a2,a2,2
     a64:	00090903          	lb	s2,0(s2)
     a68:	0100                	addi	s0,sp,128
     a6a:	0505                	addi	a0,a0,1
     a6c:	02097703          	.4byte	0x2097703
     a70:	0100                	addi	s0,sp,128
     a72:	1105                	addi	sp,sp,-31
     a74:	02090403          	lb	s0,32(s2)
     a78:	0100                	addi	s0,sp,128
     a7a:	0205                	addi	tp,tp,1 # 1 <_program_size-0xd87>
     a7c:	0306                	slli	t1,t1,0x1
     a7e:	0976                	slli	s2,s2,0x1d
     a80:	0004                	.2byte	0x4
     a82:	0501                	addi	a0,a0,0
     a84:	0605                	addi	a2,a2,1
     a86:	00090003          	lb	zero,0(s2)
     a8a:	0100                	addi	s0,sp,128
     a8c:	0105                	addi	sp,sp,1
     a8e:	02091003          	lh	zero,32(s2)
     a92:	0100                	addi	s0,sp,128
     a94:	0405                	addi	s0,s0,1
     a96:	0200                	addi	s0,sp,256
     a98:	0304                	addi	s1,sp,384
     a9a:	0306                	slli	t1,t1,0x1
     a9c:	0010097b          	.4byte	0x10097b
     aa0:	0501                	addi	a0,a0,0
     aa2:	000a                	c.slli	zero,0x2
     aa4:	0402                	c.slli64	s0
     aa6:	00030603          	lb	a2,0(t1)
     aaa:	0009                	c.nop	2
     aac:	0100                	addi	s0,sp,128
     aae:	2505                	jal	10ce <_program_size+0x346>
     ab0:	0200                	addi	s0,sp,256
     ab2:	0304                	addi	s1,sp,384
     ab4:	0306                	slli	t1,t1,0x1
     ab6:	097f                	.2byte	0x97f
     ab8:	0008                	.2byte	0x8
     aba:	0501                	addi	a0,a0,0
     abc:	001a                	c.slli	zero,0x6
     abe:	0402                	c.slli64	s0
     ac0:	0301                	addi	t1,t1,0
     ac2:	0900                	addi	s0,sp,144
     ac4:	0002                	c.slli64	zero
     ac6:	0501                	addi	a0,a0,0
     ac8:	060a                	slli	a2,a2,0x2
     aca:	04090203          	lb	tp,64(s2)
     ace:	0100                	addi	s0,sp,128
     ad0:	0409                	addi	s0,s0,2
     ad2:	0000                	unimp
     ad4:	0101                	addi	sp,sp,0
     ad6:	0105                	addi	sp,sp,1
     ad8:	0500                	addi	s0,sp,640
     ada:	9602                	jalr	a2
     adc:	03800003          	lb	zero,56(zero) # 38 <_program_size-0xd50>
     ae0:	050101c3          	.4byte	0x50101c3
     ae4:	0302                	c.slli64	t1
     ae6:	0901                	addi	s2,s2,0
     ae8:	0000                	unimp
     aea:	0501                	addi	a0,a0,0
     aec:	0601                	addi	a2,a2,0
     aee:	00097f03          	.4byte	0x97f03
     af2:	0100                	addi	s0,sp,128
     af4:	0905                	addi	s2,s2,1
     af6:	02090103          	lb	sp,32(s2)
     afa:	0100                	addi	s0,sp,128
     afc:	0105                	addi	sp,sp,1
     afe:	02097f03          	.4byte	0x2097f03
     b02:	0100                	addi	s0,sp,128
     b04:	0905                	addi	s2,s2,1
     b06:	02090103          	lb	sp,32(s2)
     b0a:	0100                	addi	s0,sp,128
     b0c:	0105                	addi	sp,sp,1
     b0e:	02090203          	lb	tp,32(s2)
     b12:	0100                	addi	s0,sp,128
     b14:	0609                	addi	a2,a2,2
     b16:	0000                	unimp
     b18:	0101                	addi	sp,sp,0
     b1a:	0e54                	addi	a3,sp,788
     b1c:	0000                	unimp
     b1e:	0005                	c.nop	1
     b20:	0004                	.2byte	0x4
     b22:	0040                	addi	s0,sp,4
     b24:	0000                	unimp
     b26:	0101                	addi	sp,sp,0
     b28:	fb01                	bnez	a4,a38 <_program_size-0x350>
     b2a:	0d0e                	slli	s10,s10,0x3
     b2c:	0100                	addi	s0,sp,128
     b2e:	0101                	addi	sp,sp,0
     b30:	0001                	nop
     b32:	0000                	unimp
     b34:	0001                	nop
     b36:	0100                	addi	s0,sp,128
     b38:	0101                	addi	sp,sp,0
     b3a:	041f 0000 0000      	.byte	0x1f, 0x04, 0x00, 0x00, 0x00, 0x00
     b40:	0035                	c.nop	13
     b42:	0000                	unimp
     b44:	00b5                	addi	ra,ra,13
     b46:	0000                	unimp
     b48:	0110                	addi	a2,sp,128
     b4a:	0000                	unimp
     b4c:	0102                	c.slli64	sp
     b4e:	021f 040f 01bb      	.byte	0x1f, 0x02, 0x0f, 0x04, 0xbb, 0x01
     b54:	0000                	unimp
     b56:	bb01                	j	866 <_program_size-0x522>
     b58:	0001                	nop
     b5a:	0100                	addi	s0,sp,128
     b5c:	00000167          	jalr	sp,zero # 0 <_program_size-0xd88>
     b60:	7802                	.2byte	0x7802
     b62:	0001                	nop
     b64:	0300                	addi	s0,sp,384
     b66:	0105                	addi	sp,sp,1
     b68:	0500                	addi	s0,sp,640
     b6a:	a402                	.2byte	0xa402
     b6c:	03800003          	lb	zero,56(zero) # 38 <_program_size-0xd50>
     b70:	0119                	addi	sp,sp,6
     b72:	0205                	addi	tp,tp,1 # 1 <_program_size-0xd87>
     b74:	00090103          	lb	sp,0(s2)
     b78:	0100                	addi	s0,sp,128
     b7a:	00090203          	lb	tp,0(s2)
     b7e:	0100                	addi	s0,sp,128
     b80:	0705                	addi	a4,a4,1
     b82:	00090003          	lb	zero,0(s2)
     b86:	0100                	addi	s0,sp,128
     b88:	1905                	addi	s2,s2,-31
     b8a:	00090003          	lb	zero,0(s2)
     b8e:	0100                	addi	s0,sp,128
     b90:	0105                	addi	sp,sp,1
     b92:	0306                	slli	t1,t1,0x1
     b94:	097d                	addi	s2,s2,31
     b96:	0000                	unimp
     b98:	0501                	addi	a0,a0,0
     b9a:	0901030b          	.4byte	0x901030b
     b9e:	0004                	.2byte	0x4
     ba0:	0501                	addi	a0,a0,0
     ba2:	0319                	addi	t1,t1,6
     ba4:	0902                	c.slli64	s2
     ba6:	0002                	c.slli64	zero
     ba8:	0501                	addi	a0,a0,0
     baa:	01030603          	lb	a2,16(t1)
     bae:	0409                	addi	s0,s0,2
     bb0:	0100                	addi	s0,sp,128
     bb2:	0605                	addi	a2,a2,1
     bb4:	0306                	slli	t1,t1,0x1
     bb6:	0900                	addi	s0,sp,144
     bb8:	0000                	unimp
     bba:	0501                	addi	a0,a0,0
     bbc:	0604                	addi	s1,sp,768
     bbe:	04090103          	lb	sp,64(s2)
     bc2:	0100                	addi	s0,sp,128
     bc4:	1705                	addi	a4,a4,-31
     bc6:	0306                	slli	t1,t1,0x1
     bc8:	0900                	addi	s0,sp,144
     bca:	0000                	unimp
     bcc:	0501                	addi	a0,a0,0
     bce:	0309                	addi	t1,t1,2
     bd0:	0900                	addi	s0,sp,144
     bd2:	0004                	.2byte	0x4
     bd4:	0501                	addi	a0,a0,0
     bd6:	0321                	addi	t1,t1,8
     bd8:	0900                	addi	s0,sp,144
     bda:	0004                	.2byte	0x4
     bdc:	0501                	addi	a0,a0,0
     bde:	0306                	slli	t1,t1,0x1
     be0:	0900                	addi	s0,sp,144
     be2:	0004                	.2byte	0x4
     be4:	0501                	addi	a0,a0,0
     be6:	001f 0402 0602      	.byte	0x1f, 0x00, 0x02, 0x04, 0x02, 0x06
     bec:	02097e03          	.4byte	0x2097e03
     bf0:	0100                	addi	s0,sp,128
     bf2:	1905                	addi	s2,s2,-31
     bf4:	0200                	addi	s0,sp,256
     bf6:	0204                	addi	s1,sp,256
     bf8:	00090003          	lb	zero,0(s2)
     bfc:	0100                	addi	s0,sp,128
     bfe:	0205                	addi	tp,tp,1 # 1 <_program_size-0xd87>
     c00:	08090303          	lb	t1,128(s2)
     c04:	0100                	addi	s0,sp,128
     c06:	0105                	addi	sp,sp,1
     c08:	0306                	slli	t1,t1,0x1
     c0a:	0901                	addi	s2,s2,0
     c0c:	0000                	unimp
     c0e:	0901                	addi	s2,s2,0
     c10:	0002                	c.slli64	zero
     c12:	0100                	addi	s0,sp,128
     c14:	0501                	addi	a0,a0,0
     c16:	0001                	nop
     c18:	0205                	addi	tp,tp,1 # 1 <_program_size-0xd87>
     c1a:	03ca                	slli	t2,t2,0x12
     c1c:	8000                	.2byte	0x8000
     c1e:	05012303          	lw	t1,80(sp)
     c22:	0302                	c.slli64	t1
     c24:	0901                	addi	s2,s2,0
     c26:	0000                	unimp
     c28:	0501                	addi	a0,a0,0
     c2a:	09000307          	.4byte	0x9000307
     c2e:	0000                	unimp
     c30:	0501                	addi	a0,a0,0
     c32:	0319                	addi	t1,t1,6
     c34:	0900                	addi	s0,sp,144
     c36:	0000                	unimp
     c38:	0501                	addi	a0,a0,0
     c3a:	0601                	addi	a2,a2,0
     c3c:	00097f03          	.4byte	0x97f03
     c40:	0100                	addi	s0,sp,128
     c42:	1905                	addi	s2,s2,-31
     c44:	02090103          	lb	sp,32(s2)
     c48:	0100                	addi	s0,sp,128
     c4a:	0305                	addi	t1,t1,1
     c4c:	0306                	slli	t1,t1,0x1
     c4e:	0901                	addi	s2,s2,0
     c50:	0004                	.2byte	0x4
     c52:	0501                	addi	a0,a0,0
     c54:	0606                	slli	a2,a2,0x1
     c56:	00090003          	lb	zero,0(s2)
     c5a:	0100                	addi	s0,sp,128
     c5c:	0405                	addi	s0,s0,1
     c5e:	0306                	slli	t1,t1,0x1
     c60:	0901                	addi	s2,s2,0
     c62:	0004                	.2byte	0x4
     c64:	0501                	addi	a0,a0,0
     c66:	0612                	slli	a2,a2,0x4
     c68:	00090003          	lb	zero,0(s2)
     c6c:	0100                	addi	s0,sp,128
     c6e:	2005                	jal	c8e <_program_size-0xfa>
     c70:	04090003          	lb	zero,64(s2)
     c74:	0100                	addi	s0,sp,128
     c76:	1405                	addi	s0,s0,-31
     c78:	04090003          	lb	zero,64(s2)
     c7c:	0100                	addi	s0,sp,128
     c7e:	1f05                	addi	t5,t5,-31
     c80:	0200                	addi	s0,sp,256
     c82:	0204                	addi	s1,sp,256
     c84:	0306                	slli	t1,t1,0x1
     c86:	097e                	slli	s2,s2,0x1f
     c88:	0004                	.2byte	0x4
     c8a:	0501                	addi	a0,a0,0
     c8c:	0019                	c.nop	6
     c8e:	0402                	c.slli64	s0
     c90:	0302                	c.slli64	t1
     c92:	0900                	addi	s0,sp,144
     c94:	0000                	unimp
     c96:	0501                	addi	a0,a0,0
     c98:	0601                	addi	a2,a2,0
     c9a:	08090303          	lb	t1,128(s2)
     c9e:	0100                	addi	s0,sp,128
     ca0:	0209                	addi	tp,tp,2 # 2 <_program_size-0xd86>
     ca2:	0000                	unimp
     ca4:	0101                	addi	sp,sp,0
     ca6:	0105                	addi	sp,sp,1
     ca8:	0500                	addi	s0,sp,640
     caa:	ea02                	.2byte	0xea02
     cac:	03800003          	lb	zero,56(zero) # 38 <_program_size-0xd50>
     cb0:	02050133          	mul	sp,a0,zero
     cb4:	00090103          	lb	sp,0(s2)
     cb8:	0100                	addi	s0,sp,128
     cba:	00090203          	lb	tp,0(s2)
     cbe:	0100                	addi	s0,sp,128
     cc0:	0805                	addi	a6,a6,1
     cc2:	0306                	slli	t1,t1,0x1
     cc4:	0900                	addi	s0,sp,144
     cc6:	0000                	unimp
     cc8:	0501                	addi	a0,a0,0
     cca:	0900030b          	.4byte	0x900030b
     cce:	0008                	.2byte	0x8
     cd0:	0501                	addi	a0,a0,0
     cd2:	032e                	slli	t1,t1,0xb
     cd4:	0900                	addi	s0,sp,144
     cd6:	0004                	.2byte	0x4
     cd8:	0601                	addi	a2,a2,0
     cda:	02090003          	lb	zero,32(s2)
     cde:	0100                	addi	s0,sp,128
     ce0:	0b05                	addi	s6,s6,1
     ce2:	0306                	slli	t1,t1,0x1
     ce4:	0900                	addi	s0,sp,144
     ce6:	0000                	unimp
     ce8:	0501                	addi	a0,a0,0
     cea:	031f 0900 0002      	.byte	0x1f, 0x03, 0x00, 0x09, 0x02, 0x00
     cf0:	0501                	addi	a0,a0,0
     cf2:	032e                	slli	t1,t1,0xb
     cf4:	0900                	addi	s0,sp,144
     cf6:	0002                	c.slli64	zero
     cf8:	0501                	addi	a0,a0,0
     cfa:	0309                	addi	t1,t1,2
     cfc:	00080903          	lb	s2,0(a6)
     d00:	0501                	addi	a0,a0,0
     d02:	7e030603          	lb	a2,2016(t1)
     d06:	0409                	addi	s0,s0,2
     d08:	0100                	addi	s0,sp,128
     d0a:	0605                	addi	a2,a2,1
     d0c:	0306                	slli	t1,t1,0x1
     d0e:	0900                	addi	s0,sp,144
     d10:	0000                	unimp
     d12:	0501                	addi	a0,a0,0
     d14:	0901030b          	.4byte	0x901030b
     d18:	0004                	.2byte	0x4
     d1a:	0501                	addi	a0,a0,0
     d1c:	0301                	addi	t1,t1,0
     d1e:	0902                	c.slli64	s2
     d20:	0002                	c.slli64	zero
     d22:	0901                	addi	s2,s2,0
     d24:	0002                	c.slli64	zero
     d26:	0100                	addi	s0,sp,128
     d28:	0501                	addi	a0,a0,0
     d2a:	0020                	addi	s0,sp,8
     d2c:	0205                	addi	tp,tp,1 # 1 <_program_size-0xd87>
     d2e:	0410                	addi	a2,sp,512
     d30:	8000                	.2byte	0x8000
     d32:	05013d03          	.4byte	0x5013d03
     d36:	0322                	slli	t1,t1,0x8
     d38:	0900                	addi	s0,sp,144
     d3a:	0000                	unimp
     d3c:	0501                	addi	a0,a0,0
     d3e:	0629                	addi	a2,a2,10
     d40:	00090003          	lb	zero,0(s2)
     d44:	0100                	addi	s0,sp,128
     d46:	0609                	addi	a2,a2,2
     d48:	0000                	unimp
     d4a:	0101                	addi	sp,sp,0
     d4c:	0105                	addi	sp,sp,1
     d4e:	0500                	addi	s0,sp,640
     d50:	1602                	slli	a2,a2,0x20
     d52:	0004                	.2byte	0x4
     d54:	0380                	addi	s0,sp,448
     d56:	01a4                	addi	s1,sp,200
     d58:	0501                	addi	a0,a0,0
     d5a:	0302                	c.slli64	t1
     d5c:	0901                	addi	s2,s2,0
     d5e:	0000                	unimp
     d60:	0501                	addi	a0,a0,0
     d62:	09000307          	.4byte	0x9000307
     d66:	0000                	unimp
     d68:	0501                	addi	a0,a0,0
     d6a:	031d                	addi	t1,t1,7
     d6c:	0900                	addi	s0,sp,144
     d6e:	0000                	unimp
     d70:	0501                	addi	a0,a0,0
     d72:	0601                	addi	a2,a2,0
     d74:	00097f03          	.4byte	0x97f03
     d78:	0100                	addi	s0,sp,128
     d7a:	2605                	jal	109a <_program_size+0x312>
     d7c:	02090203          	lb	tp,32(s2)
     d80:	0100                	addi	s0,sp,128
     d82:	0105                	addi	sp,sp,1
     d84:	04097e03          	.4byte	0x4097e03
     d88:	0100                	addi	s0,sp,128
     d8a:	0c090003          	lb	zero,192(s2)
     d8e:	0100                	addi	s0,sp,128
     d90:	2605                	jal	10b0 <_program_size+0x328>
     d92:	06090203          	lb	tp,96(s2)
     d96:	0100                	addi	s0,sp,128
     d98:	04090103          	lb	sp,64(s2)
     d9c:	0100                	addi	s0,sp,128
     d9e:	0305                	addi	t1,t1,1
     da0:	0200                	addi	s0,sp,256
     da2:	0304                	addi	s1,sp,384
     da4:	0306                	slli	t1,t1,0x1
     da6:	097f                	.2byte	0x97f
     da8:	0004                	.2byte	0x4
     daa:	0501                	addi	a0,a0,0
     dac:	0026                	c.slli	zero,0x9
     dae:	0402                	c.slli64	s0
     db0:	00030603          	lb	a2,0(t1)
     db4:	0009                	c.nop	2
     db6:	0100                	addi	s0,sp,128
     db8:	0305                	addi	t1,t1,1
     dba:	0200                	addi	s0,sp,256
     dbc:	0304                	addi	s1,sp,384
     dbe:	04090003          	lb	zero,64(s2)
     dc2:	0100                	addi	s0,sp,128
     dc4:	0200                	addi	s0,sp,256
     dc6:	0304                	addi	s1,sp,384
     dc8:	0306                	slli	t1,t1,0x1
     dca:	0901                	addi	s2,s2,0
     dcc:	000a                	c.slli	zero,0x2
     dce:	0501                	addi	a0,a0,0
     dd0:	0026                	c.slli	zero,0x9
     dd2:	0402                	c.slli64	s0
     dd4:	00030603          	lb	a2,0(t1)
     dd8:	0009                	c.nop	2
     dda:	0100                	addi	s0,sp,128
     ddc:	0305                	addi	t1,t1,1
     dde:	0200                	addi	s0,sp,256
     de0:	0304                	addi	s1,sp,384
     de2:	04090003          	lb	zero,64(s2)
     de6:	0100                	addi	s0,sp,128
     de8:	2505                	jal	1408 <_program_size+0x680>
     dea:	0200                	addi	s0,sp,256
     dec:	0304                	addi	s1,sp,384
     dee:	0306                	slli	t1,t1,0x1
     df0:	097e                	slli	s2,s2,0x1f
     df2:	000e                	c.slli	zero,0x3
     df4:	0501                	addi	a0,a0,0
     df6:	001d                	c.nop	7
     df8:	0402                	c.slli64	s0
     dfa:	09000303          	lb	t1,144(zero) # 90 <_program_size-0xcf8>
     dfe:	0000                	unimp
     e00:	0501                	addi	a0,a0,0
     e02:	0601                	addi	a2,a2,0
     e04:	04090403          	lb	s0,64(s2)
     e08:	0100                	addi	s0,sp,128
     e0a:	1009                	c.nop	-30
     e0c:	0000                	unimp
     e0e:	0101                	addi	sp,sp,0
     e10:	0105                	addi	sp,sp,1
     e12:	0500                	addi	s0,sp,640
     e14:	6a02                	.2byte	0x6a02
     e16:	0004                	.2byte	0x4
     e18:	0380                	addi	s0,sp,448
     e1a:	01ad                	addi	gp,gp,11
     e1c:	0501                	addi	a0,a0,0
     e1e:	0302                	c.slli64	t1
     e20:	0901                	addi	s2,s2,0
     e22:	0000                	unimp
     e24:	0501                	addi	a0,a0,0
     e26:	09000307          	.4byte	0x9000307
     e2a:	0000                	unimp
     e2c:	0501                	addi	a0,a0,0
     e2e:	0601                	addi	a2,a2,0
     e30:	00097f03          	.4byte	0x97f03
     e34:	0100                	addi	s0,sp,128
     e36:	2605                	jal	1156 <_program_size+0x3ce>
     e38:	02090203          	lb	tp,32(s2)
     e3c:	0100                	addi	s0,sp,128
     e3e:	0105                	addi	sp,sp,1
     e40:	04097e03          	.4byte	0x4097e03
     e44:	0100                	addi	s0,sp,128
     e46:	0c090003          	lb	zero,192(s2)
     e4a:	0100                	addi	s0,sp,128
     e4c:	0205                	addi	tp,tp,1 # 1 <_program_size-0xd87>
     e4e:	04090103          	lb	sp,64(s2)
     e52:	0100                	addi	s0,sp,128
     e54:	2605                	jal	1174 <_program_size+0x3ec>
     e56:	02090103          	lb	sp,32(s2)
     e5a:	0100                	addi	s0,sp,128
     e5c:	04090103          	lb	sp,64(s2)
     e60:	0100                	addi	s0,sp,128
     e62:	1d05                	addi	s10,s10,-31
     e64:	0200                	addi	s0,sp,256
     e66:	0104                	addi	s1,sp,128
     e68:	0306                	slli	t1,t1,0x1
     e6a:	097e                	slli	s2,s2,0x1f
     e6c:	0004                	.2byte	0x4
     e6e:	0501                	addi	a0,a0,0
     e70:	0601                	addi	a2,a2,0
     e72:	04090403          	lb	s0,64(s2)
     e76:	0100                	addi	s0,sp,128
     e78:	0305                	addi	t1,t1,1
     e7a:	0200                	addi	s0,sp,256
     e7c:	0304                	addi	s1,sp,384
     e7e:	0306                	slli	t1,t1,0x1
     e80:	097d                	addi	s2,s2,31
     e82:	0010                	.2byte	0x10
     e84:	0501                	addi	a0,a0,0
     e86:	0026                	c.slli	zero,0x9
     e88:	0402                	c.slli64	s0
     e8a:	00030603          	lb	a2,0(t1)
     e8e:	0009                	c.nop	2
     e90:	0100                	addi	s0,sp,128
     e92:	0305                	addi	t1,t1,1
     e94:	0200                	addi	s0,sp,256
     e96:	0304                	addi	s1,sp,384
     e98:	04090003          	lb	zero,64(s2)
     e9c:	0100                	addi	s0,sp,128
     e9e:	0200                	addi	s0,sp,256
     ea0:	0304                	addi	s1,sp,384
     ea2:	0306                	slli	t1,t1,0x1
     ea4:	0901                	addi	s2,s2,0
     ea6:	000a                	c.slli	zero,0x2
     ea8:	0501                	addi	a0,a0,0
     eaa:	0026                	c.slli	zero,0x9
     eac:	0402                	c.slli64	s0
     eae:	00030603          	lb	a2,0(t1)
     eb2:	0009                	c.nop	2
     eb4:	0100                	addi	s0,sp,128
     eb6:	0305                	addi	t1,t1,1
     eb8:	0200                	addi	s0,sp,256
     eba:	0304                	addi	s1,sp,384
     ebc:	04090003          	lb	zero,64(s2)
     ec0:	0100                	addi	s0,sp,128
     ec2:	2505                	jal	14e2 <_program_size+0x75a>
     ec4:	0200                	addi	s0,sp,256
     ec6:	0304                	addi	s1,sp,384
     ec8:	0306                	slli	t1,t1,0x1
     eca:	097e                	slli	s2,s2,0x1f
     ecc:	000c                	.2byte	0xc
     ece:	0901                	addi	s2,s2,0
     ed0:	0004                	.2byte	0x4
     ed2:	0100                	addi	s0,sp,128
     ed4:	0501                	addi	a0,a0,0
     ed6:	0001                	nop
     ed8:	0205                	addi	tp,tp,1 # 1 <_program_size-0xd87>
     eda:	04c0                	addi	s0,sp,580
     edc:	8000                	.2byte	0x8000
     ede:	0100db03          	lhu	s6,16(ra)
     ee2:	0205                	addi	tp,tp,1 # 1 <_program_size-0xd87>
     ee4:	00090103          	lb	sp,0(s2)
     ee8:	0100                	addi	s0,sp,128
     eea:	2205                	jal	100a <_program_size+0x282>
     eec:	00096003          	.4byte	0x96003
     ef0:	0100                	addi	s0,sp,128
     ef2:	0105                	addi	sp,sp,1
     ef4:	0306                	slli	t1,t1,0x1
     ef6:	091f 0000 0501      	.byte	0x1f, 0x09, 0x00, 0x00, 0x01, 0x05
     efc:	0329                	addi	t1,t1,10
     efe:	0961                	addi	s2,s2,24
     f00:	000a                	c.slli	zero,0x2
     f02:	0501                	addi	a0,a0,0
     f04:	0301                	addi	t1,t1,0
     f06:	091f 0004 0301      	.byte	0x1f, 0x09, 0x04, 0x00, 0x01, 0x03
     f0c:	0900                	addi	s0,sp,144
     f0e:	000e                	c.slli	zero,0x3
     f10:	0501                	addi	a0,a0,0
     f12:	0329                	addi	t1,t1,10
     f14:	0961                	addi	s2,s2,24
     f16:	0008                	.2byte	0x8
     f18:	0501                	addi	a0,a0,0
     f1a:	0602                	c.slli64	a2
     f1c:	04092203          	lw	tp,64(s2)
     f20:	0100                	addi	s0,sp,128
     f22:	0505                	addi	a0,a0,1
     f24:	0306                	slli	t1,t1,0x1
     f26:	0900                	addi	s0,sp,144
     f28:	0000                	unimp
     f2a:	0501                	addi	a0,a0,0
     f2c:	0602                	c.slli64	a2
     f2e:	02090303          	lb	t1,32(s2)
     f32:	0100                	addi	s0,sp,128
     f34:	1705                	addi	a4,a4,-31
     f36:	0306                	slli	t1,t1,0x1
     f38:	0900                	addi	s0,sp,144
     f3a:	0000                	unimp
     f3c:	0501                	addi	a0,a0,0
     f3e:	0315                	addi	t1,t1,5
     f40:	0900                	addi	s0,sp,144
     f42:	0008                	.2byte	0x8
     f44:	0501                	addi	a0,a0,0
     f46:	0602                	c.slli64	a2
     f48:	08090103          	lb	sp,128(s2)
     f4c:	0100                	addi	s0,sp,128
     f4e:	1705                	addi	a4,a4,-31
     f50:	0306                	slli	t1,t1,0x1
     f52:	0900                	addi	s0,sp,144
     f54:	0000                	unimp
     f56:	0501                	addi	a0,a0,0
     f58:	0315                	addi	t1,t1,5
     f5a:	0900                	addi	s0,sp,144
     f5c:	000a                	c.slli	zero,0x2
     f5e:	0501                	addi	a0,a0,0
     f60:	0602                	c.slli64	a2
     f62:	04090103          	lb	sp,64(s2)
     f66:	0100                	addi	s0,sp,128
     f68:	1705                	addi	a4,a4,-31
     f6a:	0306                	slli	t1,t1,0x1
     f6c:	0901                	addi	s2,s2,0
     f6e:	0000                	unimp
     f70:	0501                	addi	a0,a0,0
     f72:	0335                	addi	t1,t1,13
     f74:	0902                	c.slli64	s2
     f76:	0008                	.2byte	0x8
     f78:	0501                	addi	a0,a0,0
     f7a:	032e                	slli	t1,t1,0xb
     f7c:	097f                	.2byte	0x97f
     f7e:	0002                	c.slli64	zero
     f80:	0501                	addi	a0,a0,0
     f82:	09010317          	auipc	t1,0x9010
     f86:	0002                	c.slli64	zero
     f88:	0301                	addi	t1,t1,0 # 9010f82 <_available_heap+0x9003d0a>
     f8a:	097d                	addi	s2,s2,31
     f8c:	0004                	.2byte	0x4
     f8e:	0501                	addi	a0,a0,0
     f90:	0602                	c.slli64	a2
     f92:	06090403          	lb	s0,96(s2)
     f96:	0100                	addi	s0,sp,128
     f98:	0105                	addi	sp,sp,1
     f9a:	0306                	slli	t1,t1,0x1
     f9c:	0901                	addi	s2,s2,0
     f9e:	0000                	unimp
     fa0:	0901                	addi	s2,s2,0
     fa2:	0018                	.2byte	0x18
     fa4:	0100                	addi	s0,sp,128
     fa6:	0501                	addi	a0,a0,0
     fa8:	0001                	nop
     faa:	0205                	addi	tp,tp,1 # 1 <_program_size-0xd87>
     fac:	0536                	slli	a0,a0,0xd
     fae:	8000                	.2byte	0x8000
     fb0:	0100f603          	.4byte	0x100f603
     fb4:	0205                	addi	tp,tp,1 # 1 <_program_size-0xd87>
     fb6:	00090103          	lb	sp,0(s2)
     fba:	0100                	addi	s0,sp,128
     fbc:	00090203          	lb	tp,0(s2)
     fc0:	0100                	addi	s0,sp,128
     fc2:	0505                	addi	a0,a0,1
     fc4:	0306                	slli	t1,t1,0x1
     fc6:	0900                	addi	s0,sp,144
     fc8:	0000                	unimp
     fca:	0501                	addi	a0,a0,0
     fcc:	01030603          	lb	a2,16(t1)
     fd0:	0209                	addi	tp,tp,2 # 2 <_program_size-0xd86>
     fd2:	0100                	addi	s0,sp,128
     fd4:	0a05                	addi	s4,s4,1
     fd6:	0306                	slli	t1,t1,0x1
     fd8:	0900                	addi	s0,sp,144
     fda:	0000                	unimp
     fdc:	0501                	addi	a0,a0,0
     fde:	0301                	addi	t1,t1,0
     fe0:	097c                	addi	a5,sp,156
     fe2:	000a                	c.slli	zero,0x2
     fe4:	0501                	addi	a0,a0,0
     fe6:	0901030b          	.4byte	0x901030b
     fea:	001a                	c.slli	zero,0x6
     fec:	0501                	addi	a0,a0,0
     fee:	0306                	slli	t1,t1,0x1
     ff0:	0915                	addi	s2,s2,5
     ff2:	0002                	c.slli64	zero
     ff4:	0501                	addi	a0,a0,0
     ff6:	09030307          	.4byte	0x9030307
     ffa:	0002                	c.slli64	zero
     ffc:	0501                	addi	a0,a0,0
     ffe:	77030603          	lb	a2,1904(t1)
    1002:	0809                	addi	a6,a6,2
    1004:	0100                	addi	s0,sp,128
    1006:	00090103          	lb	sp,0(s2)
    100a:	0100                	addi	s0,sp,128
    100c:	1405                	addi	s0,s0,-31
    100e:	0306                	slli	t1,t1,0x1
    1010:	0900                	addi	s0,sp,144
    1012:	0000                	unimp
    1014:	0501                	addi	a0,a0,0
    1016:	01030603          	lb	a2,16(t1)
    101a:	0409                	addi	s0,s0,2
    101c:	0100                	addi	s0,sp,128
    101e:	2605                	jal	133e <_program_size+0x5b6>
    1020:	0306                	slli	t1,t1,0x1
    1022:	0900                	addi	s0,sp,144
    1024:	0000                	unimp
    1026:	0501                	addi	a0,a0,0
    1028:	01030603          	lb	a2,16(t1)
    102c:	0409                	addi	s0,s0,2
    102e:	0100                	addi	s0,sp,128
    1030:	00090103          	lb	sp,0(s2)
    1034:	0100                	addi	s0,sp,128
    1036:	00090203          	lb	tp,0(s2)
    103a:	0100                	addi	s0,sp,128
    103c:	2605                	jal	135c <_program_size+0x5d4>
    103e:	0306                	slli	t1,t1,0x1
    1040:	097c                	addi	a5,sp,156
    1042:	0000                	unimp
    1044:	0501                	addi	a0,a0,0
    1046:	0306                	slli	t1,t1,0x1
    1048:	0904                	addi	s1,sp,144
    104a:	0002                	c.slli64	zero
    104c:	0501                	addi	a0,a0,0
    104e:	09010307          	.4byte	0x9010307
    1052:	0006                	c.slli	zero,0x1
    1054:	0501                	addi	a0,a0,0
    1056:	0326                	slli	t1,t1,0x9
    1058:	0004097b          	.4byte	0x4097b
    105c:	0501                	addi	a0,a0,0
    105e:	01030603          	lb	a2,16(t1)
    1062:	0409                	addi	s0,s0,2
    1064:	0100                	addi	s0,sp,128
    1066:	00090103          	lb	sp,0(s2)
    106a:	0100                	addi	s0,sp,128
    106c:	00090203          	lb	tp,0(s2)
    1070:	0100                	addi	s0,sp,128
    1072:	0705                	addi	a4,a4,1
    1074:	0306                	slli	t1,t1,0x1
    1076:	0901                	addi	s2,s2,0
    1078:	0000                	unimp
    107a:	0501                	addi	a0,a0,0
    107c:	0306                	slli	t1,t1,0x1
    107e:	097f                	.2byte	0x97f
    1080:	0002                	c.slli64	zero
    1082:	0501                	addi	a0,a0,0
    1084:	0608                	addi	a0,sp,768
    1086:	04090203          	lb	tp,64(s2)
    108a:	0100                	addi	s0,sp,128
    108c:	0405                	addi	s0,s0,1
    108e:	00090103          	lb	sp,0(s2)
    1092:	0100                	addi	s0,sp,128
    1094:	0705                	addi	a4,a4,1
    1096:	0306                	slli	t1,t1,0x1
    1098:	0900                	addi	s0,sp,144
    109a:	0000                	unimp
    109c:	0501                	addi	a0,a0,0
    109e:	04030603          	lb	a2,64(t1)
    10a2:	0209                	addi	tp,tp,2 # 2 <_program_size-0xd86>
    10a4:	0100                	addi	s0,sp,128
    10a6:	0805                	addi	a6,a6,1
    10a8:	0306                	slli	t1,t1,0x1
    10aa:	0900                	addi	s0,sp,144
    10ac:	0000                	unimp
    10ae:	0501                	addi	a0,a0,0
    10b0:	01030603          	lb	a2,16(t1)
    10b4:	0609                	addi	a2,a2,2
    10b6:	0100                	addi	s0,sp,128
    10b8:	0605                	addi	a2,a2,1
    10ba:	0306                	slli	t1,t1,0x1
    10bc:	0900                	addi	s0,sp,144
    10be:	0000                	unimp
    10c0:	0501                	addi	a0,a0,0
    10c2:	062c                	addi	a1,sp,776
    10c4:	02097103          	.4byte	0x2097103
    10c8:	0100                	addi	s0,sp,128
    10ca:	1d05                	addi	s10,s10,-31
    10cc:	0306                	slli	t1,t1,0x1
    10ce:	0900                	addi	s0,sp,144
    10d0:	0000                	unimp
    10d2:	0501                	addi	a0,a0,0
    10d4:	0331                	addi	t1,t1,12
    10d6:	0900                	addi	s0,sp,144
    10d8:	0006                	c.slli	zero,0x1
    10da:	0501                	addi	a0,a0,0
    10dc:	061d                	addi	a2,a2,7
    10de:	02090003          	lb	zero,32(s2)
    10e2:	0100                	addi	s0,sp,128
    10e4:	0105                	addi	sp,sp,1
    10e6:	0306                	slli	t1,t1,0x1
    10e8:	00040913          	mv	s2,s0
    10ec:	0901                	addi	s2,s2,0
    10ee:	0014                	.2byte	0x14
    10f0:	0100                	addi	s0,sp,128
    10f2:	0501                	addi	a0,a0,0
    10f4:	0001                	nop
    10f6:	0205                	addi	tp,tp,1 # 1 <_program_size-0xd87>
    10f8:	0000                	unimp
    10fa:	0000                	unimp
    10fc:	0101d103          	lhu	sp,16(gp)
    1100:	0205                	addi	tp,tp,1 # 1 <_program_size-0xd87>
    1102:	00090103          	lb	sp,0(s2)
    1106:	0100                	addi	s0,sp,128
    1108:	00090203          	lb	tp,0(s2)
    110c:	0100                	addi	s0,sp,128
    110e:	0105                	addi	sp,sp,1
    1110:	0306                	slli	t1,t1,0x1
    1112:	097d                	addi	s2,s2,31
    1114:	0000                	unimp
    1116:	0501                	addi	a0,a0,0
    1118:	0305                	addi	t1,t1,1
    111a:	00000903          	lb	s2,0(zero) # 0 <_program_size-0xd88>
    111e:	0501                	addi	a0,a0,0
    1120:	030a                	slli	t1,t1,0x2
    1122:	0901                	addi	s2,s2,0
    1124:	0000                	unimp
    1126:	0501                	addi	a0,a0,0
    1128:	0301                	addi	t1,t1,0
    112a:	092a                	slli	s2,s2,0xa
    112c:	0000                	unimp
    112e:	0501                	addi	a0,a0,0
    1130:	001f 0402 0301      	.byte	0x1f, 0x00, 0x02, 0x04, 0x01, 0x03
    1136:	0955                	addi	s2,s2,21
    1138:	0000                	unimp
    113a:	0501                	addi	a0,a0,0
    113c:	04020013          	addi	zero,tp,64 # 40 <_program_size-0xd48>
    1140:	0301                	addi	t1,t1,0
    1142:	0900                	addi	s0,sp,144
    1144:	0000                	unimp
    1146:	0501                	addi	a0,a0,0
    1148:	0314                	addi	a3,sp,384
    114a:	7ef1                	lui	t4,0xffffc
    114c:	0009                	c.nop	2
    114e:	0100                	addi	s0,sp,128
    1150:	0705                	addi	a4,a4,1
    1152:	09019203          	lh	tp,144(gp)
    1156:	0000                	unimp
    1158:	0501                	addi	a0,a0,0
    115a:	0314                	addi	a3,sp,384
    115c:	7eee                	.2byte	0x7eee
    115e:	0009                	c.nop	2
    1160:	0100                	addi	s0,sp,128
    1162:	1705                	addi	a4,a4,-31
    1164:	00090103          	lb	sp,0(s2)
    1168:	0100                	addi	s0,sp,128
    116a:	1405                	addi	s0,s0,-31
    116c:	00090103          	lb	sp,0(s2)
    1170:	0100                	addi	s0,sp,128
    1172:	0205                	addi	tp,tp,1 # 1 <_program_size-0xd87>
    1174:	0306                	slli	t1,t1,0x1
    1176:	0190                	addi	a2,sp,192
    1178:	0009                	c.nop	2
    117a:	0100                	addi	s0,sp,128
    117c:	097ef703          	.4byte	0x97ef703
    1180:	0000                	unimp
    1182:	0301                	addi	t1,t1,0
    1184:	00000977          	.4byte	0x977
    1188:	0301                	addi	t1,t1,0
    118a:	0901                	addi	s2,s2,0
    118c:	0000                	unimp
    118e:	0301                	addi	t1,t1,0
    1190:	0901                	addi	s2,s2,0
    1192:	0000                	unimp
    1194:	0301                	addi	t1,t1,0
    1196:	0908                	addi	a0,sp,144
    1198:	0000                	unimp
    119a:	0501                	addi	a0,a0,0
    119c:	0609                	addi	a2,a2,2
    119e:	00090003          	lb	zero,0(s2)
    11a2:	0100                	addi	s0,sp,128
    11a4:	0205                	addi	tp,tp,1 # 1 <_program_size-0xd87>
    11a6:	0306                	slli	t1,t1,0x1
    11a8:	0189                	addi	gp,gp,2
    11aa:	0009                	c.nop	2
    11ac:	0100                	addi	s0,sp,128
    11ae:	0505                	addi	a0,a0,1
    11b0:	0306                	slli	t1,t1,0x1
    11b2:	0900                	addi	s0,sp,144
    11b4:	0000                	unimp
    11b6:	0501                	addi	a0,a0,0
    11b8:	0602                	c.slli64	a2
    11ba:	00090303          	lb	t1,0(s2)
    11be:	0100                	addi	s0,sp,128
    11c0:	0505                	addi	a0,a0,1
    11c2:	0306                	slli	t1,t1,0x1
    11c4:	0900                	addi	s0,sp,144
    11c6:	0000                	unimp
    11c8:	0501                	addi	a0,a0,0
    11ca:	04030603          	lb	a2,64(t1)
    11ce:	0009                	c.nop	2
    11d0:	0100                	addi	s0,sp,128
    11d2:	00090103          	lb	sp,0(s2)
    11d6:	0100                	addi	s0,sp,128
    11d8:	0c05                	addi	s8,s8,1
    11da:	0306                	slli	t1,t1,0x1
    11dc:	0900                	addi	s0,sp,144
    11de:	0000                	unimp
    11e0:	0501                	addi	a0,a0,0
    11e2:	02030603          	lb	a2,32(t1)
    11e6:	0009                	c.nop	2
    11e8:	0100                	addi	s0,sp,128
    11ea:	0805                	addi	a6,a6,1
    11ec:	00090003          	lb	zero,0(s2)
    11f0:	0100                	addi	s0,sp,128
    11f2:	1505                	addi	a0,a0,-31
    11f4:	00090003          	lb	zero,0(s2)
    11f8:	0100                	addi	s0,sp,128
    11fa:	0405                	addi	s0,s0,1
    11fc:	0200                	addi	s0,sp,256
    11fe:	0304                	addi	s1,sp,384
    1200:	00090103          	lb	sp,0(s2)
    1204:	0100                	addi	s0,sp,128
    1206:	0d05                	addi	s10,s10,1
    1208:	0200                	addi	s0,sp,256
    120a:	0304                	addi	s1,sp,384
    120c:	0306                	slli	t1,t1,0x1
    120e:	0900                	addi	s0,sp,144
    1210:	0000                	unimp
    1212:	0501                	addi	a0,a0,0
    1214:	001e                	c.slli	zero,0x7
    1216:	0402                	c.slli64	s0
    1218:	09000303          	lb	t1,144(zero) # 90 <_program_size-0xcf8>
    121c:	0000                	unimp
    121e:	0501                	addi	a0,a0,0
    1220:	000d                	c.nop	3
    1222:	0402                	c.slli64	s0
    1224:	09000303          	lb	t1,144(zero) # 90 <_program_size-0xcf8>
    1228:	0000                	unimp
    122a:	0501                	addi	a0,a0,0
    122c:	001e                	c.slli	zero,0x7
    122e:	0402                	c.slli64	s0
    1230:	09000303          	lb	t1,144(zero) # 90 <_program_size-0xcf8>
    1234:	0000                	unimp
    1236:	0501                	addi	a0,a0,0
    1238:	0402000f          	.4byte	0x402000f
    123c:	09000303          	lb	t1,144(zero) # 90 <_program_size-0xcf8>
    1240:	0000                	unimp
    1242:	0501                	addi	a0,a0,0
    1244:	0402001b          	.4byte	0x402001b
    1248:	7f030603          	lb	a2,2032(t1)
    124c:	0009                	c.nop	2
    124e:	0100                	addi	s0,sp,128
    1250:	1505                	addi	a0,a0,-31
    1252:	0200                	addi	s0,sp,256
    1254:	0304                	addi	s1,sp,384
    1256:	00090003          	lb	zero,0(s2)
    125a:	0100                	addi	s0,sp,128
    125c:	0305                	addi	t1,t1,1
    125e:	00090303          	lb	t1,0(s2)
    1262:	0100                	addi	s0,sp,128
    1264:	0805                	addi	a6,a6,1
    1266:	0306                	slli	t1,t1,0x1
    1268:	0900                	addi	s0,sp,144
    126a:	0000                	unimp
    126c:	0501                	addi	a0,a0,0
    126e:	01030603          	lb	a2,16(t1)
    1272:	0009                	c.nop	2
    1274:	0100                	addi	s0,sp,128
    1276:	0605                	addi	a2,a2,1
    1278:	0306                	slli	t1,t1,0x1
    127a:	0900                	addi	s0,sp,144
    127c:	0000                	unimp
    127e:	0501                	addi	a0,a0,0
    1280:	03030603          	lb	a2,48(t1)
    1284:	0009                	c.nop	2
    1286:	0100                	addi	s0,sp,128
    1288:	0805                	addi	a6,a6,1
    128a:	0306                	slli	t1,t1,0x1
    128c:	0900                	addi	s0,sp,144
    128e:	0000                	unimp
    1290:	0501                	addi	a0,a0,0
    1292:	01030603          	lb	a2,16(t1)
    1296:	0009                	c.nop	2
    1298:	0100                	addi	s0,sp,128
    129a:	0605                	addi	a2,a2,1
    129c:	0306                	slli	t1,t1,0x1
    129e:	0900                	addi	s0,sp,144
    12a0:	0000                	unimp
    12a2:	0501                	addi	a0,a0,0
    12a4:	03030603          	lb	a2,48(t1)
    12a8:	0009                	c.nop	2
    12aa:	0100                	addi	s0,sp,128
    12ac:	0805                	addi	a6,a6,1
    12ae:	0306                	slli	t1,t1,0x1
    12b0:	0900                	addi	s0,sp,144
    12b2:	0000                	unimp
    12b4:	0501                	addi	a0,a0,0
    12b6:	01030603          	lb	a2,16(t1)
    12ba:	0009                	c.nop	2
    12bc:	0100                	addi	s0,sp,128
    12be:	0605                	addi	a2,a2,1
    12c0:	0306                	slli	t1,t1,0x1
    12c2:	0900                	addi	s0,sp,144
    12c4:	0000                	unimp
    12c6:	0501                	addi	a0,a0,0
    12c8:	0602                	c.slli64	a2
    12ca:	00090403          	lb	s0,0(s2)
    12ce:	0100                	addi	s0,sp,128
    12d0:	0705                	addi	a4,a4,1
    12d2:	0306                	slli	t1,t1,0x1
    12d4:	0900                	addi	s0,sp,144
    12d6:	0000                	unimp
    12d8:	0501                	addi	a0,a0,0
    12da:	0602                	c.slli64	a2
    12dc:	00090103          	lb	sp,0(s2)
    12e0:	0100                	addi	s0,sp,128
    12e2:	0505                	addi	a0,a0,1
    12e4:	0306                	slli	t1,t1,0x1
    12e6:	0900                	addi	s0,sp,144
    12e8:	0000                	unimp
    12ea:	0501                	addi	a0,a0,0
    12ec:	0602                	c.slli64	a2
    12ee:	00090303          	lb	t1,0(s2)
    12f2:	0100                	addi	s0,sp,128
    12f4:	2205                	jal	1414 <_program_size+0x68c>
    12f6:	097ec803          	lbu	a6,151(t4) # ffffc097 <_ram_end+0x7ffec097>
    12fa:	0000                	unimp
    12fc:	0501                	addi	a0,a0,0
    12fe:	0629                	addi	a2,a2,10
    1300:	00090003          	lb	zero,0(s2)
    1304:	0100                	addi	s0,sp,128
    1306:	0205                	addi	tp,tp,1 # 1 <_program_size-0xd87>
    1308:	0306                	slli	t1,t1,0x1
    130a:	01b9                	addi	gp,gp,14
    130c:	0009                	c.nop	2
    130e:	0100                	addi	s0,sp,128
    1310:	0505                	addi	a0,a0,1
    1312:	0306                	slli	t1,t1,0x1
    1314:	0900                	addi	s0,sp,144
    1316:	0000                	unimp
    1318:	0501                	addi	a0,a0,0
    131a:	0602                	c.slli64	a2
    131c:	00090303          	lb	t1,0(s2)
    1320:	0100                	addi	s0,sp,128
    1322:	0605                	addi	a2,a2,1
    1324:	0306                	slli	t1,t1,0x1
    1326:	0900                	addi	s0,sp,144
    1328:	0000                	unimp
    132a:	0501                	addi	a0,a0,0
    132c:	031a                	slli	t1,t1,0x6
    132e:	0900                	addi	s0,sp,144
    1330:	0000                	unimp
    1332:	0501                	addi	a0,a0,0
    1334:	0305                	addi	t1,t1,1
    1336:	0900                	addi	s0,sp,144
    1338:	0000                	unimp
    133a:	0501                	addi	a0,a0,0
    133c:	0602                	c.slli64	a2
    133e:	00090303          	lb	t1,0(s2)
    1342:	0100                	addi	s0,sp,128
    1344:	00090103          	lb	sp,0(s2)
    1348:	0100                	addi	s0,sp,128
    134a:	0905                	addi	s2,s2,1
    134c:	0306                	slli	t1,t1,0x1
    134e:	0900                	addi	s0,sp,144
    1350:	0000                	unimp
    1352:	0901                	addi	s2,s2,0
    1354:	0000                	unimp
    1356:	0100                	addi	s0,sp,128
    1358:	0501                	addi	a0,a0,0
    135a:	0001                	nop
    135c:	0205                	addi	tp,tp,1 # 1 <_program_size-0xd87>
    135e:	05b0                	addi	a2,sp,712
    1360:	8000                	.2byte	0x8000
    1362:	0102ad03          	lw	s10,16(t0)
    1366:	0205                	addi	tp,tp,1 # 1 <_program_size-0xd87>
    1368:	00090103          	lb	sp,0(s2)
    136c:	0100                	addi	s0,sp,128
    136e:	00090203          	lb	tp,0(s2)
    1372:	0100                	addi	s0,sp,128
    1374:	0105                	addi	sp,sp,1
    1376:	0306                	slli	t1,t1,0x1
    1378:	097d                	addi	s2,s2,31
    137a:	0000                	unimp
    137c:	0501                	addi	a0,a0,0
    137e:	0305                	addi	t1,t1,1
    1380:	00180903          	lb	s2,1(a6)
    1384:	0501                	addi	a0,a0,0
    1386:	030a                	slli	t1,t1,0x2
    1388:	0901                	addi	s2,s2,0
    138a:	0004                	.2byte	0x4
    138c:	0501                	addi	a0,a0,0
    138e:	0305                	addi	t1,t1,1
    1390:	097f                	.2byte	0x97f
    1392:	0002                	c.slli64	zero
    1394:	0501                	addi	a0,a0,0
    1396:	0314                	addi	a3,sp,384
    1398:	7e95                	lui	t4,0xfffe5
    139a:	0409                	addi	s0,s0,2
    139c:	0100                	addi	s0,sp,128
    139e:	1705                	addi	a4,a4,-31
    13a0:	0a090103          	lb	sp,160(s2)
    13a4:	0100                	addi	s0,sp,128
    13a6:	1405                	addi	s0,s0,-31
    13a8:	04090103          	lb	sp,64(s2)
    13ac:	0100                	addi	s0,sp,128
    13ae:	0805                	addi	a6,a6,1
    13b0:	0901f303          	.4byte	0x901f303
    13b4:	000c                	.2byte	0xc
    13b6:	0501                	addi	a0,a0,0
    13b8:	0602                	c.slli64	a2
    13ba:	10097c03          	.4byte	0x10097c03
    13be:	0100                	addi	s0,sp,128
    13c0:	097e8f03          	lb	t5,151(t4) # fffe5097 <_ram_end+0x7ffd5097>
    13c4:	0000                	unimp
    13c6:	0301                	addi	t1,t1,0
    13c8:	0901                	addi	s2,s2,0
    13ca:	0000                	unimp
    13cc:	0301                	addi	t1,t1,0
    13ce:	0901                	addi	s2,s2,0
    13d0:	0000                	unimp
    13d2:	0301                	addi	t1,t1,0
    13d4:	01f2                	slli	gp,gp,0x1c
    13d6:	0009                	c.nop	2
    13d8:	0100                	addi	s0,sp,128
    13da:	0705                	addi	a4,a4,1
    13dc:	00090003          	lb	zero,0(s2)
    13e0:	0100                	addi	s0,sp,128
    13e2:	1905                	addi	s2,s2,-31
    13e4:	00090003          	lb	zero,0(s2)
    13e8:	0100                	addi	s0,sp,128
    13ea:	0305                	addi	t1,t1,1
    13ec:	00090103          	lb	sp,0(s2)
    13f0:	0100                	addi	s0,sp,128
    13f2:	0805                	addi	a6,a6,1
    13f4:	0306                	slli	t1,t1,0x1
    13f6:	0900                	addi	s0,sp,144
    13f8:	0000                	unimp
    13fa:	0501                	addi	a0,a0,0
    13fc:	01030603          	lb	a2,16(t1)
    1400:	0409                	addi	s0,s0,2
    1402:	0100                	addi	s0,sp,128
    1404:	0605                	addi	a2,a2,1
    1406:	0306                	slli	t1,t1,0x1
    1408:	0900                	addi	s0,sp,144
    140a:	0000                	unimp
    140c:	0501                	addi	a0,a0,0
    140e:	061f 7e03 0209      	.byte	0x1f, 0x06, 0x03, 0x7e, 0x09, 0x02
    1414:	0100                	addi	s0,sp,128
    1416:	1905                	addi	s2,s2,-31
    1418:	00090003          	lb	zero,0(s2)
    141c:	0100                	addi	s0,sp,128
    141e:	0305                	addi	t1,t1,1
    1420:	00090103          	lb	sp,0(s2)
    1424:	0100                	addi	s0,sp,128
    1426:	0805                	addi	a6,a6,1
    1428:	0306                	slli	t1,t1,0x1
    142a:	0900                	addi	s0,sp,144
    142c:	0000                	unimp
    142e:	0501                	addi	a0,a0,0
    1430:	01030603          	lb	a2,16(t1)
    1434:	1009                	c.nop	-30
    1436:	0100                	addi	s0,sp,128
    1438:	0605                	addi	a2,a2,1
    143a:	0306                	slli	t1,t1,0x1
    143c:	0900                	addi	s0,sp,144
    143e:	0000                	unimp
    1440:	0501                	addi	a0,a0,0
    1442:	061f 7e03 0209      	.byte	0x1f, 0x06, 0x03, 0x7e, 0x09, 0x02
    1448:	0100                	addi	s0,sp,128
    144a:	1905                	addi	s2,s2,-31
    144c:	00090003          	lb	zero,0(s2)
    1450:	0100                	addi	s0,sp,128
    1452:	00090503          	lb	a0,0(s2)
    1456:	0100                	addi	s0,sp,128
    1458:	0305                	addi	t1,t1,1
    145a:	00090103          	lb	sp,0(s2)
    145e:	0100                	addi	s0,sp,128
    1460:	0805                	addi	a6,a6,1
    1462:	0306                	slli	t1,t1,0x1
    1464:	0900                	addi	s0,sp,144
    1466:	0000                	unimp
    1468:	0501                	addi	a0,a0,0
    146a:	01030603          	lb	a2,16(t1)
    146e:	1009                	c.nop	-30
    1470:	0100                	addi	s0,sp,128
    1472:	0605                	addi	a2,a2,1
    1474:	0306                	slli	t1,t1,0x1
    1476:	0900                	addi	s0,sp,144
    1478:	0000                	unimp
    147a:	0501                	addi	a0,a0,0
    147c:	061f 7e03 0209      	.byte	0x1f, 0x06, 0x03, 0x7e, 0x09, 0x02
    1482:	0100                	addi	s0,sp,128
    1484:	1905                	addi	s2,s2,-31
    1486:	00090003          	lb	zero,0(s2)
    148a:	0100                	addi	s0,sp,128
    148c:	0305                	addi	t1,t1,1
    148e:	00090103          	lb	sp,0(s2)
    1492:	0100                	addi	s0,sp,128
    1494:	0805                	addi	a6,a6,1
    1496:	0306                	slli	t1,t1,0x1
    1498:	0900                	addi	s0,sp,144
    149a:	0000                	unimp
    149c:	0501                	addi	a0,a0,0
    149e:	01030603          	lb	a2,16(t1)
    14a2:	1009                	c.nop	-30
    14a4:	0100                	addi	s0,sp,128
    14a6:	0605                	addi	a2,a2,1
    14a8:	0306                	slli	t1,t1,0x1
    14aa:	0900                	addi	s0,sp,144
    14ac:	0000                	unimp
    14ae:	0501                	addi	a0,a0,0
    14b0:	061f 7e03 0209      	.byte	0x1f, 0x06, 0x03, 0x7e, 0x09, 0x02
    14b6:	0100                	addi	s0,sp,128
    14b8:	1905                	addi	s2,s2,-31
    14ba:	00090003          	lb	zero,0(s2)
    14be:	0100                	addi	s0,sp,128
    14c0:	0205                	addi	tp,tp,1 # 1 <_program_size-0xd87>
    14c2:	00090603          	lb	a2,0(s2)
    14c6:	0100                	addi	s0,sp,128
    14c8:	0705                	addi	a4,a4,1
    14ca:	0306                	slli	t1,t1,0x1
    14cc:	0900                	addi	s0,sp,144
    14ce:	0000                	unimp
    14d0:	0501                	addi	a0,a0,0
    14d2:	0602                	c.slli64	a2
    14d4:	04090103          	lb	sp,64(s2)
    14d8:	0100                	addi	s0,sp,128
    14da:	0505                	addi	a0,a0,1
    14dc:	0306                	slli	t1,t1,0x1
    14de:	0900                	addi	s0,sp,144
    14e0:	0000                	unimp
    14e2:	0501                	addi	a0,a0,0
    14e4:	0602                	c.slli64	a2
    14e6:	02090303          	lb	t1,32(s2)
    14ea:	0100                	addi	s0,sp,128
    14ec:	0505                	addi	a0,a0,1
    14ee:	0306                	slli	t1,t1,0x1
    14f0:	0900                	addi	s0,sp,144
    14f2:	0000                	unimp
    14f4:	0501                	addi	a0,a0,0
    14f6:	01030603          	lb	a2,16(t1)
    14fa:	0409                	addi	s0,s0,2
    14fc:	0100                	addi	s0,sp,128
    14fe:	0805                	addi	a6,a6,1
    1500:	0306                	slli	t1,t1,0x1
    1502:	0900                	addi	s0,sp,144
    1504:	0000                	unimp
    1506:	0501                	addi	a0,a0,0
    1508:	01030603          	lb	a2,16(t1)
    150c:	0a09                	addi	s4,s4,2
    150e:	0100                	addi	s0,sp,128
    1510:	0605                	addi	a2,a2,1
    1512:	0306                	slli	t1,t1,0x1
    1514:	0900                	addi	s0,sp,144
    1516:	0000                	unimp
    1518:	0501                	addi	a0,a0,0
    151a:	0301                	addi	t1,t1,0
    151c:	091e                	slli	s2,s2,0x7
    151e:	0002                	c.slli64	zero
    1520:	0501                	addi	a0,a0,0
    1522:	67030603          	lb	a2,1648(t1)
    1526:	1a09                	addi	s4,s4,-30
    1528:	0100                	addi	s0,sp,128
    152a:	1805                	addi	a6,a6,-31
    152c:	0306                	slli	t1,t1,0x1
    152e:	0900                	addi	s0,sp,144
    1530:	0000                	unimp
    1532:	0501                	addi	a0,a0,0
    1534:	01030603          	lb	a2,16(t1)
    1538:	0809                	addi	a6,a6,2
    153a:	0100                	addi	s0,sp,128
    153c:	0805                	addi	a6,a6,1
    153e:	0306                	slli	t1,t1,0x1
    1540:	0900                	addi	s0,sp,144
    1542:	0000                	unimp
    1544:	0501                	addi	a0,a0,0
    1546:	01030603          	lb	a2,16(t1)
    154a:	0409                	addi	s0,s0,2
    154c:	0100                	addi	s0,sp,128
    154e:	0605                	addi	a2,a2,1
    1550:	0306                	slli	t1,t1,0x1
    1552:	0900                	addi	s0,sp,144
    1554:	0000                	unimp
    1556:	0501                	addi	a0,a0,0
    1558:	02030603          	lb	a2,32(t1)
    155c:	0209                	addi	tp,tp,2 # 2 <_program_size-0xd86>
    155e:	0100                	addi	s0,sp,128
    1560:	1805                	addi	a6,a6,-31
    1562:	0306                	slli	t1,t1,0x1
    1564:	0900                	addi	s0,sp,144
    1566:	0000                	unimp
    1568:	0501                	addi	a0,a0,0
    156a:	0602                	c.slli64	a2
    156c:	04090303          	lb	t1,64(s2)
    1570:	0100                	addi	s0,sp,128
    1572:	0705                	addi	a4,a4,1
    1574:	0306                	slli	t1,t1,0x1
    1576:	0900                	addi	s0,sp,144
    1578:	0000                	unimp
    157a:	0501                	addi	a0,a0,0
    157c:	0602                	c.slli64	a2
    157e:	04090103          	lb	sp,64(s2)
    1582:	0100                	addi	s0,sp,128
    1584:	0505                	addi	a0,a0,1
    1586:	0306                	slli	t1,t1,0x1
    1588:	0900                	addi	s0,sp,144
    158a:	0000                	unimp
    158c:	0501                	addi	a0,a0,0
    158e:	0602                	c.slli64	a2
    1590:	02090303          	lb	t1,32(s2)
    1594:	0100                	addi	s0,sp,128
    1596:	0705                	addi	a4,a4,1
    1598:	0306                	slli	t1,t1,0x1
    159a:	0900                	addi	s0,sp,144
    159c:	0000                	unimp
    159e:	0501                	addi	a0,a0,0
    15a0:	0602                	c.slli64	a2
    15a2:	0a090103          	lb	sp,160(s2)
    15a6:	0100                	addi	s0,sp,128
    15a8:	0505                	addi	a0,a0,1
    15aa:	0306                	slli	t1,t1,0x1
    15ac:	0900                	addi	s0,sp,144
    15ae:	0000                	unimp
    15b0:	0501                	addi	a0,a0,0
    15b2:	0602                	c.slli64	a2
    15b4:	02090303          	lb	t1,32(s2)
    15b8:	0100                	addi	s0,sp,128
    15ba:	2205                	jal	16da <_program_size+0x952>
    15bc:	097de003          	.4byte	0x97de003
    15c0:	0000                	unimp
    15c2:	0501                	addi	a0,a0,0
    15c4:	0629                	addi	a2,a2,10
    15c6:	00090003          	lb	zero,0(s2)
    15ca:	0100                	addi	s0,sp,128
    15cc:	0205                	addi	tp,tp,1 # 1 <_program_size-0xd87>
    15ce:	0306                	slli	t1,t1,0x1
    15d0:	02a1                	addi	t0,t0,8
    15d2:	0809                	addi	a6,a6,2
    15d4:	0100                	addi	s0,sp,128
    15d6:	0505                	addi	a0,a0,1
    15d8:	0306                	slli	t1,t1,0x1
    15da:	0900                	addi	s0,sp,144
    15dc:	0000                	unimp
    15de:	0501                	addi	a0,a0,0
    15e0:	0602                	c.slli64	a2
    15e2:	02090303          	lb	t1,32(s2)
    15e6:	0100                	addi	s0,sp,128
    15e8:	0505                	addi	a0,a0,1
    15ea:	0306                	slli	t1,t1,0x1
    15ec:	0900                	addi	s0,sp,144
    15ee:	0000                	unimp
    15f0:	0501                	addi	a0,a0,0
    15f2:	01030603          	lb	a2,16(t1)
    15f6:	0209                	addi	tp,tp,2 # 2 <_program_size-0xd86>
    15f8:	0100                	addi	s0,sp,128
    15fa:	0205                	addi	tp,tp,1 # 1 <_program_size-0xd87>
    15fc:	06090303          	lb	t1,96(s2)
    1600:	0100                	addi	s0,sp,128
    1602:	06090103          	lb	sp,96(s2)
    1606:	0100                	addi	s0,sp,128
    1608:	0905                	addi	s2,s2,1
    160a:	0306                	slli	t1,t1,0x1
    160c:	0900                	addi	s0,sp,144
    160e:	0000                	unimp
    1610:	0901                	addi	s2,s2,0
    1612:	0002                	c.slli64	zero
    1614:	0100                	addi	s0,sp,128
    1616:	0501                	addi	a0,a0,0
    1618:	0001                	nop
    161a:	0205                	addi	tp,tp,1 # 1 <_program_size-0xd87>
    161c:	0000                	unimp
    161e:	0000                	unimp
    1620:	05012e03          	lw	t3,80(sp)
    1624:	0302                	c.slli64	t1
    1626:	0901                	addi	s2,s2,0
    1628:	0000                	unimp
    162a:	0501                	addi	a0,a0,0
    162c:	0609                	addi	a2,a2,2
    162e:	00090003          	lb	zero,0(s2)
    1632:	0100                	addi	s0,sp,128
    1634:	0105                	addi	sp,sp,1
    1636:	00090103          	lb	sp,0(s2)
    163a:	0100                	addi	s0,sp,128
    163c:	0009                	c.nop	2
    163e:	0000                	unimp
    1640:	0101                	addi	sp,sp,0
    1642:	0105                	addi	sp,sp,1
    1644:	0500                	addi	s0,sp,640
    1646:	0002                	c.slli64	zero
    1648:	0000                	unimp
    164a:	0300                	addi	s0,sp,384
    164c:	01b9                	addi	gp,gp,14
    164e:	0501                	addi	a0,a0,0
    1650:	0302                	c.slli64	t1
    1652:	0901                	addi	s2,s2,0
    1654:	0000                	unimp
    1656:	0301                	addi	t1,t1,0
    1658:	7f94                	.2byte	0x7f94
    165a:	0009                	c.nop	2
    165c:	0100                	addi	s0,sp,128
    165e:	00097703          	.4byte	0x97703
    1662:	0100                	addi	s0,sp,128
    1664:	0105                	addi	sp,sp,1
    1666:	0306                	slli	t1,t1,0x1
    1668:	00f4                	addi	a3,sp,76
    166a:	0009                	c.nop	2
    166c:	0100                	addi	s0,sp,128
    166e:	00090003          	lb	zero,0(s2)
    1672:	0100                	addi	s0,sp,128
    1674:	1405                	addi	s0,s0,-31
    1676:	097f8c03          	lb	s8,151(t6)
    167a:	0000                	unimp
    167c:	0501                	addi	a0,a0,0
    167e:	0602                	c.slli64	a2
    1680:	00090103          	lb	sp,0(s2)
    1684:	0100                	addi	s0,sp,128
    1686:	1705                	addi	a4,a4,-31
    1688:	0306                	slli	t1,t1,0x1
    168a:	0900                	addi	s0,sp,144
    168c:	0000                	unimp
    168e:	0501                	addi	a0,a0,0
    1690:	0602                	c.slli64	a2
    1692:	00090103          	lb	sp,0(s2)
    1696:	0100                	addi	s0,sp,128
    1698:	1405                	addi	s0,s0,-31
    169a:	0306                	slli	t1,t1,0x1
    169c:	0900                	addi	s0,sp,144
    169e:	0000                	unimp
    16a0:	0501                	addi	a0,a0,0
    16a2:	0602                	c.slli64	a2
    16a4:	00090803          	lb	a6,0(s2)
    16a8:	0100                	addi	s0,sp,128
    16aa:	0105                	addi	sp,sp,1
    16ac:	0306                	slli	t1,t1,0x1
    16ae:	00ea                	slli	ra,ra,0x1a
    16b0:	0009                	c.nop	2
    16b2:	0100                	addi	s0,sp,128
    16b4:	0905                	addi	s2,s2,1
    16b6:	097f9603          	lh	a2,151(t6)
    16ba:	0000                	unimp
    16bc:	0501                	addi	a0,a0,0
    16be:	0602                	c.slli64	a2
    16c0:	0900ed03          	.4byte	0x900ed03
    16c4:	0000                	unimp
    16c6:	0501                	addi	a0,a0,0
    16c8:	0605                	addi	a2,a2,1
    16ca:	00090003          	lb	zero,0(s2)
    16ce:	0100                	addi	s0,sp,128
    16d0:	0205                	addi	tp,tp,1 # 1 <_program_size-0xd87>
    16d2:	0306                	slli	t1,t1,0x1
    16d4:	00000903          	lb	s2,0(zero) # 0 <_program_size-0xd88>
    16d8:	0501                	addi	a0,a0,0
    16da:	00030607          	.4byte	0x30607
    16de:	0009                	c.nop	2
    16e0:	0100                	addi	s0,sp,128
    16e2:	0205                	addi	tp,tp,1 # 1 <_program_size-0xd87>
    16e4:	0306                	slli	t1,t1,0x1
    16e6:	0901                	addi	s2,s2,0
    16e8:	0000                	unimp
    16ea:	0501                	addi	a0,a0,0
    16ec:	0605                	addi	a2,a2,1
    16ee:	00090003          	lb	zero,0(s2)
    16f2:	0100                	addi	s0,sp,128
    16f4:	0205                	addi	tp,tp,1 # 1 <_program_size-0xd87>
    16f6:	0306                	slli	t1,t1,0x1
    16f8:	00000903          	lb	s2,0(zero) # 0 <_program_size-0xd88>
    16fc:	0501                	addi	a0,a0,0
    16fe:	0322                	slli	t1,t1,0x8
    1700:	00097efb          	.4byte	0x97efb
    1704:	0100                	addi	s0,sp,128
    1706:	2905                	jal	1b36 <_program_size+0xdae>
    1708:	0306                	slli	t1,t1,0x1
    170a:	0900                	addi	s0,sp,144
    170c:	0000                	unimp
    170e:	0501                	addi	a0,a0,0
    1710:	0602                	c.slli64	a2
    1712:	09018603          	lb	a2,144(gp)
    1716:	0000                	unimp
    1718:	0501                	addi	a0,a0,0
    171a:	0605                	addi	a2,a2,1
    171c:	00090003          	lb	zero,0(s2)
    1720:	0100                	addi	s0,sp,128
    1722:	0205                	addi	tp,tp,1 # 1 <_program_size-0xd87>
    1724:	0306                	slli	t1,t1,0x1
    1726:	0905                	addi	s2,s2,1
    1728:	0000                	unimp
    172a:	0301                	addi	t1,t1,0
    172c:	0901                	addi	s2,s2,0
    172e:	0000                	unimp
    1730:	0501                	addi	a0,a0,0
    1732:	0601                	addi	a2,a2,0
    1734:	00090103          	lb	sp,0(s2)
    1738:	0100                	addi	s0,sp,128
    173a:	0009                	c.nop	2
    173c:	0000                	unimp
    173e:	0101                	addi	sp,sp,0
    1740:	0105                	addi	sp,sp,1
    1742:	0500                	addi	s0,sp,640
    1744:	0002                	c.slli64	zero
    1746:	0000                	unimp
    1748:	0300                	addi	s0,sp,384
    174a:	0282                	c.slli64	t0
    174c:	0501                	addi	a0,a0,0
    174e:	0302                	c.slli64	t1
    1750:	0901                	addi	s2,s2,0
    1752:	0000                	unimp
    1754:	0501                	addi	a0,a0,0
    1756:	0601                	addi	a2,a2,0
    1758:	00097f03          	.4byte	0x97f03
    175c:	0100                	addi	s0,sp,128
    175e:	0905                	addi	s2,s2,1
    1760:	00090103          	lb	sp,0(s2)
    1764:	0100                	addi	s0,sp,128
    1766:	0009                	c.nop	2
    1768:	0000                	unimp
    176a:	0101                	addi	sp,sp,0
    176c:	0105                	addi	sp,sp,1
    176e:	0500                	addi	s0,sp,640
    1770:	0002                	c.slli64	zero
    1772:	0000                	unimp
    1774:	0300                	addi	s0,sp,384
    1776:	0289                	addi	t0,t0,2
    1778:	0501                	addi	a0,a0,0
    177a:	0302                	c.slli64	t1
    177c:	0901                	addi	s2,s2,0
    177e:	0000                	unimp
    1780:	0501                	addi	a0,a0,0
    1782:	0609                	addi	a2,a2,2
    1784:	00090003          	lb	zero,0(s2)
    1788:	0100                	addi	s0,sp,128
    178a:	0009                	c.nop	2
    178c:	0000                	unimp
    178e:	0101                	addi	sp,sp,0
    1790:	0105                	addi	sp,sp,1
    1792:	0500                	addi	s0,sp,640
    1794:	a602                	.2byte	0xa602
    1796:	0006                	c.slli	zero,0x1
    1798:	0380                	addi	s0,sp,448
    179a:	050102ef          	jal	t0,117ea <_available_heap+0x4572>
    179e:	0302                	c.slli64	t1
    17a0:	0901                	addi	s2,s2,0
    17a2:	0000                	unimp
    17a4:	0501                	addi	a0,a0,0
    17a6:	0601                	addi	a2,a2,0
    17a8:	00097f03          	.4byte	0x97f03
    17ac:	0100                	addi	s0,sp,128
    17ae:	0905                	addi	s2,s2,1
    17b0:	02090103          	lb	sp,32(s2)
    17b4:	0100                	addi	s0,sp,128
    17b6:	0105                	addi	sp,sp,1
    17b8:	12097f03          	.4byte	0x12097f03
    17bc:	0100                	addi	s0,sp,128
    17be:	0905                	addi	s2,s2,1
    17c0:	02090103          	lb	sp,32(s2)
    17c4:	0100                	addi	s0,sp,128
    17c6:	0105                	addi	sp,sp,1
    17c8:	02090103          	lb	sp,32(s2)
    17cc:	0100                	addi	s0,sp,128
    17ce:	0609                	addi	a2,a2,2
    17d0:	0000                	unimp
    17d2:	0101                	addi	sp,sp,0
    17d4:	0105                	addi	sp,sp,1
    17d6:	0500                	addi	s0,sp,640
    17d8:	c402                	sw	zero,8(sp)
    17da:	0006                	c.slli	zero,0x1
    17dc:	0380                	addi	s0,sp,448
    17de:	02f8                	addi	a4,sp,332
    17e0:	0501                	addi	a0,a0,0
    17e2:	0302                	c.slli64	t1
    17e4:	0901                	addi	s2,s2,0
    17e6:	0000                	unimp
    17e8:	0301                	addi	t1,t1,0
    17ea:	0901                	addi	s2,s2,0
    17ec:	0000                	unimp
    17ee:	0301                	addi	t1,t1,0
    17f0:	0904                	addi	s1,sp,144
    17f2:	0000                	unimp
    17f4:	0301                	addi	t1,t1,0
    17f6:	00097f97          	auipc	t6,0x97
    17fa:	0100                	addi	s0,sp,128
    17fc:	0705                	addi	a4,a4,1
    17fe:	00090003          	lb	zero,0(s2)
    1802:	0100                	addi	s0,sp,128
    1804:	1905                	addi	s2,s2,-31
    1806:	00090003          	lb	zero,0(s2)
    180a:	0100                	addi	s0,sp,128
    180c:	0305                	addi	t1,t1,1
    180e:	00090103          	lb	sp,0(s2)
    1812:	0100                	addi	s0,sp,128
    1814:	0105                	addi	sp,sp,1
    1816:	0306                	slli	t1,t1,0x1
    1818:	00e2                	slli	ra,ra,0x18
    181a:	0009                	c.nop	2
    181c:	0100                	addi	s0,sp,128
    181e:	0405                	addi	s0,s0,1
    1820:	097f9f03          	lh	t5,151(t6) # 9888d <_available_heap+0x8b615>
    1824:	000c                	.2byte	0xc
    1826:	0501                	addi	a0,a0,0
    1828:	0301                	addi	t1,t1,0
    182a:	00e1                	addi	ra,ra,24
    182c:	0209                	addi	tp,tp,2 # 2 <_program_size-0xd86>
    182e:	0100                	addi	s0,sp,128
    1830:	0405                	addi	s0,s0,1
    1832:	097f9f03          	lh	t5,151(t6)
    1836:	0002                	c.slli64	zero
    1838:	0501                	addi	a0,a0,0
    183a:	0301                	addi	t1,t1,0
    183c:	00e1                	addi	ra,ra,24
    183e:	0409                	addi	s0,s0,2
    1840:	0100                	addi	s0,sp,128
    1842:	2a05                	jal	1972 <_program_size+0xbea>
    1844:	097f9e03          	lh	t3,151(t6)
    1848:	0008                	.2byte	0x8
    184a:	0501                	addi	a0,a0,0
    184c:	0301                	addi	t1,t1,0
    184e:	00e2                	slli	ra,ra,0x18
    1850:	0409                	addi	s0,s0,2
    1852:	0100                	addi	s0,sp,128
    1854:	0c090003          	lb	zero,192(s2)
    1858:	0100                	addi	s0,sp,128
    185a:	0405                	addi	s0,s0,1
    185c:	097f9f03          	lh	t5,151(t6)
    1860:	0004                	.2byte	0x4
    1862:	0501                	addi	a0,a0,0
    1864:	032a                	slli	t1,t1,0xa
    1866:	097f                	.2byte	0x97f
    1868:	0002                	c.slli64	zero
    186a:	0501                	addi	a0,a0,0
    186c:	02030603          	lb	a2,32(t1)
    1870:	0209                	addi	tp,tp,2 # 2 <_program_size-0xd86>
    1872:	0100                	addi	s0,sp,128
    1874:	0405                	addi	s0,s0,1
    1876:	0306                	slli	t1,t1,0x1
    1878:	0901                	addi	s2,s2,0
    187a:	0000                	unimp
    187c:	0501                	addi	a0,a0,0
    187e:	0326                	slli	t1,t1,0x9
    1880:	097f                	.2byte	0x97f
    1882:	0008                	.2byte	0x8
    1884:	0501                	addi	a0,a0,0
    1886:	061f 7d03 0209      	.byte	0x1f, 0x06, 0x03, 0x7d, 0x09, 0x02
    188c:	0100                	addi	s0,sp,128
    188e:	1905                	addi	s2,s2,-31
    1890:	00090003          	lb	zero,0(s2)
    1894:	0100                	addi	s0,sp,128
    1896:	0305                	addi	t1,t1,1
    1898:	00090103          	lb	sp,0(s2)
    189c:	0100                	addi	s0,sp,128
    189e:	0405                	addi	s0,s0,1
    18a0:	0306                	slli	t1,t1,0x1
    18a2:	0901                	addi	s2,s2,0
    18a4:	0000                	unimp
    18a6:	0501                	addi	a0,a0,0
    18a8:	032a                	slli	t1,t1,0xa
    18aa:	097f                	.2byte	0x97f
    18ac:	0008                	.2byte	0x8
    18ae:	0501                	addi	a0,a0,0
    18b0:	02030603          	lb	a2,32(t1)
    18b4:	0209                	addi	tp,tp,2 # 2 <_program_size-0xd86>
    18b6:	0100                	addi	s0,sp,128
    18b8:	0405                	addi	s0,s0,1
    18ba:	0306                	slli	t1,t1,0x1
    18bc:	0901                	addi	s2,s2,0
    18be:	0000                	unimp
    18c0:	0501                	addi	a0,a0,0
    18c2:	0326                	slli	t1,t1,0x9
    18c4:	097f                	.2byte	0x97f
    18c6:	0008                	.2byte	0x8
    18c8:	0501                	addi	a0,a0,0
    18ca:	061f 7d03 0209      	.byte	0x1f, 0x06, 0x03, 0x7d, 0x09, 0x02
    18d0:	0100                	addi	s0,sp,128
    18d2:	1905                	addi	s2,s2,-31
    18d4:	00090003          	lb	zero,0(s2)
    18d8:	0100                	addi	s0,sp,128
    18da:	0205                	addi	tp,tp,1 # 1 <_program_size-0xd87>
    18dc:	0900eb03          	.4byte	0x900eb03
    18e0:	0000                	unimp
    18e2:	0501                	addi	a0,a0,0
    18e4:	00030607          	.4byte	0x30607
    18e8:	0009                	c.nop	2
    18ea:	0100                	addi	s0,sp,128
    18ec:	0205                	addi	tp,tp,1 # 1 <_program_size-0xd87>
    18ee:	0306                	slli	t1,t1,0x1
    18f0:	0901                	addi	s2,s2,0
    18f2:	0016                	c.slli	zero,0x5
    18f4:	0501                	addi	a0,a0,0
    18f6:	0605                	addi	a2,a2,1
    18f8:	00090003          	lb	zero,0(s2)
    18fc:	0100                	addi	s0,sp,128
    18fe:	0205                	addi	tp,tp,1 # 1 <_program_size-0xd87>
    1900:	0306                	slli	t1,t1,0x1
    1902:	00020903          	lb	s2,0(tp) # 0 <_program_size-0xd88>
    1906:	0501                	addi	a0,a0,0
    1908:	0606                	slli	a2,a2,0x1
    190a:	00090003          	lb	zero,0(s2)
    190e:	0100                	addi	s0,sp,128
    1910:	1a05                	addi	s4,s4,-31
    1912:	02090003          	lb	zero,32(s2)
    1916:	0100                	addi	s0,sp,128
    1918:	0505                	addi	a0,a0,1
    191a:	02090003          	lb	zero,32(s2)
    191e:	0100                	addi	s0,sp,128
    1920:	1105                	addi	sp,sp,-31
    1922:	02090103          	lb	sp,32(s2)
    1926:	0100                	addi	s0,sp,128
    1928:	0405                	addi	s0,s0,1
    192a:	0200                	addi	s0,sp,256
    192c:	0304                	addi	s1,sp,384
    192e:	0306                	slli	t1,t1,0x1
    1930:	0901                	addi	s2,s2,0
    1932:	0004                	.2byte	0x4
    1934:	0501                	addi	a0,a0,0
    1936:	000a                	c.slli	zero,0x2
    1938:	0402                	c.slli64	s0
    193a:	00030603          	lb	a2,0(t1)
    193e:	0009                	c.nop	2
    1940:	0100                	addi	s0,sp,128
    1942:	2505                	jal	1f62 <_program_size+0x11da>
    1944:	0200                	addi	s0,sp,256
    1946:	0304                	addi	s1,sp,384
    1948:	0306                	slli	t1,t1,0x1
    194a:	097f                	.2byte	0x97f
    194c:	0008                	.2byte	0x8
    194e:	0501                	addi	a0,a0,0
    1950:	001a                	c.slli	zero,0x6
    1952:	0402                	c.slli64	s0
    1954:	0301                	addi	t1,t1,0
    1956:	0900                	addi	s0,sp,144
    1958:	0002                	c.slli64	zero
    195a:	0501                	addi	a0,a0,0
    195c:	060a                	slli	a2,a2,0x2
    195e:	04090203          	lb	tp,64(s2)
    1962:	0100                	addi	s0,sp,128
    1964:	0105                	addi	sp,sp,1
    1966:	02090403          	lb	s0,32(s2)
    196a:	0100                	addi	s0,sp,128
    196c:	1809                	addi	a6,a6,-30
    196e:	0000                	unimp
    1970:	0101                	addi	sp,sp,0
    1972:	0565                	addi	a0,a0,25
    1974:	0000                	unimp
    1976:	0005                	c.nop	1
    1978:	0004                	.2byte	0x4
    197a:	004e                	c.slli	zero,0x13
    197c:	0000                	unimp
    197e:	0101                	addi	sp,sp,0
    1980:	fb01                	bnez	a4,1890 <_program_size+0xb08>
    1982:	0d0e                	slli	s10,s10,0x3
    1984:	0100                	addi	s0,sp,128
    1986:	0101                	addi	sp,sp,0
    1988:	0001                	nop
    198a:	0000                	unimp
    198c:	0001                	nop
    198e:	0100                	addi	s0,sp,128
    1990:	0101                	addi	sp,sp,0
    1992:	051f 0000 0000      	.byte	0x1f, 0x05, 0x00, 0x00, 0x00, 0x00
    1998:	0035                	c.nop	13
    199a:	0000                	unimp
    199c:	0206                	slli	tp,tp,0x1
    199e:	0000                	unimp
    19a0:	00b5                	addi	ra,ra,13
    19a2:	0000                	unimp
    19a4:	0110                	addi	a2,sp,128
    19a6:	0000                	unimp
    19a8:	0102                	c.slli64	sp
    19aa:	021f 060f 01fc      	.byte	0x1f, 0x02, 0x0f, 0x06, 0xfc, 0x01
    19b0:	0000                	unimp
    19b2:	6801                	.2byte	0x6801
    19b4:	0002                	c.slli64	zero
    19b6:	0100                	addi	s0,sp,128
    19b8:	01fc                	addi	a5,sp,204
    19ba:	0000                	unimp
    19bc:	7201                	lui	tp,0xfffe0
    19be:	0002                	c.slli64	zero
    19c0:	0200                	addi	s0,sp,256
    19c2:	00000167          	jalr	sp,zero # 0 <_program_size-0xd88>
    19c6:	00017803          	.4byte	0x17803
    19ca:	0400                	addi	s0,sp,512
    19cc:	0105                	addi	sp,sp,1
    19ce:	0500                	addi	s0,sp,640
    19d0:	6002                	.2byte	0x6002
    19d2:	03800007          	.4byte	0x3800007
    19d6:	0115                	addi	sp,sp,5
    19d8:	0205                	addi	tp,tp,1 # fffe0001 <_ram_end+0x7ffd0001>
    19da:	00090103          	lb	sp,0(s2)
    19de:	0100                	addi	s0,sp,128
    19e0:	0305                	addi	t1,t1,1
    19e2:	0306                	slli	t1,t1,0x1
    19e4:	0904                	addi	s1,sp,144
    19e6:	0000                	unimp
    19e8:	0501                	addi	a0,a0,0
    19ea:	0002                	c.slli64	zero
    19ec:	0402                	c.slli64	s0
    19ee:	0601                	addi	a2,a2,0
    19f0:	04097e03          	.4byte	0x4097e03
    19f4:	0100                	addi	s0,sp,128
    19f6:	0200                	addi	s0,sp,256
    19f8:	0104                	addi	s1,sp,128
    19fa:	00090103          	lb	sp,0(s2)
    19fe:	0100                	addi	s0,sp,128
    1a00:	0305                	addi	t1,t1,1
    1a02:	0200                	addi	s0,sp,256
    1a04:	0104                	addi	s1,sp,128
    1a06:	00090103          	lb	sp,0(s2)
    1a0a:	0100                	addi	s0,sp,128
    1a0c:	0d05                	addi	s10,s10,1
    1a0e:	0200                	addi	s0,sp,256
    1a10:	0104                	addi	s1,sp,128
    1a12:	04090403          	lb	s0,64(s2)
    1a16:	0100                	addi	s0,sp,128
    1a18:	0105                	addi	sp,sp,1
    1a1a:	0306                	slli	t1,t1,0x1
    1a1c:	0905                	addi	s2,s2,1
    1a1e:	0004                	.2byte	0x4
    1a20:	0901                	addi	s2,s2,0
    1a22:	0002                	c.slli64	zero
    1a24:	0100                	addi	s0,sp,128
    1a26:	0401                	addi	s0,s0,0
    1a28:	0502                	c.slli64	a0
    1a2a:	0001                	nop
    1a2c:	0205                	addi	tp,tp,1 # 1 <_program_size-0xd87>
    1a2e:	0000                	unimp
    1a30:	0000                	unimp
    1a32:	05010f03          	lb	t5,80(sp)
    1a36:	0302                	c.slli64	t1
    1a38:	0901                	addi	s2,s2,0
    1a3a:	0000                	unimp
    1a3c:	0301                	addi	t1,t1,0
    1a3e:	0979                	addi	s2,s2,30
    1a40:	0000                	unimp
    1a42:	0301                	addi	t1,t1,0
    1a44:	0901                	addi	s2,s2,0
    1a46:	0000                	unimp
    1a48:	0501                	addi	a0,a0,0
    1a4a:	0312                	slli	t1,t1,0x4
    1a4c:	0900                	addi	s0,sp,144
    1a4e:	0000                	unimp
    1a50:	0501                	addi	a0,a0,0
    1a52:	060c                	addi	a1,sp,768
    1a54:	00090003          	lb	zero,0(s2)
    1a58:	0100                	addi	s0,sp,128
    1a5a:	1205                	addi	tp,tp,-31 # ffffffe1 <_ram_end+0x7ffeffe1>
    1a5c:	00090003          	lb	zero,0(s2)
    1a60:	0100                	addi	s0,sp,128
    1a62:	0205                	addi	tp,tp,1 # 1 <_program_size-0xd87>
    1a64:	0306                	slli	t1,t1,0x1
    1a66:	00000907          	.4byte	0x907
    1a6a:	0301                	addi	t1,t1,0
    1a6c:	0901                	addi	s2,s2,0
    1a6e:	0000                	unimp
    1a70:	0501                	addi	a0,a0,0
    1a72:	0601                	addi	a2,a2,0
    1a74:	00090103          	lb	sp,0(s2)
    1a78:	0100                	addi	s0,sp,128
    1a7a:	0205                	addi	tp,tp,1 # 1 <_program_size-0xd87>
    1a7c:	00097f03          	.4byte	0x97f03
    1a80:	0100                	addi	s0,sp,128
    1a82:	0105                	addi	sp,sp,1
    1a84:	00090103          	lb	sp,0(s2)
    1a88:	0100                	addi	s0,sp,128
    1a8a:	0205                	addi	tp,tp,1 # 1 <_program_size-0xd87>
    1a8c:	00097f03          	.4byte	0x97f03
    1a90:	0100                	addi	s0,sp,128
    1a92:	0305                	addi	t1,t1,1
    1a94:	0306                	slli	t1,t1,0x1
    1a96:	0979                	addi	s2,s2,30
    1a98:	0000                	unimp
    1a9a:	0501                	addi	a0,a0,0
    1a9c:	031c                	addi	a5,sp,384
    1a9e:	097f                	.2byte	0x97f
    1aa0:	0000                	unimp
    1aa2:	0901                	addi	s2,s2,0
    1aa4:	0000                	unimp
    1aa6:	0100                	addi	s0,sp,128
    1aa8:	0401                	addi	s0,s0,0
    1aaa:	0502                	c.slli64	a0
    1aac:	0001                	nop
    1aae:	0205                	addi	tp,tp,1 # 1 <_program_size-0xd87>
    1ab0:	076e                	slli	a4,a4,0x1b
    1ab2:	8000                	.2byte	0x8000
    1ab4:	05011603          	lh	a2,80(sp)
    1ab8:	0302                	c.slli64	t1
    1aba:	0901                	addi	s2,s2,0
    1abc:	0000                	unimp
    1abe:	0301                	addi	t1,t1,0
    1ac0:	0901                	addi	s2,s2,0
    1ac2:	0000                	unimp
    1ac4:	0301                	addi	t1,t1,0
    1ac6:	0901                	addi	s2,s2,0
    1ac8:	0000                	unimp
    1aca:	0301                	addi	t1,t1,0
    1acc:	0902                	c.slli64	s2
    1ace:	0000                	unimp
    1ad0:	0501                	addi	a0,a0,0
    1ad2:	0601                	addi	a2,a2,0
    1ad4:	00097b03          	.4byte	0x97b03
    1ad8:	0100                	addi	s0,sp,128
    1ada:	0205                	addi	tp,tp,1 # 1 <_program_size-0xd87>
    1adc:	06090503          	lb	a0,96(s2)
    1ae0:	0100                	addi	s0,sp,128
    1ae2:	0105                	addi	sp,sp,1
    1ae4:	02097b03          	.4byte	0x2097b03
    1ae8:	0100                	addi	s0,sp,128
    1aea:	12090003          	lb	zero,288(s2)
    1aee:	0100                	addi	s0,sp,128
    1af0:	0205                	addi	tp,tp,1 # 1 <_program_size-0xd87>
    1af2:	0c090503          	lb	a0,192(s2)
    1af6:	0100                	addi	s0,sp,128
    1af8:	0306                	slli	t1,t1,0x1
    1afa:	0901                	addi	s2,s2,0
    1afc:	0002                	c.slli64	zero
    1afe:	0301                	addi	t1,t1,0
    1b00:	0901                	addi	s2,s2,0
    1b02:	0000                	unimp
    1b04:	0301                	addi	t1,t1,0
    1b06:	0901                	addi	s2,s2,0
    1b08:	0000                	unimp
    1b0a:	0301                	addi	t1,t1,0
    1b0c:	0901                	addi	s2,s2,0
    1b0e:	0000                	unimp
    1b10:	0501                	addi	a0,a0,0
    1b12:	0316                	slli	t1,t1,0x5
    1b14:	0900                	addi	s0,sp,144
    1b16:	0000                	unimp
    1b18:	0501                	addi	a0,a0,0
    1b1a:	0612                	slli	a2,a2,0x4
    1b1c:	00090003          	lb	zero,0(s2)
    1b20:	0100                	addi	s0,sp,128
    1b22:	0c05                	addi	s8,s8,1
    1b24:	04090003          	lb	zero,64(s2)
    1b28:	0100                	addi	s0,sp,128
    1b2a:	1605                	addi	a2,a2,-31
    1b2c:	04090003          	lb	zero,64(s2)
    1b30:	0100                	addi	s0,sp,128
    1b32:	0d05                	addi	s10,s10,1
    1b34:	02093103          	.4byte	0x2093103
    1b38:	0100                	addi	s0,sp,128
    1b3a:	0405                	addi	s0,s0,1
    1b3c:	04095103          	lhu	sp,64(s2)
    1b40:	0100                	addi	s0,sp,128
    1b42:	0a05                	addi	s4,s4,1
    1b44:	0306                	slli	t1,t1,0x1
    1b46:	0010092f          	.4byte	0x10092f
    1b4a:	0501                	addi	a0,a0,0
    1b4c:	060d                	addi	a2,a2,3
    1b4e:	04090003          	lb	zero,64(s2)
    1b52:	0100                	addi	s0,sp,128
    1b54:	0405                	addi	s0,s0,1
    1b56:	0306                	slli	t1,t1,0x1
    1b58:	00040903          	lb	s2,0(s0)
    1b5c:	0501                	addi	a0,a0,0
    1b5e:	0316                	slli	t1,t1,0x5
    1b60:	094c                	addi	a1,sp,148
    1b62:	0002                	c.slli64	zero
    1b64:	0501                	addi	a0,a0,0
    1b66:	060c                	addi	a1,sp,768
    1b68:	00090003          	lb	zero,0(s2)
    1b6c:	0100                	addi	s0,sp,128
    1b6e:	1205                	addi	tp,tp,-31 # ffffffe1 <_ram_end+0x7ffeffe1>
    1b70:	04090003          	lb	zero,64(s2)
    1b74:	0100                	addi	s0,sp,128
    1b76:	0405                	addi	s0,s0,1
    1b78:	04090203          	lb	tp,64(s2)
    1b7c:	0100                	addi	s0,sp,128
    1b7e:	0505                	addi	a0,a0,1
    1b80:	0306                	slli	t1,t1,0x1
    1b82:	0915                	addi	s2,s2,5
    1b84:	000c                	.2byte	0xc
    1b86:	0301                	addi	t1,t1,0
    1b88:	0901                	addi	s2,s2,0
    1b8a:	0000                	unimp
    1b8c:	0301                	addi	t1,t1,0
    1b8e:	0901                	addi	s2,s2,0
    1b90:	0000                	unimp
    1b92:	0501                	addi	a0,a0,0
    1b94:	0306                	slli	t1,t1,0x1
    1b96:	0904                	addi	s1,sp,144
    1b98:	0000                	unimp
    1b9a:	0501                	addi	a0,a0,0
    1b9c:	0608                	addi	a0,sp,768
    1b9e:	00090003          	lb	zero,0(s2)
    1ba2:	0100                	addi	s0,sp,128
    1ba4:	1605                	addi	a2,a2,-31
    1ba6:	02090103          	lb	sp,32(s2)
    1baa:	0100                	addi	s0,sp,128
    1bac:	0805                	addi	a6,a6,1
    1bae:	02097f03          	.4byte	0x2097f03
    1bb2:	0100                	addi	s0,sp,128
    1bb4:	0605                	addi	a2,a2,1
    1bb6:	0306                	slli	t1,t1,0x1
    1bb8:	0901                	addi	s2,s2,0
    1bba:	000a                	c.slli	zero,0x2
    1bbc:	0501                	addi	a0,a0,0
    1bbe:	0616                	slli	a2,a2,0x5
    1bc0:	00090003          	lb	zero,0(s2)
    1bc4:	0100                	addi	s0,sp,128
    1bc6:	0605                	addi	a2,a2,1
    1bc8:	04090503          	lb	a0,64(s2)
    1bcc:	0100                	addi	s0,sp,128
    1bce:	0306                	slli	t1,t1,0x1
    1bd0:	097e                	slli	s2,s2,0x1f
    1bd2:	0002                	c.slli64	zero
    1bd4:	0301                	addi	t1,t1,0
    1bd6:	0901                	addi	s2,s2,0
    1bd8:	0000                	unimp
    1bda:	0501                	addi	a0,a0,0
    1bdc:	060d                	addi	a2,a2,3
    1bde:	00090003          	lb	zero,0(s2)
    1be2:	0100                	addi	s0,sp,128
    1be4:	0605                	addi	a2,a2,1
    1be6:	0306                	slli	t1,t1,0x1
    1be8:	0901                	addi	s2,s2,0
    1bea:	0008                	.2byte	0x8
    1bec:	0001                	nop
    1bee:	0402                	c.slli64	s0
    1bf0:	0601                	addi	a2,a2,0
    1bf2:	08090003          	lb	zero,128(s2)
    1bf6:	0100                	addi	s0,sp,128
    1bf8:	1605                	addi	a2,a2,-31
    1bfa:	0200                	addi	s0,sp,256
    1bfc:	0404                	addi	s1,sp,512
    1bfe:	04097d03          	.4byte	0x4097d03
    1c02:	0100                	addi	s0,sp,128
    1c04:	0605                	addi	a2,a2,1
    1c06:	0200                	addi	s0,sp,256
    1c08:	0404                	addi	s1,sp,512
    1c0a:	02090303          	lb	t1,32(s2)
    1c0e:	0100                	addi	s0,sp,128
    1c10:	1605                	addi	a2,a2,-31
    1c12:	0200                	addi	s0,sp,256
    1c14:	0404                	addi	s1,sp,512
    1c16:	0306                	slli	t1,t1,0x1
    1c18:	097d                	addi	s2,s2,31
    1c1a:	0002                	c.slli64	zero
    1c1c:	0501                	addi	a0,a0,0
    1c1e:	000e                	c.slli	zero,0x3
    1c20:	0402                	c.slli64	s0
    1c22:	0304                	addi	s1,sp,384
    1c24:	0900                	addi	s0,sp,144
    1c26:	0000                	unimp
    1c28:	0501                	addi	a0,a0,0
    1c2a:	0305                	addi	t1,t1,1
    1c2c:	0964                	addi	s1,sp,156
    1c2e:	0006                	c.slli	zero,0x1
    1c30:	0301                	addi	t1,t1,0
    1c32:	0901                	addi	s2,s2,0
    1c34:	0000                	unimp
    1c36:	0501                	addi	a0,a0,0
    1c38:	00030607          	.4byte	0x30607
    1c3c:	0009                	c.nop	2
    1c3e:	0100                	addi	s0,sp,128
    1c40:	2805                	jal	1c70 <_program_size+0xee8>
    1c42:	02090203          	lb	tp,32(s2)
    1c46:	0100                	addi	s0,sp,128
    1c48:	1705                	addi	a4,a4,-31
    1c4a:	02090003          	lb	zero,32(s2)
    1c4e:	0100                	addi	s0,sp,128
    1c50:	0705                	addi	a4,a4,1
    1c52:	04097e03          	.4byte	0x4097e03
    1c56:	0100                	addi	s0,sp,128
    1c58:	0505                	addi	a0,a0,1
    1c5a:	0306                	slli	t1,t1,0x1
    1c5c:	0901                	addi	s2,s2,0
    1c5e:	0006                	c.slli	zero,0x1
    1c60:	0301                	addi	t1,t1,0
    1c62:	0901                	addi	s2,s2,0
    1c64:	0000                	unimp
    1c66:	0501                	addi	a0,a0,0
    1c68:	030a                	slli	t1,t1,0x2
    1c6a:	0900                	addi	s0,sp,144
    1c6c:	0000                	unimp
    1c6e:	0501                	addi	a0,a0,0
    1c70:	09000317          	auipc	t1,0x9000
    1c74:	0000                	unimp
    1c76:	0501                	addi	a0,a0,0
    1c78:	7e030607          	.4byte	0x7e030607
    1c7c:	0009                	c.nop	2
    1c7e:	0100                	addi	s0,sp,128
    1c80:	0e05                	addi	t3,t3,1
    1c82:	02090203          	lb	tp,32(s2)
    1c86:	0100                	addi	s0,sp,128
    1c88:	2305                	jal	21a8 <_stack_size+0x1a8>
    1c8a:	0200                	addi	s0,sp,256
    1c8c:	0304                	addi	s1,sp,384
    1c8e:	0306                	slli	t1,t1,0x1
    1c90:	0900                	addi	s0,sp,144
    1c92:	0002                	c.slli64	zero
    1c94:	0501                	addi	a0,a0,0
    1c96:	0028                	addi	a0,sp,8
    1c98:	0402                	c.slli64	s0
    1c9a:	00030603          	lb	a2,0(t1) # 9001c70 <_available_heap+0x8ff49f8>
    1c9e:	0009                	c.nop	2
    1ca0:	0100                	addi	s0,sp,128
    1ca2:	1f05                	addi	t5,t5,-31
    1ca4:	0200                	addi	s0,sp,256
    1ca6:	0304                	addi	s1,sp,384
    1ca8:	0306                	slli	t1,t1,0x1
    1caa:	0900                	addi	s0,sp,144
    1cac:	0008                	.2byte	0x8
    1cae:	0501                	addi	a0,a0,0
    1cb0:	04020017          	auipc	zero,0x4020
    1cb4:	09000303          	lb	t1,144(zero) # 90 <_program_size-0xcf8>
    1cb8:	0002                	c.slli64	zero
    1cba:	0501                	addi	a0,a0,0
    1cbc:	0305                	addi	t1,t1,1
    1cbe:	0901                	addi	s2,s2,0
    1cc0:	0004                	.2byte	0x4
    1cc2:	0501                	addi	a0,a0,0
    1cc4:	0606                	slli	a2,a2,0x1
    1cc6:	00090103          	lb	sp,0(s2)
    1cca:	0100                	addi	s0,sp,128
    1ccc:	0805                	addi	a6,a6,1
    1cce:	04097f03          	.4byte	0x4097f03
    1cd2:	0100                	addi	s0,sp,128
    1cd4:	1505                	addi	a0,a0,-31
    1cd6:	02090603          	lb	a2,32(s2)
    1cda:	0100                	addi	s0,sp,128
    1cdc:	0d05                	addi	s10,s10,1
    1cde:	02097e03          	.4byte	0x2097e03
    1ce2:	0100                	addi	s0,sp,128
    1ce4:	1905                	addi	s2,s2,-31
    1ce6:	0306                	slli	t1,t1,0x1
    1ce8:	0901                	addi	s2,s2,0
    1cea:	0002                	c.slli64	zero
    1cec:	0501                	addi	a0,a0,0
    1cee:	04020023          	sb	zero,64(tp) # 40 <_program_size-0xd48>
    1cf2:	09000303          	lb	t1,144(zero) # 90 <_program_size-0xcf8>
    1cf6:	0004                	.2byte	0x4
    1cf8:	0501                	addi	a0,a0,0
    1cfa:	0028                	addi	a0,sp,8
    1cfc:	0402                	c.slli64	s0
    1cfe:	00030603          	lb	a2,0(t1)
    1d02:	0009                	c.nop	2
    1d04:	0100                	addi	s0,sp,128
    1d06:	1905                	addi	s2,s2,-31
    1d08:	0200                	addi	s0,sp,256
    1d0a:	0304                	addi	s1,sp,384
    1d0c:	04090003          	lb	zero,64(s2)
    1d10:	0100                	addi	s0,sp,128
    1d12:	2805                	jal	1d42 <_program_size+0xfba>
    1d14:	0200                	addi	s0,sp,256
    1d16:	0304                	addi	s1,sp,384
    1d18:	02090003          	lb	zero,32(s2)
    1d1c:	0100                	addi	s0,sp,128
    1d1e:	1f05                	addi	t5,t5,-31
    1d20:	0200                	addi	s0,sp,256
    1d22:	0304                	addi	s1,sp,384
    1d24:	0306                	slli	t1,t1,0x1
    1d26:	0900                	addi	s0,sp,144
    1d28:	0004                	.2byte	0x4
    1d2a:	0501                	addi	a0,a0,0
    1d2c:	0019                	c.nop	6
    1d2e:	0402                	c.slli64	s0
    1d30:	09000303          	lb	t1,144(zero) # 90 <_program_size-0xcf8>
    1d34:	0000                	unimp
    1d36:	0501                	addi	a0,a0,0
    1d38:	0306                	slli	t1,t1,0x1
    1d3a:	0901                	addi	s2,s2,0
    1d3c:	0004                	.2byte	0x4
    1d3e:	0501                	addi	a0,a0,0
    1d40:	0615                	addi	a2,a2,5
    1d42:	00090003          	lb	zero,0(s2)
    1d46:	0100                	addi	s0,sp,128
    1d48:	1105                	addi	sp,sp,-31
    1d4a:	04090003          	lb	zero,64(s2)
    1d4e:	0100                	addi	s0,sp,128
    1d50:	0b05                	addi	s6,s6,1
    1d52:	04090003          	lb	zero,64(s2)
    1d56:	0100                	addi	s0,sp,128
    1d58:	0605                	addi	a2,a2,1
    1d5a:	0306                	slli	t1,t1,0x1
    1d5c:	0901                	addi	s2,s2,0
    1d5e:	0004                	.2byte	0x4
    1d60:	0501                	addi	a0,a0,0
    1d62:	0608                	addi	a0,sp,768
    1d64:	00090003          	lb	zero,0(s2)
    1d68:	0100                	addi	s0,sp,128
    1d6a:	0d05                	addi	s10,s10,1
    1d6c:	0306                	slli	t1,t1,0x1
    1d6e:	097d                	addi	s2,s2,31
    1d70:	0004                	.2byte	0x4
    1d72:	0501                	addi	a0,a0,0
    1d74:	0608                	addi	a0,sp,768
    1d76:	04090303          	lb	t1,64(s2)
    1d7a:	0100                	addi	s0,sp,128
    1d7c:	2505                	jal	239c <_stack_size+0x39c>
    1d7e:	0200                	addi	s0,sp,256
    1d80:	0304                	addi	s1,sp,384
    1d82:	0306                	slli	t1,t1,0x1
    1d84:	0902                	c.slli64	s2
    1d86:	0004                	.2byte	0x4
    1d88:	0501                	addi	a0,a0,0
    1d8a:	0021                	c.nop	8
    1d8c:	0402                	c.slli64	s0
    1d8e:	09000303          	lb	t1,144(zero) # 90 <_program_size-0xcf8>
    1d92:	0002                	c.slli64	zero
    1d94:	0501                	addi	a0,a0,0
    1d96:	001a                	c.slli	zero,0x6
    1d98:	0402                	c.slli64	s0
    1d9a:	0301                	addi	t1,t1,0
    1d9c:	0900                	addi	s0,sp,144
    1d9e:	0000                	unimp
    1da0:	0501                	addi	a0,a0,0
    1da2:	0016                	c.slli	zero,0x5
    1da4:	0402                	c.slli64	s0
    1da6:	0601                	addi	a2,a2,0
    1da8:	00090003          	lb	zero,0(s2)
    1dac:	0100                	addi	s0,sp,128
    1dae:	1a05                	addi	s4,s4,-31
    1db0:	0200                	addi	s0,sp,256
    1db2:	0104                	addi	s1,sp,128
    1db4:	04090003          	lb	zero,64(s2)
    1db8:	0100                	addi	s0,sp,128
    1dba:	0505                	addi	a0,a0,1
    1dbc:	0200                	addi	s0,sp,256
    1dbe:	0104                	addi	s1,sp,128
    1dc0:	0306                	slli	t1,t1,0x1
    1dc2:	00060903          	lb	s2,0(a2)
    1dc6:	0001                	nop
    1dc8:	0402                	c.slli64	s0
    1dca:	0301                	addi	t1,t1,0
    1dcc:	0901                	addi	s2,s2,0
    1dce:	0000                	unimp
    1dd0:	0501                	addi	a0,a0,0
    1dd2:	0016                	c.slli	zero,0x5
    1dd4:	0402                	c.slli64	s0
    1dd6:	0301                	addi	t1,t1,0
    1dd8:	0000096b          	.4byte	0x96b
    1ddc:	0501                	addi	a0,a0,0
    1dde:	000c                	.2byte	0xc
    1de0:	0402                	c.slli64	s0
    1de2:	0601                	addi	a2,a2,0
    1de4:	00090003          	lb	zero,0(s2)
    1de8:	0100                	addi	s0,sp,128
    1dea:	1205                	addi	tp,tp,-31 # ffffffe1 <_ram_end+0x7ffeffe1>
    1dec:	0200                	addi	s0,sp,256
    1dee:	0104                	addi	s1,sp,128
    1df0:	04090003          	lb	zero,64(s2)
    1df4:	0100                	addi	s0,sp,128
    1df6:	0d05                	addi	s10,s10,1
    1df8:	0200                	addi	s0,sp,256
    1dfa:	0104                	addi	s1,sp,128
    1dfc:	02091403          	lh	s0,32(s2)
    1e00:	0100                	addi	s0,sp,128
    1e02:	1605                	addi	a2,a2,-31
    1e04:	0200                	addi	s0,sp,256
    1e06:	0104                	addi	s1,sp,128
    1e08:	02096c03          	.4byte	0x2096c03
    1e0c:	0100                	addi	s0,sp,128
    1e0e:	0105                	addi	sp,sp,1
    1e10:	02093803          	.4byte	0x2093803
    1e14:	0100                	addi	s0,sp,128
    1e16:	0505                	addi	a0,a0,1
    1e18:	0306                	slli	t1,t1,0x1
    1e1a:	0970                	addi	a2,sp,156
    1e1c:	0018                	.2byte	0x18
    1e1e:	0501                	addi	a0,a0,0
    1e20:	0302                	c.slli64	t1
    1e22:	0942                	slli	s2,s2,0x10
    1e24:	0004                	.2byte	0x4
    1e26:	0301                	addi	t1,t1,0
    1e28:	0901                	addi	s2,s2,0
    1e2a:	0000                	unimp
    1e2c:	0501                	addi	a0,a0,0
    1e2e:	0605                	addi	a2,a2,1
    1e30:	00093d03          	.4byte	0x93d03
    1e34:	0100                	addi	s0,sp,128
    1e36:	1205                	addi	tp,tp,-31 # ffffffe1 <_ram_end+0x7ffeffe1>
    1e38:	0306                	slli	t1,t1,0x1
    1e3a:	00060943          	.4byte	0x60943
    1e3e:	0501                	addi	a0,a0,0
    1e40:	060c                	addi	a1,sp,768
    1e42:	00090003          	lb	zero,0(s2)
    1e46:	0100                	addi	s0,sp,128
    1e48:	1205                	addi	tp,tp,-31 # ffffffe1 <_ram_end+0x7ffeffe1>
    1e4a:	04090003          	lb	zero,64(s2)
    1e4e:	0100                	addi	s0,sp,128
    1e50:	0305                	addi	t1,t1,1
    1e52:	0306                	slli	t1,t1,0x1
    1e54:	0901                	addi	s2,s2,0
    1e56:	0002                	c.slli64	zero
    1e58:	0501                	addi	a0,a0,0
    1e5a:	031c                	addi	a5,sp,384
    1e5c:	097f                	.2byte	0x97f
    1e5e:	0002                	c.slli64	zero
    1e60:	0501                	addi	a0,a0,0
    1e62:	0305                	addi	t1,t1,1
    1e64:	00c0                	addi	s0,sp,68
    1e66:	0409                	addi	s0,s0,2
    1e68:	0100                	addi	s0,sp,128
    1e6a:	0b05                	addi	s6,s6,1
    1e6c:	0306                	slli	t1,t1,0x1
    1e6e:	0900                	addi	s0,sp,144
    1e70:	0000                	unimp
    1e72:	0501                	addi	a0,a0,0
    1e74:	0305                	addi	t1,t1,1
    1e76:	0900                	addi	s0,sp,144
    1e78:	0002                	c.slli64	zero
    1e7a:	0501                	addi	a0,a0,0
    1e7c:	0900030b          	.4byte	0x900030b
    1e80:	0004                	.2byte	0x4
    1e82:	0501                	addi	a0,a0,0
    1e84:	0305                	addi	t1,t1,1
    1e86:	0900                	addi	s0,sp,144
    1e88:	0006                	c.slli	zero,0x1
    1e8a:	0601                	addi	a2,a2,0
    1e8c:	02090103          	lb	sp,32(s2)
    1e90:	0100                	addi	s0,sp,128
    1e92:	1605                	addi	a2,a2,-31
    1e94:	02095403          	lhu	s0,32(s2)
    1e98:	0100                	addi	s0,sp,128
    1e9a:	0c05                	addi	s8,s8,1
    1e9c:	0306                	slli	t1,t1,0x1
    1e9e:	0900                	addi	s0,sp,144
    1ea0:	0000                	unimp
    1ea2:	0501                	addi	a0,a0,0
    1ea4:	0316                	slli	t1,t1,0x5
    1ea6:	0900                	addi	s0,sp,144
    1ea8:	0004                	.2byte	0x4
    1eaa:	0501                	addi	a0,a0,0
    1eac:	0604                	addi	s1,sp,768
    1eae:	04090203          	lb	tp,64(s2)
    1eb2:	0100                	addi	s0,sp,128
    1eb4:	1605                	addi	a2,a2,-31
    1eb6:	10097e03          	.4byte	0x10097e03
    1eba:	0100                	addi	s0,sp,128
    1ebc:	0c05                	addi	s8,s8,1
    1ebe:	0306                	slli	t1,t1,0x1
    1ec0:	0900                	addi	s0,sp,144
    1ec2:	0000                	unimp
    1ec4:	0501                	addi	a0,a0,0
    1ec6:	0312                	slli	t1,t1,0x4
    1ec8:	0900                	addi	s0,sp,144
    1eca:	0004                	.2byte	0x4
    1ecc:	0501                	addi	a0,a0,0
    1ece:	0316                	slli	t1,t1,0x5
    1ed0:	0900                	addi	s0,sp,144
    1ed2:	0004                	.2byte	0x4
    1ed4:	0901                	addi	s2,s2,0
    1ed6:	0006                	c.slli	zero,0x1
    1ed8:	0100                	addi	s0,sp,128
    1eda:	f001                	bnez	s0,1dda <_program_size+0x1052>
    1edc:	0002                	c.slli64	zero
    1ede:	0500                	addi	s0,sp,640
    1ee0:	0400                	addi	s0,sp,512
    1ee2:	4f00                	lw	s0,24(a4)
    1ee4:	0000                	unimp
    1ee6:	0100                	addi	s0,sp,128
    1ee8:	0101                	addi	sp,sp,0
    1eea:	000d0efb          	.4byte	0xd0efb
    1eee:	0101                	addi	sp,sp,0
    1ef0:	0101                	addi	sp,sp,0
    1ef2:	0000                	unimp
    1ef4:	0100                	addi	s0,sp,128
    1ef6:	0000                	unimp
    1ef8:	0101                	addi	sp,sp,0
    1efa:	1f01                	addi	t5,t5,-32
    1efc:	0004                	.2byte	0x4
    1efe:	0000                	unimp
    1f00:	3500                	.2byte	0x3500
    1f02:	0000                	unimp
    1f04:	b500                	.2byte	0xb500
    1f06:	0000                	unimp
    1f08:	1000                	addi	s0,sp,32
    1f0a:	0001                	nop
    1f0c:	0200                	addi	s0,sp,256
    1f0e:	1f01                	addi	t5,t5,-32
    1f10:	0f02                	c.slli64	t5
    1f12:	0002b407          	.4byte	0x2b407
    1f16:	0100                	addi	s0,sp,128
    1f18:	02b4                	addi	a3,sp,328
    1f1a:	0000                	unimp
    1f1c:	6701                	.2byte	0x6701
    1f1e:	0001                	nop
    1f20:	0200                	addi	s0,sp,256
    1f22:	0178                	addi	a4,sp,140
    1f24:	0000                	unimp
    1f26:	00026803          	.4byte	0x26803
    1f2a:	0100                	addi	s0,sp,128
    1f2c:	000002bb          	.4byte	0x2bb
    1f30:	c301                	beqz	a4,1f30 <_program_size+0x11a8>
    1f32:	0002                	c.slli64	zero
    1f34:	0100                	addi	s0,sp,128
    1f36:	0105                	addi	sp,sp,1
    1f38:	0500                	addi	s0,sp,640
    1f3a:	d202                	sw	zero,36(sp)
    1f3c:	0008                	.2byte	0x8
    1f3e:	0380                	addi	s0,sp,448
    1f40:	00c6                	slli	ra,ra,0x11
    1f42:	0501                	addi	a0,a0,0
    1f44:	0305                	addi	t1,t1,1
    1f46:	0901                	addi	s2,s2,0
    1f48:	0000                	unimp
    1f4a:	0301                	addi	t1,t1,0
    1f4c:	0901                	addi	s2,s2,0
    1f4e:	0000                	unimp
    1f50:	0301                	addi	t1,t1,0
    1f52:	0901                	addi	s2,s2,0
    1f54:	0000                	unimp
    1f56:	0301                	addi	t1,t1,0
    1f58:	0901                	addi	s2,s2,0
    1f5a:	0000                	unimp
    1f5c:	0301                	addi	t1,t1,0
    1f5e:	0902                	c.slli64	s2
    1f60:	0000                	unimp
    1f62:	0501                	addi	a0,a0,0
    1f64:	0601                	addi	a2,a2,0
    1f66:	00097a03          	.4byte	0x97a03
    1f6a:	0100                	addi	s0,sp,128
    1f6c:	2205                	jal	208c <_stack_size+0x8c>
    1f6e:	04090603          	lb	a2,64(s2)
    1f72:	0100                	addi	s0,sp,128
    1f74:	0105                	addi	sp,sp,1
    1f76:	06097a03          	.4byte	0x6097a03
    1f7a:	0100                	addi	s0,sp,128
    1f7c:	2205                	jal	209c <_stack_size+0x9c>
    1f7e:	04090603          	lb	a2,64(s2)
    1f82:	0100                	addi	s0,sp,128
    1f84:	0505                	addi	a0,a0,1
    1f86:	0306                	slli	t1,t1,0x1
    1f88:	0902                	c.slli64	s2
    1f8a:	0002                	c.slli64	zero
    1f8c:	0301                	addi	t1,t1,0
    1f8e:	000a0903          	lb	s2,0(s4)
    1f92:	0301                	addi	t1,t1,0
    1f94:	0902                	c.slli64	s2
    1f96:	000a                	c.slli	zero,0x2
    1f98:	0501                	addi	a0,a0,0
    1f9a:	060a                	slli	a2,a2,0x2
    1f9c:	00090003          	lb	zero,0(s2)
    1fa0:	0100                	addi	s0,sp,128
    1fa2:	0505                	addi	a0,a0,1
    1fa4:	0306                	slli	t1,t1,0x1
    1fa6:	0904                	addi	s1,sp,144
    1fa8:	0038                	addi	a4,sp,8
    1faa:	0501                	addi	a0,a0,0
    1fac:	0608                	addi	a0,sp,768
    1fae:	00090003          	lb	zero,0(s2)
    1fb2:	0100                	addi	s0,sp,128
    1fb4:	1a05                	addi	s4,s4,-31
    1fb6:	0200                	addi	s0,sp,256
    1fb8:	0104                	addi	s1,sp,128
    1fba:	0306                	slli	t1,t1,0x1
    1fbc:	0900                	addi	s0,sp,144
    1fbe:	0002                	c.slli64	zero
    1fc0:	0501                	addi	a0,a0,0
    1fc2:	0039                	c.nop	14
    1fc4:	0402                	c.slli64	s0
    1fc6:	0301                	addi	t1,t1,0
    1fc8:	0900                	addi	s0,sp,144
    1fca:	000a                	c.slli	zero,0x2
    1fcc:	0501                	addi	a0,a0,0
    1fce:	0305                	addi	t1,t1,1
    1fd0:	090d                	addi	s2,s2,3
    1fd2:	0000                	unimp
    1fd4:	0301                	addi	t1,t1,0
    1fd6:	0902                	c.slli64	s2
    1fd8:	000a                	c.slli	zero,0x2
    1fda:	0501                	addi	a0,a0,0
    1fdc:	060a                	slli	a2,a2,0x2
    1fde:	00090003          	lb	zero,0(s2)
    1fe2:	0100                	addi	s0,sp,128
    1fe4:	0505                	addi	a0,a0,1
    1fe6:	0306                	slli	t1,t1,0x1
    1fe8:	0904                	addi	s1,sp,144
    1fea:	003a                	c.slli	zero,0xe
    1fec:	0501                	addi	a0,a0,0
    1fee:	0608                	addi	a0,sp,768
    1ff0:	00090003          	lb	zero,0(s2)
    1ff4:	0100                	addi	s0,sp,128
    1ff6:	1b05                	addi	s6,s6,-31
    1ff8:	0200                	addi	s0,sp,256
    1ffa:	0104                	addi	s1,sp,128
    1ffc:	0306                	slli	t1,t1,0x1
    1ffe:	0900                	addi	s0,sp,144
    2000:	0004                	.2byte	0x4
    2002:	0501                	addi	a0,a0,0
    2004:	003a                	c.slli	zero,0xe
    2006:	0402                	c.slli64	s0
    2008:	0301                	addi	t1,t1,0
    200a:	0900                	addi	s0,sp,144
    200c:	000a                	c.slli	zero,0x2
    200e:	0501                	addi	a0,a0,0
    2010:	0305                	addi	t1,t1,1
    2012:	090c                	addi	a1,sp,144
    2014:	0000                	unimp
    2016:	0001                	nop
    2018:	0402                	c.slli64	s0
    201a:	0301                	addi	t1,t1,0
    201c:	0901                	addi	s2,s2,0
    201e:	000a                	c.slli	zero,0x2
    2020:	0501                	addi	a0,a0,0
    2022:	0402000f          	.4byte	0x402000f
    2026:	0301                	addi	t1,t1,0
    2028:	0900                	addi	s0,sp,144
    202a:	0000                	unimp
    202c:	0501                	addi	a0,a0,0
    202e:	0005                	c.nop	1
    2030:	0402                	c.slli64	s0
    2032:	0301                	addi	t1,t1,0
    2034:	0900                	addi	s0,sp,144
    2036:	0000                	unimp
    2038:	0501                	addi	a0,a0,0
    203a:	060a                	slli	a2,a2,0x2
    203c:	02096203          	.4byte	0x2096203
    2040:	0100                	addi	s0,sp,128
    2042:	0505                	addi	a0,a0,1
    2044:	0306                	slli	t1,t1,0x1
    2046:	0900                	addi	s0,sp,144
    2048:	0016                	c.slli	zero,0x5
    204a:	0501                	addi	a0,a0,0
    204c:	060a                	slli	a2,a2,0x2
    204e:	00090003          	lb	zero,0(s2)
    2052:	0100                	addi	s0,sp,128
    2054:	0505                	addi	a0,a0,1
    2056:	0306                	slli	t1,t1,0x1
    2058:	0904                	addi	s1,sp,144
    205a:	0026                	c.slli	zero,0x9
    205c:	0501                	addi	a0,a0,0
    205e:	031c                	addi	a5,sp,384
    2060:	0961                	addi	s2,s2,24
    2062:	0000                	unimp
    2064:	0501                	addi	a0,a0,0
    2066:	00030613          	mv	a2,t1
    206a:	0009                	c.nop	2
    206c:	0100                	addi	s0,sp,128
    206e:	0e05                	addi	t3,t3,1
    2070:	02090103          	lb	sp,32(s2)
    2074:	0100                	addi	s0,sp,128
    2076:	1605                	addi	a2,a2,-31
    2078:	08090003          	lb	zero,128(s2)
    207c:	0100                	addi	s0,sp,128
    207e:	1c05                	addi	s8,s8,-31
    2080:	08097f03          	.4byte	0x8097f03
    2084:	0100                	addi	s0,sp,128
    2086:	0905                	addi	s2,s2,1
    2088:	0306                	slli	t1,t1,0x1
    208a:	0901                	addi	s2,s2,0
    208c:	0004                	.2byte	0x4
    208e:	0501                	addi	a0,a0,0
    2090:	060e                	slli	a2,a2,0x3
    2092:	00090003          	lb	zero,0(s2)
    2096:	0100                	addi	s0,sp,128
    2098:	1605                	addi	a2,a2,-31
    209a:	04090003          	lb	zero,64(s2)
    209e:	0100                	addi	s0,sp,128
    20a0:	0c05                	addi	s8,s8,1
    20a2:	04090003          	lb	zero,64(s2)
    20a6:	0100                	addi	s0,sp,128
    20a8:	2405                	jal	22c8 <_stack_size+0x2c8>
    20aa:	0306                	slli	t1,t1,0x1
    20ac:	097f                	.2byte	0x97f
    20ae:	000c                	.2byte	0xc
    20b0:	0501                	addi	a0,a0,0
    20b2:	031c                	addi	a5,sp,384
    20b4:	0900                	addi	s0,sp,144
    20b6:	0002                	c.slli64	zero
    20b8:	0501                	addi	a0,a0,0
    20ba:	060c                	addi	a1,sp,768
    20bc:	04090203          	lb	tp,64(s2)
    20c0:	0100                	addi	s0,sp,128
    20c2:	0505                	addi	a0,a0,1
    20c4:	0306                	slli	t1,t1,0x1
    20c6:	091e                	slli	s2,s2,0x7
    20c8:	0002                	c.slli64	zero
    20ca:	0001                	nop
    20cc:	0402                	c.slli64	s0
    20ce:	0604                	addi	s1,sp,768
    20d0:	12090003          	lb	zero,288(s2)
    20d4:	0100                	addi	s0,sp,128
    20d6:	0200                	addi	s0,sp,256
    20d8:	0404                	addi	s1,sp,512
    20da:	0306                	slli	t1,t1,0x1
    20dc:	0901                	addi	s2,s2,0
    20de:	000a                	c.slli	zero,0x2
    20e0:	0601                	addi	a2,a2,0
    20e2:	02090003          	lb	zero,32(s2)
    20e6:	0100                	addi	s0,sp,128
    20e8:	0306                	slli	t1,t1,0x1
    20ea:	0901                	addi	s2,s2,0
    20ec:	0012                	c.slli	zero,0x4
    20ee:	0001                	nop
    20f0:	0402                	c.slli64	s0
    20f2:	0606                	slli	a2,a2,0x1
    20f4:	12090003          	lb	zero,288(s2)
    20f8:	0100                	addi	s0,sp,128
    20fa:	0c097f03          	.4byte	0xc097f03
    20fe:	0100                	addi	s0,sp,128
    2100:	0306                	slli	t1,t1,0x1
    2102:	0901                	addi	s2,s2,0
    2104:	0012                	c.slli	zero,0x4
    2106:	0301                	addi	t1,t1,0
    2108:	090c                	addi	a1,sp,144
    210a:	0002                	c.slli64	zero
    210c:	0501                	addi	a0,a0,0
    210e:	060a                	slli	a2,a2,0x2
    2110:	00090003          	lb	zero,0(s2)
    2114:	0100                	addi	s0,sp,128
    2116:	0505                	addi	a0,a0,1
    2118:	0306                	slli	t1,t1,0x1
    211a:	0904                	addi	s1,sp,144
    211c:	003a                	c.slli	zero,0xe
    211e:	0501                	addi	a0,a0,0
    2120:	031c                	addi	a5,sp,384
    2122:	094e                	slli	s2,s2,0x13
    2124:	0000                	unimp
    2126:	0501                	addi	a0,a0,0
    2128:	00030613          	mv	a2,t1
    212c:	0009                	c.nop	2
    212e:	0100                	addi	s0,sp,128
    2130:	0e05                	addi	t3,t3,1
    2132:	02090103          	lb	sp,32(s2)
    2136:	0100                	addi	s0,sp,128
    2138:	1605                	addi	a2,a2,-31
    213a:	08090003          	lb	zero,128(s2)
    213e:	0100                	addi	s0,sp,128
    2140:	1c05                	addi	s8,s8,-31
    2142:	08097f03          	.4byte	0x8097f03
    2146:	0100                	addi	s0,sp,128
    2148:	0905                	addi	s2,s2,1
    214a:	0306                	slli	t1,t1,0x1
    214c:	0901                	addi	s2,s2,0
    214e:	0004                	.2byte	0x4
    2150:	0501                	addi	a0,a0,0
    2152:	060e                	slli	a2,a2,0x3
    2154:	00090003          	lb	zero,0(s2)
    2158:	0100                	addi	s0,sp,128
    215a:	1605                	addi	a2,a2,-31
    215c:	04090003          	lb	zero,64(s2)
    2160:	0100                	addi	s0,sp,128
    2162:	0c05                	addi	s8,s8,1
    2164:	04090003          	lb	zero,64(s2)
    2168:	0100                	addi	s0,sp,128
    216a:	2405                	jal	238a <_stack_size+0x38a>
    216c:	0306                	slli	t1,t1,0x1
    216e:	097f                	.2byte	0x97f
    2170:	000c                	.2byte	0xc
    2172:	0501                	addi	a0,a0,0
    2174:	031c                	addi	a5,sp,384
    2176:	0900                	addi	s0,sp,144
    2178:	0002                	c.slli64	zero
    217a:	0501                	addi	a0,a0,0
    217c:	060c                	addi	a1,sp,768
    217e:	04090203          	lb	tp,64(s2)
    2182:	0100                	addi	s0,sp,128
    2184:	0505                	addi	a0,a0,1
    2186:	0306                	slli	t1,t1,0x1
    2188:	0931                	addi	s2,s2,12
    218a:	0002                	c.slli64	zero
    218c:	0001                	nop
    218e:	0402                	c.slli64	s0
    2190:	0604                	addi	s1,sp,768
    2192:	12090003          	lb	zero,288(s2)
    2196:	0100                	addi	s0,sp,128
    2198:	0200                	addi	s0,sp,256
    219a:	0404                	addi	s1,sp,512
    219c:	0306                	slli	t1,t1,0x1
    219e:	0901                	addi	s2,s2,0
    21a0:	000a                	c.slli	zero,0x2
    21a2:	0601                	addi	a2,a2,0
    21a4:	02090003          	lb	zero,32(s2)
    21a8:	0100                	addi	s0,sp,128
    21aa:	0306                	slli	t1,t1,0x1
    21ac:	0901                	addi	s2,s2,0
    21ae:	0012                	c.slli	zero,0x4
    21b0:	0001                	nop
    21b2:	0402                	c.slli64	s0
    21b4:	0606                	slli	a2,a2,0x1
    21b6:	08090003          	lb	zero,128(s2)
    21ba:	0100                	addi	s0,sp,128
    21bc:	0c097f03          	.4byte	0xc097f03
    21c0:	0100                	addi	s0,sp,128
    21c2:	0306                	slli	t1,t1,0x1
    21c4:	0901                	addi	s2,s2,0
    21c6:	0012                	c.slli	zero,0x4
    21c8:	0901                	addi	s2,s2,0
    21ca:	000c                	.2byte	0xc
    21cc:	0100                	addi	s0,sp,128
    21ce:	01              	Address 0x00000000000021ce is out of bounds.


Disassembly of section .debug_line_str:

00000000 <.debug_line_str>:
   0:	6d6f682f          	.4byte	0x6d6f682f
   4:	2f65                	jal	7bc <_program_size-0x5cc>
   6:	7568                	.2byte	0x7568
   8:	676e                	.2byte	0x676e
   a:	6874                	.2byte	0x6874
   c:	326b696f          	jal	s2,b6332 <_available_heap+0xa90ba>
  10:	2f34                	.2byte	0x2f34
  12:	4952                	lw	s2,20(sp)
  14:	54564353          	.4byte	0x54564353
  18:	7475                	lui	s0,0xffffd
  1a:	6169726f          	jal	tp,97630 <_available_heap+0x8a3b8>
  1e:	2f6c                	.2byte	0x2f6c
  20:	7066                	.2byte	0x7066
  22:	732f6167          	.4byte	0x732f6167
  26:	68632f77          	.4byte	0x68632f77
  2a:	6361                	lui	t1,0x18
  2c:	6168                	.2byte	0x6168
  2e:	6373612b          	.4byte	0x6373612b
  32:	2f006e6f          	jal	t3,6322 <_stack_size+0x4322>
  36:	6f68                	.2byte	0x6f68
  38:	656d                	lui	a0,0x1b
  3a:	6e75682f          	.4byte	0x6e75682f
  3e:	6f687467          	.4byte	0x6f687467
  42:	6b69                	lui	s6,0x1a
  44:	3432                	.2byte	0x3432
  46:	5349522f          	.4byte	0x5349522f
  4a:	75545643          	.4byte	0x75545643
  4e:	6f74                	.2byte	0x6f74
  50:	6972                	.2byte	0x6972
  52:	6c61                	lui	s8,0x18
  54:	6770662f          	.4byte	0x6770662f
  58:	2f61                	jal	7f0 <_program_size-0x598>
  5a:	632f7773          	csrrci	a4,0x632,30
  5e:	6168                	.2byte	0x6168
  60:	2b616863          	bltu	sp,s6,310 <_program_size-0xa78>
  64:	7361                	lui	t1,0xffff8
  66:	2f6e6f63          	bltu	t3,s6,364 <_program_size-0xa24>
  6a:	00637273          	csrrci	tp,0x6,6
  6e:	30747263          	bgeu	s0,t2,372 <_program_size-0xa16>
  72:	532e                	lw	t1,232(sp)
  74:	2f00                	.2byte	0x2f00
  76:	6f68                	.2byte	0x6f68
  78:	656d                	lui	a0,0x1b
  7a:	6e75682f          	.4byte	0x6e75682f
  7e:	6f687467          	.4byte	0x6f687467
  82:	6b69                	lui	s6,0x1a
  84:	3432                	.2byte	0x3432
  86:	5349522f          	.4byte	0x5349522f
  8a:	75545643          	.4byte	0x75545643
  8e:	6f74                	.2byte	0x6f74
  90:	6972                	.2byte	0x6972
  92:	6c61                	lui	s8,0x18
  94:	6770662f          	.4byte	0x6770662f
  98:	2f61                	jal	830 <_program_size-0x558>
  9a:	632f7773          	csrrci	a4,0x632,30
  9e:	6168                	.2byte	0x6168
  a0:	2b616863          	bltu	sp,s6,350 <_program_size-0xa38>
  a4:	7361                	lui	t1,0xffff8
  a6:	2f6e6f63          	bltu	t3,s6,3a4 <_program_size-0x9e4>
  aa:	2f637273          	csrrci	tp,0x2f6,6
  ae:	6561                	lui	a0,0x18
  b0:	6461                	lui	s0,0x18
  b2:	632e                	.2byte	0x632e
  b4:	2f00                	.2byte	0x2f00
  b6:	6f68                	.2byte	0x6f68
  b8:	656d                	lui	a0,0x1b
  ba:	6e75682f          	.4byte	0x6e75682f
  be:	6f687467          	.4byte	0x6f687467
  c2:	6b69                	lui	s6,0x1a
  c4:	3432                	.2byte	0x3432
  c6:	5349522f          	.4byte	0x5349522f
  ca:	75545643          	.4byte	0x75545643
  ce:	6f74                	.2byte	0x6f74
  d0:	6972                	.2byte	0x6972
  d2:	6c61                	lui	s8,0x18
  d4:	6f632e2f          	.4byte	0x6f632e2f
  d8:	646e                	.2byte	0x646e
  da:	2d61                	jal	772 <_program_size-0x616>
  dc:	6e65                	lui	t3,0x19
  de:	2f76                	.2byte	0x2f76
  e0:	6972                	.2byte	0x6972
  e2:	2d766373          	csrrsi	t1,0x2d7,12
  e6:	6f74                	.2byte	0x6f74
  e8:	2f736c6f          	jal	s8,36bde <_available_heap+0x29966>
  ec:	6972                	.2byte	0x6972
  ee:	36766373          	csrrsi	t1,0x367,12
  f2:	2d34                	.2byte	0x2d34
  f4:	6e75                	lui	t3,0x1d
  f6:	776f6e6b          	.4byte	0x776f6e6b
  fa:	2d6e                	.2byte	0x2d6e
  fc:	6c65                	lui	s8,0x19
  fe:	2f66                	.2byte	0x2f66
 100:	6e69                	lui	t3,0x1a
 102:	64756c63          	bltu	a0,t2,75a <_program_size-0x62e>
 106:	2f65                	jal	8be <_program_size-0x4ca>
 108:	616d                	addi	sp,sp,240
 10a:	6e696863          	bltu	s2,t1,7fa <_program_size-0x58e>
 10e:	0065                	c.nop	25
 110:	6d6f682f          	.4byte	0x6d6f682f
 114:	2f65                	jal	8cc <_program_size-0x4bc>
 116:	7568                	.2byte	0x7568
 118:	676e                	.2byte	0x676e
 11a:	6874                	.2byte	0x6874
 11c:	326b696f          	jal	s2,b6442 <_available_heap+0xa91ca>
 120:	2f34                	.2byte	0x2f34
 122:	4952                	lw	s2,20(sp)
 124:	54564353          	.4byte	0x54564353
 128:	7475                	lui	s0,0xffffd
 12a:	6169726f          	jal	tp,97740 <_available_heap+0x8a4c8>
 12e:	2f6c                	.2byte	0x2f6c
 130:	632e                	.2byte	0x632e
 132:	61646e6f          	jal	t3,46748 <_available_heap+0x394d0>
 136:	652d                	lui	a0,0xb
 138:	766e                	.2byte	0x766e
 13a:	7369722f          	.4byte	0x7369722f
 13e:	742d7663          	bgeu	s10,sp,88a <_program_size-0x4fe>
 142:	736c6f6f          	jal	t5,c6878 <_available_heap+0xb9600>
 146:	7369722f          	.4byte	0x7369722f
 14a:	34367663          	bgeu	a2,gp,496 <_program_size-0x8f2>
 14e:	752d                	lui	a0,0xfffeb
 150:	6b6e                	.2byte	0x6b6e
 152:	6f6e                	.2byte	0x6f6e
 154:	652d6e77          	.4byte	0x652d6e77
 158:	666c                	.2byte	0x666c
 15a:	636e692f          	.4byte	0x636e692f
 15e:	756c                	.2byte	0x756c
 160:	6564                	.2byte	0x6564
 162:	7379732f          	.4byte	0x7379732f
 166:	5f00                	lw	s0,56(a4)
 168:	6564                	.2byte	0x6564
 16a:	6166                	.2byte	0x6166
 16c:	6c75                	lui	s8,0x1d
 16e:	5f74                	lw	a3,124(a4)
 170:	7974                	.2byte	0x7974
 172:	6570                	.2byte	0x6570
 174:	00682e73          	csrrs	t3,0x6,a6
 178:	735f 6474 6e69      	.byte	0x5f, 0x73, 0x74, 0x64, 0x69, 0x6e
 17e:	2e74                	.2byte	0x2e74
 180:	0068                	addi	a0,sp,12
 182:	6d6f682f          	.4byte	0x6d6f682f
 186:	2f65                	jal	93e <_program_size-0x44a>
 188:	7568                	.2byte	0x7568
 18a:	676e                	.2byte	0x676e
 18c:	6874                	.2byte	0x6874
 18e:	326b696f          	jal	s2,b64b4 <_available_heap+0xa923c>
 192:	2f34                	.2byte	0x2f34
 194:	4952                	lw	s2,20(sp)
 196:	54564353          	.4byte	0x54564353
 19a:	7475                	lui	s0,0xffffd
 19c:	6169726f          	jal	tp,977b2 <_available_heap+0x8a53a>
 1a0:	2f6c                	.2byte	0x2f6c
 1a2:	7066                	.2byte	0x7066
 1a4:	732f6167          	.4byte	0x732f6167
 1a8:	68632f77          	.4byte	0x68632f77
 1ac:	6361                	lui	t1,0x18
 1ae:	6168                	.2byte	0x6168
 1b0:	6373612b          	.4byte	0x6373612b
 1b4:	732f6e6f          	jal	t3,f68e6 <_available_heap+0xe966e>
 1b8:	6372                	.2byte	0x6372
 1ba:	6373612f          	.4byte	0x6373612f
 1be:	632e6e6f          	jal	t3,e67f0 <_available_heap+0xd9578>
 1c2:	2f00                	.2byte	0x2f00
 1c4:	6f68                	.2byte	0x6f68
 1c6:	656d                	lui	a0,0x1b
 1c8:	6e75682f          	.4byte	0x6e75682f
 1cc:	6f687467          	.4byte	0x6f687467
 1d0:	6b69                	lui	s6,0x1a
 1d2:	3432                	.2byte	0x3432
 1d4:	5349522f          	.4byte	0x5349522f
 1d8:	75545643          	.4byte	0x75545643
 1dc:	6f74                	.2byte	0x6f74
 1de:	6972                	.2byte	0x6972
 1e0:	6c61                	lui	s8,0x18
 1e2:	6770662f          	.4byte	0x6770662f
 1e6:	2f61                	jal	97e <_program_size-0x40a>
 1e8:	632f7773          	csrrci	a4,0x632,30
 1ec:	6168                	.2byte	0x6168
 1ee:	2b616863          	bltu	sp,s6,49e <_program_size-0x8ea>
 1f2:	7361                	lui	t1,0xffff8
 1f4:	2f6e6f63          	bltu	t3,s6,4f2 <_program_size-0x896>
 1f8:	2f637273          	csrrci	tp,0x2f6,6
 1fc:	6972706b          	.4byte	0x6972706b
 200:	746e                	.2byte	0x746e
 202:	2e66                	.2byte	0x2e66
 204:	682f0063          	beq	t5,sp,884 <_program_size-0x504>
 208:	2f656d6f          	jal	s10,564fe <_available_heap+0x49286>
 20c:	7568                	.2byte	0x7568
 20e:	676e                	.2byte	0x676e
 210:	6874                	.2byte	0x6874
 212:	326b696f          	jal	s2,b6538 <_available_heap+0xa92c0>
 216:	2f34                	.2byte	0x2f34
 218:	4952                	lw	s2,20(sp)
 21a:	54564353          	.4byte	0x54564353
 21e:	7475                	lui	s0,0xffffd
 220:	6169726f          	jal	tp,97836 <_available_heap+0x8a5be>
 224:	2f6c                	.2byte	0x2f6c
 226:	632e                	.2byte	0x632e
 228:	61646e6f          	jal	t3,4683e <_available_heap+0x395c6>
 22c:	652d                	lui	a0,0xb
 22e:	766e                	.2byte	0x766e
 230:	7369722f          	.4byte	0x7369722f
 234:	742d7663          	bgeu	s10,sp,980 <_program_size-0x408>
 238:	736c6f6f          	jal	t5,c696e <_available_heap+0xb96f6>
 23c:	62696c2f          	.4byte	0x62696c2f
 240:	6363672f          	.4byte	0x6363672f
 244:	7369722f          	.4byte	0x7369722f
 248:	34367663          	bgeu	a2,gp,594 <_program_size-0x7f4>
 24c:	752d                	lui	a0,0xfffeb
 24e:	6b6e                	.2byte	0x6b6e
 250:	6f6e                	.2byte	0x6f6e
 252:	652d6e77          	.4byte	0x652d6e77
 256:	666c                	.2byte	0x666c
 258:	2e32312f          	.4byte	0x2e32312f
 25c:	2e32                	.2byte	0x2e32
 25e:	2f30                	.2byte	0x2f30
 260:	6e69                	lui	t3,0x1a
 262:	64756c63          	bltu	a0,t2,8ba <_program_size-0x4ce>
 266:	0065                	c.nop	25
 268:	6972706b          	.4byte	0x6972706b
 26c:	746e                	.2byte	0x746e
 26e:	2e66                	.2byte	0x2e66
 270:	0068                	addi	a0,sp,12
 272:	61647473          	csrrci	s0,0x616,8
 276:	6772                	.2byte	0x6772
 278:	682e                	.2byte	0x682e
 27a:	2f00                	.2byte	0x2f00
 27c:	6f68                	.2byte	0x6f68
 27e:	656d                	lui	a0,0x1b
 280:	6e75682f          	.4byte	0x6e75682f
 284:	6f687467          	.4byte	0x6f687467
 288:	6b69                	lui	s6,0x1a
 28a:	3432                	.2byte	0x3432
 28c:	5349522f          	.4byte	0x5349522f
 290:	75545643          	.4byte	0x75545643
 294:	6f74                	.2byte	0x6f74
 296:	6972                	.2byte	0x6972
 298:	6c61                	lui	s8,0x18
 29a:	6770662f          	.4byte	0x6770662f
 29e:	2f61                	jal	a36 <_program_size-0x352>
 2a0:	632f7773          	csrrci	a4,0x632,30
 2a4:	6168                	.2byte	0x6168
 2a6:	2b616863          	bltu	sp,s6,556 <_program_size-0x832>
 2aa:	7361                	lui	t1,0xffff8
 2ac:	2f6e6f63          	bltu	t3,s6,5aa <_program_size-0x7de>
 2b0:	2f637273          	csrrci	tp,0x2f6,6
 2b4:	616d                	addi	sp,sp,240
 2b6:	6e69                	lui	t3,0x1a
 2b8:	632e                	.2byte	0x632e
 2ba:	6100                	.2byte	0x6100
 2bc:	6e6f6373          	csrrsi	t1,0x6e6,30
 2c0:	682e                	.2byte	0x682e
 2c2:	6100                	.2byte	0x6100
 2c4:	6165                	addi	sp,sp,112
 2c6:	2e64                	.2byte	0x2e64
 2c8:	0068                	addi	a0,sp,12

Disassembly of section .debug_info:

00000000 <.debug_info>:
       0:	0020                	addi	s0,sp,8
       2:	0000                	unimp
       4:	0005                	c.nop	1
       6:	0401                	addi	s0,s0,0 # ffffd000 <_ram_end+0x7ffed000>
       8:	0000                	unimp
       a:	0000                	unimp
       c:	0001                	nop
       e:	0000                	unimp
      10:	0000                	unimp
      12:	0000                	unimp
      14:	3080                	.2byte	0x3080
      16:	0000                	unimp
      18:	0000                	unimp
      1a:	0040                	addi	s0,sp,4
      1c:	0000                	unimp
      1e:	0075                	c.nop	29
      20:	0000                	unimp
      22:	8001                	c.srli64	s0
      24:	0a0e                	slli	s4,s4,0x3
      26:	0000                	unimp
      28:	0005                	c.nop	1
      2a:	0401                	addi	s0,s0,0
      2c:	0014                	.2byte	0x14
      2e:	0000                	unimp
      30:	811f 0000 1d00      	.byte	0x1f, 0x81, 0x00, 0x00, 0x00, 0x1d
      36:	0075                	c.nop	29
      38:	0000                	unimp
      3a:	0000                	unimp
      3c:	0000                	unimp
      3e:	015e                	slli	sp,sp,0x17
      40:	0000                	unimp
      42:	0000                	unimp
      44:	0000                	unimp
      46:	0080                	addi	s0,sp,64
      48:	0000                	unimp
      4a:	0105                	addi	sp,sp,1
      4c:	ae06                	.2byte	0xae06
      4e:	0001                	nop
      50:	0b00                	addi	s0,sp,400
      52:	01a2                	slli	gp,gp,0x8
      54:	0000                	unimp
      56:	2b02                	.2byte	0x2b02
      58:	3918                	.2byte	0x3918
      5a:	0000                	unimp
      5c:	0500                	addi	s0,sp,640
      5e:	0801                	addi	a6,a6,0
      60:	01ac                	addi	a1,sp,200
      62:	0000                	unimp
      64:	0205                	addi	tp,tp,1 # 1 <_program_size-0xd87>
      66:	5905                	li	s2,-31
      68:	0001                	nop
      6a:	0500                	addi	s0,sp,640
      6c:	0702                	c.slli64	a4
      6e:	01e8                	addi	a0,sp,204
      70:	0000                	unimp
      72:	0405                	addi	s0,s0,1
      74:	9205                	srli	a2,a2,0x21
      76:	0001                	nop
      78:	0b00                	addi	s0,sp,400
      7a:	00000163          	beqz	zero,7c <_program_size-0xd0c>
      7e:	4f02                	lw	t5,0(sp)
      80:	6119                	addi	sp,sp,384
      82:	0000                	unimp
      84:	0500                	addi	s0,sp,640
      86:	0704                	addi	s1,sp,896
      88:	01c6                	slli	gp,gp,0x11
      8a:	0000                	unimp
      8c:	0805                	addi	a6,a6,1
      8e:	8d05                	sub	a0,a0,s1
      90:	0001                	nop
      92:	0500                	addi	s0,sp,640
      94:	0708                	addi	a0,sp,896
      96:	01c1                	addi	gp,gp,16
      98:	0000                	unimp
      9a:	0420                	addi	s0,sp,520
      9c:	6905                	lui	s2,0x1
      9e:	746e                	.2byte	0x746e
      a0:	0b00                	addi	s0,sp,400
      a2:	020d                	addi	tp,tp,3 # 3 <_program_size-0xd85>
      a4:	0000                	unimp
      a6:	e802                	.2byte	0xe802
      a8:	891a                	mv	s2,t1
      aa:	0000                	unimp
      ac:	0500                	addi	s0,sp,640
      ae:	0704                	addi	s1,sp,896
      b0:	000001cb          	.4byte	0x1cb
      b4:	0001a40b          	.4byte	0x1a40b
      b8:	0300                	addi	s0,sp,384
      ba:	1318                	addi	a4,sp,416
      bc:	002d                	c.nop	11
      be:	0000                	unimp
      c0:	9021                	srli	s0,s0,0x28
      c2:	0000                	unimp
      c4:	0b00                	addi	s0,sp,400
      c6:	0165                	addi	sp,sp,25
      c8:	0000                	unimp
      ca:	55143003          	.4byte	0x55143003
      ce:	0000                	unimp
      d0:	0b00                	addi	s0,sp,400
      d2:	0000020f          	.4byte	0x20f
      d6:	7d155203          	lhu	tp,2001(a0) # 1b7d1 <_available_heap+0xe559>
      da:	0000                	unimp
      dc:	1200                	addi	s0,sp,288
      de:	01d8                	addi	a4,sp,196
      e0:	0000                	unimp
      e2:	76c9                	lui	a3,0xffff2
      e4:	0000                	unimp
      e6:	fe00                	.2byte	0xfe00
      e8:	0002                	c.slli64	zero
      ea:	9880                	.2byte	0x9880
      ec:	0000                	unimp
      ee:	0100                	addi	s0,sp,128
      f0:	129c                	addi	a5,sp,352
      f2:	0002                	c.slli64	zero
      f4:	0300                	addi	s0,sp,384
      f6:	0079656b          	.4byte	0x79656b
      fa:	23c9                	jal	6bc <_program_size-0x6cc>
      fc:	0212                	slli	tp,tp,0x4
      fe:	0000                	unimp
     100:	000c                	.2byte	0xc
     102:	0000                	unimp
     104:	8704                	.2byte	0x8704
     106:	0004                	.2byte	0x4
     108:	ca00                	sw	s0,16(a2)
     10a:	00021223          	sh	zero,4(tp) # 4 <_program_size-0xd84>
     10e:	3100                	.2byte	0x3100
     110:	0000                	unimp
     112:	0300                	addi	s0,sp,384
     114:	6461                	lui	s0,0x18
     116:	cb00                	sw	s0,16(a4)
     118:	1224                	addi	s1,sp,296
     11a:	0002                	c.slli64	zero
     11c:	5600                	lw	s0,40(a2)
     11e:	0000                	unimp
     120:	0400                	addi	s0,sp,512
     122:	00000473          	.4byte	0x473
     126:	00a131cb          	.4byte	0xa131cb
     12a:	0000                	unimp
     12c:	0000007b          	.4byte	0x7b
     130:	00746303          	.4byte	0x746303
     134:	24cc                	.2byte	0x24cc
     136:	0212                	slli	tp,tp,0x4
     138:	0000                	unimp
     13a:	00a0                	addi	s0,sp,72
     13c:	0000                	unimp
     13e:	9b04                	.2byte	0x9b04
     140:	0001                	nop
     142:	cc00                	sw	s0,24(s0)
     144:	a131                	j	550 <_program_size-0x838>
     146:	0000                	unimp
     148:	c500                	sw	s0,8(a0)
     14a:	0000                	unimp
     14c:	0300                	addi	s0,sp,384
     14e:	6174                	.2byte	0x6174
     150:	23cd0067          	jr	572(s10)
     154:	0212                	slli	tp,tp,0x4
     156:	0000                	unimp
     158:	00f5                	addi	ra,ra,29
     15a:	0000                	unimp
     15c:	00747003          	.4byte	0x747003
     160:	1ece                	slli	t4,t4,0x33
     162:	00000217          	auipc	tp,0x0
     166:	0125                	addi	sp,sp,9
     168:	0000                	unimp
     16a:	6e04                	.2byte	0x6e04
     16c:	0001                	nop
     16e:	cf00                	sw	s0,24(a4)
     170:	171d                	addi	a4,a4,-25
     172:	0002                	c.slli64	zero
     174:	5500                	lw	s0,40(a0)
     176:	0001                	nop
     178:	2200                	.2byte	0x2200
     17a:	0170                	addi	a2,sp,140
     17c:	0000                	unimp
     17e:	d101                	beqz	a0,7e <_program_size-0xd0a>
     180:	1c0a                	slli	s8,s8,0x22
     182:	0002                	c.slli64	zero
     184:	0200                	addi	s0,sp,256
     186:	5091                	li	ra,-28
     188:	5416                	lw	s0,100(sp)
     18a:	0001                	nop
     18c:	d200                	sw	s0,32(a2)
     18e:	00a1                	addi	ra,ra,8
     190:	0000                	unimp
     192:	017a                	slli	sp,sp,0x1e
     194:	0000                	unimp
     196:	7206                	.2byte	0x7206
     198:	06d30063          	beq	t1,a3,1f8 <_program_size-0xb90>
     19c:	0076                	c.slli	zero,0x1d
     19e:	0000                	unimp
     1a0:	019e                	slli	gp,gp,0x7
     1a2:	0000                	unimp
     1a4:	00033017          	auipc	zero,0x33
     1a8:	1e80                	addi	s0,sp,880
     1aa:	0000                	unimp
     1ac:	9b00                	.2byte	0x9b00
     1ae:	0001                	nop
     1b0:	0600                	addi	s0,sp,768
     1b2:	0069                	c.nop	26
     1b4:	11d8                	addi	a4,sp,228
     1b6:	00a1                	addi	ra,ra,8
     1b8:	0000                	unimp
     1ba:	01b5                	addi	gp,gp,13
     1bc:	0000                	unimp
     1be:	1700                	addi	s0,sp,928
     1c0:	034e                	slli	t1,t1,0x13
     1c2:	8000                	.2byte	0x8000
     1c4:	001c                	.2byte	0x1c
     1c6:	0000                	unimp
     1c8:	01b6                	slli	gp,gp,0xd
     1ca:	0000                	unimp
     1cc:	6906                	.2byte	0x6906
     1ce:	dd00                	sw	s0,56(a0)
     1d0:	a110                	.2byte	0xa110
     1d2:	0000                	unimp
     1d4:	d900                	sw	s0,48(a0)
     1d6:	0001                	nop
     1d8:	0000                	unimp
     1da:	00014b23          	.4byte	0x14b23
     1de:	cc00                	sw	s0,24(s0)
     1e0:	0001                	nop
     1e2:	2400                	.2byte	0x2400
     1e4:	0069                	c.nop	26
     1e6:	e401                	bnez	s0,1ee <_program_size-0xb9a>
     1e8:	a111                	j	5ec <_program_size-0x79c>
     1ea:	0000                	unimp
     1ec:	0100                	addi	s0,sp,128
     1ee:	005f 2a09 0003      	.byte	0x5f, 0x00, 0x09, 0x2a, 0x03, 0x00
     1f4:	d880                	sw	s0,48(s1)
     1f6:	01000003          	lb	zero,16(zero) # 10 <_program_size-0xd78>
     1fa:	5a01                	li	s4,-32
     1fc:	3001                	jal	fffff9fc <_ram_end+0x7ffef9fc>
     1fe:	0101                	addi	sp,sp,0
     200:	01a3035b          	.4byte	0x1a3035b
     204:	015a                	slli	sp,sp,0x16
     206:	5c01                	li	s8,-32
     208:	5b01a303          	lw	t1,1456(gp)
     20c:	0101                	addi	sp,sp,0
     20e:	035d                	addi	t1,t1,23 # ffff8017 <_ram_end+0x7ffe8017>
     210:	015c01a3          	sb	s5,3(s8) # 18003 <_available_heap+0xad8b>
     214:	5e01                	li	t3,-32
     216:	5d01a303          	lw	t1,1488(gp)
     21a:	0101                	addi	sp,sp,0
     21c:	035f 01a3 015e      	.byte	0x5f, 0x03, 0xa3, 0x01, 0x5e, 0x01
     222:	6001                	.2byte	0x6001
     224:	7802                	.2byte	0x7802
     226:	0100                	addi	s0,sp,128
     228:	6101                	addi	sp,sp,0
     22a:	7902                	.2byte	0x7902
     22c:	0100                	addi	s0,sp,128
     22e:	7202                	.2byte	0x7202
     230:	0200                	addi	s0,sp,256
     232:	00000083          	lb	ra,0(zero) # 0 <_program_size-0xd88>
     236:	9c18                	.2byte	0x9c18
     238:	0000                	unimp
     23a:	1800                	addi	s0,sp,48
     23c:	0090                	addi	a2,sp,64
     23e:	0000                	unimp
     240:	9025                	srli	s0,s0,0x29
     242:	0000                	unimp
     244:	2c00                	.2byte	0x2c00
     246:	0002                	c.slli64	zero
     248:	2600                	.2byte	0x2600
     24a:	0089                	addi	ra,ra,2
     24c:	0000                	unimp
     24e:	0012000f          	.4byte	0x12000f
     252:	0002                	c.slli64	zero
     254:	be00                	.2byte	0xbe00
     256:	0076                	c.slli	zero,0x1d
     258:	0000                	unimp
     25a:	0396                	slli	t2,t2,0x5
     25c:	8000                	.2byte	0x8000
     25e:	000e                	c.slli	zero,0x3
     260:	0000                	unimp
     262:	9c01                	.2byte	0x9c01
     264:	0302                	c.slli64	t1
     266:	0000                	unimp
     268:	79656b03          	.4byte	0x79656b03
     26c:	be00                	.2byte	0xbe00
     26e:	1220                	addi	s0,sp,296
     270:	0002                	c.slli64	zero
     272:	fd00                	.2byte	0xfd00
     274:	0001                	nop
     276:	0400                	addi	s0,sp,512
     278:	00000487          	.4byte	0x487
     27c:	021220bf 02170000 	.8byte	0x2170000021220bf
     284:	0000                	unimp
     286:	00646103          	.4byte	0x646103
     28a:	21c0                	.2byte	0x21c0
     28c:	0212                	slli	tp,tp,0x4
     28e:	0000                	unimp
     290:	0231                	addi	tp,tp,12 # 16e <_program_size-0xc1a>
     292:	0000                	unimp
     294:	7304                	.2byte	0x7304
     296:	0004                	.2byte	0x4
     298:	c000                	sw	s0,0(s0)
     29a:	a12e                	.2byte	0xa12e
     29c:	0000                	unimp
     29e:	4b00                	lw	s0,16(a4)
     2a0:	0002                	c.slli64	zero
     2a2:	0300                	addi	s0,sp,384
     2a4:	c1007463          	bgeu	zero,a6,fffff6ac <_ram_end+0x7ffef6ac>
     2a8:	1221                	addi	tp,tp,-24 # ffffffe8 <_ram_end+0x7ffeffe8>
     2aa:	0002                	c.slli64	zero
     2ac:	6500                	.2byte	0x6500
     2ae:	0002                	c.slli64	zero
     2b0:	0400                	addi	s0,sp,512
     2b2:	0000019b          	.4byte	0x19b
     2b6:	2ec1                	jal	686 <_program_size-0x702>
     2b8:	00a1                	addi	ra,ra,8
     2ba:	0000                	unimp
     2bc:	027f                	.2byte	0x27f
     2be:	0000                	unimp
     2c0:	67617403          	.4byte	0x67617403
     2c4:	c200                	sw	s0,0(a2)
     2c6:	1220                	addi	s0,sp,296
     2c8:	0002                	c.slli64	zero
     2ca:	9900                	.2byte	0x9900
     2cc:	0002                	c.slli64	zero
     2ce:	0300                	addi	s0,sp,384
     2d0:	7470                	.2byte	0x7470
     2d2:	c300                	sw	s0,0(a4)
     2d4:	0002171b          	.4byte	0x2171b
     2d8:	b300                	.2byte	0xb300
     2da:	0002                	c.slli64	zero
     2dc:	0900                	addi	s0,sp,144
     2de:	039e                	slli	t2,t2,0x7
     2e0:	8000                	.2byte	0x8000
     2e2:	00b9                	addi	ra,ra,14
     2e4:	0000                	unimp
     2e6:	0101                	addi	sp,sp,0
     2e8:	035a                	slli	t1,t1,0x16
     2ea:	015a01a3          	sb	s5,3(s4)
     2ee:	5b01                	li	s6,-32
     2f0:	5b01a303          	lw	t1,1456(gp)
     2f4:	0101                	addi	sp,sp,0
     2f6:	035c                	addi	a5,sp,388
     2f8:	015c01a3          	sb	s5,3(s8)
     2fc:	5d01                	li	s10,-32
     2fe:	5d01a303          	lw	t1,1488(gp)
     302:	0101                	addi	sp,sp,0
     304:	035e                	slli	t1,t1,0x17
     306:	015e01a3          	sb	s5,3(t3) # 1a003 <_available_heap+0xcd8b>
     30a:	5f01                	li	t5,-32
     30c:	5f01a303          	lw	t1,1520(gp)
     310:	0101                	addi	sp,sp,0
     312:	0360                	addi	s0,sp,396
     314:	016001a3          	sb	s6,3(zero) # 3 <_program_size-0xd85>
     318:	6101                	addi	sp,sp,0
     31a:	6101a303          	lw	t1,1552(gp)
     31e:	0201                	addi	tp,tp,0 # 0 <_program_size-0xd88>
     320:	0072                	c.slli	zero,0x1c
     322:	3001                	jal	fffffb22 <_ram_end+0x7ffefb22>
     324:	0000                	unimp
     326:	8012                	c.mv	zero,tp
     328:	0001                	nop
     32a:	b500                	.2byte	0xb500
     32c:	0076                	c.slli	zero,0x1d
     32e:	0000                	unimp
     330:	02e0                	addi	s0,sp,332
     332:	8000                	.2byte	0x8000
     334:	001e                	c.slli	zero,0x7
     336:	0000                	unimp
     338:	9c01                	.2byte	0x9c01
     33a:	03d8                	addi	a4,sp,452
     33c:	0000                	unimp
     33e:	79656b03          	.4byte	0x79656b03
     342:	b500                	.2byte	0xb500
     344:	1220                	addi	s0,sp,296
     346:	0002                	c.slli64	zero
     348:	cd00                	sw	s0,24(a0)
     34a:	0002                	c.slli64	zero
     34c:	0400                	addi	s0,sp,512
     34e:	00000487          	.4byte	0x487
     352:	20b6                	.2byte	0x20b6
     354:	0212                	slli	tp,tp,0x4
     356:	0000                	unimp
     358:	02f2                	slli	t0,t0,0x1c
     35a:	0000                	unimp
     35c:	00646103          	.4byte	0x646103
     360:	021221b7          	lui	gp,0x2122
     364:	0000                	unimp
     366:	00000317          	auipc	t1,0x0
     36a:	7304                	.2byte	0x7304
     36c:	0004                	.2byte	0x4
     36e:	b700                	.2byte	0xb700
     370:	a12e                	.2byte	0xa12e
     372:	0000                	unimp
     374:	3c00                	.2byte	0x3c00
     376:	03000003          	lb	zero,48(zero) # 30 <_program_size-0xd58>
     37a:	7470                	.2byte	0x7470
     37c:	b800                	.2byte	0xb800
     37e:	1221                	addi	tp,tp,-24 # ffffffe8 <_ram_end+0x7ffeffe8>
     380:	0002                	c.slli64	zero
     382:	6100                	.2byte	0x6100
     384:	04000003          	lb	zero,64(zero) # 40 <_program_size-0xd48>
     388:	01ba                	slli	gp,gp,0xe
     38a:	0000                	unimp
     38c:	2eb8                	.2byte	0x2eb8
     38e:	00a1                	addi	ra,ra,8
     390:	0000                	unimp
     392:	0386                	slli	t2,t2,0x1
     394:	0000                	unimp
     396:	00746303          	.4byte	0x746303
     39a:	1bb9                	addi	s7,s7,-18
     39c:	00000217          	auipc	tp,0x0
     3a0:	000003ab          	.4byte	0x3ab
     3a4:	67617403          	.4byte	0x67617403
     3a8:	b900                	.2byte	0xb900
     3aa:	00021727          	.4byte	0x21727
     3ae:	d000                	sw	s0,32(s0)
     3b0:	09000003          	lb	zero,144(zero) # 90 <_program_size-0xcf8>
     3b4:	02f8                	addi	a4,sp,332
     3b6:	8000                	.2byte	0x8000
     3b8:	03d8                	addi	a4,sp,452
     3ba:	0000                	unimp
     3bc:	0101                	addi	sp,sp,0
     3be:	015a                	slli	sp,sp,0x16
     3c0:	0131                	addi	sp,sp,12
     3c2:	5b01                	li	s6,-32
     3c4:	5a01a303          	lw	t1,1440(gp) # 21225a0 <_available_heap+0x2115328>
     3c8:	0101                	addi	sp,sp,0
     3ca:	035c                	addi	a5,sp,388
     3cc:	015b01a3          	sb	s5,3(s6) # 1a003 <_available_heap+0xcd8b>
     3d0:	5d01                	li	s10,-32
     3d2:	5c01a303          	lw	t1,1472(gp)
     3d6:	0101                	addi	sp,sp,0
     3d8:	035e                	slli	t1,t1,0x17
     3da:	015d01a3          	sb	s5,3(s10)
     3de:	5f01                	li	t5,-32
     3e0:	5e01a303          	lw	t1,1504(gp)
     3e4:	0101                	addi	sp,sp,0
     3e6:	0360                	addi	s0,sp,396
     3e8:	015f01a3          	sb	s5,3(t5)
     3ec:	6101                	addi	sp,sp,0
     3ee:	6001a303          	lw	t1,1536(gp)
     3f2:	0201                	addi	tp,tp,0 # 39c <_program_size-0x9ec>
     3f4:	0072                	c.slli	zero,0x1c
     3f6:	6101a303          	lw	t1,1552(gp)
     3fa:	0000                	unimp
     3fc:	2719                	jal	b02 <_program_size-0x286>
     3fe:	0002                	c.slli64	zero
     400:	6700                	.2byte	0x6700
     402:	760c                	.2byte	0x760c
     404:	0000                	unimp
     406:	a800                	.2byte	0xa800
     408:	0004                	.2byte	0x4
     40a:	0c00                	addi	s0,sp,528
     40c:	0350                	addi	a2,sp,388
     40e:	0000                	unimp
     410:	00a11e67          	.4byte	0xa11e67
     414:	0000                	unimp
     416:	79656b07          	.4byte	0x79656b07
     41a:	6800                	.2byte	0x6800
     41c:	00021223          	sh	zero,4(tp) # 4 <_program_size-0xd84>
     420:	0c00                	addi	s0,sp,528
     422:	00000487          	.4byte	0x487
     426:	2369                	jal	9b0 <_program_size-0x3d8>
     428:	0212                	slli	tp,tp,0x4
     42a:	0000                	unimp
     42c:	00646107          	.4byte	0x646107
     430:	246a                	.2byte	0x246a
     432:	0212                	slli	tp,tp,0x4
     434:	0000                	unimp
     436:	730c                	.2byte	0x730c
     438:	0004                	.2byte	0x4
     43a:	6a00                	.2byte	0x6a00
     43c:	a131                	j	848 <_program_size-0x540>
     43e:	0000                	unimp
     440:	0700                	addi	s0,sp,896
     442:	6e69                	lui	t3,0x1a
     444:	6b00                	.2byte	0x6b00
     446:	1224                	addi	s1,sp,296
     448:	0002                	c.slli64	zero
     44a:	0c00                	addi	s0,sp,528
     44c:	0179                	addi	sp,sp,30
     44e:	0000                	unimp
     450:	00a1316b          	.4byte	0xa1316b
     454:	0000                	unimp
     456:	74756f07          	.4byte	0x74756f07
     45a:	6c00                	.2byte	0x6c00
     45c:	171e                	slli	a4,a4,0x27
     45e:	0002                	c.slli64	zero
     460:	0700                	addi	s0,sp,896
     462:	6174                	.2byte	0x6174
     464:	2b6c0067          	jr	694(s8)
     468:	00000217          	auipc	tp,0x0
     46c:	720a                	.2byte	0x720a
     46e:	066e0063          	beq	t3,t1,4ce <_program_size-0x8ba>
     472:	0076                	c.slli	zero,0x1d
     474:	0000                	unimp
     476:	00046113          	ori	sp,s0,0
     47a:	0a00                	addi	s0,sp,272
     47c:	0069                	c.nop	26
     47e:	1078                	addi	a4,sp,44
     480:	00a1                	addi	ra,ra,8
     482:	0000                	unimp
     484:	1300                	addi	s0,sp,416
     486:	0470                	addi	a2,sp,524
     488:	0000                	unimp
     48a:	690a                	.2byte	0x690a
     48c:	7a00                	.2byte	0x7a00
     48e:	a110                	.2byte	0xa110
     490:	0000                	unimp
     492:	0000                	unimp
     494:	00049a13          	slli	s4,s1,0x0
     498:	0a00                	addi	s0,sp,272
     49a:	0066666f          	jal	a2,664a0 <_available_heap+0x59228>
     49e:	1086                	slli	ra,ra,0x21
     4a0:	00a1                	addi	ra,ra,8
     4a2:	0000                	unimp
     4a4:	270d                	jal	bc6 <_program_size-0x1c2>
     4a6:	000001fb          	.4byte	0x1fb
     4aa:	8701                	c.srai64	a4
     4ac:	a10c                	.2byte	0xa10c
     4ae:	0000                	unimp
     4b0:	0d00                	addi	s0,sp,656
     4b2:	770a                	.2byte	0x770a
     4b4:	8900                	.2byte	0x8900
     4b6:	a111                	j	8ba <_program_size-0x4ce>
     4b8:	0000                	unimp
     4ba:	0000                	unimp
     4bc:	0000                	unimp
     4be:	0a0d                	addi	s4,s4,3
     4c0:	0066666f          	jal	a2,664c6 <_available_heap+0x5924e>
     4c4:	10a0                	addi	s0,sp,104
     4c6:	00a1                	addi	ra,ra,8
     4c8:	0000                	unimp
     4ca:	0000                	unimp
     4cc:	4b1a                	lw	s6,132(sp)
     4ce:	0001                	nop
     4d0:	5900                	lw	s0,48(a0)
     4d2:	04c9                	addi	s1,s1,18
     4d4:	0000                	unimp
     4d6:	67617407          	.4byte	0x67617407
     4da:	5900                	lw	s0,48(a0)
     4dc:	171e                	slli	a4,a4,0x27
     4de:	0002                	c.slli64	zero
     4e0:	0d00                	addi	s0,sp,656
     4e2:	690a                	.2byte	0x690a
     4e4:	5b00                	lw	s0,48(a4)
     4e6:	a110                	.2byte	0xa110
     4e8:	0000                	unimp
     4ea:	0000                	unimp
     4ec:	1b00                	addi	s0,sp,432
     4ee:	024d                	addi	tp,tp,19 # 47b <_program_size-0x90d>
     4f0:	0000                	unimp
     4f2:	d84e                	sw	s3,48(sp)
     4f4:	0000                	unimp
     4f6:	5e80                	lw	s0,56(a3)
     4f8:	0000                	unimp
     4fa:	0100                	addi	s0,sp,128
     4fc:	949c                	.2byte	0x949c
     4fe:	0005                	c.nop	1
     500:	2800                	.2byte	0x2800
     502:	0000023b          	.4byte	0x23b
     506:	4e01                	li	t3,0
     508:	1721                	addi	a4,a4,-24
     50a:	0002                	c.slli64	zero
     50c:	0100                	addi	s0,sp,128
     50e:	035a                	slli	t1,t1,0x16
     510:	0066666f          	jal	a2,66516 <_available_heap+0x5929e>
     514:	304e                	.2byte	0x304e
     516:	00a1                	addi	ra,ra,8
     518:	0000                	unimp
     51a:	03f6                	slli	t2,t2,0x1d
     51c:	0000                	unimp
     51e:	6c1c                	.2byte	0x6c1c
     520:	6e65                	lui	t3,0x19
     522:	4e00                	lw	s0,24(a2)
     524:	a13e                	.2byte	0xa13e
     526:	0000                	unimp
     528:	0100                	addi	s0,sp,128
     52a:	115c                	addi	a5,sp,164
     52c:	001f 0000 7706      	.byte	0x1f, 0x00, 0x00, 0x00, 0x06, 0x77
     532:	5000                	lw	s0,32(s0)
     534:	a110                	.2byte	0xa110
     536:	0000                	unimp
     538:	1b00                	addi	s0,sp,432
     53a:	0004                	.2byte	0x4
     53c:	1100                	addi	s0,sp,160
     53e:	0032                	c.slli	zero,0xc
     540:	0000                	unimp
     542:	6106                	.2byte	0x6106
     544:	0074                	addi	a3,sp,12
     546:	0c51                	addi	s8,s8,20
     548:	00a1                	addi	ra,ra,8
     54a:	0000                	unimp
     54c:	044a                	slli	s0,s0,0x12
     54e:	0000                	unimp
     550:	4129                	li	sp,10
     552:	0006                	c.slli	zero,0x1
     554:	e800                	.2byte	0xe800
     556:	0000                	unimp
     558:	4e80                	lw	s0,24(a3)
     55a:	0000                	unimp
     55c:	0100                	addi	s0,sp,128
     55e:	2055                	jal	602 <_program_size-0x786>
     560:	054a                	slli	a0,a0,0x12
     562:	0000                	unimp
     564:	5002                	.2byte	0x5002
     566:	0006                	c.slli	zero,0x1
     568:	6c00                	.2byte	0x6c00
     56a:	0004                	.2byte	0x4
     56c:	0000                	unimp
     56e:	5c14                	lw	a3,56(s0)
     570:	0006                	c.slli	zero,0x1
     572:	fa00                	.2byte	0xfa00
     574:	0000                	unimp
     576:	6180                	.2byte	0x6180
     578:	0000                	unimp
     57a:	5500                	lw	s0,40(a0)
     57c:	06870203          	lb	tp,104(a4)
     580:	0000                	unimp
     582:	0478                	addi	a4,sp,524
     584:	0000                	unimp
     586:	7c02                	.2byte	0x7c02
     588:	0006                	c.slli	zero,0x1
     58a:	8400                	.2byte	0x8400
     58c:	0004                	.2byte	0x4
     58e:	0200                	addi	s0,sp,256
     590:	0671                	addi	a2,a2,28
     592:	0000                	unimp
     594:	0490                	addi	a2,sp,576
     596:	0000                	unimp
     598:	6602                	.2byte	0x6602
     59a:	0006                	c.slli	zero,0x1
     59c:	9c00                	.2byte	0x9c00
     59e:	0004                	.2byte	0x4
     5a0:	1500                	addi	s0,sp,672
     5a2:	0690                	addi	a2,sp,832
     5a4:	0000                	unimp
     5a6:	0061                	c.nop	24
     5a8:	0000                	unimp
     5aa:	9108                	.2byte	0x9108
     5ac:	0006                	c.slli	zero,0x1
     5ae:	a800                	.2byte	0xa800
     5b0:	0004                	.2byte	0x4
     5b2:	0000                	unimp
     5b4:	0000                	unimp
     5b6:	0000                	unimp
     5b8:	0002301b          	.4byte	0x2301b
     5bc:	4400                	lw	s0,8(s0)
     5be:	0076                	c.slli	zero,0x1d
     5c0:	8000                	.2byte	0x8000
     5c2:	0062                	c.slli	zero,0x18
     5c4:	0000                	unimp
     5c6:	9c01                	.2byte	0x9c01
     5c8:	061a                	slli	a2,a2,0x6
     5ca:	0000                	unimp
     5cc:	3b04                	.2byte	0x3b04
     5ce:	0002                	c.slli64	zero
     5d0:	4400                	lw	s0,8(s0)
     5d2:	00021227          	.4byte	0x21227
     5d6:	e700                	.2byte	0xe700
     5d8:	0004                	.2byte	0x4
     5da:	0300                	addi	s0,sp,384
     5dc:	0066666f          	jal	a2,665e2 <_available_heap+0x5936a>
     5e0:	3644                	.2byte	0x3644
     5e2:	00a1                	addi	ra,ra,8
     5e4:	0000                	unimp
     5e6:	050c                	addi	a1,sp,640
     5e8:	0000                	unimp
     5ea:	6e656c03          	.4byte	0x6e656c03
     5ee:	4400                	lw	s0,8(s0)
     5f0:	a144                	.2byte	0xa144
     5f2:	0000                	unimp
     5f4:	2600                	.2byte	0x2600
     5f6:	0005                	c.nop	1
     5f8:	1600                	addi	s0,sp,800
     5fa:	000001fb          	.4byte	0x1fb
     5fe:	a146                	.2byte	0xa146
     600:	0000                	unimp
     602:	4b00                	lw	s0,16(a4)
     604:	0005                	c.nop	1
     606:	2a00                	.2byte	0x2a00
     608:	0096                	slli	ra,ra,0x5
     60a:	8000                	.2byte	0x8000
     60c:	001a                	c.slli	zero,0x6
     60e:	0000                	unimp
     610:	7706                	.2byte	0x7706
     612:	4800                	lw	s0,16(s0)
     614:	a110                	.2byte	0xa110
     616:	0000                	unimp
     618:	9000                	.2byte	0x9000
     61a:	0005                	c.nop	1
     61c:	0900                	addi	s0,sp,144
     61e:	00a8                	addi	a0,sp,72
     620:	8000                	.2byte	0x8000
     622:	069c                	addi	a5,sp,832
     624:	0000                	unimp
     626:	0101                	addi	sp,sp,0
     628:	025a                	slli	tp,tp,0x16
     62a:	0085                	addi	ra,ra,1
     62c:	0101                	addi	sp,sp,0
     62e:	0079055b          	.4byte	0x79055b
     632:	0078                	addi	a4,sp,12
     634:	0122                	slli	sp,sp,0x8
     636:	5c01                	li	s8,-32
     638:	8402                	jr	s0
     63a:	0000                	unimp
     63c:	0000                	unimp
     63e:	581d                	li	a6,-25
     640:	0002                	c.slli64	zero
     642:	3100                	.2byte	0x3100
     644:	760c                	.2byte	0x760c
     646:	0000                	unimp
     648:	5200                	lw	s0,32(a2)
     64a:	0000                	unimp
     64c:	2480                	.2byte	0x2480
     64e:	0000                	unimp
     650:	0100                	addi	s0,sp,128
     652:	419c                	lw	a5,0(a1)
     654:	0006                	c.slli	zero,0x1
     656:	0600                	addi	s0,sp,768
     658:	006e                	c.slli	zero,0x1b
     65a:	00a10b33          	add	s6,sp,a0
     65e:	0000                	unimp
     660:	059d                	addi	a1,a1,7
     662:	0000                	unimp
     664:	1900                	addi	s0,sp,176
     666:	00000263          	beqz	zero,66a <_program_size-0x71e>
     66a:	00a11127          	.4byte	0xa11127
     66e:	0000                	unimp
     670:	065c                	addi	a5,sp,772
     672:	0000                	unimp
     674:	b60c                	.2byte	0xb60c
     676:	0002                	c.slli64	zero
     678:	2700                	.2byte	0x2700
     67a:	a125                	j	aa2 <_program_size-0x2e6>
     67c:	0000                	unimp
     67e:	0000                	unimp
     680:	191a                	slli	s2,s2,0x26
     682:	0002                	c.slli64	zero
     684:	1e00                	addi	s0,sp,816
     686:	069c                	addi	a5,sp,832
     688:	0000                	unimp
     68a:	3b0c                	.2byte	0x3b0c
     68c:	0002                	c.slli64	zero
     68e:	1e00                	addi	s0,sp,816
     690:	1724                	addi	s1,sp,936
     692:	0002                	c.slli64	zero
     694:	0700                	addi	s0,sp,896
     696:	6469                	lui	s0,0x1a
     698:	0078                	addi	a4,sp,12
     69a:	331e                	.2byte	0x331e
     69c:	00a1                	addi	ra,ra,8
     69e:	0000                	unimp
     6a0:	6e656c07          	.4byte	0x6e656c07
     6a4:	1e00                	addi	s0,sp,816
     6a6:	a141                	j	b26 <_program_size-0x262>
     6a8:	0000                	unimp
     6aa:	0700                	addi	s0,sp,896
     6ac:	0076                	c.slli	zero,0x1d
     6ae:	4f1e                	lw	t5,196(sp)
     6b0:	00a1                	addi	ra,ra,8
     6b2:	0000                	unimp
     6b4:	0a0d                	addi	s4,s4,3
     6b6:	0069                	c.nop	26
     6b8:	1020                	addi	s0,sp,40
     6ba:	00a1                	addi	ra,ra,8
     6bc:	0000                	unimp
     6be:	0000                	unimp
     6c0:	401d                	c.li	zero,7
     6c2:	0002                	c.slli64	zero
     6c4:	1500                	addi	s0,sp,672
     6c6:	a111                	j	aca <_program_size-0x2be>
     6c8:	0000                	unimp
     6ca:	2c00                	.2byte	0x2c00
     6cc:	0000                	unimp
     6ce:	2680                	.2byte	0x2680
     6d0:	0000                	unimp
     6d2:	0100                	addi	s0,sp,128
     6d4:	019c                	addi	a5,sp,192
     6d6:	04000007          	.4byte	0x4000007
     6da:	0000023b          	.4byte	0x23b
     6de:	2d15                	jal	d12 <_program_size-0x76>
     6e0:	0212                	slli	tp,tp,0x4
     6e2:	0000                	unimp
     6e4:	05d1                	addi	a1,a1,20
     6e6:	0000                	unimp
     6e8:	78646903          	.4byte	0x78646903
     6ec:	1500                	addi	s0,sp,672
     6ee:	a13c                	.2byte	0xa13c
     6f0:	0000                	unimp
     6f2:	e800                	.2byte	0xe800
     6f4:	0005                	c.nop	1
     6f6:	1c00                	addi	s0,sp,560
     6f8:	656c                	.2byte	0x656c
     6fa:	006e                	c.slli	zero,0x1b
     6fc:	4a15                	li	s4,5
     6fe:	00a1                	addi	ra,ra,8
     700:	0000                	unimp
     702:	5c01                	li	s8,-32
     704:	7606                	.2byte	0x7606
     706:	1700                	addi	s0,sp,928
     708:	0000a10b          	.4byte	0xa10b
     70c:	0100                	addi	s0,sp,128
     70e:	0006                	c.slli	zero,0x1
     710:	1100                	addi	s0,sp,160
     712:	000c                	.2byte	0xc
     714:	0000                	unimp
     716:	6906                	.2byte	0x6906
     718:	1900                	addi	s0,sp,176
     71a:	a110                	.2byte	0xa110
     71c:	0000                	unimp
     71e:	1900                	addi	s0,sp,176
     720:	0006                	c.slli	zero,0x1
     722:	0000                	unimp
     724:	2b00                	.2byte	0x2b00
     726:	03d8                	addi	a4,sp,452
     728:	0000                	unimp
     72a:	0136                	slli	sp,sp,0xd
     72c:	8000                	.2byte	0x8000
     72e:	01aa                	slli	gp,gp,0xa
     730:	0000                	unimp
     732:	9c01                	.2byte	0x9c01
     734:	e702                	.2byte	0xe702
     736:	32000003          	lb	zero,800(zero) # 320 <_program_size-0xa68>
     73a:	0006                	c.slli	zero,0x1
     73c:	0200                	addi	s0,sp,256
     73e:	03f2                	slli	t2,t2,0x1c
     740:	0000                	unimp
     742:	0670                	addi	a2,sp,780
     744:	0000                	unimp
     746:	fd02                	.2byte	0xfd02
     748:	a0000003          	lb	zero,-1536(zero) # fffffa00 <_ram_end+0x7ffefa00>
     74c:	0006                	c.slli	zero,0x1
     74e:	0200                	addi	s0,sp,256
     750:	0408                	addi	a0,sp,512
     752:	0000                	unimp
     754:	06d0                	addi	a2,sp,836
     756:	0000                	unimp
     758:	1202                	slli	tp,tp,0x20
     75a:	0004                	.2byte	0x4
     75c:	0b00                	addi	s0,sp,400
     75e:	02000007          	.4byte	0x2000007
     762:	041d                	addi	s0,s0,7 # 1a007 <_available_heap+0xcd8f>
     764:	0000                	unimp
     766:	0754                	addi	a3,sp,900
     768:	0000                	unimp
     76a:	2702                	.2byte	0x2702
     76c:	0004                	.2byte	0x4
     76e:	9200                	.2byte	0x9200
     770:	02000007          	.4byte	0x2000007
     774:	0432                	slli	s0,s0,0xc
     776:	0000                	unimp
     778:	07cd                	addi	a5,a5,19
     77a:	0000                	unimp
     77c:	3d02                	.2byte	0x3d02
     77e:	0004                	.2byte	0x4
     780:	0b00                	addi	s0,sp,400
     782:	0008                	.2byte	0x8
     784:	1e00                	addi	s0,sp,816
     786:	0448                	addi	a0,sp,516
     788:	0000                	unimp
     78a:	d814                	sw	a3,48(s0)
     78c:	6a000003          	lb	zero,1696(zero) # 6a0 <_program_size-0x6e8>
     790:	0001                	nop
     792:	7d80                	.2byte	0x7d80
     794:	0000                	unimp
     796:	6700                	.2byte	0x6700
     798:	020c                	addi	a1,sp,256
     79a:	043d                	addi	s0,s0,15
     79c:	0000                	unimp
     79e:	0830                	addi	a2,sp,24
     7a0:	0000                	unimp
     7a2:	3202                	.2byte	0x3202
     7a4:	0004                	.2byte	0x4
     7a6:	4900                	lw	s0,16(a0)
     7a8:	0008                	.2byte	0x8
     7aa:	0200                	addi	s0,sp,256
     7ac:	00000427          	.4byte	0x427
     7b0:	0864                	addi	s1,sp,28
     7b2:	0000                	unimp
     7b4:	1d02                	slli	s10,s10,0x20
     7b6:	0004                	.2byte	0x4
     7b8:	9400                	.2byte	0x9400
     7ba:	0008                	.2byte	0x8
     7bc:	0200                	addi	s0,sp,256
     7be:	0412                	slli	s0,s0,0x4
     7c0:	0000                	unimp
     7c2:	000008af          	.4byte	0x8af
     7c6:	0802                	c.slli64	a6
     7c8:	0004                	.2byte	0x4
     7ca:	e200                	.2byte	0xe200
     7cc:	0008                	.2byte	0x8
     7ce:	0200                	addi	s0,sp,256
     7d0:	03fd                	addi	t2,t2,31
     7d2:	0000                	unimp
     7d4:	0904                	addi	s1,sp,144
     7d6:	0000                	unimp
     7d8:	f202                	.2byte	0xf202
     7da:	37000003          	lb	zero,880(zero) # 370 <_program_size-0xa18>
     7de:	0009                	c.nop	2
     7e0:	0200                	addi	s0,sp,256
     7e2:	000003e7          	jalr	t2,zero # 0 <_program_size-0xd88>
     7e6:	096a                	slli	s2,s2,0x1a
     7e8:	0000                	unimp
     7ea:	7d11                	lui	s10,0xfffe4
     7ec:	0000                	unimp
     7ee:	0800                	addi	s0,sp,16
     7f0:	0448                	addi	a0,sp,516
     7f2:	0000                	unimp
     7f4:	099d                	addi	s3,s3,7
     7f6:	0000                	unimp
     7f8:	520e                	lw	tp,224(sp)
     7fa:	0004                	.2byte	0x4
     7fc:	a200                	.2byte	0xa200
     7fe:	0000                	unimp
     800:	0700                	addi	s0,sp,896
     802:	0008                	.2byte	0x8
     804:	0800                	addi	s0,sp,16
     806:	00000457          	.4byte	0x457
     80a:	09e0                	addi	s0,sp,220
     80c:	0000                	unimp
     80e:	8e09                	sub	a2,a2,a0
     810:	0001                	nop
     812:	9c80                	.2byte	0x9c80
     814:	0006                	c.slli	zero,0x1
     816:	0100                	addi	s0,sp,128
     818:	5a01                	li	s4,-32
     81a:	8902                	jr	s2
     81c:	0100                	addi	s0,sp,128
     81e:	5b01                	li	s6,-32
     820:	8502                	jr	a0
     822:	0100                	addi	s0,sp,128
     824:	5c01                	li	s8,-32
     826:	0802                	c.slli64	a6
     828:	0020                	addi	s0,sp,8
     82a:	0e00                	addi	s0,sp,784
     82c:	0461                	addi	s0,s0,24
     82e:	0000                	unimp
     830:	00be                	slli	ra,ra,0xf
     832:	0000                	unimp
     834:	0874                	addi	a3,sp,28
     836:	0000                	unimp
     838:	6608                	.2byte	0x6608
     83a:	0004                	.2byte	0x4
     83c:	ed00                	.2byte	0xed00
     83e:	0009                	c.nop	2
     840:	0f00                	addi	s0,sp,912
     842:	01a4                	addi	s1,sp,200
     844:	8000                	.2byte	0x8000
     846:	069c                	addi	a5,sp,832
     848:	0000                	unimp
     84a:	0000083b          	.4byte	0x83b
     84e:	0101                	addi	sp,sp,0
     850:	025a                	slli	tp,tp,0x16
     852:	01010087          	.4byte	0x1010087
     856:	0130015b          	.4byte	0x130015b
     85a:	5c01                	li	s8,-32
     85c:	3c01                	jal	26c <_program_size-0xb1c>
     85e:	0f00                	addi	s0,sp,912
     860:	01b0                	addi	a2,sp,200
     862:	8000                	.2byte	0x8000
     864:	069c                	addi	a5,sp,832
     866:	0000                	unimp
     868:	0859                	addi	a6,a6,22
     86a:	0000                	unimp
     86c:	0101                	addi	sp,sp,0
     86e:	025a                	slli	tp,tp,0x16
     870:	01010087          	.4byte	0x1010087
     874:	0134015b          	.4byte	0x134015b
     878:	5c01                	li	s8,-32
     87a:	3c01                	jal	28a <_program_size-0xafe>
     87c:	0900                	addi	s0,sp,144
     87e:	01be                	slli	gp,gp,0xf
     880:	8000                	.2byte	0x8000
     882:	069c                	addi	a5,sp,832
     884:	0000                	unimp
     886:	0101                	addi	sp,sp,0
     888:	025a                	slli	tp,tp,0x16
     88a:	01010087          	.4byte	0x1010087
     88e:	0138015b          	.4byte	0x138015b
     892:	5c01                	li	s8,-32
     894:	3c01                	jal	2a4 <_program_size-0xae4>
     896:	0000                	unimp
     898:	700e                	.2byte	0x700e
     89a:	0004                	.2byte	0x4
     89c:	d100                	sw	s0,32(a0)
     89e:	0000                	unimp
     8a0:	dd00                	sw	s0,56(a0)
     8a2:	0008                	.2byte	0x8
     8a4:	0800                	addi	s0,sp,16
     8a6:	0475                	addi	s0,s0,29
     8a8:	0000                	unimp
     8aa:	0a2a                	slli	s4,s4,0xa
     8ac:	0000                	unimp
     8ae:	8015                	srli	s0,s0,0x5
     8b0:	0004                	.2byte	0x4
     8b2:	e400                	.2byte	0xe400
     8b4:	0000                	unimp
     8b6:	0800                	addi	s0,sp,16
     8b8:	0481                	addi	s1,s1,0
     8ba:	0000                	unimp
     8bc:	0a41                	addi	s4,s4,16
     8be:	0000                	unimp
     8c0:	8d0e                	mv	s10,gp
     8c2:	0004                	.2byte	0x4
     8c4:	0000                	unimp
     8c6:	0001                	nop
     8c8:	d200                	sw	s0,32(a2)
     8ca:	0008                	.2byte	0x8
     8cc:	0800                	addi	s0,sp,16
     8ce:	048e                	slli	s1,s1,0x3
     8d0:	0000                	unimp
     8d2:	00000a63          	beqz	zero,8e6 <_program_size-0x4a2>
     8d6:	9209                	srli	a2,a2,0x22
     8d8:	0002                	c.slli64	zero
     8da:	9c80                	.2byte	0x9c80
     8dc:	0006                	c.slli	zero,0x1
     8de:	0100                	addi	s0,sp,128
     8e0:	5a01                	li	s4,-32
     8e2:	8602                	jr	a2
     8e4:	0100                	addi	s0,sp,128
     8e6:	5b01                	li	s6,-32
     8e8:	8305                	srli	a4,a4,0x1
     8ea:	8b00                	.2byte	0x8b00
     8ec:	2200                	.2byte	0x2200
     8ee:	0101                	addi	sp,sp,0
     8f0:	025c                	addi	a5,sp,260
     8f2:	0084                	addi	s1,sp,64
     8f4:	0000                	unimp
     8f6:	b410                	.2byte	0xb410
     8f8:	0002                	c.slli64	zero
     8fa:	1a80                	addi	s0,sp,368
     8fc:	0006                	c.slli	zero,0x1
     8fe:	0000                	unimp
     900:	0e00                	addi	s0,sp,784
     902:	049a                	slli	s1,s1,0x6
     904:	0000                	unimp
     906:	0125                	addi	sp,sp,9
     908:	0000                	unimp
     90a:	093d                	addi	s2,s2,15 # 100f <_program_size+0x287>
     90c:	0000                	unimp
     90e:	9b08                	.2byte	0x9b08
     910:	0004                	.2byte	0x4
     912:	7000                	.2byte	0x7000
     914:	000a                	c.slli	zero,0x2
     916:	0f00                	addi	s0,sp,912
     918:	02c2                	slli	t0,t0,0x10
     91a:	8000                	.2byte	0x8000
     91c:	0594                	addi	a3,sp,704
     91e:	0000                	unimp
     920:	0915                	addi	s2,s2,5
     922:	0000                	unimp
     924:	0101                	addi	sp,sp,0
     926:	045a                	slli	s0,s0,0x16
     928:	b891                	j	17c <_program_size-0xc0c>
     92a:	067f                	.2byte	0x67f
     92c:	0101                	addi	sp,sp,0
     92e:	0079025b          	.4byte	0x79025b
     932:	0101                	addi	sp,sp,0
     934:	025c                	addi	a5,sp,260
     936:	0078                	addi	a4,sp,12
     938:	1000                	addi	s0,sp,32
     93a:	02cc                	addi	a1,sp,324
     93c:	8000                	.2byte	0x8000
     93e:	061a                	slli	a2,a2,0x6
     940:	0000                	unimp
     942:	d609                	beqz	a2,84c <_program_size-0x53c>
     944:	0002                	c.slli64	zero
     946:	c980                	sw	s0,16(a1)
     948:	0004                	.2byte	0x4
     94a:	0100                	addi	s0,sp,128
     94c:	5a01                	li	s4,-32
     94e:	9104                	.2byte	0x9104
     950:	7fbc                	.2byte	0x7fbc
     952:	0106                	slli	sp,sp,0x1
     954:	5b01                	li	s6,-32
     956:	7902                	.2byte	0x7902
     958:	0100                	addi	s0,sp,128
     95a:	5c01                	li	s8,-32
     95c:	7802                	.2byte	0x7802
     95e:	0000                	unimp
     960:	2c00                	.2byte	0x2c00
     962:	04a8                	addi	a0,sp,584
     964:	0000                	unimp
     966:	0234                	addi	a3,sp,264
     968:	8000                	.2byte	0x8000
     96a:	002a                	c.slli	zero,0xa
     96c:	0000                	unimp
     96e:	b101                	j	56e <_program_size-0x81a>
     970:	b102                	.2byte	0xb102
     972:	0009                	c.nop	2
     974:	2d00                	.2byte	0x2d00
     976:	04b2                	slli	s1,s1,0xc
     978:	0000                	unimp
     97a:	bd2e                	.2byte	0xbd2e
     97c:	0004                	.2byte	0x4
     97e:	3400                	.2byte	0x3400
     980:	0002                	c.slli64	zero
     982:	2a80                	.2byte	0x2a80
     984:	0000                	unimp
     986:	1e00                	addi	s0,sp,816
     988:	04be                	slli	s1,s1,0xf
     98a:	0000                	unimp
     98c:	5c14                	lw	a3,56(s0)
     98e:	0006                	c.slli	zero,0x1
     990:	3a00                	.2byte	0x3a00
     992:	0002                	c.slli64	zero
     994:	3880                	.2byte	0x3880
     996:	0001                	nop
     998:	5c00                	lw	s0,56(s0)
     99a:	06870203          	lb	tp,104(a4)
     99e:	0000                	unimp
     9a0:	0a94                	addi	a3,sp,336
     9a2:	0000                	unimp
     9a4:	7c02                	.2byte	0x7c02
     9a6:	0006                	c.slli	zero,0x1
     9a8:	a000                	.2byte	0xa000
     9aa:	000a                	c.slli	zero,0x2
     9ac:	0200                	addi	s0,sp,256
     9ae:	0671                	addi	a2,a2,28
     9b0:	0000                	unimp
     9b2:	0aad                	addi	s5,s5,11
     9b4:	0000                	unimp
     9b6:	6602                	.2byte	0x6602
     9b8:	0006                	c.slli	zero,0x1
     9ba:	d000                	sw	s0,32(s0)
     9bc:	000a                	c.slli	zero,0x2
     9be:	1500                	addi	s0,sp,672
     9c0:	0690                	addi	a2,sp,832
     9c2:	0000                	unimp
     9c4:	0138                	addi	a4,sp,136
     9c6:	0000                	unimp
     9c8:	9108                	.2byte	0x9108
     9ca:	0006                	c.slli	zero,0x1
     9cc:	dd00                	sw	s0,56(a0)
     9ce:	000a                	c.slli	zero,0x2
     9d0:	0000                	unimp
     9d2:	0000                	unimp
     9d4:	1000                	addi	s0,sp,32
     9d6:	01da                	slli	gp,gp,0x16
     9d8:	8000                	.2byte	0x8000
     9da:	061a                	slli	a2,a2,0x6
     9dc:	0000                	unimp
     9de:	0001fa0f          	.4byte	0x1fa0f
     9e2:	9480                	.2byte	0x9480
     9e4:	0005                	c.nop	1
     9e6:	db00                	sw	s0,48(a4)
     9e8:	0009                	c.nop	2
     9ea:	0100                	addi	s0,sp,128
     9ec:	5a01                	li	s4,-32
     9ee:	9104                	.2byte	0x9104
     9f0:	7fb8                	.2byte	0x7fb8
     9f2:	0106                	slli	sp,sp,0x1
     9f4:	5b01                	li	s6,-32
     9f6:	3001                	jal	1f6 <_program_size-0xb92>
     9f8:	0101                	addi	sp,sp,0
     9fa:	025c                	addi	a5,sp,260
     9fc:	0078                	addi	a4,sp,12
     9fe:	1000                	addi	s0,sp,32
     a00:	0206                	slli	tp,tp,0x1
     a02:	8000                	.2byte	0x8000
     a04:	061a                	slli	a2,a2,0x6
     a06:	0000                	unimp
     a08:	0002100f          	.4byte	0x2100f
     a0c:	c980                	sw	s0,16(a1)
     a0e:	0004                	.2byte	0x4
     a10:	0500                	addi	s0,sp,640
     a12:	000a                	c.slli	zero,0x2
     a14:	0100                	addi	s0,sp,128
     a16:	5a01                	li	s4,-32
     a18:	9104                	.2byte	0x9104
     a1a:	7fbc                	.2byte	0x7fbc
     a1c:	0106                	slli	sp,sp,0x1
     a1e:	5b01                	li	s6,-32
     a20:	3001                	jal	220 <_program_size-0xb68>
     a22:	0101                	addi	sp,sp,0
     a24:	025c                	addi	a5,sp,260
     a26:	0078                	addi	a4,sp,12
     a28:	1000                	addi	s0,sp,32
     a2a:	022c                	addi	a1,sp,264
     a2c:	8000                	.2byte	0x8000
     a2e:	061a                	slli	a2,a2,0x6
     a30:	0000                	unimp
     a32:	0000                	unimp
     a34:	0000                	unimp
     a36:	1088                	addi	a0,sp,96
     a38:	0000                	unimp
     a3a:	0005                	c.nop	1
     a3c:	0401                	addi	s0,s0,0
     a3e:	029c                	addi	a5,sp,320
     a40:	0000                	unimp
     a42:	812a                	mv	sp,a0
     a44:	0000                	unimp
     a46:	1d00                	addi	s0,sp,688
     a48:	0182                	c.slli64	gp
     a4a:	0000                	unimp
     a4c:	0000                	unimp
     a4e:	0000                	unimp
     a50:	030d                	addi	t1,t1,3 # 369 <_program_size-0xa1f>
     a52:	0000                	unimp
     a54:	0000                	unimp
     a56:	0000                	unimp
     a58:	0b1a                	slli	s6,s6,0x6
     a5a:	0000                	unimp
     a5c:	010a                	slli	sp,sp,0x2
     a5e:	ae06                	.2byte	0xae06
     a60:	0001                	nop
     a62:	0b00                	addi	s0,sp,400
     a64:	01a2                	slli	gp,gp,0x8
     a66:	0000                	unimp
     a68:	2b02                	.2byte	0x2b02
     a6a:	3918                	.2byte	0x3918
     a6c:	0000                	unimp
     a6e:	0a00                	addi	s0,sp,272
     a70:	0801                	addi	a6,a6,0
     a72:	01ac                	addi	a1,sp,200
     a74:	0000                	unimp
     a76:	020a                	slli	tp,tp,0x2
     a78:	5905                	li	s2,-31
     a7a:	0001                	nop
     a7c:	0a00                	addi	s0,sp,272
     a7e:	0702                	c.slli64	a4
     a80:	01e8                	addi	a0,sp,204
     a82:	0000                	unimp
     a84:	040a                	slli	s0,s0,0x2
     a86:	9205                	srli	a2,a2,0x21
     a88:	0001                	nop
     a8a:	0b00                	addi	s0,sp,400
     a8c:	00000163          	beqz	zero,a8e <_program_size-0x2fa>
     a90:	4f02                	lw	t5,0(sp)
     a92:	6119                	addi	sp,sp,384
     a94:	0000                	unimp
     a96:	0a00                	addi	s0,sp,272
     a98:	0704                	addi	s1,sp,896
     a9a:	01c6                	slli	gp,gp,0x11
     a9c:	0000                	unimp
     a9e:	080a                	slli	a6,a6,0x2
     aa0:	8d05                	sub	a0,a0,s1
     aa2:	0001                	nop
     aa4:	0b00                	addi	s0,sp,400
     aa6:	0000038b          	.4byte	0x38b
     aaa:	6902                	.2byte	0x6902
     aac:	7b19                	lui	s6,0xfffe6
     aae:	0000                	unimp
     ab0:	0a00                	addi	s0,sp,272
     ab2:	0708                	addi	a0,sp,896
     ab4:	01c1                	addi	gp,gp,16
     ab6:	0000                	unimp
     ab8:	6905042b          	.4byte	0x6905042b
     abc:	746e                	.2byte	0x746e
     abe:	0b00                	addi	s0,sp,400
     ac0:	020d                	addi	tp,tp,3 # 3 <_program_size-0xd85>
     ac2:	0000                	unimp
     ac4:	e802                	.2byte	0xe802
     ac6:	951a                	add	a0,a0,t1
     ac8:	0000                	unimp
     aca:	0a00                	addi	s0,sp,272
     acc:	0704                	addi	s1,sp,896
     ace:	000001cb          	.4byte	0x1cb
     ad2:	0001a40b          	.4byte	0x1a40b
     ad6:	0300                	addi	s0,sp,384
     ad8:	1318                	addi	a4,sp,416
     ada:	002d                	c.nop	11
     adc:	0000                	unimp
     ade:	9c2c                	.2byte	0x9c2c
     ae0:	0000                	unimp
     ae2:	0b00                	addi	s0,sp,400
     ae4:	0165                	addi	sp,sp,25
     ae6:	0000                	unimp
     ae8:	55143003          	.4byte	0x55143003
     aec:	0000                	unimp
     aee:	0b00                	addi	s0,sp,400
     af0:	038d                	addi	t2,t2,3
     af2:	0000                	unimp
     af4:	6f143c03          	.4byte	0x6f143c03
     af8:	0000                	unimp
     afa:	0b00                	addi	s0,sp,400
     afc:	0000020f          	.4byte	0x20f
     b00:	89155203          	lhu	tp,-1903(a0)
     b04:	0000                	unimp
     b06:	1400                	addi	s0,sp,544
     b08:	0286                	slli	t0,t0,0x1
     b0a:	0000                	unimp
     b0c:	0174                	addi	a3,sp,140
     b0e:	0082                	c.slli64	ra
     b10:	0000                	unimp
     b12:	06c4                	addi	s1,sp,836
     b14:	8000                	.2byte	0x8000
     b16:	009c                	addi	a5,sp,64
     b18:	0000                	unimp
     b1a:	9c01                	.2byte	0x9c01
     b1c:	00000287          	.4byte	0x287
     b20:	6b04                	.2byte	0x6b04
     b22:	7965                	lui	s2,0xffff9
     b24:	7400                	.2byte	0x7400
     b26:	2901                	jal	f36 <_program_size+0x1ae>
     b28:	00000287          	.4byte	0x287
     b2c:	0b1a                	slli	s6,s6,0x6
     b2e:	0000                	unimp
     b30:	5506                	lw	a0,96(sp)
     b32:	0004                	.2byte	0x4
     b34:	7500                	.2byte	0x7500
     b36:	2901                	jal	f46 <_program_size+0x1be>
     b38:	00000287          	.4byte	0x287
     b3c:	00000b3f 00646104 	.8byte	0x64610400000b3f
     b44:	0176                	slli	sp,sp,0x1d
     b46:	872a                	mv	a4,a0
     b48:	0002                	c.slli64	zero
     b4a:	6400                	.2byte	0x6400
     b4c:	0600000b          	.4byte	0x600000b
     b50:	00000473          	.4byte	0x473
     b54:	0176                	slli	sp,sp,0x1d
     b56:	0000ad37          	lui	s10,0xa
     b5a:	8900                	.2byte	0x8900
     b5c:	0400000b          	.4byte	0x400000b
     b60:	77007463          	bgeu	zero,a6,12c8 <_program_size+0x540>
     b64:	2a01                	jal	c74 <_program_size-0x114>
     b66:	00000287          	.4byte	0x287
     b6a:	0bae                	slli	s7,s7,0xb
     b6c:	0000                	unimp
     b6e:	9b06                	add	s6,s6,ra
     b70:	0001                	nop
     b72:	7700                	.2byte	0x7700
     b74:	3701                	jal	a74 <_program_size-0x314>
     b76:	00ad                	addi	ra,ra,11
     b78:	0000                	unimp
     b7a:	00000bd3          	.4byte	0xbd3
     b7e:	7004                	.2byte	0x7004
     b80:	0074                	addi	a3,sp,12
     b82:	0178                	addi	a4,sp,140
     b84:	8c24                	.2byte	0x8c24
     b86:	0002                	c.slli64	zero
     b88:	f800                	.2byte	0xf800
     b8a:	0400000b          	.4byte	0x400000b
     b8e:	6174                	.2byte	0x6174
     b90:	01780067          	jr	23(a6)
     b94:	8736                	mv	a4,a3
     b96:	0002                	c.slli64	zero
     b98:	1d00                	addi	s0,sp,688
     b9a:	000c                	.2byte	0xc
     b9c:	2d00                	.2byte	0x2d00
     b9e:	0170                	addi	a2,sp,140
     ba0:	0000                	unimp
     ba2:	7a01                	lui	s4,0xfffe0
     ba4:	0a01                	addi	s4,s4,0 # fffe0000 <_ram_end+0x7ffd0000>
     ba6:	0291                	addi	t0,t0,4
     ba8:	0000                	unimp
     baa:	9102                	jalr	sp
     bac:	2240                	.2byte	0x2240
     bae:	6372                	.2byte	0x6372
     bb0:	7b00                	.2byte	0x7b00
     bb2:	0601                	addi	a2,a2,0
     bb4:	0082                	c.slli64	ra
     bb6:	0000                	unimp
     bb8:	0c42                	slli	s8,s8,0x10
     bba:	0000                	unimp
     bbc:	341a                	.2byte	0x341a
     bbe:	12800007          	.4byte	0x12800007
     bc2:	0000                	unimp
     bc4:	a200                	.2byte	0xa200
     bc6:	0001                	nop
     bc8:	2200                	.2byte	0x2200
     bca:	0069                	c.nop	26
     bcc:	0186                	slli	gp,gp,0x1
     bce:	ad11                	j	11e2 <_program_size+0x45a>
     bd0:	0000                	unimp
     bd2:	4e00                	lw	s0,24(a2)
     bd4:	000c                	.2byte	0xc
     bd6:	0000                	unimp
     bd8:	00042423          	sw	zero,8(s0)
     bdc:	c400                	sw	s0,8(s0)
     bde:	0006                	c.slli	zero,0x1
     be0:	df80                	sw	s0,56(a5)
     be2:	0002                	c.slli64	zero
     be4:	7f00                	.2byte	0x7f00
     be6:	4601                	li	a2,0
     be8:	0002                	c.slli64	zero
     bea:	0200                	addi	s0,sp,256
     bec:	0432                	slli	s0,s0,0xc
     bee:	0000                	unimp
     bf0:	0c5a                	slli	s8,s8,0x16
     bf2:	0000                	unimp
     bf4:	3e2e                	.2byte	0x3e2e
     bf6:	0004                	.2byte	0x4
     bf8:	df00                	sw	s0,56(a4)
     bfa:	0002                	c.slli64	zero
     bfc:	0700                	addi	s0,sp,896
     bfe:	0000043f 00000c71 	.8byte	0xc710000043f
     c06:	f605                	bnez	a2,b2e <_program_size-0x25a>
     c08:	0006                	c.slli	zero,0x1
     c0a:	9c80                	.2byte	0x9c80
     c0c:	ee00000b          	.4byte	0xee00000b
     c10:	0001                	nop
     c12:	0100                	addi	s0,sp,128
     c14:	5a01                	li	s4,-32
     c16:	7802                	.2byte	0x7802
     c18:	0100                	addi	s0,sp,128
     c1a:	5b01                	li	s6,-32
     c1c:	3001                	jal	41c <_program_size-0x96c>
     c1e:	0101                	addi	sp,sp,0
     c20:	015c                	addi	a5,sp,132
     c22:	0040                	addi	s0,sp,4
     c24:	0005                	c.nop	1
     c26:	9c800007          	.4byte	0x9c800007
     c2a:	0c00000b          	.4byte	0xc00000b
     c2e:	0002                	c.slli64	zero
     c30:	0100                	addi	s0,sp,128
     c32:	5a01                	li	s4,-32
     c34:	7802                	.2byte	0x7802
     c36:	0100                	addi	s0,sp,128
     c38:	5b01                	li	s6,-32
     c3a:	3401                	jal	63a <_program_size-0x74e>
     c3c:	0101                	addi	sp,sp,0
     c3e:	015c                	addi	a5,sp,132
     c40:	0040                	addi	s0,sp,4
     c42:	0a05                	addi	s4,s4,1
     c44:	9c800007          	.4byte	0x9c800007
     c48:	2a00000b          	.4byte	0x2a00000b
     c4c:	0002                	c.slli64	zero
     c4e:	0100                	addi	s0,sp,128
     c50:	5a01                	li	s4,-32
     c52:	7802                	.2byte	0x7802
     c54:	0100                	addi	s0,sp,128
     c56:	5b01                	li	s6,-32
     c58:	3801                	jal	468 <_program_size-0x920>
     c5a:	0101                	addi	sp,sp,0
     c5c:	015c                	addi	a5,sp,132
     c5e:	0040                	addi	s0,sp,4
     c60:	00071403          	lh	s0,0(a4)
     c64:	9c80                	.2byte	0x9c80
     c66:	0100000b          	.4byte	0x100000b
     c6a:	5a01                	li	s4,-32
     c6c:	7802                	.2byte	0x7802
     c6e:	0100                	addi	s0,sp,128
     c70:	5b01                	li	s6,-32
     c72:	3c01                	jal	682 <_program_size-0x706>
     c74:	0101                	addi	sp,sp,0
     c76:	015c                	addi	a5,sp,132
     c78:	0040                	addi	s0,sp,4
     c7a:	0000                	unimp
     c7c:	00072c03          	lw	s8,0(a4)
     c80:	8080                	.2byte	0x8080
     c82:	01000003          	lb	zero,16(zero) # 10 <_program_size-0xd78>
     c86:	5a01                	li	s4,-32
     c88:	3101                	jal	888 <_program_size-0x500>
     c8a:	0101                	addi	sp,sp,0
     c8c:	0084025b          	.4byte	0x84025b
     c90:	0101                	addi	sp,sp,0
     c92:	025c                	addi	a5,sp,260
     c94:	0085                	addi	ra,ra,1
     c96:	0101                	addi	sp,sp,0
     c98:	025d                	addi	tp,tp,23 # 17 <_program_size-0xd71>
     c9a:	0086                	slli	ra,ra,0x1
     c9c:	0101                	addi	sp,sp,0
     c9e:	025e                	slli	tp,tp,0x17
     ca0:	01010087          	.4byte	0x1010087
     ca4:	025f 0088 0101      	.byte	0x5f, 0x02, 0x88, 0x00, 0x01, 0x01
     caa:	0260                	addi	s0,sp,268
     cac:	0082                	c.slli64	ra
     cae:	0101                	addi	sp,sp,0
     cb0:	0261                	addi	tp,tp,24 # 18 <_program_size-0xd70>
     cb2:	02010083          	lb	ra,32(sp)
     cb6:	0072                	c.slli	zero,0x1c
     cb8:	9102                	jalr	sp
     cba:	0040                	addi	s0,sp,4
     cbc:	2400                	.2byte	0x2400
     cbe:	00a8                	addi	a0,sp,72
     cc0:	0000                	unimp
     cc2:	9c24                	.2byte	0x9c24
     cc4:	0000                	unimp
     cc6:	2500                	.2byte	0x2500
     cc8:	009c                	addi	a5,sp,64
     cca:	0000                	unimp
     ccc:	02a1                	addi	t0,t0,8
     cce:	0000                	unimp
     cd0:	9526                	add	a0,a0,s1
     cd2:	0000                	unimp
     cd4:	0f00                	addi	s0,sp,912
     cd6:	1400                	addi	s0,sp,544
     cd8:	0342                	slli	t1,t1,0x10
     cda:	0000                	unimp
     cdc:	0082016b          	.4byte	0x82016b
     ce0:	0000                	unimp
     ce2:	06a6                	slli	a3,a3,0x9
     ce4:	8000                	.2byte	0x8000
     ce6:	001e                	c.slli	zero,0x7
     ce8:	0000                	unimp
     cea:	9c01                	.2byte	0x9c01
     cec:	0380                	addi	s0,sp,448
     cee:	0000                	unimp
     cf0:	6b04                	.2byte	0x6b04
     cf2:	7965                	lui	s2,0xffff9
     cf4:	6b00                	.2byte	0x6b00
     cf6:	2901                	jal	1106 <_program_size+0x37e>
     cf8:	00000287          	.4byte	0x287
     cfc:	0c8a                	slli	s9,s9,0x2
     cfe:	0000                	unimp
     d00:	5506                	lw	a0,96(sp)
     d02:	0004                	.2byte	0x4
     d04:	6c00                	.2byte	0x6c00
     d06:	2901                	jal	1116 <_program_size+0x38e>
     d08:	00000287          	.4byte	0x287
     d0c:	00000caf          	.4byte	0xcaf
     d10:	6104                	.2byte	0x6104
     d12:	0064                	addi	s1,sp,12
     d14:	016d                	addi	sp,sp,27
     d16:	872a                	mv	a4,a0
     d18:	0002                	c.slli64	zero
     d1a:	d400                	sw	s0,40(s0)
     d1c:	000c                	.2byte	0xc
     d1e:	0600                	addi	s0,sp,768
     d20:	00000473          	.4byte	0x473
     d24:	016d                	addi	sp,sp,27
     d26:	0000ad37          	lui	s10,0xa
     d2a:	f900                	.2byte	0xf900
     d2c:	000c                	.2byte	0xc
     d2e:	0400                	addi	s0,sp,512
     d30:	7470                	.2byte	0x7470
     d32:	6e00                	.2byte	0x6e00
     d34:	2a01                	jal	e44 <_program_size+0xbc>
     d36:	00000287          	.4byte	0x287
     d3a:	0d1e                	slli	s10,s10,0x7
     d3c:	0000                	unimp
     d3e:	ba06                	.2byte	0xba06
     d40:	0001                	nop
     d42:	6e00                	.2byte	0x6e00
     d44:	3701                	jal	c44 <_program_size-0x144>
     d46:	00ad                	addi	ra,ra,11
     d48:	0000                	unimp
     d4a:	00000d43          	.4byte	0xd43
     d4e:	6304                	.2byte	0x6304
     d50:	0074                	addi	a3,sp,12
     d52:	8c24016f          	jal	sp,fff40e14 <_ram_end+0x7ff30e14>
     d56:	0002                	c.slli64	zero
     d58:	6800                	.2byte	0x6800
     d5a:	000d                	c.nop	3
     d5c:	0400                	addi	s0,sp,512
     d5e:	6174                	.2byte	0x6174
     d60:	016f0067          	jr	22(t5)
     d64:	8c30                	.2byte	0x8c30
     d66:	0002                	c.slli64	zero
     d68:	8d00                	.2byte	0x8d00
     d6a:	000d                	c.nop	3
     d6c:	0300                	addi	s0,sp,384
     d6e:	06be                	slli	a3,a3,0xf
     d70:	8000                	.2byte	0x8000
     d72:	0380                	addi	s0,sp,448
     d74:	0000                	unimp
     d76:	0101                	addi	sp,sp,0
     d78:	015a                	slli	sp,sp,0x16
     d7a:	0130                	addi	a2,sp,136
     d7c:	5b01                	li	s6,-32
     d7e:	5a01a303          	lw	t1,1440(gp)
     d82:	0101                	addi	sp,sp,0
     d84:	035c                	addi	a5,sp,388
     d86:	015b01a3          	sb	s5,3(s6) # fffe6003 <_ram_end+0x7ffd6003>
     d8a:	5d01                	li	s10,-32
     d8c:	5c01a303          	lw	t1,1472(gp)
     d90:	0101                	addi	sp,sp,0
     d92:	035e                	slli	t1,t1,0x17
     d94:	015d01a3          	sb	s5,3(s10) # a003 <_stack_size+0x8003>
     d98:	5f01                	li	t5,-32
     d9a:	5e01a303          	lw	t1,1504(gp)
     d9e:	0101                	addi	sp,sp,0
     da0:	0360                	addi	s0,sp,396
     da2:	015f01a3          	sb	s5,3(t5)
     da6:	6101                	addi	sp,sp,0
     da8:	6001a303          	lw	t1,1536(gp)
     dac:	0201                	addi	tp,tp,0 # 0 <_program_size-0xd88>
     dae:	0072                	c.slli	zero,0x1c
     db0:	6101a303          	lw	t1,1552(gp)
     db4:	0000                	unimp
     db6:	0002272f          	amoadd.w	a4,zero,(tp)
     dba:	0100                	addi	s0,sp,128
     dbc:	0128                	addi	a0,sp,136
     dbe:	820c                	.2byte	0x820c
     dc0:	0000                	unimp
     dc2:	0100                	addi	s0,sp,128
     dc4:	0424                	addi	s1,sp,520
     dc6:	0000                	unimp
     dc8:	6a15                	lui	s4,0x5
     dca:	28000003          	lb	zero,640(zero) # 280 <_program_size-0xb08>
     dce:	1e01                	addi	t3,t3,-32 # 18fe0 <_available_heap+0xbd68>
     dd0:	00ad                	addi	ra,ra,11
     dd2:	0000                	unimp
     dd4:	6b10                	.2byte	0x6b10
     dd6:	7965                	lui	s2,0xffff9
     dd8:	2900                	.2byte	0x2900
     dda:	2301                	jal	12da <_program_size+0x552>
     ddc:	00000287          	.4byte	0x287
     de0:	5515                	li	a0,-27
     de2:	0004                	.2byte	0x4
     de4:	2a00                	.2byte	0x2a00
     de6:	2301                	jal	12e6 <_program_size+0x55e>
     de8:	00000287          	.4byte	0x287
     dec:	6110                	.2byte	0x6110
     dee:	0064                	addi	s1,sp,12
     df0:	8724012b          	.4byte	0x8724012b
     df4:	0002                	c.slli64	zero
     df6:	1500                	addi	s0,sp,672
     df8:	00000473          	.4byte	0x473
     dfc:	ad31012b          	.4byte	0xad31012b
     e00:	0000                	unimp
     e02:	1000                	addi	s0,sp,32
     e04:	6e69                	lui	t3,0x1a
     e06:	2c00                	.2byte	0x2c00
     e08:	2401                	jal	1008 <_program_size+0x280>
     e0a:	00000287          	.4byte	0x287
     e0e:	7915                	lui	s2,0xfffe5
     e10:	0001                	nop
     e12:	2c00                	.2byte	0x2c00
     e14:	3101                	jal	a14 <_program_size-0x374>
     e16:	00ad                	addi	ra,ra,11
     e18:	0000                	unimp
     e1a:	6f10                	.2byte	0x6f10
     e1c:	7475                	lui	s0,0xffffd
     e1e:	2d00                	.2byte	0x2d00
     e20:	1e01                	addi	t3,t3,-32 # 19fe0 <_available_heap+0xcd68>
     e22:	028c                	addi	a1,sp,320
     e24:	0000                	unimp
     e26:	7410                	.2byte	0x7410
     e28:	6761                	lui	a4,0x18
     e2a:	2d00                	.2byte	0x2d00
     e2c:	2b01                	jal	133c <_program_size+0x5b4>
     e2e:	028c                	addi	a1,sp,320
     e30:	0000                	unimp
     e32:	7216                	.2byte	0x7216
     e34:	012f0063          	beq	t5,s2,e34 <_program_size+0xac>
     e38:	8206                	mv	tp,ra
     e3a:	0000                	unimp
     e3c:	3000                	.2byte	0x3000
     e3e:	00000417          	auipc	s0,0x0
     e42:	7716                	.2byte	0x7716
     e44:	3a00                	.2byte	0x3a00
     e46:	1001                	c.nop	-32
     e48:	00ad                	addi	ra,ra,11
     e4a:	0000                	unimp
     e4c:	1700                	addi	s0,sp,928
     e4e:	7716                	.2byte	0x7716
     e50:	3f00                	.2byte	0x3f00
     e52:	1001                	c.nop	-32
     e54:	00ad                	addi	ra,ra,11
     e56:	0000                	unimp
     e58:	0000                	unimp
     e5a:	df31                	beqz	a4,db6 <_program_size+0x2e>
     e5c:	0002                	c.slli64	zero
     e5e:	0100                	addi	s0,sp,128
     e60:	0112                	slli	sp,sp,0x4
     e62:	010d                	addi	sp,sp,3
     e64:	0000044b          	.4byte	0x44b
     e68:	7410                	.2byte	0x7410
     e6a:	6761                	lui	a4,0x18
     e6c:	1200                	addi	s0,sp,288
     e6e:	2901                	jal	127e <_program_size+0x4f6>
     e70:	00000287          	.4byte	0x287
     e74:	00771617          	auipc	a2,0x771
     e78:	0116                	slli	sp,sp,0x5
     e7a:	ad10                	.2byte	0xad10
     e7c:	0000                	unimp
     e7e:	0000                	unimp
     e80:	1400                	addi	s0,sp,544
     e82:	000003a3          	sb	zero,7(zero) # 7 <_program_size-0xd81>
     e86:	00820107          	.4byte	0x820107
	...
     e92:	0000                	unimp
     e94:	9c01                	.2byte	0x9c01
     e96:	04fc                	addi	a5,sp,588
     e98:	0000                	unimp
     e9a:	7a04                	.2byte	0x7a04
     e9c:	0700                	addi	s0,sp,896
     e9e:	2201                	jal	f9e <_program_size+0x216>
     ea0:	00000287          	.4byte	0x287
     ea4:	00000db3          	add	s11,zero,zero
     ea8:	c006                	sw	ra,0(sp)
     eaa:	07000003          	lb	zero,112(zero) # 70 <_program_size-0xd18>
     eae:	2e01                	jal	11be <_program_size+0x436>
     eb0:	00ad                	addi	ra,ra,11
     eb2:	0000                	unimp
     eb4:	0dd8                	addi	a4,sp,724
     eb6:	0000                	unimp
     eb8:	6d04                	.2byte	0x6d04
     eba:	08006773          	csrrsi	a4,0x80,0
     ebe:	2201                	jal	fbe <_program_size+0x236>
     ec0:	00000287          	.4byte	0x287
     ec4:	0dfd                	addi	s11,s11,31
     ec6:	0000                	unimp
     ec8:	7406                	.2byte	0x7406
     eca:	0002                	c.slli64	zero
     ecc:	0800                	addi	s0,sp,16
     ece:	3001                	jal	6ce <_program_size-0x6ba>
     ed0:	00ad                	addi	ra,ra,11
     ed2:	0000                	unimp
     ed4:	0e22                	slli	t3,t3,0x8
     ed6:	0000                	unimp
     ed8:	6f04                	.2byte	0x6f04
     eda:	7475                	lui	s0,0xffffd
     edc:	0900                	addi	s0,sp,144
     ede:	1c01                	addi	s8,s8,-32
     ee0:	028c                	addi	a1,sp,320
     ee2:	0000                	unimp
     ee4:	00000e47          	.4byte	0xe47
     ee8:	9c06                	add	s8,s8,ra
     eea:	0002                	c.slli64	zero
     eec:	0900                	addi	s0,sp,144
     eee:	2a01                	jal	ffe <_program_size+0x276>
     ef0:	00ad                	addi	ra,ra,11
     ef2:	0000                	unimp
     ef4:	0e6c                	addi	a1,sp,796
     ef6:	0000                	unimp
     ef8:	0018                	.2byte	0x18
     efa:	0000                	unimp
     efc:	8b00                	.2byte	0x8b00
     efe:	0005                	c.nop	1
     f00:	0100                	addi	s0,sp,128
     f02:	5a01                	li	s4,-32
     f04:	3401                	jal	904 <_program_size-0x484>
     f06:	0101                	addi	sp,sp,0
     f08:	01a3035b          	.4byte	0x1a3035b
     f0c:	015a                	slli	sp,sp,0x16
     f0e:	5c01                	li	s8,-32
     f10:	5b01a303          	lw	t1,1456(gp)
     f14:	0101                	addi	sp,sp,0
     f16:	035d                	addi	t1,t1,23
     f18:	015c01a3          	sb	s5,3(s8)
     f1c:	5e01                	li	t3,-32
     f1e:	5d01a303          	lw	t1,1488(gp)
     f22:	0101                	addi	sp,sp,0
     f24:	035f 01a3 015e      	.byte	0x5f, 0x03, 0xa3, 0x01, 0x5e, 0x01
     f2a:	6001                	.2byte	0x6001
     f2c:	5f01a303          	lw	t1,1520(gp)
     f30:	0000                	unimp
     f32:	0814                	addi	a3,sp,16
     f34:	02000003          	lb	zero,32(zero) # 20 <_program_size-0xd68>
     f38:	8201                	c.srli64	a2
	...
     f42:	0000                	unimp
     f44:	0100                	addi	s0,sp,128
     f46:	8b9c                	.2byte	0x8b9c
     f48:	0005                	c.nop	1
     f4a:	0400                	addi	s0,sp,512
     f4c:	736d                	lui	t1,0xffffb
     f4e:	01020067          	jr	16(tp) # 0 <_program_size-0xd88>
     f52:	8721                	srai	a4,a4,0x8
     f54:	0002                	c.slli64	zero
     f56:	9100                	.2byte	0x9100
     f58:	000e                	c.slli	zero,0x3
     f5a:	0600                	addi	s0,sp,768
     f5c:	0274                	addi	a3,sp,268
     f5e:	0000                	unimp
     f60:	0102                	c.slli64	sp
     f62:	0000ad2f          	amoadd.w	s10,zero,(ra)
     f66:	b600                	.2byte	0xb600
     f68:	000e                	c.slli	zero,0x3
     f6a:	0400                	addi	s0,sp,512
     f6c:	0074756f          	jal	a0,48772 <_available_heap+0x3b4fa>
     f70:	0102                	c.slli64	sp
     f72:	8c41                	or	s0,s0,s0
     f74:	0002                	c.slli64	zero
     f76:	db00                	sw	s0,48(a4)
     f78:	000e                	c.slli	zero,0x3
     f7a:	0600                	addi	s0,sp,768
     f7c:	029c                	addi	a5,sp,320
     f7e:	0000                	unimp
     f80:	0102                	c.slli64	sp
     f82:	0000ad4f          	.4byte	0xad4f
     f86:	0000                	unimp
     f88:	1800000f          	.4byte	0x1800000f
     f8c:	0000                	unimp
     f8e:	0000                	unimp
     f90:	0000058b          	.4byte	0x58b
     f94:	0101                	addi	sp,sp,0
     f96:	015a                	slli	sp,sp,0x16
     f98:	5b010133          	.4byte	0x5b010133
     f9c:	3001                	jal	79c <_program_size-0x5ec>
     f9e:	0101                	addi	sp,sp,0
     fa0:	015c                	addi	a5,sp,132
     fa2:	0130                	addi	a2,sp,136
     fa4:	5d01                	li	s10,-32
     fa6:	5a01a303          	lw	t1,1440(gp)
     faa:	0101                	addi	sp,sp,0
     fac:	035e                	slli	t1,t1,0x17
     fae:	015b01a3          	sb	s5,3(s6)
     fb2:	5f01                	li	t5,-32
     fb4:	5c01a303          	lw	t1,1472(gp)
     fb8:	0101                	addi	sp,sp,0
     fba:	0360                	addi	s0,sp,396
     fbc:	005d01a3          	sb	t0,3(s10)
     fc0:	1900                	addi	s0,sp,176
     fc2:	031a                	slli	t1,t1,0x6
     fc4:	0000                	unimp
     fc6:	0cce                	slli	s9,s9,0x13
     fc8:	0082                	c.slli64	ra
	...
     fd2:	0000                	unimp
     fd4:	9c01                	.2byte	0x9c01
     fd6:	00000767          	jalr	a4,zero # 0 <_program_size-0xd88>
     fda:	6a0c                	.2byte	0x6a0c
     fdc:	ce000003          	lb	zero,-800(zero) # fffffce0 <_ram_end+0x7ffefce0>
     fe0:	ad20                	.2byte	0xad20
     fe2:	0000                	unimp
     fe4:	2500                	.2byte	0x2500
     fe6:	0800000f          	fence	i,unknown
     fea:	007a                	c.slli	zero,0x1e
     fec:	028726cf          	.4byte	0x28726cf
     ff0:	0000                	unimp
     ff2:	00000f63          	beqz	zero,1010 <_program_size+0x288>
     ff6:	c00c                	sw	a1,0(s0)
     ff8:	cf000003          	lb	zero,-784(zero) # fffffcf0 <_ram_end+0x7ffefcf0>
     ffc:	ad32                	.2byte	0xad32
     ffe:	0000                	unimp
    1000:	9300                	.2byte	0x9300
    1002:	0800000f          	fence	i,unknown
    1006:	736d                	lui	t1,0xffffb
    1008:	26d00067          	jr	621(zero) # 0 <_program_size-0xd88>
    100c:	00000287          	.4byte	0x287
    1010:	00000fc3          	.4byte	0xfc3
    1014:	740c                	.2byte	0x740c
    1016:	0002                	c.slli64	zero
    1018:	d000                	sw	s0,32(s0)
    101a:	ad34                	.2byte	0xad34
    101c:	0000                	unimp
    101e:	f300                	.2byte	0xf300
    1020:	0800000f          	fence	i,unknown
    1024:	0074756f          	jal	a0,4882a <_available_heap+0x3b5b2>
    1028:	20d1                	jal	10ec <_program_size+0x364>
    102a:	028c                	addi	a1,sp,320
    102c:	0000                	unimp
    102e:	00001023          	sh	zero,0(zero) # 0 <_program_size-0xd88>
    1032:	9c0c                	.2byte	0x9c0c
    1034:	0002                	c.slli64	zero
    1036:	d100                	sw	s0,32(a0)
    1038:	ad2e                	.2byte	0xad2e
    103a:	0000                	unimp
    103c:	5300                	lw	s0,32(a4)
    103e:	0010                	.2byte	0x10
    1040:	0d00                	addi	s0,sp,656
    1042:	6372                	.2byte	0x6372
    1044:	d300                	sw	s0,32(a4)
    1046:	8206                	mv	tp,ra
    1048:	0000                	unimp
    104a:	8300                	.2byte	0x8300
    104c:	0010                	.2byte	0x10
    104e:	1a00                	addi	s0,sp,304
	...
    1058:	06c0                	addi	s0,sp,836
    105a:	0000                	unimp
    105c:	6e32                	.2byte	0x6e32
    105e:	0002                	c.slli64	zero
    1060:	0100                	addi	s0,sp,128
    1062:	0be0                	addi	s0,sp,476
    1064:	00000767          	jalr	a4,zero # 0 <_program_size-0xd88>
    1068:	9102                	jalr	sp
    106a:	3348                	.2byte	0x3348
    106c:	0000026f          	jal	tp,106c <_program_size+0x2e4>
    1070:	e101                	bnez	a0,1070 <_program_size+0x2e8>
    1072:	b90c                	.2byte	0xb90c
    1074:	0000                	unimp
    1076:	9a00                	.2byte	0x9a00
    1078:	0010                	.2byte	0x10
    107a:	1a00                	addi	s0,sp,304
	...
    1084:	0669                	addi	a2,a2,26 # 771e8e <_available_heap+0x764c16>
    1086:	0000                	unimp
    1088:	690d                	lui	s2,0x3
    108a:	e300                	.2byte	0xe300
    108c:	820c                	.2byte	0x820c
    108e:	0000                	unimp
    1090:	ab00                	.2byte	0xab00
    1092:	0010                	.2byte	0x10
    1094:	0f00                	addi	s0,sp,912
    1096:	0000                	unimp
    1098:	0000                	unimp
    109a:	1082                	slli	ra,ra,0x20
    109c:	0000                	unimp
    109e:	0500                	addi	s0,sp,640
    10a0:	0000                	unimp
    10a2:	0000                	unimp
    10a4:	09fe                	slli	s3,s3,0x1f
    10a6:	0000                	unimp
    10a8:	00000697          	auipc	a3,0x0
    10ac:	0101                	addi	sp,sp,0
    10ae:	025a                	slli	tp,tp,0x16
    10b0:	4891                	li	a7,4
    10b2:	0101                	addi	sp,sp,0
    10b4:	0130015b          	.4byte	0x130015b
    10b8:	5c01                	li	s8,-32
    10ba:	8302                	jr	t1
    10bc:	0100                	addi	s0,sp,128
    10be:	5d01                	li	s10,-32
    10c0:	3001                	jal	8c0 <_program_size-0x4c8>
    10c2:	0101                	addi	sp,sp,0
    10c4:	015e                	slli	sp,sp,0x17
    10c6:	0130                	addi	a2,sp,136
    10c8:	5f01                	li	t5,-32
    10ca:	3001                	jal	8ca <_program_size-0x4be>
    10cc:	0500                	addi	s0,sp,640
    10ce:	0000                	unimp
    10d0:	0000                	unimp
    10d2:	097f                	.2byte	0x97f
    10d4:	0000                	unimp
    10d6:	06b6                	slli	a3,a3,0xd
    10d8:	0000                	unimp
    10da:	0101                	addi	sp,sp,0
    10dc:	025a                	slli	tp,tp,0x16
    10de:	01010087          	.4byte	0x1010087
    10e2:	0082025b          	.4byte	0x82025b
    10e6:	0101                	addi	sp,sp,0
    10e8:	015c                	addi	a5,sp,132
    10ea:	0030                	addi	a2,sp,8
    10ec:	0000000f          	fence	unknown,unknown
    10f0:	ac00                	.2byte	0xac00
    10f2:	000a                	c.slli	zero,0x2
    10f4:	0000                	unimp
    10f6:	5912                	lw	s2,36(sp)
    10f8:	000a                	c.slli	zero,0x2
    10fa:	0000                	unimp
    10fc:	0000                	unimp
    10fe:	3600                	.2byte	0x3600
    1100:	0002                	c.slli64	zero
    1102:	d800                	sw	s0,48(s0)
    1104:	00070907          	.4byte	0x70907
    1108:	0e00                	addi	s0,sp,784
    110a:	0a72                	slli	s4,s4,0x1c
    110c:	0000                	unimp
    110e:	6702                	.2byte	0x6702
    1110:	000a                	c.slli	zero,0x2
    1112:	c300                	sw	s0,0(a4)
    1114:	0010                	.2byte	0x10
    1116:	1200                	addi	s0,sp,288
    1118:	0a7e                	slli	s4,s4,0x1f
    111a:	0000                	unimp
    111c:	0000                	unimp
    111e:	0000                	unimp
    1120:	0252                	slli	tp,tp,0x14
    1122:	0000                	unimp
    1124:	06ff024f          	.4byte	0x6ff024f
    1128:	0000                	unimp
    112a:	960e                	add	a2,a2,gp
    112c:	000a                	c.slli	zero,0x2
    112e:	0e00                	addi	s0,sp,784
    1130:	00000a8b          	.4byte	0xa8b
    1134:	0f00                	addi	s0,sp,912
    1136:	0000                	unimp
    1138:	0000                	unimp
    113a:	0aac                	addi	a1,sp,344
    113c:	0000                	unimp
    113e:	1b00                	addi	s0,sp,432
    1140:	0aa2                	slli	s5,s5,0x8
	...
    114a:	0000                	unimp
    114c:	073107f7          	.4byte	0x73107f7
    1150:	0000                	unimp
    1152:	00000003          	lb	zero,0(zero) # 0 <_program_size-0xd88>
    1156:	e400                	.2byte	0xe400
    1158:	000a                	c.slli	zero,0x2
    115a:	0100                	addi	s0,sp,128
    115c:	5a01                	li	s4,-32
    115e:	3201                	jal	a5e <_program_size-0x32a>
    1160:	0101                	addi	sp,sp,0
    1162:	0031015b          	.4byte	0x31015b
    1166:	0500                	addi	s0,sp,640
    1168:	0000                	unimp
    116a:	0000                	unimp
    116c:	097f                	.2byte	0x97f
    116e:	0000                	unimp
    1170:	0750                	addi	a2,sp,900
    1172:	0000                	unimp
    1174:	0101                	addi	sp,sp,0
    1176:	025a                	slli	tp,tp,0x16
    1178:	0085                	addi	ra,ra,1
    117a:	0101                	addi	sp,sp,0
    117c:	0086025b          	.4byte	0x86025b
    1180:	0101                	addi	sp,sp,0
    1182:	015c                	addi	a5,sp,132
    1184:	0030                	addi	a2,sp,8
    1186:	00000003          	lb	zero,0(zero) # 0 <_program_size-0xd88>
    118a:	7f00                	.2byte	0x7f00
    118c:	0008                	.2byte	0x8
    118e:	0100                	addi	s0,sp,128
    1190:	5a01                	li	s4,-32
    1192:	8402                	jr	s0
    1194:	0100                	addi	s0,sp,128
    1196:	5b01                	li	s6,-32
    1198:	7902                	.2byte	0x7902
    119a:	0000                	unimp
    119c:	2500                	.2byte	0x2500
    119e:	009c                	addi	a5,sp,64
    11a0:	0000                	unimp
    11a2:	00000777          	.4byte	0x777
    11a6:	9526                	add	a0,a0,s1
    11a8:	0000                	unimp
    11aa:	0700                	addi	s0,sp,896
    11ac:	3400                	.2byte	0x3400
    11ae:	0000036f          	jal	t1,11ae <_program_size+0x426>
    11b2:	b901                	j	dc2 <_program_size+0x3a>
    11b4:	8205                	srli	a2,a2,0x1
	...
    11be:	0000                	unimp
    11c0:	0100                	addi	s0,sp,128
    11c2:	7f9c                	.2byte	0x7f9c
    11c4:	0008                	.2byte	0x8
    11c6:	0800                	addi	s0,sp,16
    11c8:	736d                	lui	t1,0xffffb
    11ca:	22b90067          	jr	555(s2) # 322b <_stack_size+0x122b>
    11ce:	00000287          	.4byte	0x287
    11d2:	000010cf          	.4byte	0x10cf
    11d6:	740c                	.2byte	0x740c
    11d8:	0002                	c.slli64	zero
    11da:	b900                	.2byte	0xb900
    11dc:	ad30                	.2byte	0xad30
    11de:	0000                	unimp
    11e0:	f400                	.2byte	0xf400
    11e2:	0010                	.2byte	0x10
    11e4:	0800                	addi	s0,sp,16
    11e6:	646d                	lui	s0,0x1b
    11e8:	b900                	.2byte	0xb900
    11ea:	8c41                	or	s0,s0,s0
    11ec:	0002                	c.slli64	zero
    11ee:	1800                	addi	s0,sp,48
    11f0:	0011                	c.nop	4
    11f2:	0d00                	addi	s0,sp,656
    11f4:	6372                	.2byte	0x6372
    11f6:	bb00                	.2byte	0xbb00
    11f8:	8206                	mv	tp,ra
    11fa:	0000                	unimp
    11fc:	3d00                	.2byte	0x3d00
    11fe:	0011                	c.nop	4
    1200:	1200                	addi	s0,sp,288
    1202:	0a59                	addi	s4,s4,22 # 5016 <_stack_size+0x3016>
    1204:	0000                	unimp
    1206:	0000                	unimp
    1208:	0000                	unimp
    120a:	02b0                	addi	a2,sp,328
    120c:	0000                	unimp
    120e:	08200bbb          	.4byte	0x8200bbb
    1212:	0000                	unimp
    1214:	7202                	.2byte	0x7202
    1216:	000a                	c.slli	zero,0x2
    1218:	5400                	lw	s0,40(s0)
    121a:	0011                	c.nop	4
    121c:	0200                	addi	s0,sp,256
    121e:	00000a67          	jalr	s4,zero # 0 <_program_size-0xd88>
    1222:	1161                	addi	sp,sp,-8
    1224:	0000                	unimp
    1226:	7e12                	.2byte	0x7e12
    1228:	000a                	c.slli	zero,0x2
    122a:	0000                	unimp
    122c:	0000                	unimp
    122e:	cc00                	sw	s0,24(s0)
    1230:	0002                	c.slli64	zero
    1232:	4f00                	lw	s0,24(a4)
    1234:	1602                	slli	a2,a2,0x20
    1236:	0008                	.2byte	0x8
    1238:	0200                	addi	s0,sp,256
    123a:	0a96                	slli	s5,s5,0x5
    123c:	0000                	unimp
    123e:	116e                	slli	sp,sp,0x3b
    1240:	0000                	unimp
    1242:	8b02                	jr	s6
    1244:	000a                	c.slli	zero,0x2
    1246:	7b00                	.2byte	0x7b00
    1248:	0011                	c.nop	4
    124a:	0000                	unimp
    124c:	0000000f          	fence	unknown,unknown
    1250:	ac00                	.2byte	0xac00
    1252:	000a                	c.slli	zero,0x2
    1254:	0000                	unimp
    1256:	000aa21b          	.4byte	0xaa21b
	...
    1262:	c400                	sw	s0,8(s0)
    1264:	00084807          	.4byte	0x84807
    1268:	0300                	addi	s0,sp,384
    126a:	0000                	unimp
    126c:	0000                	unimp
    126e:	0ae4                	addi	s1,sp,348
    1270:	0000                	unimp
    1272:	0101                	addi	sp,sp,0
    1274:	015a                	slli	sp,sp,0x16
    1276:	0132                	slli	sp,sp,0xc
    1278:	5b01                	li	s6,-32
    127a:	3101                	jal	e7a <_program_size+0xf2>
    127c:	0000                	unimp
    127e:	0005                	c.nop	1
    1280:	0000                	unimp
    1282:	7f00                	.2byte	0x7f00
    1284:	0009                	c.nop	2
    1286:	6800                	.2byte	0x6800
    1288:	0008                	.2byte	0x8
    128a:	0100                	addi	s0,sp,128
    128c:	5a01                	li	s4,-32
    128e:	8202                	jr	tp
    1290:	0100                	addi	s0,sp,128
    1292:	5b01                	li	s6,-32
    1294:	066c9103          	lh	sp,102(s9)
    1298:	0101                	addi	sp,sp,0
    129a:	015c                	addi	a5,sp,132
    129c:	0030                	addi	a2,sp,8
    129e:	00000003          	lb	zero,0(zero) # 0 <_program_size-0xd88>
    12a2:	0100                	addi	s0,sp,128
    12a4:	0009                	c.nop	2
    12a6:	0100                	addi	s0,sp,128
    12a8:	5a01                	li	s4,-32
    12aa:	7902                	.2byte	0x7902
    12ac:	0100                	addi	s0,sp,128
    12ae:	5b01                	li	s6,-32
    12b0:	0802                	c.slli64	a6
    12b2:	0020                	addi	s0,sp,8
    12b4:	1c00                	addi	s0,sp,560
    12b6:	02a4                	addi	s1,sp,328
    12b8:	0000                	unimp
    12ba:	6aad                	lui	s5,0xb
    12bc:	0004                	.2byte	0x4
    12be:	5680                	lw	s0,40(a3)
    12c0:	0000                	unimp
    12c2:	0100                	addi	s0,sp,128
    12c4:	019c                	addi	a5,sp,192
    12c6:	0009                	c.nop	2
    12c8:	0800                	addi	s0,sp,16
    12ca:	7364                	.2byte	0x7364
    12cc:	0074                	addi	a3,sp,12
    12ce:	23ad                	jal	1838 <_program_size+0xab0>
    12d0:	028c                	addi	a1,sp,320
    12d2:	0000                	unimp
    12d4:	1188                	addi	a0,sp,224
    12d6:	0000                	unimp
    12d8:	6c08                	.2byte	0x6c08
    12da:	6e65                	lui	t3,0x19
    12dc:	ad00                	.2byte	0xad00
    12de:	ad31                	j	18fa <_program_size+0xb72>
    12e0:	0000                	unimp
    12e2:	b800                	.2byte	0xb800
    12e4:	0011                	c.nop	4
    12e6:	1300                	addi	s0,sp,416
    12e8:	01f5                	addi	gp,gp,29
    12ea:	0000                	unimp
    12ec:	770d                	lui	a4,0xfffe3
    12ee:	af00                	.2byte	0xaf00
    12f0:	ad10                	.2byte	0xad10
    12f2:	0000                	unimp
    12f4:	e800                	.2byte	0xe800
    12f6:	0011                	c.nop	4
    12f8:	0500                	addi	s0,sp,640
    12fa:	04ac                	addi	a1,sp,584
    12fc:	8000                	.2byte	0x8000
    12fe:	00000b3f 000008e3 	.8byte	0x8e300000b3f
    1306:	0101                	addi	sp,sp,0
    1308:	025a                	slli	tp,tp,0x16
    130a:	0082                	c.slli64	ra
    130c:	0101                	addi	sp,sp,0
    130e:	0078025b          	.4byte	0x78025b
    1312:	0101                	addi	sp,sp,0
    1314:	025c                	addi	a5,sp,260
    1316:	0079                	c.nop	30
    1318:	0300                	addi	s0,sp,384
    131a:	04bc                	addi	a5,sp,584
    131c:	8000                	.2byte	0x8000
    131e:	00000b3f 025a0101 	.8byte	0x25a010100000b3f
    1326:	0082                	c.slli64	ra
    1328:	0101                	addi	sp,sp,0
    132a:	0478025b          	.4byte	0x478025b
    132e:	0101                	addi	sp,sp,0
    1330:	025c                	addi	a5,sp,260
    1332:	0079                	c.nop	30
    1334:	0000                	unimp
    1336:	1c00                	addi	s0,sp,560
    1338:	027c                	addi	a5,sp,268
    133a:	0000                	unimp
    133c:	16a4                	addi	s1,sp,872
    133e:	0004                	.2byte	0x4
    1340:	5480                	lw	s0,40(s1)
    1342:	0000                	unimp
    1344:	0100                	addi	s0,sp,128
    1346:	7f9c                	.2byte	0x7f9c
    1348:	0009                	c.nop	2
    134a:	0800                	addi	s0,sp,16
    134c:	7364                	.2byte	0x7364
    134e:	0074                	addi	a3,sp,12
    1350:	20a4                	.2byte	0x20a4
    1352:	028c                	addi	a1,sp,320
    1354:	0000                	unimp
    1356:	11f5                	addi	gp,gp,-3
    1358:	0000                	unimp
    135a:	6c08                	.2byte	0x6c08
    135c:	6e65                	lui	t3,0x19
    135e:	a400                	.2byte	0xa400
    1360:	ad2e                	.2byte	0xad2e
    1362:	0000                	unimp
    1364:	1a00                	addi	s0,sp,304
    1366:	0012                	c.slli	zero,0x4
    1368:	1300                	addi	s0,sp,416
    136a:	01d9                	addi	gp,gp,22
    136c:	0000                	unimp
    136e:	7711                	lui	a4,0xfffe4
    1370:	a600                	.2byte	0xa600
    1372:	ad10                	.2byte	0xad10
    1374:	0000                	unimp
    1376:	0500                	addi	s0,sp,640
    1378:	0444                	addi	s1,sp,516
    137a:	8000                	.2byte	0x8000
    137c:	00000b3f 00000961 	.8byte	0x96100000b3f
    1384:	0101                	addi	sp,sp,0
    1386:	025a                	slli	tp,tp,0x16
    1388:	0082                	c.slli64	ra
    138a:	0101                	addi	sp,sp,0
    138c:	0078025b          	.4byte	0x78025b
    1390:	0101                	addi	sp,sp,0
    1392:	025c                	addi	a5,sp,260
    1394:	0079                	c.nop	30
    1396:	0300                	addi	s0,sp,384
    1398:	0456                	slli	s0,s0,0x15
    139a:	8000                	.2byte	0x8000
    139c:	00000b3f 025a0101 	.8byte	0x25a010100000b3f
    13a4:	0082                	c.slli64	ra
    13a6:	0101                	addi	sp,sp,0
    13a8:	7c78025b          	.4byte	0x7c78025b
    13ac:	0101                	addi	sp,sp,0
    13ae:	025c                	addi	a5,sp,260
    13b0:	0079                	c.nop	30
    13b2:	0000                	unimp
    13b4:	1d00                	addi	s0,sp,688
    13b6:	02d4                	addi	a3,sp,324
    13b8:	0000                	unimp
    13ba:	8276                	mv	tp,t4
    13bc:	0000                	unimp
    13be:	fe00                	.2byte	0xfe00
    13c0:	0009                	c.nop	2
    13c2:	0900                	addi	s0,sp,144
    13c4:	0000023b          	.4byte	0x23b
    13c8:	2676                	.2byte	0x2676
    13ca:	00000287          	.4byte	0x287
    13ce:	6c1e                	.2byte	0x6c1e
    13d0:	6e65                	lui	t3,0x19
    13d2:	7600                	.2byte	0x7600
    13d4:	ad35                	j	1a10 <_program_size+0xc88>
    13d6:	0000                	unimp
    13d8:	0900                	addi	s0,sp,144
    13da:	0315                	addi	t1,t1,5 # ffffb005 <_ram_end+0x7ffeb005>
    13dc:	0000                	unimp
    13de:	3e76                	.2byte	0x3e76
    13e0:	0082                	c.slli64	ra
    13e2:	0000                	unimp
    13e4:	6911                	lui	s2,0x4
    13e6:	7864                	.2byte	0x7864
    13e8:	7800                	.2byte	0x7800
    13ea:	0000ad0b          	.4byte	0xad0b
    13ee:	1700                	addi	s0,sp,928
    13f0:	6f11                	lui	t5,0x4
    13f2:	6666                	.2byte	0x6666
    13f4:	8600                	.2byte	0x8600
    13f6:	ad10                	.2byte	0xad10
    13f8:	0000                	unimp
    13fa:	1700                	addi	s0,sp,928
    13fc:	fb1f 0001 8700      	.byte	0x1f, 0xfb, 0x01, 0x00, 0x00, 0x87
    1402:	ad0c                	.2byte	0xad0c
    1404:	0000                	unimp
    1406:	1f00                	addi	s0,sp,944
    1408:	0338                	addi	a4,sp,392
    140a:	0000                	unimp
    140c:	0788                	addi	a0,sp,960
    140e:	0082                	c.slli64	ra
    1410:	0000                	unimp
    1412:	d91f 0002 8900      	.byte	0x1f, 0xd9, 0x02, 0x00, 0x00, 0x89
    1418:	00008207          	.4byte	0x8207
    141c:	1100                	addi	s0,sp,160
    141e:	626c                	.2byte	0x626c
    1420:	8a00                	.2byte	0x8a00
    1422:	ad0c                	.2byte	0xad0c
    1424:	0000                	unimp
    1426:	1100                	addi	s0,sp,160
    1428:	6372                	.2byte	0x6372
    142a:	8b00                	.2byte	0x8b00
    142c:	00008207          	.4byte	0x8207
    1430:	0000                	unimp
    1432:	0000                	unimp
    1434:	b11d                	j	105a <_program_size+0x2d2>
    1436:	0002                	c.slli64	zero
    1438:	5a00                	lw	s0,48(a2)
    143a:	0082                	c.slli64	ra
    143c:	0000                	unimp
    143e:	0a59                	addi	s4,s4,22
    1440:	0000                	unimp
    1442:	3b09                	jal	1154 <_program_size+0x3cc>
    1444:	0002                	c.slli64	zero
    1446:	5a00                	lw	s0,48(a2)
    1448:	8725                	srai	a4,a4,0x9
    144a:	0002                	c.slli64	zero
    144c:	1e00                	addi	s0,sp,816
    144e:	6469                	lui	s0,0x1a
    1450:	0078                	addi	a4,sp,12
    1452:	345a                	.2byte	0x345a
    1454:	00ad                	addi	ra,ra,11
    1456:	0000                	unimp
    1458:	6c1e                	.2byte	0x6c1e
    145a:	6e65                	lui	t3,0x19
    145c:	5a00                	lw	s0,48(a2)
    145e:	ad42                	.2byte	0xad42
    1460:	0000                	unimp
    1462:	0900                	addi	s0,sp,144
    1464:	0338                	addi	a4,sp,392
    1466:	0000                	unimp
    1468:	00821a5b          	.4byte	0x821a5b
    146c:	0000                	unimp
    146e:	bb09                	j	1180 <_program_size+0x3f8>
    1470:	0002                	c.slli64	zero
    1472:	5b00                	lw	s0,48(a4)
    1474:	ad29                	j	1a8e <_program_size+0xd06>
    1476:	0000                	unimp
    1478:	0900                	addi	s0,sp,144
    147a:	03b6                	slli	t2,t2,0xd
    147c:	0000                	unimp
    147e:	0082395b          	.4byte	0x82395b
    1482:	0000                	unimp
    1484:	7211                	lui	tp,0xfffe4
    1486:	065d0063          	beq	s10,t0,14e6 <_program_size+0x75e>
    148a:	0082                	c.slli64	ra
    148c:	0000                	unimp
    148e:	1d00                	addi	s0,sp,688
    1490:	0325                	addi	t1,t1,9
    1492:	0000                	unimp
    1494:	824d                	srli	a2,a2,0x13
    1496:	0000                	unimp
    1498:	7e00                	.2byte	0x7e00
    149a:	000a                	c.slli	zero,0x2
    149c:	0900                	addi	s0,sp,144
    149e:	036a                	slli	t1,t1,0x1a
    14a0:	0000                	unimp
    14a2:	1e4d                	addi	t3,t3,-13 # 18ff3 <_available_heap+0xbd7b>
    14a4:	00ad                	addi	ra,ra,11
    14a6:	0000                	unimp
    14a8:	c609                	beqz	a2,14b2 <_program_size+0x72a>
    14aa:	4d000003          	lb	zero,1232(zero) # 4d0 <_program_size-0x8b8>
    14ae:	ad2d                	j	1ae8 <_program_size+0xd60>
    14b0:	0000                	unimp
    14b2:	0000                	unimp
    14b4:	fb35                	bnez	a4,1428 <_program_size+0x6a0>
    14b6:	0002                	c.slli64	zero
    14b8:	0100                	addi	s0,sp,128
    14ba:	0d44                	addi	s1,sp,660
    14bc:	a201                	j	15bc <_program_size+0x834>
    14be:	000a                	c.slli	zero,0x2
    14c0:	0900                	addi	s0,sp,144
    14c2:	036a                	slli	t1,t1,0x1a
    14c4:	0000                	unimp
    14c6:	2344                	.2byte	0x2344
    14c8:	00ad                	addi	ra,ra,11
    14ca:	0000                	unimp
    14cc:	c609                	beqz	a2,14d6 <_program_size+0x74e>
    14ce:	44000003          	lb	zero,1088(zero) # 440 <_program_size-0x948>
    14d2:	ad32                	.2byte	0xad32
    14d4:	0000                	unimp
    14d6:	0000                	unimp
    14d8:	00032e27          	.4byte	0x32e27
    14dc:	3f00                	.2byte	0x3f00
    14de:	0082                	c.slli64	ra
    14e0:	0000                	unimp
    14e2:	c619                	beqz	a2,14f0 <_program_size+0x768>
    14e4:	0002                	c.slli64	zero
    14e6:	3e00                	.2byte	0x3e00
    14e8:	820c                	.2byte	0x820c
    14ea:	0000                	unimp
    14ec:	1000                	addi	s0,sp,32
    14ee:	0004                	.2byte	0x4
    14f0:	0680                	addi	s0,sp,832
    14f2:	0000                	unimp
    14f4:	0100                	addi	s0,sp,128
    14f6:	da9c                	sw	a5,48(a3)
    14f8:	000a                	c.slli	zero,0x2
    14fa:	1800                	addi	s0,sp,48
    14fc:	0416                	slli	s0,s0,0x5
    14fe:	8000                	.2byte	0x8000
    1500:	0ae4                	addi	s1,sp,348
    1502:	0000                	unimp
    1504:	0101                	addi	sp,sp,0
    1506:	015a                	slli	sp,sp,0x16
    1508:	0131                	addi	sp,sp,12
    150a:	5b01                	li	s6,-32
    150c:	3001                	jal	d0c <_program_size-0x7c>
    150e:	0000                	unimp
    1510:	0002ed27          	.4byte	0x2ed27
    1514:	3d00                	.2byte	0x3d00
    1516:	0082                	c.slli64	ra
    1518:	0000                	unimp
    151a:	d119                	beqz	a0,1420 <_program_size+0x698>
    151c:	33000003          	lb	zero,816(zero) # 330 <_program_size-0xa58>
    1520:	820c                	.2byte	0x820c
    1522:	0000                	unimp
    1524:	ea00                	.2byte	0xea00
    1526:	26800003          	lb	zero,616(zero) # 268 <_program_size-0xb20>
    152a:	0000                	unimp
    152c:	0100                	addi	s0,sp,128
    152e:	299c                	.2byte	0x299c
    1530:	0c00000b          	.4byte	0xc00000b
    1534:	03b1                	addi	t2,t2,12
    1536:	0000                	unimp
    1538:	00ad1f33          	sll	t5,s10,a0
    153c:	0000                	unimp
    153e:	0000123f 00033d0c 	.8byte	0x33d0c0000123f
    1546:	3300                	.2byte	0x3300
    1548:	ad2e                	.2byte	0xad2e
    154a:	0000                	unimp
    154c:	7200                	.2byte	0x7200
    154e:	0012                	c.slli	zero,0x4
    1550:	0d00                	addi	s0,sp,656
    1552:	006e                	c.slli	zero,0x1b
    1554:	0b35                	addi	s6,s6,13
    1556:	00ad                	addi	ra,ra,11
    1558:	0000                	unimp
    155a:	128c                	addi	a1,sp,352
    155c:	0000                	unimp
    155e:	3600                	.2byte	0x3600
    1560:	0396                	slli	t2,t2,0x5
    1562:	0000                	unimp
    1564:	2e01                	jal	1874 <_program_size+0xaec>
    1566:	ad0a                	.2byte	0xad0a
	...
    1570:	0000                	unimp
    1572:	0100                	addi	s0,sp,128
    1574:	1c9c                	addi	a5,sp,624
    1576:	037d                	addi	t1,t1,31
    1578:	0000                	unimp
    157a:	0003ca23          	.4byte	0x3ca23
    157e:	2080                	.2byte	0x2080
    1580:	0000                	unimp
    1582:	0100                	addi	s0,sp,128
    1584:	9c9c                	.2byte	0x9c9c
    1586:	3700000b          	.4byte	0x3700000b
    158a:	0000023b          	.4byte	0x23b
    158e:	2301                	jal	1a8e <_program_size+0xd06>
    1590:	8c24                	.2byte	0x8c24
    1592:	0002                	c.slli64	zero
    1594:	0100                	addi	s0,sp,128
    1596:	085a                	slli	a6,a6,0x16
    1598:	6469                	lui	s0,0x1a
    159a:	0078                	addi	a4,sp,12
    159c:	00ad3323          	.4byte	0xad3323
    15a0:	0000                	unimp
    15a2:	12c0                	addi	s0,sp,356
    15a4:	0000                	unimp
    15a6:	6c20                	.2byte	0x6c20
    15a8:	6e65                	lui	t3,0x19
    15aa:	2300                	.2byte	0x2300
    15ac:	ad41                	j	1c3c <_program_size+0xeb4>
    15ae:	0000                	unimp
    15b0:	0100                	addi	s0,sp,128
    15b2:	205c                	.2byte	0x205c
    15b4:	0076                	c.slli	zero,0x1d
    15b6:	00ad4f23          	.4byte	0xad4f23
    15ba:	0000                	unimp
    15bc:	5d01                	li	s10,-32
    15be:	0001c613          	xori	a2,gp,0
    15c2:	0d00                	addi	s0,sp,656
    15c4:	0069                	c.nop	26
    15c6:	1025                	c.nop	-23
    15c8:	00ad                	addi	ra,ra,11
    15ca:	0000                	unimp
    15cc:	12da                	slli	t0,t0,0x36
    15ce:	0000                	unimp
    15d0:	0000                	unimp
    15d2:	5819                	li	a6,-26
    15d4:	19000003          	lb	zero,400(zero) # 190 <_program_size-0xbf8>
    15d8:	ad11                	j	1bec <_program_size+0xe64>
    15da:	0000                	unimp
    15dc:	a400                	.2byte	0xa400
    15de:	26800003          	lb	zero,616(zero) # 268 <_program_size-0xb20>
    15e2:	0000                	unimp
    15e4:	0100                	addi	s0,sp,128
    15e6:	019c                	addi	a5,sp,192
    15e8:	000c                	.2byte	0xc
    15ea:	0c00                	addi	s0,sp,528
    15ec:	0000023b          	.4byte	0x23b
    15f0:	2819                	jal	1606 <_program_size+0x87e>
    15f2:	00000287          	.4byte	0x287
    15f6:	000012f3          	csrrw	t0,ustatus,zero
    15fa:	6908                	.2byte	0x6908
    15fc:	7864                	.2byte	0x7864
    15fe:	1900                	addi	s0,sp,176
    1600:	0000ad37          	lui	s10,0xa
    1604:	0a00                	addi	s0,sp,272
    1606:	20000013          	li	zero,512
    160a:	656c                	.2byte	0x656c
    160c:	006e                	c.slli	zero,0x1b
    160e:	4519                	li	a0,6
    1610:	00ad                	addi	ra,ra,11
    1612:	0000                	unimp
    1614:	5c01                	li	s8,-32
    1616:	760d                	lui	a2,0xfffe3
    1618:	1b00                	addi	s0,sp,432
    161a:	0000ad0b          	.4byte	0xad0b
    161e:	2400                	.2byte	0x2400
    1620:	13000013          	li	zero,304
    1624:	000001b3          	add	gp,zero,zero
    1628:	690d                	lui	s2,0x3
    162a:	1d00                	addi	s0,sp,688
    162c:	ad10                	.2byte	0xad10
    162e:	0000                	unimp
    1630:	3c00                	.2byte	0x3c00
    1632:	00000013          	nop
    1636:	2100                	.2byte	0x2100
    1638:	09fe                	slli	s3,s3,0x1f
    163a:	0000                	unimp
    163c:	04c0                	addi	s0,sp,580
    163e:	8000                	.2byte	0x8000
    1640:	0076                	c.slli	zero,0x1d
    1642:	0000                	unimp
    1644:	9c01                	.2byte	0x9c01
    1646:	0d04                	addi	s1,sp,656
    1648:	0000                	unimp
    164a:	0c02                	c.slli64	s8
    164c:	000a                	c.slli	zero,0x2
    164e:	5500                	lw	s0,40(a0)
    1650:	02000013          	li	zero,32
    1654:	00000a17          	auipc	s4,0x0
    1658:	137a                	slli	t1,t1,0x3e
    165a:	0000                	unimp
    165c:	2202                	.2byte	0x2202
    165e:	000a                	c.slli	zero,0x2
    1660:	9f00                	.2byte	0x9f00
    1662:	02000013          	li	zero,32
    1666:	0a2d                	addi	s4,s4,11 # 165f <_program_size+0x8d7>
    1668:	0000                	unimp
    166a:	13c4                	addi	s1,sp,484
    166c:	0000                	unimp
    166e:	3802                	.2byte	0x3802
    1670:	000a                	c.slli	zero,0x2
    1672:	e900                	.2byte	0xe900
    1674:	02000013          	li	zero,32
    1678:	00000a43          	.4byte	0xa43
    167c:	140e                	slli	s0,s0,0x23
    167e:	0000                	unimp
    1680:	000a4e07          	.4byte	0xa4e07
    1684:	3300                	.2byte	0x3300
    1686:	0014                	.2byte	0x14
    1688:	1200                	addi	s0,sp,288
    168a:	0ada                	slli	s5,s5,0x16
    168c:	0000                	unimp
    168e:	04c0                	addi	s0,sp,580
    1690:	8000                	.2byte	0x8000
    1692:	021a                	slli	tp,tp,0x6
    1694:	0000                	unimp
    1696:	0b5d                	addi	s6,s6,23
    1698:	00000c7b          	.4byte	0xc7b
    169c:	0004e603          	.4byte	0x4e603
    16a0:	e480                	.2byte	0xe480
    16a2:	000a                	c.slli	zero,0x2
    16a4:	0100                	addi	s0,sp,128
    16a6:	5a01                	li	s4,-32
    16a8:	3401                	jal	10a8 <_program_size+0x320>
    16aa:	0101                	addi	sp,sp,0
    16ac:	0031015b          	.4byte	0x31015b
    16b0:	3800                	.2byte	0x3800
    16b2:	09fe                	slli	s3,s3,0x1f
    16b4:	0000                	unimp
    16b6:	04ea                	slli	s1,s1,0x1a
    16b8:	8000                	.2byte	0x8000
    16ba:	0034                	addi	a3,sp,8
    16bc:	0000                	unimp
    16be:	5a01                	li	s4,-32
    16c0:	020c                	addi	a1,sp,256
    16c2:	00000a43          	.4byte	0xa43
    16c6:	1455                	addi	s0,s0,-11 # 19ff5 <_available_heap+0xcd7d>
    16c8:	0000                	unimp
    16ca:	3802                	.2byte	0x3802
    16cc:	000a                	c.slli	zero,0x2
    16ce:	6f00                	.2byte	0x6f00
    16d0:	0014                	.2byte	0x14
    16d2:	0200                	addi	s0,sp,256
    16d4:	0a2d                	addi	s4,s4,11
    16d6:	0000                	unimp
    16d8:	1489                	addi	s1,s1,-30
    16da:	0000                	unimp
    16dc:	2202                	.2byte	0x2202
    16de:	000a                	c.slli	zero,0x2
    16e0:	9500                	.2byte	0x9500
    16e2:	0014                	.2byte	0x14
    16e4:	0200                	addi	s0,sp,256
    16e6:	00000a17          	auipc	s4,0x0
    16ea:	14a1                	addi	s1,s1,-24
    16ec:	0000                	unimp
    16ee:	0c02                	c.slli64	s8
    16f0:	000a                	c.slli	zero,0x2
    16f2:	ad00                	.2byte	0xad00
    16f4:	0014                	.2byte	0x14
    16f6:	2800                	.2byte	0x2800
    16f8:	0a4e                	slli	s4,s4,0x13
    16fa:	0000                	unimp
    16fc:	f205                	bnez	a2,161c <_program_size+0x894>
    16fe:	0004                	.2byte	0x4
    1700:	9c80                	.2byte	0x9c80
    1702:	e600000b          	.4byte	0xe600000b
    1706:	000c                	.2byte	0xc
    1708:	0100                	addi	s0,sp,128
    170a:	5a01                	li	s4,-32
    170c:	8302                	jr	t1
    170e:	0100                	addi	s0,sp,128
    1710:	5b01                	li	s6,-32
    1712:	8402                	jr	s0
    1714:	0100                	addi	s0,sp,128
    1716:	5c01                	li	s8,-32
    1718:	8502                	jr	a0
    171a:	0000                	unimp
    171c:	00050403          	lb	s0,0(a0)
    1720:	9c80                	.2byte	0x9c80
    1722:	0100000b          	.4byte	0x100000b
    1726:	5a01                	li	s4,-32
    1728:	8302                	jr	t1
    172a:	0100                	addi	s0,sp,128
    172c:	5b01                	li	s6,-32
    172e:	8402                	jr	s0
    1730:	0104                	addi	s1,sp,128
    1732:	5c01                	li	s8,-32
    1734:	8502                	jr	a0
    1736:	0000                	unimp
    1738:	0000                	unimp
    173a:	7f21                	lui	t5,0xfffe8
    173c:	0009                	c.nop	2
    173e:	3600                	.2byte	0x3600
    1740:	0005                	c.nop	1
    1742:	7a80                	.2byte	0x7a80
    1744:	0000                	unimp
    1746:	0100                	addi	s0,sp,128
    1748:	f79c                	.2byte	0xf79c
    174a:	000d                	c.nop	3
    174c:	0200                	addi	s0,sp,256
    174e:	098d                	addi	s3,s3,3
    1750:	0000                	unimp
    1752:	14b9                	addi	s1,s1,-18
    1754:	0000                	unimp
    1756:	9802                	jalr	a6
    1758:	0009                	c.nop	2
    175a:	f700                	.2byte	0xf700
    175c:	0014                	.2byte	0x14
    175e:	0200                	addi	s0,sp,256
    1760:	000009a3          	sb	zero,19(zero) # 13 <_program_size-0xd75>
    1764:	1535                	addi	a0,a0,-19
    1766:	0000                	unimp
    1768:	ae39                	j	1a86 <_program_size+0xcfe>
    176a:	0009                	c.nop	2
    176c:	0000                	unimp
    176e:	00097f1b          	.4byte	0x97f1b
    1772:	5c00                	lw	s0,56(s0)
    1774:	0005                	c.nop	1
    1776:	4080                	lw	s0,0(s1)
    1778:	0000                	unimp
    177a:	7600                	.2byte	0x7600
    177c:	ca0c                	sw	a1,16(a2)
    177e:	000d                	c.nop	3
    1780:	0e00                	addi	s0,sp,784
    1782:	000009a3          	sb	zero,19(zero) # 13 <_program_size-0xd75>
    1786:	980e                	add	a6,a6,gp
    1788:	0009                	c.nop	2
    178a:	0e00                	addi	s0,sp,784
    178c:	098d                	addi	s3,s3,3
    178e:	0000                	unimp
    1790:	0009ae07          	.4byte	0x9ae07
    1794:	7300                	.2byte	0x7300
    1796:	0015                	c.nop	5
    1798:	2900                	.2byte	0x2900
    179a:	09b9                	addi	s3,s3,14
    179c:	0000                	unimp
    179e:	055e                	slli	a0,a0,0x17
    17a0:	8000                	.2byte	0x8000
    17a2:	003e                	c.slli	zero,0xf
    17a4:	0000                	unimp
    17a6:	0009ba07          	.4byte	0x9ba07
    17aa:	7f00                	.2byte	0x7f00
    17ac:	0015                	c.nop	5
    17ae:	2900                	.2byte	0x2900
    17b0:	09c5                	addi	s3,s3,17
    17b2:	0000                	unimp
    17b4:	055e                	slli	a0,a0,0x17
    17b6:	8000                	.2byte	0x8000
    17b8:	0032                	c.slli	zero,0xc
    17ba:	0000                	unimp
    17bc:	0009c607          	.4byte	0x9c607
    17c0:	b900                	.2byte	0xb900
    17c2:	0015                	c.nop	5
    17c4:	0700                	addi	s0,sp,896
    17c6:	09d1                	addi	s3,s3,20
    17c8:	0000                	unimp
    17ca:	15d2                	slli	a1,a1,0x34
    17cc:	0000                	unimp
    17ce:	0009dc07          	.4byte	0x9dc07
    17d2:	0c00                	addi	s0,sp,528
    17d4:	0016                	c.slli	zero,0x5
    17d6:	0700                	addi	s0,sp,896
    17d8:	000009e7          	jalr	s3,zero # 0 <_program_size-0xd88>
    17dc:	1624                	addi	s1,sp,808
    17de:	0000                	unimp
    17e0:	f13a                	.2byte	0xf13a
    17e2:	0009                	c.nop	2
    17e4:	0100                	addi	s0,sp,128
    17e6:	035a                	slli	t1,t1,0x16
    17e8:	058e                	slli	a1,a1,0x3
    17ea:	8000                	.2byte	0x8000
    17ec:	09fe                	slli	s3,s3,0x1f
    17ee:	0000                	unimp
    17f0:	0101                	addi	sp,sp,0
    17f2:	025a                	slli	tp,tp,0x16
    17f4:	01010083          	lb	ra,16(sp)
    17f8:	025c                	addi	a5,sp,260
    17fa:	0078                	addi	a4,sp,12
    17fc:	0000                	unimp
    17fe:	0000                	unimp
    1800:	4218                	lw	a4,0(a2)
    1802:	0005                	c.nop	1
    1804:	fe80                	.2byte	0xfe80
    1806:	0009                	c.nop	2
    1808:	0100                	addi	s0,sp,128
    180a:	5a01                	li	s4,-32
    180c:	5a01a303          	lw	t1,1440(gp)
    1810:	0101                	addi	sp,sp,0
    1812:	01a3035b          	.4byte	0x1a3035b
    1816:	5c01015b          	.4byte	0x5c01015b
    181a:	3001                	jal	101a <_program_size+0x292>
    181c:	0101                	addi	sp,sp,0
    181e:	015d                	addi	sp,sp,23
    1820:	0131                	addi	sp,sp,12
    1822:	5e01                	li	t3,-32
    1824:	3001                	jal	1024 <_program_size+0x29c>
    1826:	0101                	addi	sp,sp,0
    1828:	015f 0030 2100      	.byte	0x5f, 0x01, 0x30, 0x00, 0x00, 0x21
    182e:	0380                	addi	s0,sp,448
    1830:	0000                	unimp
    1832:	05b0                	addi	a2,sp,712
    1834:	8000                	.2byte	0x8000
    1836:	00f6                	slli	ra,ra,0x1d
    1838:	0000                	unimp
    183a:	9c01                	.2byte	0x9c01
    183c:	1082                	slli	ra,ra,0x20
    183e:	0000                	unimp
    1840:	9202                	jalr	tp
    1842:	30000003          	lb	zero,768(zero) # 300 <_program_size-0xa88>
    1846:	0016                	c.slli	zero,0x5
    1848:	0200                	addi	s0,sp,256
    184a:	039e                	slli	t2,t2,0x7
    184c:	0000                	unimp
    184e:	164a                	slli	a2,a2,0x32
    1850:	0000                	unimp
    1852:	aa02                	.2byte	0xaa02
    1854:	7a000003          	lb	zero,1952(zero) # 7a0 <_program_size-0x5e8>
    1858:	0016                	c.slli	zero,0x5
    185a:	0200                	addi	s0,sp,256
    185c:	03b6                	slli	t2,t2,0xd
    185e:	0000                	unimp
    1860:	16aa                	slli	a3,a3,0x2a
    1862:	0000                	unimp
    1864:	c102                	sw	zero,128(sp)
    1866:	da000003          	lb	zero,-608(zero) # fffffda0 <_ram_end+0x7ffefda0>
    186a:	0016                	c.slli	zero,0x5
    186c:	0200                	addi	s0,sp,256
    186e:	03cd                	addi	t2,t2,19
    1870:	0000                	unimp
    1872:	170a                	slli	a4,a4,0x22
    1874:	0000                	unimp
    1876:	d802                	sw	zero,48(sp)
    1878:	3a000003          	lb	zero,928(zero) # 3a0 <_program_size-0x9e8>
    187c:	02000017          	auipc	zero,0x2000
    1880:	03e4                	addi	s1,sp,460
    1882:	0000                	unimp
    1884:	176a                	slli	a4,a4,0x3a
    1886:	0000                	unimp
    1888:	f002                	.2byte	0xf002
    188a:	9a000003          	lb	zero,-1632(zero) # fffff9a0 <_ram_end+0x7ffef9a0>
    188e:	28000017          	auipc	zero,0x28000
    1892:	03fc                	addi	a5,sp,460
    1894:	0000                	unimp
    1896:	000a7e23          	.4byte	0xa7e23
    189a:	d200                	sw	s0,32(a2)
    189c:	0005                	c.nop	1
    189e:	6e80                	.2byte	0x6e80
    18a0:	0002                	c.slli64	zero
    18a2:	3700                	.2byte	0x3700
    18a4:	7e01                	lui	t3,0xfffe0
    18a6:	000e                	c.slli	zero,0x3
    18a8:	0e00                	addi	s0,sp,784
    18aa:	0a96                	slli	s5,s5,0x5
    18ac:	0000                	unimp
    18ae:	8b0e                	mv	s6,gp
    18b0:	000a                	c.slli	zero,0x2
    18b2:	0000                	unimp
    18b4:	0003803b          	.4byte	0x3803b
    18b8:	ec00                	.2byte	0xec00
    18ba:	0005                	c.nop	1
    18bc:	8180                	.2byte	0x8180
    18be:	0002                	c.slli64	zero
    18c0:	0100                	addi	s0,sp,128
    18c2:	0128                	addi	a0,sp,136
    18c4:	020c                	addi	a1,sp,256
    18c6:	0392                	slli	t2,t2,0x4
    18c8:	0000                	unimp
    18ca:	000017bf 0003f002 	.8byte	0x3f002000017bf
    18d2:	dc00                	sw	s0,56(s0)
    18d4:	02000017          	auipc	zero,0x2000
    18d8:	03e4                	addi	s1,sp,460
    18da:	0000                	unimp
    18dc:	17f5                	addi	a5,a5,-3
    18de:	0000                	unimp
    18e0:	d802                	sw	zero,48(sp)
    18e2:	17000003          	lb	zero,368(zero) # 170 <_program_size-0xc18>
    18e6:	0018                	.2byte	0x18
    18e8:	0200                	addi	s0,sp,256
    18ea:	03cd                	addi	t2,t2,19
    18ec:	0000                	unimp
    18ee:	1839                	addi	a6,a6,-18
    18f0:	0000                	unimp
    18f2:	c102                	sw	zero,128(sp)
    18f4:	50000003          	lb	zero,1280(zero) # 500 <_program_size-0x888>
    18f8:	0018                	.2byte	0x18
    18fa:	0200                	addi	s0,sp,256
    18fc:	03b6                	slli	t2,t2,0xd
    18fe:	0000                	unimp
    1900:	00001867          	.4byte	0x1867
    1904:	aa02                	.2byte	0xaa02
    1906:	7e000003          	lb	zero,2016(zero) # 7e0 <_program_size-0x5a8>
    190a:	0018                	.2byte	0x18
    190c:	0200                	addi	s0,sp,256
    190e:	039e                	slli	t2,t2,0x7
    1910:	0000                	unimp
    1912:	1895                	addi	a7,a7,-27
    1914:	0000                	unimp
    1916:	00028113          	mv	sp,t0
    191a:	0700                	addi	s0,sp,896
    191c:	03fc                	addi	a5,sp,460
    191e:	0000                	unimp
    1920:	18ac                	addi	a1,sp,120
    1922:	0000                	unimp
    1924:	073c                	addi	a5,sp,904
    1926:	0004                	.2byte	0x4
    1928:	9d00                	.2byte	0x9d00
    192a:	0002                	c.slli64	zero
    192c:	5b00                	lw	s0,48(a4)
    192e:	0700000f          	fence	orw,unknown
    1932:	040c                	addi	a1,sp,512
    1934:	0000                	unimp
    1936:	000018c3          	.4byte	0x18c3
    193a:	fe05                	bnez	a2,1872 <_program_size+0xaea>
    193c:	0005                	c.nop	1
    193e:	fe80                	.2byte	0xfe80
    1940:	0009                	c.nop	2
    1942:	3100                	.2byte	0x3100
    1944:	0100000f          	fence	w,unknown
    1948:	5a01                	li	s4,-32
    194a:	8802                	jr	a6
    194c:	0100                	addi	s0,sp,128
    194e:	5b01                	li	s6,-32
    1950:	3001                	jal	1150 <_program_size+0x3c8>
    1952:	0101                	addi	sp,sp,0
    1954:	015c                	addi	a5,sp,132
    1956:	0140                	addi	s0,sp,132
    1958:	5d01                	li	s10,-32
    195a:	3001                	jal	115a <_program_size+0x3d2>
    195c:	0101                	addi	sp,sp,0
    195e:	015e                	slli	sp,sp,0x17
    1960:	0130                	addi	a2,sp,136
    1962:	5f01                	li	t5,-32
    1964:	3001                	jal	1164 <_program_size+0x3dc>
    1966:	0300                	addi	s0,sp,384
    1968:	0610                	addi	a2,sp,768
    196a:	8000                	.2byte	0x8000
    196c:	09fe                	slli	s3,s3,0x1f
    196e:	0000                	unimp
    1970:	0101                	addi	sp,sp,0
    1972:	025a                	slli	tp,tp,0x16
    1974:	0088                	addi	a0,sp,64
    1976:	0101                	addi	sp,sp,0
    1978:	0138015b          	.4byte	0x138015b
    197c:	5c01                	li	s8,-32
    197e:	4001                	c.li	zero,0
    1980:	0101                	addi	sp,sp,0
    1982:	015d                	addi	sp,sp,23
    1984:	0130                	addi	a2,sp,136
    1986:	5e01                	li	t3,-32
    1988:	3001                	jal	1188 <_program_size+0x400>
    198a:	0101                	addi	sp,sp,0
    198c:	015f 0030 3d00      	.byte	0x5f, 0x01, 0x30, 0x00, 0x00, 0x3d
    1992:	00000417          	auipc	s0,0x0
    1996:	0614                	addi	a3,sp,768
    1998:	8000                	.2byte	0x8000
    199a:	0024                	addi	s1,sp,8
    199c:	0000                	unimp
    199e:	0fcc                	addi	a1,sp,980
    19a0:	0000                	unimp
    19a2:	00041807          	.4byte	0x41807
    19a6:	f400                	.2byte	0xf400
    19a8:	0018                	.2byte	0x18
    19aa:	0500                	addi	s0,sp,640
    19ac:	0622                	slli	a2,a2,0x8
    19ae:	8000                	.2byte	0x8000
    19b0:	09fe                	slli	s3,s3,0x1f
    19b2:	0000                	unimp
    19b4:	0fa2                	slli	t6,t6,0x8
    19b6:	0000                	unimp
    19b8:	0101                	addi	sp,sp,0
    19ba:	025a                	slli	tp,tp,0x16
    19bc:	01010087          	.4byte	0x1010087
    19c0:	0130015b          	.4byte	0x130015b
    19c4:	5c01                	li	s8,-32
    19c6:	4001                	c.li	zero,0
    19c8:	0101                	addi	sp,sp,0
    19ca:	015d                	addi	sp,sp,23
    19cc:	0130                	addi	a2,sp,136
    19ce:	5e01                	li	t3,-32
    19d0:	3001                	jal	11d0 <_program_size+0x448>
    19d2:	0101                	addi	sp,sp,0
    19d4:	015f 0030 3403      	.byte	0x5f, 0x01, 0x30, 0x00, 0x03, 0x34
    19da:	0006                	c.slli	zero,0x1
    19dc:	fe80                	.2byte	0xfe80
    19de:	0009                	c.nop	2
    19e0:	0100                	addi	s0,sp,128
    19e2:	5a01                	li	s4,-32
    19e4:	8702                	jr	a4
    19e6:	0100                	addi	s0,sp,128
    19e8:	5b01                	li	s6,-32
    19ea:	3801                	jal	11fa <_program_size+0x472>
    19ec:	0101                	addi	sp,sp,0
    19ee:	015c                	addi	a5,sp,132
    19f0:	0140                	addi	s0,sp,132
    19f2:	5d01                	li	s10,-32
    19f4:	3001                	jal	11f4 <_program_size+0x46c>
    19f6:	0101                	addi	sp,sp,0
    19f8:	015e                	slli	sp,sp,0x17
    19fa:	0130                	addi	a2,sp,136
    19fc:	5f01                	li	t5,-32
    19fe:	3001                	jal	11fe <_program_size+0x476>
    1a00:	0000                	unimp
    1a02:	a23e                	.2byte	0xa23e
    1a04:	000a                	c.slli	zero,0x2
    1a06:	8c00                	.2byte	0x8c00
    1a08:	0006                	c.slli	zero,0x1
    1a0a:	0880                	addi	s0,sp,80
    1a0c:	0000                	unimp
    1a0e:	0100                	addi	s0,sp,128
    1a10:	015f f607 000f      	.byte	0x5f, 0x01, 0x07, 0xf6, 0x0f, 0x00
    1a16:	0300                	addi	s0,sp,384
    1a18:	0692                	slli	a3,a3,0x4
    1a1a:	8000                	.2byte	0x8000
    1a1c:	0ae4                	addi	s1,sp,348
    1a1e:	0000                	unimp
    1a20:	0101                	addi	sp,sp,0
    1a22:	015a                	slli	sp,sp,0x16
    1a24:	0132                	slli	sp,sp,0xc
    1a26:	5b01                	li	s6,-32
    1a28:	3101                	jal	1628 <_program_size+0x8a0>
    1a2a:	0000                	unimp
    1a2c:	00063a0f          	.4byte	0x63a0f
    1a30:	ac80                	.2byte	0xac80
    1a32:	000a                	c.slli	zero,0x2
    1a34:	0500                	addi	s0,sp,640
    1a36:	064a                	slli	a2,a2,0x12
    1a38:	8000                	.2byte	0x8000
    1a3a:	097f                	.2byte	0x97f
    1a3c:	0000                	unimp
    1a3e:	101e                	c.slli	zero,0x27
    1a40:	0000                	unimp
    1a42:	0101                	addi	sp,sp,0
    1a44:	025a                	slli	tp,tp,0x16
    1a46:	0086                	slli	ra,ra,0x1
    1a48:	0101                	addi	sp,sp,0
    1a4a:	0085025b          	.4byte	0x85025b
    1a4e:	0101                	addi	sp,sp,0
    1a50:	015c                	addi	a5,sp,132
    1a52:	0031                	c.nop	12
    1a54:	0006720f          	.4byte	0x6720f
    1a58:	ac80                	.2byte	0xac80
    1a5a:	000a                	c.slli	zero,0x2
    1a5c:	0f00                	addi	s0,sp,912
    1a5e:	067c                	addi	a5,sp,780
    1a60:	8000                	.2byte	0x8000
    1a62:	0aac                	addi	a1,sp,344
    1a64:	0000                	unimp
    1a66:	8805                	andi	s0,s0,1
    1a68:	0006                	c.slli	zero,0x1
    1a6a:	7f80                	.2byte	0x7f80
    1a6c:	0009                	c.nop	2
    1a6e:	4f00                	lw	s0,24(a4)
    1a70:	0010                	.2byte	0x10
    1a72:	0100                	addi	s0,sp,128
    1a74:	5a01                	li	s4,-32
    1a76:	8302                	jr	t1
    1a78:	0100                	addi	s0,sp,128
    1a7a:	5b01                	li	s6,-32
    1a7c:	7902                	.2byte	0x7902
    1a7e:	0100                	addi	s0,sp,128
    1a80:	5c01                	li	s8,-32
    1a82:	3101                	jal	1682 <_program_size+0x8fa>
    1a84:	0500                	addi	s0,sp,640
    1a86:	069e                	slli	a3,a3,0x7
    1a88:	8000                	.2byte	0x8000
    1a8a:	087f                	.2byte	0x87f
    1a8c:	0000                	unimp
    1a8e:	1069                	c.nop	-6
    1a90:	0000                	unimp
    1a92:	0101                	addi	sp,sp,0
    1a94:	025a                	slli	tp,tp,0x16
    1a96:	0082                	c.slli64	ra
    1a98:	0101                	addi	sp,sp,0
    1a9a:	0079025b          	.4byte	0x79025b
    1a9e:	0300                	addi	s0,sp,384
    1aa0:	06a4                	addi	s1,sp,840
    1aa2:	8000                	.2byte	0x8000
    1aa4:	0901                	addi	s2,s2,0 # 3000 <_stack_size+0x1000>
    1aa6:	0000                	unimp
    1aa8:	0101                	addi	sp,sp,0
    1aaa:	035a                	slli	t1,t1,0x16
    1aac:	0091                	addi	ra,ra,4
    1aae:	0106                	slli	sp,sp,0x1
    1ab0:	5b01                	li	s6,-32
    1ab2:	4001                	c.li	zero,0
    1ab4:	0000                	unimp
    1ab6:	0000                	unimp
    1ab8:	0003603f 00036000 	.8byte	0x360000003603f
    1ac0:	0000                	unimp
    1ac2:	0342                	slli	t1,t1,0x10
    1ac4:	0000                	unimp
    1ac6:	0005                	c.nop	1
    1ac8:	0401                	addi	s0,s0,0 # 1992 <_program_size+0xc0a>
    1aca:	065f 0000 8112      	.byte	0x5f, 0x06, 0x00, 0x00, 0x12, 0x81
    1ad0:	0000                	unimp
    1ad2:	1d00                	addi	s0,sp,688
    1ad4:	000001c3          	.4byte	0x1c3
    1ad8:	0000                	unimp
    1ada:	0000                	unimp
    1adc:	0000041b          	.4byte	0x41b
    1ae0:	0000                	unimp
    1ae2:	0000                	unimp
    1ae4:	1972                	slli	s2,s2,0x3c
    1ae6:	0000                	unimp
    1ae8:	00040f03          	lb	t5,0(s0)
    1aec:	0300                	addi	s0,sp,384
    1aee:	1b28                	addi	a0,sp,440
    1af0:	0032                	c.slli	zero,0xc
    1af2:	0000                	unimp
    1af4:	03e30413          	addi	s0,t1,62
    1af8:	0000                	unimp
    1afa:	00041603          	lh	a2,0(s0)
    1afe:	0300                	addi	s0,sp,384
    1b00:	00261863          	bne	a2,sp,1b10 <_program_size+0xd88>
    1b04:	0000                	unimp
    1b06:	0101                	addi	sp,sp,0
    1b08:	ae06                	.2byte	0xae06
    1b0a:	0001                	nop
    1b0c:	0100                	addi	s0,sp,128
    1b0e:	0801                	addi	a6,a6,0
    1b10:	01ac                	addi	a1,sp,200
    1b12:	0000                	unimp
    1b14:	0201                	addi	tp,tp,0 # fffe4000 <_ram_end+0x7ffd4000>
    1b16:	5905                	li	s2,-31
    1b18:	0001                	nop
    1b1a:	0100                	addi	s0,sp,128
    1b1c:	0702                	c.slli64	a4
    1b1e:	01e8                	addi	a0,sp,204
    1b20:	0000                	unimp
    1b22:	0003f503          	.4byte	0x3f503
    1b26:	0400                	addi	s0,sp,512
    1b28:	184d                	addi	a6,a6,-13
    1b2a:	006c                	addi	a1,sp,12
    1b2c:	0000                	unimp
    1b2e:	0401                	addi	s0,s0,0
    1b30:	9205                	srli	a2,a2,0x21
    1b32:	0001                	nop
    1b34:	0300                	addi	s0,sp,384
    1b36:	00000163          	beqz	zero,1b38 <_program_size+0xdb0>
    1b3a:	4f04                	lw	s1,24(a4)
    1b3c:	7f19                	lui	t5,0xfffe6
    1b3e:	0000                	unimp
    1b40:	0100                	addi	s0,sp,128
    1b42:	0704                	addi	s1,sp,896
    1b44:	01c6                	slli	gp,gp,0x11
    1b46:	0000                	unimp
    1b48:	0801                	addi	a6,a6,0
    1b4a:	8d05                	sub	a0,a0,s1
    1b4c:	0001                	nop
    1b4e:	0100                	addi	s0,sp,128
    1b50:	0708                	addi	a0,sp,896
    1b52:	01c1                	addi	gp,gp,16
    1b54:	0000                	unimp
    1b56:	0414                	addi	a3,sp,512
    1b58:	6905                	lui	s2,0x1
    1b5a:	746e                	.2byte	0x746e
    1b5c:	0100                	addi	s0,sp,128
    1b5e:	0704                	addi	s1,sp,896
    1b60:	000001cb          	.4byte	0x1cb
    1b64:	0003f703          	.4byte	0x3f703
    1b68:	0500                	addi	s0,sp,640
    1b6a:	132c                	addi	a1,sp,424
    1b6c:	0060                	addi	s0,sp,12
    1b6e:	0000                	unimp
    1b70:	00016503          	.4byte	0x16503
    1b74:	0500                	addi	s0,sp,640
    1b76:	1430                	addi	a2,sp,552
    1b78:	00000073          	ecall
    1b7c:	ae15                	j	1eb0 <_program_size+0x1128>
    1b7e:	0000                	unimp
    1b80:	1600                	addi	s0,sp,800
    1b82:	0000042f          	.4byte	0x42f
    1b86:	1301                	addi	t1,t1,-32
    1b88:	d422                	sw	s0,40(sp)
    1b8a:	0000                	unimp
    1b8c:	0000                	unimp
    1b8e:	0000                	unimp
    1b90:	0864                	addi	s1,sp,28
    1b92:	00ba                	slli	ra,ra,0xe
    1b94:	0000                	unimp
    1b96:	cf09                	beqz	a4,1bb0 <_program_size+0xe28>
    1b98:	0000                	unimp
    1b9a:	0a00                	addi	s0,sp,272
    1b9c:	00000407          	.4byte	0x407
    1ba0:	6e16                	.2byte	0x6e16
    1ba2:	64800007          	.4byte	0x64800007
    1ba6:	0001                	nop
    1ba8:	0100                	addi	s0,sp,128
    1baa:	489c                	lw	a5,16(s1)
    1bac:	0002                	c.slli64	zero
    1bae:	0b00                	addi	s0,sp,400
    1bb0:	6d66                	.2byte	0x6d66
    1bb2:	0074                	addi	a3,sp,12
    1bb4:	1a16                	slli	s4,s4,0x25
    1bb6:	0248                	addi	a0,sp,260
    1bb8:	0000                	unimp
    1bba:	1931                	addi	s2,s2,-20 # fec <_program_size+0x264>
    1bbc:	0000                	unimp
    1bbe:	6c760517          	auipc	a0,0x6c760
    1bc2:	0200                	addi	s0,sp,256
    1bc4:	0a18                	addi	a4,sp,272
    1bc6:	0038                	addi	a4,sp,8
    1bc8:	0000                	unimp
    1bca:	7eec9103          	lh	sp,2030(s9)
    1bce:	1e0c                	addi	a1,sp,816
    1bd0:	0004                	.2byte	0x4
    1bd2:	0700                	addi	s0,sp,896
    1bd4:	0259                	addi	tp,tp,22 # 16 <_program_size-0xd72>
    1bd6:	0000                	unimp
    1bd8:	1976                	slli	s2,s2,0x3d
    1bda:	0000                	unimp
    1bdc:	ff18                	.2byte	0xff18
    1bde:	02000003          	lb	zero,32(zero) # 20 <_program_size-0xd68>
    1be2:	1219                	addi	tp,tp,-26 # ffffffe6 <_ram_end+0x7ffeffe6>
    1be4:	0259                	addi	tp,tp,22 # 16 <_program_size-0xd72>
    1be6:	0000                	unimp
    1be8:	0c00                	addi	s0,sp,528
    1bea:	000003db          	.4byte	0x3db
    1bee:	0002591b          	.4byte	0x2591b
    1bf2:	a700                	.2byte	0xa700
    1bf4:	0019                	c.nop	6
    1bf6:	0200                	addi	s0,sp,256
    1bf8:	071a0063          	beq	s4,a7,1c58 <_program_size+0xed0>
    1bfc:	024d                	addi	tp,tp,19 # 13 <_program_size-0xd75>
    1bfe:	0000                	unimp
    1c00:	19d8                	addi	a4,sp,244
    1c02:	0000                	unimp
    1c04:	bd0d                	j	1a36 <_program_size+0xcae>
    1c06:	3e000003          	lb	zero,992(zero) # 3e0 <_program_size-0x9a8>
    1c0a:	0002                	c.slli64	zero
    1c0c:	0200                	addi	s0,sp,256
    1c0e:	006e                	c.slli	zero,0x1b
    1c10:	1324                	addi	s1,sp,424
    1c12:	007f                	.2byte	0x7f
    1c14:	0000                	unimp
    1c16:	00001a47          	.4byte	0x1a47
    1c1a:	6305                	lui	t1,0x1
    1c1c:	0200                	addi	s0,sp,256
    1c1e:	0a26                	slli	s4,s4,0x9
    1c20:	0260                	addi	s0,sp,268
    1c22:	0000                	unimp
    1c24:	7ef09103          	lh	sp,2031(ra)
    1c28:	ec0d                	bnez	s0,1c62 <_program_size+0xeda>
    1c2a:	7d000003          	lb	zero,2000(zero) # 7d0 <_program_size-0x5b8>
    1c2e:	0001                	nop
    1c30:	0200                	addi	s0,sp,256
    1c32:	0069                	c.nop	26
    1c34:	00940e27          	.4byte	0x940e27
    1c38:	0000                	unimp
    1c3a:	1a5e                	slli	s4,s4,0x37
    1c3c:	0000                	unimp
    1c3e:	0600                	addi	s0,sp,768
    1c40:	082e                	slli	a6,a6,0xb
    1c42:	8000                	.2byte	0x8000
    1c44:	0012                	c.slli	zero,0x4
    1c46:	0000                	unimp
    1c48:	0198                	addi	a4,sp,192
    1c4a:	0000                	unimp
    1c4c:	6902                	.2byte	0x6902
    1c4e:	2d00                	.2byte	0x2d00
    1c50:	0000940f          	.4byte	0x940f
    1c54:	7600                	.2byte	0x7600
    1c56:	001a                	c.slli	zero,0x6
    1c58:	0000                	unimp
    1c5a:	5806                	lw	a6,96(sp)
    1c5c:	0008                	.2byte	0x8
    1c5e:	0c80                	addi	s0,sp,592
    1c60:	0000                	unimp
    1c62:	bc00                	.2byte	0xbc00
    1c64:	0001                	nop
    1c66:	0200                	addi	s0,sp,256
    1c68:	0069                	c.nop	26
    1c6a:	0e31                	addi	t3,t3,12 # fffe000c <_ram_end+0x7ffd000c>
    1c6c:	0094                	addi	a3,sp,64
    1c6e:	0000                	unimp
    1c70:	1aaa                	slli	s5,s5,0x2a
    1c72:	0000                	unimp
    1c74:	5a04                	lw	s1,48(a2)
    1c76:	0008                	.2byte	0x8
    1c78:	0b80                	addi	s0,sp,464
    1c7a:	00000003          	lb	zero,0(zero) # 0 <_program_size-0xd88>
    1c7e:	d206                	sw	ra,36(sp)
    1c80:	32800007          	.4byte	0x32800007
    1c84:	0000                	unimp
    1c86:	ff00                	.2byte	0xff00
    1c88:	0001                	nop
    1c8a:	0500                	addi	s0,sp,640
    1c8c:	006e                	c.slli	zero,0x1b
    1c8e:	3702                	.2byte	0x3702
    1c90:	00007f13          	andi	t5,zero,0
    1c94:	0100                	addi	s0,sp,128
    1c96:	00690267          	jalr	tp,6(s2)
    1c9a:	0a38                	addi	a4,sp,280
    1c9c:	006c                	addi	a1,sp,12
    1c9e:	0000                	unimp
    1ca0:	1ae4                	addi	s1,sp,380
    1ca2:	0000                	unimp
    1ca4:	0003d907          	.4byte	0x3d907
    1ca8:	0200                	addi	s0,sp,256
    1caa:	0064                	addi	s1,sp,12
    1cac:	0b41                	addi	s6,s6,16
    1cae:	006c                	addi	a1,sp,12
    1cb0:	0000                	unimp
    1cb2:	1b08                	addi	a0,sp,432
    1cb4:	0000                	unimp
    1cb6:	fe04                	.2byte	0xfe04
    1cb8:	0b800007          	.4byte	0xb800007
    1cbc:	00000003          	lb	zero,0(zero) # 0 <_program_size-0xd88>
    1cc0:	0e00                	addi	s0,sp,784
    1cc2:	02e9                	addi	t0,t0,26
    1cc4:	0000                	unimp
    1cc6:	088a                	slli	a7,a7,0x2
    1cc8:	8000                	.2byte	0x8000
    1cca:	0408                	addi	a0,sp,512
    1ccc:	0000                	unimp
    1cce:	0548                	addi	a0,sp,644
    1cd0:	0234                	addi	a3,sp,264
    1cd2:	0000                	unimp
    1cd4:	0002f60f          	.4byte	0x2f60f
    1cd8:	1400                	addi	s0,sp,544
    1cda:	0700001b          	.4byte	0x700001b
    1cde:	0408                	addi	a0,sp,512
    1ce0:	0000                	unimp
    1ce2:	0010                	.2byte	0x10
    1ce4:	20000003          	lb	zero,512(zero) # 200 <_program_size-0xb88>
    1ce8:	0400001b          	.4byte	0x400001b
    1cec:	0898                	addi	a4,sp,80
    1cee:	8000                	.2byte	0x8000
    1cf0:	0000030b          	.4byte	0x30b
    1cf4:	0000                	unimp
    1cf6:	aa04                	.2byte	0xaa04
    1cf8:	0008                	.2byte	0x8
    1cfa:	0b80                	addi	s0,sp,464
    1cfc:	00000003          	lb	zero,0(zero) # 0 <_program_size-0xd88>
    1d00:	be04                	.2byte	0xbe04
    1d02:	0b800007          	.4byte	0xb800007
    1d06:	00000003          	lb	zero,0(zero) # 0 <_program_size-0xd88>
    1d0a:	5408                	lw	a0,40(s0)
    1d0c:	0002                	c.slli64	zero
    1d0e:	0100                	addi	s0,sp,128
    1d10:	0801                	addi	a6,a6,0
    1d12:	01b5                	addi	gp,gp,13
    1d14:	0000                	unimp
    1d16:	4d09                	li	s10,2
    1d18:	0002                	c.slli64	zero
    1d1a:	0100                	addi	s0,sp,128
    1d1c:	0201                	addi	tp,tp,0 # 0 <_program_size-0xd88>
    1d1e:	043a                	slli	s0,s0,0xe
    1d20:	0000                	unimp
    1d22:	4d19                	li	s10,6
    1d24:	0002                	c.slli64	zero
    1d26:	7000                	.2byte	0x7000
    1d28:	0002                	c.slli64	zero
    1d2a:	1a00                	addi	s0,sp,304
    1d2c:	0000009b          	.4byte	0x9b
    1d30:	290a003f 0f000004 	.8byte	0xf000004290a003f
	...
    1d40:	9c01                	.2byte	0x9c01
    1d42:	02e9                	addi	t0,t0,26
    1d44:	0000                	unimp
    1d46:	0f00730b          	.4byte	0xf00730b
    1d4a:	4818                	lw	a4,16(s0)
    1d4c:	0002                	c.slli64	zero
    1d4e:	2c00                	.2byte	0x2c00
    1d50:	0e00001b          	.4byte	0xe00001b
    1d54:	02e9                	addi	t0,t0,26
    1d56:	0000                	unimp
    1d58:	0000                	unimp
    1d5a:	0000                	unimp
    1d5c:	03aa                	slli	t2,t2,0xa
    1d5e:	0000                	unimp
    1d60:	0211                	addi	tp,tp,4 # 4 <_program_size-0xd84>
    1d62:	02c6                	slli	t0,t0,0x11
    1d64:	0000                	unimp
    1d66:	0002f60f          	.4byte	0x2f60f
    1d6a:	4600                	lw	s0,8(a2)
    1d6c:	0700001b          	.4byte	0x700001b
    1d70:	03aa                	slli	t2,t2,0xa
    1d72:	0000                	unimp
    1d74:	0010                	.2byte	0x10
    1d76:	5d000003          	lb	zero,1488(zero) # 5d0 <_program_size-0x7b8>
    1d7a:	0400001b          	.4byte	0x400001b
    1d7e:	0000                	unimp
    1d80:	0000                	unimp
    1d82:	0000030b          	.4byte	0x30b
    1d86:	0000                	unimp
    1d88:	0000001b          	.4byte	0x1b
    1d8c:	0b00                	addi	s0,sp,400
    1d8e:	d9000003          	lb	zero,-624(zero) # fffffd90 <_ram_end+0x7ffefd90>
    1d92:	0002                	c.slli64	zero
    1d94:	1100                	addi	s0,sp,160
    1d96:	5a01                	li	s4,-32
    1d98:	3d01                	jal	1ba8 <_program_size+0xe20>
    1d9a:	1c00                	addi	s0,sp,560
    1d9c:	0000                	unimp
    1d9e:	0000                	unimp
    1da0:	0000030b          	.4byte	0x30b
    1da4:	0111                	addi	sp,sp,4
    1da6:	015a                	slli	sp,sp,0x16
    1da8:	003a                	c.slli	zero,0xe
    1daa:	1d00                	addi	s0,sp,688
    1dac:	0428                	addi	a0,sp,520
    1dae:	0000                	unimp
    1db0:	0802                	c.slli64	a6
    1db2:	0314                	addi	a3,sp,384
    1db4:	0000030b          	.4byte	0x30b
    1db8:	731e                	.2byte	0x731e
    1dba:	0200                	addi	s0,sp,256
    1dbc:	2708                	.2byte	0x2708
    1dbe:	0248                	addi	a0,sp,260
    1dc0:	0000                	unimp
    1dc2:	631f 0200 070a      	.byte	0x1f, 0x63, 0x00, 0x02, 0x0a, 0x07
    1dc8:	024d                	addi	tp,tp,19 # 13 <_program_size-0xd75>
    1dca:	0000                	unimp
    1dcc:	2000                	.2byte	0x2000
    1dce:	0434                	addi	a3,sp,520
    1dd0:	0000                	unimp
    1dd2:	1501                	addi	a0,a0,-32 # 6c761b9e <_available_heap+0x6c754926>
    1dd4:	6014                	.2byte	0x6014
    1dd6:	0e800007          	.4byte	0xe800007
    1dda:	0000                	unimp
    1ddc:	0100                	addi	s0,sp,128
    1dde:	219c                	.2byte	0x219c
    1de0:	15010063          	beq	sp,a6,1f20 <_program_size+0x1198>
    1de4:	4d1f 0002 0100      	.byte	0x1f, 0x4d, 0x02, 0x00, 0x00, 0x01
    1dea:	225a                	.2byte	0x225a
    1dec:	7874                	.2byte	0x7874
    1dee:	0100                	addi	s0,sp,128
    1df0:	00cf1517          	auipc	a0,0xcf1
    1df4:	0000                	unimp
    1df6:	0000                	unimp
    1df8:	6400                	.2byte	0x6400
    1dfa:	7205                	lui	tp,0xfffe1
    1dfc:	0100                	addi	s0,sp,128
    1dfe:	0a19                	addi	s4,s4,6 # 16ec <_program_size+0x964>
    1e00:	00a2                	slli	ra,ra,0x8
    1e02:	0000                	unimp
    1e04:	5e01                	li	t3,-32
    1e06:	0000                	unimp
    1e08:	000006f3          	.4byte	0x6f3
    1e0c:	0005                	c.nop	1
    1e0e:	0401                	addi	s0,s0,0
    1e10:	0000082b          	.4byte	0x82b
    1e14:	8115                	srli	a0,a0,0x5
    1e16:	0000                	unimp
    1e18:	1d00                	addi	s0,sp,688
    1e1a:	0000027b          	.4byte	0x27b
    1e1e:	0000                	unimp
    1e20:	0000                	unimp
    1e22:	00000443          	.4byte	0x443
    1e26:	0000                	unimp
    1e28:	0000                	unimp
    1e2a:	00001edb          	.4byte	0x1edb
    1e2e:	0104                	addi	s1,sp,128
    1e30:	ae06                	.2byte	0xae06
    1e32:	0001                	nop
    1e34:	0b00                	addi	s0,sp,400
    1e36:	01a2                	slli	gp,gp,0x8
    1e38:	0000                	unimp
    1e3a:	2b02                	.2byte	0x2b02
    1e3c:	3918                	.2byte	0x3918
    1e3e:	0000                	unimp
    1e40:	0400                	addi	s0,sp,512
    1e42:	0801                	addi	a6,a6,0
    1e44:	01ac                	addi	a1,sp,200
    1e46:	0000                	unimp
    1e48:	0204                	addi	s1,sp,256
    1e4a:	5905                	li	s2,-31
    1e4c:	0001                	nop
    1e4e:	0400                	addi	s0,sp,512
    1e50:	0702                	c.slli64	a4
    1e52:	01e8                	addi	a0,sp,204
    1e54:	0000                	unimp
    1e56:	0404                	addi	s1,sp,512
    1e58:	9205                	srli	a2,a2,0x21
    1e5a:	0001                	nop
    1e5c:	0b00                	addi	s0,sp,400
    1e5e:	00000163          	beqz	zero,1e60 <_program_size+0x10d8>
    1e62:	4f02                	lw	t5,0(sp)
    1e64:	6119                	addi	sp,sp,384
    1e66:	0000                	unimp
    1e68:	0400                	addi	s0,sp,512
    1e6a:	0704                	addi	s1,sp,896
    1e6c:	01c6                	slli	gp,gp,0x11
    1e6e:	0000                	unimp
    1e70:	0804                	addi	s1,sp,16
    1e72:	8d05                	sub	a0,a0,s1
    1e74:	0001                	nop
    1e76:	0400                	addi	s0,sp,512
    1e78:	0708                	addi	a0,sp,896
    1e7a:	01c1                	addi	gp,gp,16
    1e7c:	0000                	unimp
    1e7e:	0416                	slli	s0,s0,0x5
    1e80:	6905                	lui	s2,0x1
    1e82:	746e                	.2byte	0x746e
    1e84:	0400                	addi	s0,sp,512
    1e86:	0704                	addi	s1,sp,896
    1e88:	000001cb          	.4byte	0x1cb
    1e8c:	0001a40b          	.4byte	0x1a40b
    1e90:	0300                	addi	s0,sp,384
    1e92:	1318                	addi	a4,sp,416
    1e94:	002d                	c.nop	11
    1e96:	0000                	unimp
    1e98:	8405                	srai	s0,s0,0x1
    1e9a:	0000                	unimp
    1e9c:	0b00                	addi	s0,sp,400
    1e9e:	0165                	addi	sp,sp,25
    1ea0:	0000                	unimp
    1ea2:	55143003          	.4byte	0x55143003
    1ea6:	0000                	unimp
    1ea8:	1700                	addi	s0,sp,928
    1eaa:	0095                	addi	ra,ra,5
    1eac:	0000                	unimp
    1eae:	9505                	srai	a0,a0,0x21
    1eb0:	0000                	unimp
    1eb2:	1800                	addi	s0,sp,48
    1eb4:	0000042f          	.4byte	0x42f
    1eb8:	1304                	addi	s1,sp,416
    1eba:	c022                	sw	s0,0(sp)
    1ebc:	0000                	unimp
    1ebe:	0000                	unimp
    1ec0:	0000                	unimp
    1ec2:	0964                	addi	s1,sp,156
    1ec4:	00a1                	addi	ra,ra,8
    1ec6:	0000                	unimp
    1ec8:	bb05                	j	1bf8 <_program_size+0xe70>
    1eca:	0000                	unimp
    1ecc:	0700                	addi	s0,sp,896
    1ece:	0090                	addi	a2,sp,64
    1ed0:	0000                	unimp
    1ed2:	00d5                	addi	ra,ra,21
    1ed4:	0000                	unimp
    1ed6:	7d08                	.2byte	0x7d08
    1ed8:	0000                	unimp
    1eda:	2800                	.2byte	0x2800
    1edc:	0500                	addi	s0,sp,640
    1ede:	00c5                	addi	ra,ra,17
    1ee0:	0000                	unimp
    1ee2:	7a06                	.2byte	0x7a06
    1ee4:	0004                	.2byte	0x4
    1ee6:	1800                	addi	s0,sp,48
    1ee8:	0000d517          	auipc	a0,0xd
    1eec:	0500                	addi	s0,sp,640
    1eee:	000cc803          	lbu	a6,0(s9)
    1ef2:	0d80                	addi	s0,sp,720
    1ef4:	000004a7          	.4byte	0x4a7
    1ef8:	a619                	j	21fe <_stack_size+0x1fe>
    1efa:	0000                	unimp
    1efc:	2800                	.2byte	0x2800
    1efe:	00009007          	.4byte	0x9007
    1f02:	0600                	addi	s0,sp,768
    1f04:	0001                	nop
    1f06:	0800                	addi	s0,sp,16
    1f08:	007d                	c.nop	31
    1f0a:	0000                	unimp
    1f0c:	001f f605 0000      	.byte	0x1f, 0x00, 0x05, 0xf6, 0x00, 0x00
    1f12:	0600                	addi	s0,sp,768
    1f14:	048d                	addi	s1,s1,3
    1f16:	0000                	unimp
    1f18:	161c                	addi	a5,sp,800
    1f1a:	0106                	slli	sp,sp,0x1
    1f1c:	0000                	unimp
    1f1e:	0305                	addi	t1,t1,1 # 1001 <_program_size+0x279>
    1f20:	0ca8                	addi	a0,sp,600
    1f22:	8000                	.2byte	0x8000
    1f24:	00009007          	.4byte	0x9007
    1f28:	2c00                	.2byte	0x2c00
    1f2a:	0001                	nop
    1f2c:	0800                	addi	s0,sp,16
    1f2e:	007d                	c.nop	31
    1f30:	0000                	unimp
    1f32:	1c05000b          	.4byte	0x1c05000b
    1f36:	0001                	nop
    1f38:	0600                	addi	s0,sp,768
    1f3a:	0480                	addi	s0,sp,576
    1f3c:	0000                	unimp
    1f3e:	1622                	slli	a2,a2,0x28
    1f40:	012c                	addi	a1,sp,136
    1f42:	0000                	unimp
    1f44:	0305                	addi	t1,t1,1
    1f46:	0c9c                	addi	a5,sp,592
    1f48:	8000                	.2byte	0x8000
    1f4a:	b606                	.2byte	0xb606
    1f4c:	0004                	.2byte	0x4
    1f4e:	2700                	.2byte	0x2700
    1f50:	00012c17          	auipc	s8,0x12
    1f54:	0500                	addi	s0,sp,640
    1f56:	000c9003          	lh	zero,0(s9)
    1f5a:	0d80                	addi	s0,sp,720
    1f5c:	0498                	addi	a4,sp,576
    1f5e:	0000                	unimp
    1f60:	a62c                	.2byte	0xa62c
    1f62:	0000                	unimp
    1f64:	0c00                	addi	s0,sp,528
    1f66:	00009007          	.4byte	0x9007
    1f6a:	6e00                	.2byte	0x6e00
    1f6c:	0001                	nop
    1f6e:	0800                	addi	s0,sp,16
    1f70:	007d                	c.nop	31
    1f72:	0000                	unimp
    1f74:	5e05000f          	.4byte	0x5e05000f
    1f78:	0001                	nop
    1f7a:	0600                	addi	s0,sp,768
    1f7c:	0440                	addi	s0,sp,516
    1f7e:	0000                	unimp
    1f80:	016e162f          	.4byte	0x16e162f
    1f84:	0000                	unimp
    1f86:	0305                	addi	t1,t1,1
    1f88:	0c80                	addi	s0,sp,592
    1f8a:	8000                	.2byte	0x8000
    1f8c:	4f06                	lw	t5,64(sp)
    1f8e:	0004                	.2byte	0x4
    1f90:	3300                	.2byte	0x3300
    1f92:	6e16                	.2byte	0x6e16
    1f94:	0001                	nop
    1f96:	0500                	addi	s0,sp,640
    1f98:	000c7003          	.4byte	0xc7003
    1f9c:	0780                	addi	s0,sp,960
    1f9e:	0090                	addi	a2,sp,64
    1fa0:	0000                	unimp
    1fa2:	01a5                	addi	gp,gp,9
    1fa4:	0000                	unimp
    1fa6:	7d08                	.2byte	0x7d08
    1fa8:	0000                	unimp
    1faa:	0700                	addi	s0,sp,896
    1fac:	0500                	addi	s0,sp,640
    1fae:	0195                	addi	gp,gp,5
    1fb0:	0000                	unimp
    1fb2:	cd06                	sw	ra,152(sp)
    1fb4:	0004                	.2byte	0x4
    1fb6:	3700                	.2byte	0x3700
    1fb8:	0001a517          	auipc	a0,0x1a
    1fbc:	0500                	addi	s0,sp,640
    1fbe:	000b7803          	.4byte	0xb7803
    1fc2:	0d80                	addi	s0,sp,720
    1fc4:	046d                	addi	s0,s0,27
    1fc6:	0000                	unimp
    1fc8:	a638                	.2byte	0xa638
    1fca:	0000                	unimp
    1fcc:	0800                	addi	s0,sp,16
    1fce:	860c                	.2byte	0x860c
    1fd0:	0002                	c.slli64	zero
    1fd2:	0500                	addi	s0,sp,640
    1fd4:	00007667          	.4byte	0x7667
    1fd8:	fe00                	.2byte	0xfe00
    1fda:	0001                	nop
    1fdc:	0200                	addi	s0,sp,256
    1fde:	01fe                	slli	gp,gp,0x1f
    1fe0:	0000                	unimp
    1fe2:	fe02                	.2byte	0xfe02
    1fe4:	0001                	nop
    1fe6:	0200                	addi	s0,sp,256
    1fe8:	01fe                	slli	gp,gp,0x1f
    1fea:	0000                	unimp
    1fec:	9502                	jalr	a0
    1fee:	0000                	unimp
    1ff0:	0200                	addi	s0,sp,256
    1ff2:	01fe                	slli	gp,gp,0x1f
    1ff4:	0000                	unimp
    1ff6:	9502                	jalr	a0
    1ff8:	0000                	unimp
    1ffa:	0200                	addi	s0,sp,256
    1ffc:	00000203          	lb	tp,0(zero) # 0 <_program_size-0xd88>
    2000:	fe02                	.2byte	0xfe02
    2002:	0001                	nop
    2004:	0000                	unimp
    2006:	9009                	srli	s0,s0,0x22
    2008:	0000                	unimp
    200a:	0900                	addi	s0,sp,144
    200c:	0084                	addi	s1,sp,64
    200e:	0000                	unimp
    2010:	420c                	lw	a1,0(a2)
    2012:	05000003          	lb	zero,80(zero) # 50 <_program_size-0xd38>
    2016:	765e                	.2byte	0x765e
    2018:	0000                	unimp
    201a:	4000                	lw	s0,0(s0)
    201c:	0002                	c.slli64	zero
    201e:	0200                	addi	s0,sp,256
    2020:	01fe                	slli	gp,gp,0x1f
    2022:	0000                	unimp
    2024:	fe02                	.2byte	0xfe02
    2026:	0001                	nop
    2028:	0200                	addi	s0,sp,256
    202a:	01fe                	slli	gp,gp,0x1f
    202c:	0000                	unimp
    202e:	9502                	jalr	a0
    2030:	0000                	unimp
    2032:	0200                	addi	s0,sp,256
    2034:	01fe                	slli	gp,gp,0x1f
    2036:	0000                	unimp
    2038:	9502                	jalr	a0
    203a:	0000                	unimp
    203c:	0200                	addi	s0,sp,256
    203e:	00000203          	lb	tp,0(zero) # 0 <_program_size-0xd88>
    2042:	0302                	c.slli64	t1
    2044:	0002                	c.slli64	zero
    2046:	0000                	unimp
    2048:	000c                	.2byte	0xc
    204a:	0002                	c.slli64	zero
    204c:	0600                	addi	s0,sp,768
    204e:	765c                	.2byte	0x765c
    2050:	0000                	unimp
    2052:	7800                	.2byte	0x7800
    2054:	0002                	c.slli64	zero
    2056:	0200                	addi	s0,sp,256
    2058:	01fe                	slli	gp,gp,0x1f
    205a:	0000                	unimp
    205c:	fe02                	.2byte	0xfe02
    205e:	0001                	nop
    2060:	0200                	addi	s0,sp,256
    2062:	01fe                	slli	gp,gp,0x1f
    2064:	0000                	unimp
    2066:	9502                	jalr	a0
    2068:	0000                	unimp
    206a:	0200                	addi	s0,sp,256
    206c:	01fe                	slli	gp,gp,0x1f
    206e:	0000                	unimp
    2070:	9502                	jalr	a0
    2072:	0000                	unimp
    2074:	0200                	addi	s0,sp,256
    2076:	01fe                	slli	gp,gp,0x1f
    2078:	0000                	unimp
    207a:	0302                	c.slli64	t1
    207c:	0002                	c.slli64	zero
    207e:	0000                	unimp
    2080:	800c                	.2byte	0x800c
    2082:	0001                	nop
    2084:	0600                	addi	s0,sp,768
    2086:	7650                	.2byte	0x7650
    2088:	0000                	unimp
    208a:	b000                	.2byte	0xb000
    208c:	0002                	c.slli64	zero
    208e:	0200                	addi	s0,sp,256
    2090:	01fe                	slli	gp,gp,0x1f
    2092:	0000                	unimp
    2094:	fe02                	.2byte	0xfe02
    2096:	0001                	nop
    2098:	0200                	addi	s0,sp,256
    209a:	01fe                	slli	gp,gp,0x1f
    209c:	0000                	unimp
    209e:	9502                	jalr	a0
    20a0:	0000                	unimp
    20a2:	0200                	addi	s0,sp,256
    20a4:	01fe                	slli	gp,gp,0x1f
    20a6:	0000                	unimp
    20a8:	9502                	jalr	a0
    20aa:	0000                	unimp
    20ac:	0200                	addi	s0,sp,256
    20ae:	00000203          	lb	tp,0(zero) # 0 <_program_size-0xd88>
    20b2:	0302                	c.slli64	t1
    20b4:	0002                	c.slli64	zero
    20b6:	0000                	unimp
    20b8:	0719                	addi	a4,a4,6 # fffe4006 <_ram_end+0x7ffd4006>
    20ba:	0004                	.2byte	0x4
    20bc:	0400                	addi	s0,sp,512
    20be:	02c30d27          	.4byte	0x2c30d27
    20c2:	0000                	unimp
    20c4:	c302                	sw	zero,132(sp)
    20c6:	0002                	c.slli64	zero
    20c8:	1a00                	addi	s0,sp,304
    20ca:	0900                	addi	s0,sp,144
    20cc:	000002cf          	.4byte	0x2cf
    20d0:	0104                	addi	s1,sp,128
    20d2:	b508                	.2byte	0xb508
    20d4:	0001                	nop
    20d6:	0500                	addi	s0,sp,640
    20d8:	02c8                	addi	a0,sp,324
    20da:	0000                	unimp
    20dc:	0004b11b          	.4byte	0x4b11b
    20e0:	0100                	addi	s0,sp,128
    20e2:	0546                	slli	a0,a0,0x11
    20e4:	0076                	c.slli	zero,0x1d
    20e6:	0000                	unimp
    20e8:	08d2                	slli	a7,a7,0x14
    20ea:	8000                	.2byte	0x8000
    20ec:	0264                	addi	s1,sp,268
    20ee:	0000                	unimp
    20f0:	9c01                	.2byte	0x9c01
    20f2:	0698                	addi	a4,sp,832
    20f4:	0000                	unimp
    20f6:	00045a0f          	.4byte	0x45a0f
    20fa:	4600                	lw	s0,8(a2)
    20fc:	760e                	.2byte	0x760e
    20fe:	0000                	unimp
    2100:	8000                	.2byte	0x8000
    2102:	0f00001b          	.4byte	0xf00001b
    2106:	04c8                	addi	a0,sp,580
    2108:	0000                	unimp
    210a:	1d46                	slli	s10,s10,0x31
    210c:	0698                	addi	a4,sp,832
    210e:	0000                	unimp
    2110:	1b9a                	slli	s7,s7,0x26
    2112:	0000                	unimp
    2114:	6310                	.2byte	0x6310
    2116:	0074                	addi	a3,sp,12
    2118:	a248                	.2byte	0xa248
    211a:	0006                	c.slli	zero,0x1
    211c:	0500                	addi	s0,sp,640
    211e:	000d4803          	lbu	a6,0(s10) # a000 <_stack_size+0x8000>
    2122:	0680                	addi	s0,sp,832
    2124:	04c1                	addi	s1,s1,16
    2126:	0000                	unimp
    2128:	1449                	addi	s0,s0,-14
    212a:	06a2                	slli	a3,a3,0x8
    212c:	0000                	unimp
    212e:	0305                	addi	t1,t1,1
    2130:	0cf8                	addi	a4,sp,604
    2132:	8000                	.2byte	0x8000
    2134:	7410                	.2byte	0x7410
    2136:	6761                	lui	a4,0x18
    2138:	4a00                	lw	s0,16(a2)
    213a:	06b2                	slli	a3,a3,0xc
    213c:	0000                	unimp
    213e:	0305                	addi	t1,t1,1
    2140:	0d38                	addi	a4,sp,664
    2142:	8000                	.2byte	0x8000
    2144:	721c                	.2byte	0x721c
    2146:	4b010063          	beq	sp,a6,25e6 <_stack_size+0x5e6>
    214a:	7609                	lui	a2,0xfffe2
    214c:	0000                	unimp
    214e:	b400                	.2byte	0xb400
    2150:	1d00001b          	.4byte	0x1d00001b
    2154:	04d6                	slli	s1,s1,0x15
    2156:	0000                	unimp
    2158:	4b01                	li	s6,0
    215a:	760d                	lui	a2,0xfffe3
    215c:	0000                	unimp
    215e:	0200                	addi	s0,sp,256
    2160:	001c                	.2byte	0x1c
    2162:	1100                	addi	s0,sp,160
    2164:	044a                	slli	s0,s0,0x12
    2166:	0000                	unimp
    2168:	3a64                	.2byte	0x3a64
    216a:	0009                	c.nop	2
    216c:	1180                	addi	s0,sp,224
    216e:	00000333          	add	t1,zero,zero
    2172:	8c76                	mv	s8,t4
    2174:	0009                	c.nop	2
    2176:	1280                	addi	s0,sp,352
    2178:	06c2                	slli	a3,a3,0x10
    217a:	0000                	unimp
    217c:	09d4                	addi	a3,sp,212
    217e:	8000                	.2byte	0x8000
    2180:	0032                	c.slli	zero,0xc
    2182:	0000                	unimp
    2184:	b45e                	.2byte	0xb45e
    2186:	0a000003          	lb	zero,160(zero) # a0 <_program_size-0xce8>
    218a:	000006cf          	.4byte	0x6cf
    218e:	1c19                	addi	s8,s8,-26 # 13f36 <_available_heap+0x6cbe>
    2190:	0000                	unimp
    2192:	d70a                	sw	sp,172(sp)
    2194:	0006                	c.slli	zero,0x1
    2196:	2a00                	.2byte	0x2a00
    2198:	001c                	.2byte	0x1c
    219a:	0a00                	addi	s0,sp,272
    219c:	06df 0000 1c3b      	.byte	0xdf, 0x06, 0x00, 0x00, 0x3b, 0x1c
    21a2:	0000                	unimp
    21a4:	0006e913          	ori	s2,a3,0
    21a8:	d400                	sw	s0,40(s0)
    21aa:	0009                	c.nop	2
    21ac:	3080                	.2byte	0x3080
    21ae:	0000                	unimp
    21b0:	1400                	addi	s0,sp,544
    21b2:	06ea                	slli	a3,a3,0x1a
    21b4:	0000                	unimp
    21b6:	1c49                	addi	s8,s8,-14
    21b8:	0000                	unimp
    21ba:	0000                	unimp
    21bc:	c212                	sw	tp,4(sp)
    21be:	0006                	c.slli	zero,0x1
    21c0:	a200                	.2byte	0xa200
    21c2:	000a                	c.slli	zero,0x2
    21c4:	3280                	.2byte	0x3280
    21c6:	0000                	unimp
    21c8:	7100                	.2byte	0x7100
    21ca:	03f9                	addi	t2,t2,30
    21cc:	0000                	unimp
    21ce:	cf0a                	sw	sp,156(sp)
    21d0:	0006                	c.slli	zero,0x1
    21d2:	6100                	.2byte	0x6100
    21d4:	001c                	.2byte	0x1c
    21d6:	0a00                	addi	s0,sp,272
    21d8:	000006d7          	.4byte	0x6d7
    21dc:	1c72                	slli	s8,s8,0x3c
    21de:	0000                	unimp
    21e0:	df0a                	sw	sp,188(sp)
    21e2:	0006                	c.slli	zero,0x1
    21e4:	8300                	.2byte	0x8300
    21e6:	001c                	.2byte	0x1c
    21e8:	1300                	addi	s0,sp,416
    21ea:	06e9                	addi	a3,a3,26 # 10c2 <_program_size+0x33a>
    21ec:	0000                	unimp
    21ee:	0aa2                	slli	s5,s5,0x8
    21f0:	8000                	.2byte	0x8000
    21f2:	0030                	addi	a2,sp,8
    21f4:	0000                	unimp
    21f6:	ea14                	.2byte	0xea14
    21f8:	0006                	c.slli	zero,0x1
    21fa:	9100                	.2byte	0x9100
    21fc:	001c                	.2byte	0x1c
    21fe:	0000                	unimp
    2200:	0300                	addi	s0,sp,384
    2202:	08ec                	addi	a1,sp,92
    2204:	8000                	.2byte	0x8000
    2206:	02b0                	addi	a2,sp,328
    2208:	0000                	unimp
    220a:	0410                	addi	a2,sp,512
    220c:	0000                	unimp
    220e:	0101                	addi	sp,sp,0
    2210:	055a                	slli	a0,a0,0x16
    2212:	000b9c03          	lh	s8,0(s7)
    2216:	0080                	addi	s0,sp,64
    2218:	0008f603          	.4byte	0x8f603
    221c:	b080                	.2byte	0xb080
    221e:	0002                	c.slli64	zero
    2220:	2700                	.2byte	0x2700
    2222:	0004                	.2byte	0x4
    2224:	0100                	addi	s0,sp,128
    2226:	5a01                	li	s4,-32
    2228:	0305                	addi	t1,t1,1
    222a:	0bd0                	addi	a2,sp,468
    222c:	8000                	.2byte	0x8000
    222e:	0300                	addi	s0,sp,384
    2230:	092e                	slli	s2,s2,0xb
    2232:	8000                	.2byte	0x8000
    2234:	0278                	addi	a4,sp,268
    2236:	0000                	unimp
    2238:	0476                	slli	s0,s0,0x1d
    223a:	0000                	unimp
    223c:	0101                	addi	sp,sp,0
    223e:	055a                	slli	a0,a0,0x16
    2240:	000ca803          	lw	a6,0(s9)
    2244:	0180                	addi	s0,sp,192
    2246:	5b01                	li	s6,-32
    2248:	0305                	addi	t1,t1,1
    224a:	0c9c                	addi	a5,sp,592
    224c:	8000                	.2byte	0x8000
    224e:	0101                	addi	sp,sp,0
    2250:	055c                	addi	a5,sp,644
    2252:	000c9003          	lh	zero,0(s9)
    2256:	0180                	addi	s0,sp,192
    2258:	5d01                	li	s10,-32
    225a:	3c01                	jal	1c6a <_program_size+0xee2>
    225c:	0101                	addi	sp,sp,0
    225e:	055e                	slli	a0,a0,0x17
    2260:	000cc803          	lbu	a6,0(s9)
    2264:	0180                	addi	s0,sp,192
    2266:	5f01                	li	t5,-32
    2268:	0802                	c.slli64	a6
    226a:	0128                	addi	a0,sp,136
    226c:	6001                	.2byte	0x6001
    226e:	0305                	addi	t1,t1,1
    2270:	0d48                	addi	a0,sp,660
    2272:	8000                	.2byte	0x8000
    2274:	0101                	addi	sp,sp,0
    2276:	0561                	addi	a0,a0,24 # 1bfd0 <_available_heap+0xed58>
    2278:	000d3803          	.4byte	0xd3803
    227c:	0080                	addi	s0,sp,64
    227e:	00093a03          	.4byte	0x93a03
    2282:	b080                	.2byte	0xb080
    2284:	0002                	c.slli64	zero
    2286:	8d00                	.2byte	0x8d00
    2288:	0004                	.2byte	0x4
    228a:	0100                	addi	s0,sp,128
    228c:	5a01                	li	s4,-32
    228e:	0305                	addi	t1,t1,1
    2290:	0bf0                	addi	a2,sp,476
    2292:	8000                	.2byte	0x8000
    2294:	0300                	addi	s0,sp,384
    2296:	0944                	addi	s1,sp,148
    2298:	8000                	.2byte	0x8000
    229a:	02b0                	addi	a2,sp,328
    229c:	0000                	unimp
    229e:	04a4                	addi	s1,sp,584
    22a0:	0000                	unimp
    22a2:	0101                	addi	sp,sp,0
    22a4:	055a                	slli	a0,a0,0x16
    22a6:	000c4803          	lbu	a6,0(s8)
    22aa:	0080                	addi	s0,sp,64
    22ac:	00097c03          	.4byte	0x97c03
    22b0:	0880                	addi	s0,sp,80
    22b2:	0002                	c.slli64	zero
    22b4:	f300                	.2byte	0xf300
    22b6:	0004                	.2byte	0x4
    22b8:	0100                	addi	s0,sp,128
    22ba:	5a01                	li	s4,-32
    22bc:	0305                	addi	t1,t1,1
    22be:	0c80                	addi	s0,sp,592
    22c0:	8000                	.2byte	0x8000
    22c2:	0101                	addi	sp,sp,0
    22c4:	7003055b          	.4byte	0x7003055b
    22c8:	000c                	.2byte	0xc
    22ca:	0180                	addi	s0,sp,192
    22cc:	5c01                	li	s8,-32
    22ce:	0305                	addi	t1,t1,1
    22d0:	0b78                	addi	a4,sp,412
    22d2:	8000                	.2byte	0x8000
    22d4:	0101                	addi	sp,sp,0
    22d6:	015d                	addi	sp,sp,23
    22d8:	0138                	addi	a4,sp,136
    22da:	5e01                	li	t3,-32
    22dc:	0305                	addi	t1,t1,1
    22de:	0cc8                	addi	a0,sp,596
    22e0:	8000                	.2byte	0x8000
    22e2:	0101                	addi	sp,sp,0
    22e4:	025f 2808 0101      	.byte	0x5f, 0x02, 0x08, 0x28, 0x01, 0x01
    22ea:	0560                	addi	s0,sp,652
    22ec:	000d4803          	lbu	a6,0(s10)
    22f0:	0180                	addi	s0,sp,192
    22f2:	6101                	addi	sp,sp,0
    22f4:	0305                	addi	t1,t1,1
    22f6:	0d38                	addi	a4,sp,664
    22f8:	8000                	.2byte	0x8000
    22fa:	0300                	addi	s0,sp,384
    22fc:	098c                	addi	a1,sp,208
    22fe:	8000                	.2byte	0x8000
    2300:	02b0                	addi	a2,sp,328
    2302:	0000                	unimp
    2304:	050a                	slli	a0,a0,0x2
    2306:	0000                	unimp
    2308:	0101                	addi	sp,sp,0
    230a:	055a                	slli	a0,a0,0x16
    230c:	000bf003          	.4byte	0xbf003
    2310:	0080                	addi	s0,sp,64
    2312:	00099603          	lh	a2,0(s3)
    2316:	b080                	.2byte	0xb080
    2318:	0002                	c.slli64	zero
    231a:	2100                	.2byte	0x2100
    231c:	0005                	c.nop	1
    231e:	0100                	addi	s0,sp,128
    2320:	5a01                	li	s4,-32
    2322:	0305                	addi	t1,t1,1
    2324:	0c64                	addi	s1,sp,540
    2326:	8000                	.2byte	0x8000
    2328:	0300                	addi	s0,sp,384
    232a:	09d2                	slli	s3,s3,0x14
    232c:	8000                	.2byte	0x8000
    232e:	0240                	addi	s0,sp,260
    2330:	0000                	unimp
    2332:	0570                	addi	a2,sp,652
    2334:	0000                	unimp
    2336:	0101                	addi	sp,sp,0
    2338:	055a                	slli	a0,a0,0x16
    233a:	000ca803          	lw	a6,0(s9)
    233e:	0180                	addi	s0,sp,192
    2340:	5b01                	li	s6,-32
    2342:	0305                	addi	t1,t1,1
    2344:	0c9c                	addi	a5,sp,592
    2346:	8000                	.2byte	0x8000
    2348:	0101                	addi	sp,sp,0
    234a:	055c                	addi	a5,sp,644
    234c:	000c9003          	lh	zero,0(s9)
    2350:	0180                	addi	s0,sp,192
    2352:	5d01                	li	s10,-32
    2354:	3c01                	jal	1d64 <_program_size+0xfdc>
    2356:	0101                	addi	sp,sp,0
    2358:	055e                	slli	a0,a0,0x17
    235a:	000d4803          	lbu	a6,0(s10)
    235e:	0180                	addi	s0,sp,192
    2360:	5f01                	li	t5,-32
    2362:	0802                	c.slli64	a6
    2364:	0128                	addi	a0,sp,136
    2366:	6001                	.2byte	0x6001
    2368:	0305                	addi	t1,t1,1
    236a:	0d38                	addi	a4,sp,664
    236c:	8000                	.2byte	0x8000
    236e:	0101                	addi	sp,sp,0
    2370:	0561                	addi	a0,a0,24
    2372:	000cf803          	.4byte	0xcf803
    2376:	0080                	addi	s0,sp,64
    2378:	000a2203          	lw	tp,0(s4)
    237c:	b080                	.2byte	0xb080
    237e:	0002                	c.slli64	zero
    2380:	8700                	.2byte	0x8700
    2382:	0005                	c.nop	1
    2384:	0100                	addi	s0,sp,128
    2386:	5a01                	li	s4,-32
    2388:	0305                	addi	t1,t1,1
    238a:	0c04                	addi	s1,sp,528
    238c:	8000                	.2byte	0x8000
    238e:	0300                	addi	s0,sp,384
    2390:	0a36                	slli	s4,s4,0xd
    2392:	8000                	.2byte	0x8000
    2394:	02b0                	addi	a2,sp,328
    2396:	0000                	unimp
    2398:	000005a7          	.4byte	0x5a7
    239c:	0101                	addi	sp,sp,0
    239e:	055a                	slli	a0,a0,0x16
    23a0:	000c1c03          	lh	s8,0(s8)
    23a4:	0180                	addi	s0,sp,192
    23a6:	5b01                	li	s6,-32
    23a8:	0305                	addi	t1,t1,1
    23aa:	0c18                	addi	a4,sp,528
    23ac:	8000                	.2byte	0x8000
    23ae:	0300                	addi	s0,sp,384
    23b0:	0a52                	slli	s4,s4,0x14
    23b2:	8000                	.2byte	0x8000
    23b4:	02b0                	addi	a2,sp,328
    23b6:	0000                	unimp
    23b8:	05be                	slli	a1,a1,0xf
    23ba:	0000                	unimp
    23bc:	0101                	addi	sp,sp,0
    23be:	055a                	slli	a0,a0,0x16
    23c0:	000c3403          	.4byte	0xc3403
    23c4:	0080                	addi	s0,sp,64
    23c6:	000a6603          	.4byte	0xa6603
    23ca:	b080                	.2byte	0xb080
    23cc:	0002                	c.slli64	zero
    23ce:	de00                	sw	s0,56(a2)
    23d0:	0005                	c.nop	1
    23d2:	0100                	addi	s0,sp,128
    23d4:	5a01                	li	s4,-32
    23d6:	0305                	addi	t1,t1,1
    23d8:	0c1c                	addi	a5,sp,528
    23da:	8000                	.2byte	0x8000
    23dc:	0101                	addi	sp,sp,0
    23de:	3003055b          	.4byte	0x3003055b
    23e2:	000c                	.2byte	0xc
    23e4:	0080                	addi	s0,sp,64
    23e6:	000aa003          	lw	zero,0(s5) # b000 <_stack_size+0x9000>
    23ea:	c680                	sw	s0,8(a3)
    23ec:	0001                	nop
    23ee:	2d00                	.2byte	0x2d00
    23f0:	0006                	c.slli	zero,0x1
    23f2:	0100                	addi	s0,sp,128
    23f4:	5a01                	li	s4,-32
    23f6:	0305                	addi	t1,t1,1
    23f8:	0c80                	addi	s0,sp,592
    23fa:	8000                	.2byte	0x8000
    23fc:	0101                	addi	sp,sp,0
    23fe:	7003055b          	.4byte	0x7003055b
    2402:	000c                	.2byte	0xc
    2404:	0180                	addi	s0,sp,192
    2406:	5c01                	li	s8,-32
    2408:	0305                	addi	t1,t1,1
    240a:	0b78                	addi	a4,sp,412
    240c:	8000                	.2byte	0x8000
    240e:	0101                	addi	sp,sp,0
    2410:	015d                	addi	sp,sp,23
    2412:	0138                	addi	a4,sp,136
    2414:	5e01                	li	t3,-32
    2416:	0305                	addi	t1,t1,1
    2418:	0d48                	addi	a0,sp,660
    241a:	8000                	.2byte	0x8000
    241c:	0101                	addi	sp,sp,0
    241e:	025f 2808 0101      	.byte	0x5f, 0x02, 0x08, 0x28, 0x01, 0x01
    2424:	0560                	addi	s0,sp,652
    2426:	000cf803          	.4byte	0xcf803
    242a:	0180                	addi	s0,sp,192
    242c:	6101                	addi	sp,sp,0
    242e:	0305                	addi	t1,t1,1
    2430:	0d38                	addi	a4,sp,664
    2432:	8000                	.2byte	0x8000
    2434:	0300                	addi	s0,sp,384
    2436:	0af0                	addi	a2,sp,348
    2438:	8000                	.2byte	0x8000
    243a:	02b0                	addi	a2,sp,328
    243c:	0000                	unimp
    243e:	0644                	addi	s1,sp,772
    2440:	0000                	unimp
    2442:	0101                	addi	sp,sp,0
    2444:	055a                	slli	a0,a0,0x16
    2446:	000c0403          	lb	s0,0(s8)
    244a:	0080                	addi	s0,sp,64
    244c:	000b0403          	lb	s0,0(s6)
    2450:	b080                	.2byte	0xb080
    2452:	0002                	c.slli64	zero
    2454:	6400                	.2byte	0x6400
    2456:	0006                	c.slli	zero,0x1
    2458:	0100                	addi	s0,sp,128
    245a:	5a01                	li	s4,-32
    245c:	0305                	addi	t1,t1,1
    245e:	0c1c                	addi	a5,sp,528
    2460:	8000                	.2byte	0x8000
    2462:	0101                	addi	sp,sp,0
    2464:	3003055b          	.4byte	0x3003055b
    2468:	000c                	.2byte	0xc
    246a:	0080                	addi	s0,sp,64
    246c:	000b1603          	lh	a2,0(s6)
    2470:	b080                	.2byte	0xb080
    2472:	0002                	c.slli64	zero
    2474:	7b00                	.2byte	0x7b00
    2476:	0006                	c.slli	zero,0x1
    2478:	0100                	addi	s0,sp,128
    247a:	5a01                	li	s4,-32
    247c:	0305                	addi	t1,t1,1
    247e:	0c34                	addi	a3,sp,536
    2480:	8000                	.2byte	0x8000
    2482:	1e00                	addi	s0,sp,816
    2484:	0b2a                	slli	s6,s6,0xa
    2486:	8000                	.2byte	0x8000
    2488:	02b0                	addi	a2,sp,328
    248a:	0000                	unimp
    248c:	0101                	addi	sp,sp,0
    248e:	055a                	slli	a0,a0,0x16
    2490:	000c1c03          	lh	s8,0(s8)
    2494:	0180                	addi	s0,sp,192
    2496:	5b01                	li	s6,-32
    2498:	0305                	addi	t1,t1,1
    249a:	0c18                	addi	a4,sp,528
    249c:	8000                	.2byte	0x8000
    249e:	0000                	unimp
    24a0:	9d09                	.2byte	0x9d09
    24a2:	0006                	c.slli	zero,0x1
    24a4:	0900                	addi	s0,sp,144
    24a6:	02c8                	addi	a0,sp,324
    24a8:	0000                	unimp
    24aa:	00008407          	.4byte	0x8407
    24ae:	b200                	.2byte	0xb200
    24b0:	0006                	c.slli	zero,0x1
    24b2:	0800                	addi	s0,sp,16
    24b4:	007d                	c.nop	31
    24b6:	0000                	unimp
    24b8:	8407003f c2000000 	.8byte	0xc20000008407003f
    24c0:	0006                	c.slli	zero,0x1
    24c2:	0800                	addi	s0,sp,16
    24c4:	007d                	c.nop	31
    24c6:	0000                	unimp
    24c8:	611f000f          	.4byte	0x611f000f
    24cc:	0004                	.2byte	0x4
    24ce:	0100                	addi	s0,sp,128
    24d0:	0c3d                	addi	s8,s8,15
    24d2:	0076                	c.slli	zero,0x1d
    24d4:	0000                	unimp
    24d6:	0e01                	addi	t3,t3,0
    24d8:	0061                	c.nop	24
    24da:	0001fe27          	.4byte	0x1fe27
    24de:	0e00                	addi	s0,sp,784
    24e0:	0062                	c.slli	zero,0x18
    24e2:	fe39                	bnez	a2,2440 <_stack_size+0x440>
    24e4:	0001                	nop
    24e6:	0e00                	addi	s0,sp,784
    24e8:	656c                	.2byte	0x656c
    24ea:	006e                	c.slli	zero,0x1b
    24ec:	9545                	srai	a0,a0,0x31
    24ee:	0000                	unimp
    24f0:	2000                	.2byte	0x2000
    24f2:	6921                	lui	s2,0x8
    24f4:	0100                	addi	s0,sp,128
    24f6:	0095133f 00000000 	.8byte	0x95133f
	...

Disassembly of section .debug_abbrev:

00000000 <.debug_abbrev>:
   0:	1101                	addi	sp,sp,-32
   2:	1000                	addi	s0,sp,32
   4:	12011117          	auipc	sp,0x12011
   8:	1b0e030f          	.4byte	0x1b0e030f
   c:	250e                	.2byte	0x250e
   e:	130e                	slli	t1,t1,0x23
  10:	0005                	c.nop	1
  12:	0000                	unimp
  14:	4901                	li	s2,0
  16:	0200                	addi	s0,sp,256
  18:	7e18                	.2byte	0x7e18
  1a:	0018                	.2byte	0x18
  1c:	0200                	addi	s0,sp,256
  1e:	0005                	c.nop	1
  20:	1331                	addi	t1,t1,-20
  22:	1702                	slli	a4,a4,0x20
  24:	0000                	unimp
  26:	03000503          	lb	a0,48(zero) # 30 <_program_size-0xd58>
  2a:	3a08                	.2byte	0x3a08
  2c:	0121                	addi	sp,sp,8 # 1201100c <_available_heap+0x12003d94>
  2e:	0b390b3b          	.4byte	0xb390b3b
  32:	1349                	addi	t1,t1,-14
  34:	1702                	slli	a4,a4,0x20
  36:	0000                	unimp
  38:	0504                	addi	s1,sp,640
  3a:	0300                	addi	s0,sp,384
  3c:	3a0e                	.2byte	0x3a0e
  3e:	0121                	addi	sp,sp,8
  40:	0b390b3b          	.4byte	0xb390b3b
  44:	1349                	addi	t1,t1,-14
  46:	1702                	slli	a4,a4,0x20
  48:	0000                	unimp
  4a:	2405                	jal	26a <_program_size-0xb1e>
  4c:	0b00                	addi	s0,sp,400
  4e:	030b3e0b          	.4byte	0x30b3e0b
  52:	000e                	c.slli	zero,0x3
  54:	0600                	addi	s0,sp,768
  56:	0034                	addi	a3,sp,8
  58:	213a0803          	lb	a6,531(s4)
  5c:	3b01                	jal	fffffd6c <_ram_end+0x7ffefd6c>
  5e:	490b390b          	.4byte	0x490b390b
  62:	00170213          	addi	tp,a4,1 # 18001 <_available_heap+0xad89>
  66:	0700                	addi	s0,sp,896
  68:	0005                	c.nop	1
  6a:	213a0803          	lb	a6,531(s4)
  6e:	3b01                	jal	fffffd7e <_ram_end+0x7ffefd7e>
  70:	490b390b          	.4byte	0x490b390b
  74:	08000013          	li	zero,128
  78:	0034                	addi	a3,sp,8
  7a:	1331                	addi	t1,t1,-20
  7c:	1702                	slli	a4,a4,0x20
  7e:	0000                	unimp
  80:	4809                	li	a6,2
  82:	7d01                	lui	s10,0xfffe0
  84:	7f01                	lui	t5,0xfffe0
  86:	0a000013          	li	zero,160
  8a:	0034                	addi	a3,sp,8
  8c:	213a0803          	lb	a6,531(s4)
  90:	3b01                	jal	fffffda0 <_ram_end+0x7ffefda0>
  92:	490b390b          	.4byte	0x490b390b
  96:	0b000013          	li	zero,176
  9a:	0016                	c.slli	zero,0x5
  9c:	0b3a0e03          	lb	t3,179(s4)
  a0:	0b390b3b          	.4byte	0xb390b3b
  a4:	1349                	addi	t1,t1,-14
  a6:	0000                	unimp
  a8:	050c                	addi	a1,sp,640
  aa:	0300                	addi	s0,sp,384
  ac:	3a0e                	.2byte	0x3a0e
  ae:	0121                	addi	sp,sp,8
  b0:	0b390b3b          	.4byte	0xb390b3b
  b4:	1349                	addi	t1,t1,-14
  b6:	0000                	unimp
  b8:	0b0d                	addi	s6,s6,3
  ba:	0001                	nop
  bc:	0e00                	addi	s0,sp,784
  be:	1331010b          	.4byte	0x1331010b
  c2:	1755                	addi	a4,a4,-11
  c4:	1301                	addi	t1,t1,-32
  c6:	0000                	unimp
  c8:	7d01480f          	.4byte	0x7d01480f
  cc:	7f01                	lui	t5,0xfffe0
  ce:	00130113          	addi	sp,t1,1
  d2:	1000                	addi	s0,sp,32
  d4:	0048                	addi	a0,sp,4
  d6:	017d                	addi	sp,sp,31
  d8:	137f                	.2byte	0x137f
  da:	0000                	unimp
  dc:	0b11                	addi	s6,s6,4
  de:	5501                	li	a0,-32
  e0:	12000017          	auipc	zero,0x12000
  e4:	012e                	slli	sp,sp,0xb
  e6:	0e03193f 3b01213a 	.8byte	0x3b01213a0e03193f
  ee:	0521390b          	.4byte	0x521390b
  f2:	13491927          	.4byte	0x13491927
  f6:	0111                	addi	sp,sp,4
  f8:	0612                	slli	a2,a2,0x4
  fa:	1840                	addi	s0,sp,52
  fc:	197a                	slli	s2,s2,0x3e
  fe:	1301                	addi	t1,t1,-32
 100:	0000                	unimp
 102:	01010b13          	addi	s6,sp,16
 106:	14000013          	li	zero,320
 10a:	011d                	addi	sp,sp,7
 10c:	1331                	addi	t1,t1,-20
 10e:	0152                	slli	sp,sp,0x14
 110:	1755                	addi	a4,a4,-11
 112:	2158                	.2byte	0x2158
 114:	5901                	li	s2,-32
 116:	000b570b          	.4byte	0xb570b
 11a:	1500                	addi	s0,sp,672
 11c:	1331010b          	.4byte	0x1331010b
 120:	1755                	addi	a4,a4,-11
 122:	0000                	unimp
 124:	3416                	.2byte	0x3416
 126:	0300                	addi	s0,sp,384
 128:	3a0e                	.2byte	0x3a0e
 12a:	0121                	addi	sp,sp,8
 12c:	21390b3b          	.4byte	0x21390b3b
 130:	0213490b          	.4byte	0x213490b
 134:	17000017          	auipc	zero,0x17000
 138:	0111010b          	.4byte	0x111010b
 13c:	0612                	slli	a2,a2,0x4
 13e:	1301                	addi	t1,t1,-32
 140:	0000                	unimp
 142:	0f18                	addi	a4,sp,912
 144:	0b00                	addi	s0,sp,400
 146:	0421                	addi	s0,s0,8
 148:	1349                	addi	t1,t1,-14
 14a:	0000                	unimp
 14c:	2e19                	jal	462 <_program_size-0x926>
 14e:	0301                	addi	t1,t1,0
 150:	3a0e                	.2byte	0x3a0e
 152:	0121                	addi	sp,sp,8
 154:	0b390b3b          	.4byte	0xb390b3b
 158:	13491927          	.4byte	0x13491927
 15c:	2120                	.2byte	0x2120
 15e:	0101                	addi	sp,sp,0
 160:	1a000013          	li	zero,416
 164:	012e                	slli	sp,sp,0xb
 166:	213a0e03          	lb	t3,531(s4)
 16a:	3b01                	jal	fffffe7a <_ram_end+0x7ffefe7a>
 16c:	0d21390b          	.4byte	0xd21390b
 170:	21201927          	.4byte	0x21201927
 174:	0101                	addi	sp,sp,0
 176:	1b000013          	li	zero,432
 17a:	012e                	slli	sp,sp,0xb
 17c:	213a0e03          	lb	t3,531(s4)
 180:	3b01                	jal	fffffe90 <_ram_end+0x7ffefe90>
 182:	0d21390b          	.4byte	0xd21390b
 186:	01111927          	.4byte	0x1111927
 18a:	0612                	slli	a2,a2,0x4
 18c:	1840                	addi	s0,sp,52
 18e:	197a                	slli	s2,s2,0x3e
 190:	1301                	addi	t1,t1,-32
 192:	0000                	unimp
 194:	051c                	addi	a5,sp,640
 196:	0300                	addi	s0,sp,384
 198:	3a08                	.2byte	0x3a08
 19a:	0121                	addi	sp,sp,8
 19c:	0b390b3b          	.4byte	0xb390b3b
 1a0:	1349                	addi	t1,t1,-14
 1a2:	1802                	slli	a6,a6,0x20
 1a4:	0000                	unimp
 1a6:	2e1d                	jal	4dc <_program_size-0x8ac>
 1a8:	0301                	addi	t1,t1,0
 1aa:	3a0e                	.2byte	0x3a0e
 1ac:	0121                	addi	sp,sp,8
 1ae:	0b390b3b          	.4byte	0xb390b3b
 1b2:	13491927          	.4byte	0x13491927
 1b6:	0111                	addi	sp,sp,4
 1b8:	0612                	slli	a2,a2,0x4
 1ba:	1840                	addi	s0,sp,52
 1bc:	197a                	slli	s2,s2,0x3e
 1be:	1301                	addi	t1,t1,-32
 1c0:	0000                	unimp
 1c2:	341e                	.2byte	0x341e
 1c4:	3100                	.2byte	0x3100
 1c6:	1f000013          	li	zero,496
 1ca:	0111                	addi	sp,sp,4
 1cc:	0e25                	addi	t3,t3,9
 1ce:	1f030b13          	addi	s6,t1,496
 1d2:	17551f1b          	.4byte	0x17551f1b
 1d6:	0111                	addi	sp,sp,4
 1d8:	1710                	addi	a2,sp,928
 1da:	0000                	unimp
 1dc:	2420                	.2byte	0x2420
 1de:	0b00                	addi	s0,sp,400
 1e0:	030b3e0b          	.4byte	0x30b3e0b
 1e4:	0008                	.2byte	0x8
 1e6:	2100                	.2byte	0x2100
 1e8:	0026                	c.slli	zero,0x9
 1ea:	1349                	addi	t1,t1,-14
 1ec:	0000                	unimp
 1ee:	3422                	.2byte	0x3422
 1f0:	0300                	addi	s0,sp,384
 1f2:	3a0e                	.2byte	0x3a0e
 1f4:	390b3b0b          	.4byte	0x390b3b0b
 1f8:	0213490b          	.4byte	0x213490b
 1fc:	0018                	.2byte	0x18
 1fe:	2300                	.2byte	0x2300
 200:	1755010b          	.4byte	0x1755010b
 204:	1301                	addi	t1,t1,-32
 206:	0000                	unimp
 208:	3424                	.2byte	0x3424
 20a:	0300                	addi	s0,sp,384
 20c:	3a08                	.2byte	0x3a08
 20e:	390b3b0b          	.4byte	0x390b3b0b
 212:	0213490b          	.4byte	0x213490b
 216:	0018                	.2byte	0x18
 218:	2500                	.2byte	0x2500
 21a:	0101                	addi	sp,sp,0
 21c:	1349                	addi	t1,t1,-14
 21e:	1301                	addi	t1,t1,-32
 220:	0000                	unimp
 222:	2126                	.2byte	0x2126
 224:	4900                	lw	s0,16(a0)
 226:	000b2f13          	slti	t5,s6,0
 22a:	2700                	.2byte	0x2700
 22c:	0034                	addi	a3,sp,8
 22e:	0b3a0e03          	lb	t3,179(s4)
 232:	0b390b3b          	.4byte	0xb390b3b
 236:	1349                	addi	t1,t1,-14
 238:	0000                	unimp
 23a:	0528                	addi	a0,sp,648
 23c:	0300                	addi	s0,sp,384
 23e:	3a0e                	.2byte	0x3a0e
 240:	390b3b0b          	.4byte	0x390b3b0b
 244:	0213490b          	.4byte	0x213490b
 248:	0018                	.2byte	0x18
 24a:	2900                	.2byte	0x2900
 24c:	011d                	addi	sp,sp,7
 24e:	1331                	addi	t1,t1,-20
 250:	0152                	slli	sp,sp,0x14
 252:	1755                	addi	a4,a4,-11
 254:	0b58                	addi	a4,sp,404
 256:	0b59                	addi	s6,s6,22
 258:	13010b57          	.4byte	0x13010b57
 25c:	0000                	unimp
 25e:	0b2a                	slli	s6,s6,0xa
 260:	1101                	addi	sp,sp,-32
 262:	1201                	addi	tp,tp,-32 # fffe0fe0 <_ram_end+0x7ffd0fe0>
 264:	0006                	c.slli	zero,0x1
 266:	2b00                	.2byte	0x2b00
 268:	012e                	slli	sp,sp,0xb
 26a:	1331                	addi	t1,t1,-20
 26c:	0111                	addi	sp,sp,4
 26e:	0612                	slli	a2,a2,0x4
 270:	1840                	addi	s0,sp,52
 272:	197a                	slli	s2,s2,0x3e
 274:	0000                	unimp
 276:	1d2c                	addi	a1,sp,696
 278:	3101                	jal	fffffe78 <_ram_end+0x7ffefe78>
 27a:	12011113          	.4byte	0x12011113
 27e:	5806                	lw	a6,96(sp)
 280:	570b590b          	.4byte	0x570b590b
 284:	0013010b          	.4byte	0x13010b
 288:	2d00                	.2byte	0x2d00
 28a:	0005                	c.nop	1
 28c:	1331                	addi	t1,t1,-20
 28e:	0000                	unimp
 290:	0b2e                	slli	s6,s6,0xb
 292:	3101                	jal	fffffe92 <_ram_end+0x7ffefe92>
 294:	12011113          	.4byte	0x12011113
 298:	0006                	c.slli	zero,0x1
 29a:	0000                	unimp
 29c:	4901                	li	s2,0
 29e:	0200                	addi	s0,sp,256
 2a0:	7e18                	.2byte	0x7e18
 2a2:	0018                	.2byte	0x18
 2a4:	0200                	addi	s0,sp,256
 2a6:	0005                	c.nop	1
 2a8:	1331                	addi	t1,t1,-20
 2aa:	1702                	slli	a4,a4,0x20
 2ac:	0000                	unimp
 2ae:	7d014803          	lbu	a6,2000(sp)
 2b2:	7f01                	lui	t5,0xfffe0
 2b4:	04000013          	li	zero,64
 2b8:	0005                	c.nop	1
 2ba:	213a0803          	lb	a6,531(s4)
 2be:	3b01                	jal	ffffffce <_ram_end+0x7ffeffce>
 2c0:	3905                	jal	fffffef0 <_ram_end+0x7ffefef0>
 2c2:	0213490b          	.4byte	0x213490b
 2c6:	05000017          	auipc	zero,0x5000
 2ca:	0148                	addi	a0,sp,132
 2cc:	017d                	addi	sp,sp,31
 2ce:	137f                	.2byte	0x137f
 2d0:	1301                	addi	t1,t1,-32
 2d2:	0000                	unimp
 2d4:	0506                	slli	a0,a0,0x1
 2d6:	0300                	addi	s0,sp,384
 2d8:	3a0e                	.2byte	0x3a0e
 2da:	0121                	addi	sp,sp,8
 2dc:	0b39053b          	.4byte	0xb39053b
 2e0:	1349                	addi	t1,t1,-14
 2e2:	1702                	slli	a4,a4,0x20
 2e4:	0000                	unimp
 2e6:	31003407          	.4byte	0x31003407
 2ea:	00170213          	addi	tp,a4,1
 2ee:	0800                	addi	s0,sp,16
 2f0:	0005                	c.nop	1
 2f2:	213a0803          	lb	a6,531(s4)
 2f6:	3b01                	jal	6 <_program_size-0xd82>
 2f8:	490b390b          	.4byte	0x490b390b
 2fc:	00170213          	addi	tp,a4,1
 300:	0900                	addi	s0,sp,144
 302:	0005                	c.nop	1
 304:	213a0e03          	lb	t3,531(s4)
 308:	3b01                	jal	18 <_program_size-0xd70>
 30a:	490b390b          	.4byte	0x490b390b
 30e:	0a000013          	li	zero,160
 312:	0024                	addi	s1,sp,8
 314:	0b3e0b0b          	.4byte	0xb3e0b0b
 318:	00000e03          	lb	t3,0(zero) # 0 <_program_size-0xd88>
 31c:	0300160b          	.4byte	0x300160b
 320:	3a0e                	.2byte	0x3a0e
 322:	390b3b0b          	.4byte	0x390b3b0b
 326:	0013490b          	.4byte	0x13490b
 32a:	0c00                	addi	s0,sp,528
 32c:	0005                	c.nop	1
 32e:	213a0e03          	lb	t3,531(s4)
 332:	3b01                	jal	42 <_program_size-0xd46>
 334:	490b390b          	.4byte	0x490b390b
 338:	00170213          	addi	tp,a4,1
 33c:	0d00                	addi	s0,sp,656
 33e:	0034                	addi	a3,sp,8
 340:	213a0803          	lb	a6,531(s4)
 344:	3b01                	jal	54 <_program_size-0xd34>
 346:	490b390b          	.4byte	0x490b390b
 34a:	00170213          	addi	tp,a4,1
 34e:	0e00                	addi	s0,sp,784
 350:	0005                	c.nop	1
 352:	1331                	addi	t1,t1,-20
 354:	0000                	unimp
 356:	7d00480f          	.4byte	0x7d00480f
 35a:	7f01                	lui	t5,0xfffe0
 35c:	10000013          	li	zero,256
 360:	0005                	c.nop	1
 362:	213a0803          	lb	a6,531(s4)
 366:	3b01                	jal	76 <_program_size-0xd12>
 368:	3905                	jal	ffffff98 <_ram_end+0x7ffeff98>
 36a:	0013490b          	.4byte	0x13490b
 36e:	1100                	addi	s0,sp,160
 370:	0034                	addi	a3,sp,8
 372:	213a0803          	lb	a6,531(s4)
 376:	3b01                	jal	86 <_program_size-0xd02>
 378:	490b390b          	.4byte	0x490b390b
 37c:	12000013          	li	zero,288
 380:	011d                	addi	sp,sp,7
 382:	1331                	addi	t1,t1,-20
 384:	0152                	slli	sp,sp,0x14
 386:	1755                	addi	a4,a4,-11
 388:	2158                	.2byte	0x2158
 38a:	5901                	li	s2,-32
 38c:	010b570b          	.4byte	0x10b570b
 390:	13000013          	li	zero,304
 394:	1755010b          	.4byte	0x1755010b
 398:	0000                	unimp
 39a:	2e14                	.2byte	0x2e14
 39c:	3f01                	jal	2ac <_program_size-0xadc>
 39e:	0319                	addi	t1,t1,6
 3a0:	3a0e                	.2byte	0x3a0e
 3a2:	0121                	addi	sp,sp,8
 3a4:	2139053b          	.4byte	0x2139053b
 3a8:	2705                	jal	ac8 <_program_size-0x2c0>
 3aa:	4919                	li	s2,6
 3ac:	12011113          	.4byte	0x12011113
 3b0:	4006                	.2byte	0x4006
 3b2:	7a18                	.2byte	0x7a18
 3b4:	0119                	addi	sp,sp,6
 3b6:	15000013          	li	zero,336
 3ba:	0005                	c.nop	1
 3bc:	213a0e03          	lb	t3,531(s4)
 3c0:	3b01                	jal	d0 <_program_size-0xcb8>
 3c2:	3905                	jal	fffffff2 <_ram_end+0x7ffefff2>
 3c4:	0013490b          	.4byte	0x13490b
 3c8:	1600                	addi	s0,sp,800
 3ca:	0034                	addi	a3,sp,8
 3cc:	213a0803          	lb	a6,531(s4)
 3d0:	3b01                	jal	e0 <_program_size-0xca8>
 3d2:	3905                	jal	2 <_program_size-0xd86>
 3d4:	0013490b          	.4byte	0x13490b
 3d8:	1700                	addi	s0,sp,928
 3da:	0000010b          	.4byte	0x10b
 3de:	4818                	lw	a4,16(s0)
 3e0:	7d01                	lui	s10,0xfffe0
 3e2:	8201                	c.srli64	a2
 3e4:	1901                	addi	s2,s2,-32 # 7fe0 <_stack_size+0x5fe0>
 3e6:	137f                	.2byte	0x137f
 3e8:	0000                	unimp
 3ea:	2e19                	jal	700 <_program_size-0x688>
 3ec:	0301                	addi	t1,t1,0
 3ee:	3a0e                	.2byte	0x3a0e
 3f0:	0121                	addi	sp,sp,8
 3f2:	0b390b3b          	.4byte	0xb390b3b
 3f6:	13491927          	.4byte	0x13491927
 3fa:	0111                	addi	sp,sp,4
 3fc:	0612                	slli	a2,a2,0x4
 3fe:	1840                	addi	s0,sp,52
 400:	197a                	slli	s2,s2,0x3e
 402:	1301                	addi	t1,t1,-32
 404:	0000                	unimp
 406:	0b1a                	slli	s6,s6,0x6
 408:	1101                	addi	sp,sp,-32
 40a:	1201                	addi	tp,tp,-32 # ffffffe0 <_ram_end+0x7ffeffe0>
 40c:	0106                	slli	sp,sp,0x1
 40e:	1b000013          	li	zero,432
 412:	011d                	addi	sp,sp,7
 414:	1331                	addi	t1,t1,-20
 416:	0111                	addi	sp,sp,4
 418:	0612                	slli	a2,a2,0x4
 41a:	2158                	.2byte	0x2158
 41c:	5901                	li	s2,-32
 41e:	010b570b          	.4byte	0x10b570b
 422:	1c000013          	li	zero,448
 426:	012e                	slli	sp,sp,0xb
 428:	213a0e03          	lb	t3,531(s4)
 42c:	3b01                	jal	13c <_program_size-0xc4c>
 42e:	0d21390b          	.4byte	0xd21390b
 432:	01111927          	.4byte	0x1111927
 436:	0612                	slli	a2,a2,0x4
 438:	1840                	addi	s0,sp,52
 43a:	197a                	slli	s2,s2,0x3e
 43c:	1301                	addi	t1,t1,-32
 43e:	0000                	unimp
 440:	2e1d                	jal	776 <_program_size-0x612>
 442:	0301                	addi	t1,t1,0
 444:	3a0e                	.2byte	0x3a0e
 446:	0121                	addi	sp,sp,8
 448:	21390b3b          	.4byte	0x21390b3b
 44c:	270c                	.2byte	0x270c
 44e:	4919                	li	s2,6
 450:	01212013          	slti	zero,sp,18
 454:	1301                	addi	t1,t1,-32
 456:	0000                	unimp
 458:	051e                	slli	a0,a0,0x7
 45a:	0300                	addi	s0,sp,384
 45c:	3a08                	.2byte	0x3a08
 45e:	0121                	addi	sp,sp,8
 460:	0b390b3b          	.4byte	0xb390b3b
 464:	1349                	addi	t1,t1,-14
 466:	0000                	unimp
 468:	341f 0300 3a0e      	.byte	0x1f, 0x34, 0x00, 0x03, 0x0e, 0x3a
 46e:	0121                	addi	sp,sp,8
 470:	0b390b3b          	.4byte	0xb390b3b
 474:	1349                	addi	t1,t1,-14
 476:	0000                	unimp
 478:	0520                	addi	s0,sp,648
 47a:	0300                	addi	s0,sp,384
 47c:	3a08                	.2byte	0x3a08
 47e:	0121                	addi	sp,sp,8
 480:	0b390b3b          	.4byte	0xb390b3b
 484:	1349                	addi	t1,t1,-14
 486:	1802                	slli	a6,a6,0x20
 488:	0000                	unimp
 48a:	2e21                	jal	7a2 <_program_size-0x5e6>
 48c:	3101                	jal	8c <_program_size-0xcfc>
 48e:	12011113          	.4byte	0x12011113
 492:	4006                	.2byte	0x4006
 494:	7a18                	.2byte	0x7a18
 496:	0119                	addi	sp,sp,6
 498:	22000013          	li	zero,544
 49c:	0034                	addi	a3,sp,8
 49e:	213a0803          	lb	a6,531(s4)
 4a2:	3b01                	jal	1b2 <_program_size-0xbd6>
 4a4:	3905                	jal	d4 <_program_size-0xcb4>
 4a6:	0213490b          	.4byte	0x213490b
 4aa:	23000017          	auipc	zero,0x23000
 4ae:	011d                	addi	sp,sp,7
 4b0:	1331                	addi	t1,t1,-20
 4b2:	0152                	slli	sp,sp,0x14
 4b4:	1755                	addi	a4,a4,-11
 4b6:	2158                	.2byte	0x2158
 4b8:	5901                	li	s2,-32
 4ba:	5705                	li	a4,-31
 4bc:	0221                	addi	tp,tp,8 # 8 <_program_size-0xd80>
 4be:	1301                	addi	t1,t1,-32
 4c0:	0000                	unimp
 4c2:	0f24                	addi	s1,sp,920
 4c4:	0b00                	addi	s0,sp,400
 4c6:	0421                	addi	s0,s0,8
 4c8:	1349                	addi	t1,t1,-14
 4ca:	0000                	unimp
 4cc:	0125                	addi	sp,sp,9
 4ce:	4901                	li	s2,0
 4d0:	00130113          	addi	sp,t1,1
 4d4:	2600                	.2byte	0x2600
 4d6:	0021                	c.nop	8
 4d8:	1349                	addi	t1,t1,-14
 4da:	00000b2f          	.4byte	0xb2f
 4de:	03002e27          	.4byte	0x3002e27
 4e2:	3a0e                	.2byte	0x3a0e
 4e4:	0121                	addi	sp,sp,8
 4e6:	21390b3b          	.4byte	0x21390b3b
 4ea:	270c                	.2byte	0x270c
 4ec:	4919                	li	s2,6
 4ee:	01212013          	slti	zero,sp,18
 4f2:	0000                	unimp
 4f4:	3428                	.2byte	0x3428
 4f6:	3100                	.2byte	0x3100
 4f8:	29000013          	li	zero,656
 4fc:	1331010b          	.4byte	0x1331010b
 500:	0111                	addi	sp,sp,4
 502:	0612                	slli	a2,a2,0x4
 504:	0000                	unimp
 506:	112a                	slli	sp,sp,0x2a
 508:	2501                	jal	b08 <_program_size-0x280>
 50a:	130e                	slli	t1,t1,0x23
 50c:	1b1f030b          	.4byte	0x1b1f030b
 510:	551f 1117 1001      	.byte	0x1f, 0x55, 0x17, 0x11, 0x01, 0x10
 516:	2b000017          	auipc	zero,0x2b000
 51a:	0024                	addi	s1,sp,8
 51c:	0b3e0b0b          	.4byte	0xb3e0b0b
 520:	00000803          	lb	a6,0(zero) # 0 <_program_size-0xd88>
 524:	262c                	.2byte	0x262c
 526:	4900                	lw	s0,16(a0)
 528:	2d000013          	li	zero,720
 52c:	0034                	addi	a3,sp,8
 52e:	0b3a0e03          	lb	t3,179(s4)
 532:	0b39053b          	.4byte	0xb39053b
 536:	1349                	addi	t1,t1,-14
 538:	1802                	slli	a6,a6,0x20
 53a:	0000                	unimp
 53c:	0b2e                	slli	s6,s6,0xb
 53e:	3101                	jal	13e <_program_size-0xc4a>
 540:	00175513          	srli	a0,a4,0x1
 544:	2f00                	.2byte	0x2f00
 546:	012e                	slli	sp,sp,0xb
 548:	0b3a0e03          	lb	t3,179(s4)
 54c:	0b39053b          	.4byte	0xb39053b
 550:	13491927          	.4byte	0x13491927
 554:	0b20                	addi	s0,sp,408
 556:	1301                	addi	t1,t1,-32
 558:	0000                	unimp
 55a:	0b30                	addi	a2,sp,408
 55c:	0101                	addi	sp,sp,0
 55e:	31000013          	li	zero,784
 562:	012e                	slli	sp,sp,0xb
 564:	0b3a0e03          	lb	t3,179(s4)
 568:	0b39053b          	.4byte	0xb39053b
 56c:	0b201927          	.4byte	0xb201927
 570:	1301                	addi	t1,t1,-32
 572:	0000                	unimp
 574:	3432                	.2byte	0x3432
 576:	0300                	addi	s0,sp,384
 578:	3a0e                	.2byte	0x3a0e
 57a:	390b3b0b          	.4byte	0x390b3b0b
 57e:	0213490b          	.4byte	0x213490b
 582:	0018                	.2byte	0x18
 584:	3300                	.2byte	0x3300
 586:	0034                	addi	a3,sp,8
 588:	0b3a0e03          	lb	t3,179(s4)
 58c:	0b390b3b          	.4byte	0xb390b3b
 590:	1349                	addi	t1,t1,-14
 592:	1702                	slli	a4,a4,0x20
 594:	0000                	unimp
 596:	2e34                	.2byte	0x2e34
 598:	3f01                	jal	4a8 <_program_size-0x8e0>
 59a:	0319                	addi	t1,t1,6
 59c:	3a0e                	.2byte	0x3a0e
 59e:	390b3b0b          	.4byte	0x390b3b0b
 5a2:	4919270b          	.4byte	0x4919270b
 5a6:	12011113          	.4byte	0x12011113
 5aa:	4006                	.2byte	0x4006
 5ac:	7a18                	.2byte	0x7a18
 5ae:	0119                	addi	sp,sp,6
 5b0:	35000013          	li	zero,848
 5b4:	012e                	slli	sp,sp,0xb
 5b6:	0b3a0e03          	lb	t3,179(s4)
 5ba:	0b390b3b          	.4byte	0xb390b3b
 5be:	0b201927          	.4byte	0xb201927
 5c2:	1301                	addi	t1,t1,-32
 5c4:	0000                	unimp
 5c6:	2e36                	.2byte	0x2e36
 5c8:	3f00                	.2byte	0x3f00
 5ca:	0319                	addi	t1,t1,6
 5cc:	3a0e                	.2byte	0x3a0e
 5ce:	390b3b0b          	.4byte	0x390b3b0b
 5d2:	4919270b          	.4byte	0x4919270b
 5d6:	12011113          	.4byte	0x12011113
 5da:	4006                	.2byte	0x4006
 5dc:	7a18                	.2byte	0x7a18
 5de:	0019                	c.nop	6
 5e0:	3700                	.2byte	0x3700
 5e2:	0005                	c.nop	1
 5e4:	0b3a0e03          	lb	t3,179(s4)
 5e8:	0b390b3b          	.4byte	0xb390b3b
 5ec:	1349                	addi	t1,t1,-14
 5ee:	1802                	slli	a6,a6,0x20
 5f0:	0000                	unimp
 5f2:	1d38                	addi	a4,sp,696
 5f4:	3101                	jal	1f4 <_program_size-0xb94>
 5f6:	12011113          	.4byte	0x12011113
 5fa:	5806                	lw	a6,96(sp)
 5fc:	570b590b          	.4byte	0x570b590b
 600:	3900000b          	.4byte	0x3900000b
 604:	0034                	addi	a3,sp,8
 606:	1331                	addi	t1,t1,-20
 608:	0b1c                	addi	a5,sp,400
 60a:	0000                	unimp
 60c:	343a                	.2byte	0x343a
 60e:	3100                	.2byte	0x3100
 610:	00180213          	addi	tp,a6,1
 614:	3b00                	.2byte	0x3b00
 616:	011d                	addi	sp,sp,7
 618:	1331                	addi	t1,t1,-20
 61a:	0152                	slli	sp,sp,0x14
 61c:	1755                	addi	a4,a4,-11
 61e:	0b58                	addi	a4,sp,404
 620:	0559                	addi	a0,a0,22
 622:	00000b57          	.4byte	0xb57
 626:	0b3c                	addi	a5,sp,408
 628:	3101                	jal	228 <_program_size-0xb60>
 62a:	01175513          	srli	a0,a4,0x11
 62e:	3d000013          	li	zero,976
 632:	1331010b          	.4byte	0x1331010b
 636:	0111                	addi	sp,sp,4
 638:	0612                	slli	a2,a2,0x4
 63a:	1301                	addi	t1,t1,-32
 63c:	0000                	unimp
 63e:	1d3e                	slli	s10,s10,0x2f
 640:	3101                	jal	240 <_program_size-0xb48>
 642:	12011113          	.4byte	0x12011113
 646:	5806                	lw	a6,96(sp)
 648:	5705590b          	.4byte	0x5705590b
 64c:	0013010b          	.4byte	0x13010b
 650:	3f00                	.2byte	0x3f00
 652:	002e                	c.slli	zero,0xb
 654:	193c193f 0e030e6e 	.8byte	0xe030e6e193c193f
 65c:	0000                	unimp
 65e:	0100                	addi	s0,sp,128
 660:	0024                	addi	s1,sp,8
 662:	0b3e0b0b          	.4byte	0xb3e0b0b
 666:	00000e03          	lb	t3,0(zero) # 0 <_program_size-0xd88>
 66a:	3402                	.2byte	0x3402
 66c:	0300                	addi	s0,sp,384
 66e:	3a08                	.2byte	0x3a08
 670:	0221                	addi	tp,tp,8 # 8 <_program_size-0xd80>
 672:	0b390b3b          	.4byte	0xb390b3b
 676:	1349                	addi	t1,t1,-14
 678:	1702                	slli	a4,a4,0x20
 67a:	0000                	unimp
 67c:	03001603          	lh	a2,48(zero) # 30 <_program_size-0xd58>
 680:	3a0e                	.2byte	0x3a0e
 682:	390b3b0b          	.4byte	0x390b3b0b
 686:	0013490b          	.4byte	0x13490b
 68a:	0400                	addi	s0,sp,512
 68c:	0048                	addi	a0,sp,4
 68e:	017d                	addi	sp,sp,31
 690:	137f                	.2byte	0x137f
 692:	0000                	unimp
 694:	3405                	jal	b4 <_program_size-0xcd4>
 696:	0300                	addi	s0,sp,384
 698:	3a08                	.2byte	0x3a08
 69a:	390b3b0b          	.4byte	0x390b3b0b
 69e:	0213490b          	.4byte	0x213490b
 6a2:	0018                	.2byte	0x18
 6a4:	0600                	addi	s0,sp,768
 6a6:	0111010b          	.4byte	0x111010b
 6aa:	0612                	slli	a2,a2,0x4
 6ac:	1301                	addi	t1,t1,-32
 6ae:	0000                	unimp
 6b0:	55010b07          	.4byte	0x55010b07
 6b4:	08000017          	auipc	zero,0x8000
 6b8:	210b000f          	.4byte	0x210b000f
 6bc:	4904                	lw	s1,16(a0)
 6be:	09000013          	li	zero,144
 6c2:	0026                	c.slli	zero,0x9
 6c4:	1349                	addi	t1,t1,-14
 6c6:	0000                	unimp
 6c8:	2e0a                	.2byte	0x2e0a
 6ca:	3f01                	jal	5da <_program_size-0x7ae>
 6cc:	0319                	addi	t1,t1,6
 6ce:	3a0e                	.2byte	0x3a0e
 6d0:	0221                	addi	tp,tp,8 # 8 <_program_size-0xd80>
 6d2:	21390b3b          	.4byte	0x21390b3b
 6d6:	2706                	.2byte	0x2706
 6d8:	1119                	addi	sp,sp,-26
 6da:	1201                	addi	tp,tp,-32 # ffffffe0 <_ram_end+0x7ffeffe0>
 6dc:	4006                	.2byte	0x4006
 6de:	7a18                	.2byte	0x7a18
 6e0:	0119                	addi	sp,sp,6
 6e2:	0b000013          	li	zero,176
 6e6:	0005                	c.nop	1
 6e8:	213a0803          	lb	a6,531(s4)
 6ec:	3b02                	.2byte	0x3b02
 6ee:	490b390b          	.4byte	0x490b390b
 6f2:	00170213          	addi	tp,a4,1
 6f6:	0c00                	addi	s0,sp,528
 6f8:	0034                	addi	a3,sp,8
 6fa:	213a0e03          	lb	t3,531(s4)
 6fe:	3b02                	.2byte	0x3b02
 700:	1921                	addi	s2,s2,-24
 702:	0b39                	addi	s6,s6,14
 704:	1349                	addi	t1,t1,-14
 706:	1702                	slli	a4,a4,0x20
 708:	0000                	unimp
 70a:	0b0d                	addi	s6,s6,3
 70c:	5501                	li	a0,-32
 70e:	00130117          	auipc	sp,0x130
 712:	0e00                	addi	s0,sp,784
 714:	011d                	addi	sp,sp,7 # 130715 <_available_heap+0x12349d>
 716:	1331                	addi	t1,t1,-20
 718:	0152                	slli	sp,sp,0x14
 71a:	1755                	addi	a4,a4,-11
 71c:	2158                	.2byte	0x2158
 71e:	5902                	lw	s2,32(sp)
 720:	010b570b          	.4byte	0x10b570b
 724:	0f000013          	li	zero,240
 728:	0005                	c.nop	1
 72a:	1331                	addi	t1,t1,-20
 72c:	1702                	slli	a4,a4,0x20
 72e:	0000                	unimp
 730:	3410                	.2byte	0x3410
 732:	3100                	.2byte	0x3100
 734:	00170213          	addi	tp,a4,1
 738:	1100                	addi	s0,sp,160
 73a:	0049                	c.nop	18
 73c:	1802                	slli	a6,a6,0x20
 73e:	187e                	slli	a6,a6,0x3f
 740:	0000                	unimp
 742:	1112                	slli	sp,sp,0x24
 744:	2501                	jal	d44 <_program_size-0x44>
 746:	130e                	slli	t1,t1,0x23
 748:	1b1f030b          	.4byte	0x1b1f030b
 74c:	551f 1117 1001      	.byte	0x1f, 0x55, 0x17, 0x11, 0x01, 0x10
 752:	13000017          	auipc	zero,0x13000
 756:	0b0b000f          	.4byte	0xb0b000f
 75a:	00000e03          	lb	t3,0(zero) # 0 <_program_size-0xd88>
 75e:	2414                	.2byte	0x2414
 760:	0b00                	addi	s0,sp,400
 762:	030b3e0b          	.4byte	0x30b3e0b
 766:	0008                	.2byte	0x8
 768:	1500                	addi	s0,sp,672
 76a:	0035                	c.nop	13
 76c:	1349                	addi	t1,t1,-14
 76e:	0000                	unimp
 770:	3416                	.2byte	0x3416
 772:	0300                	addi	s0,sp,384
 774:	3a0e                	.2byte	0x3a0e
 776:	390b3b0b          	.4byte	0x390b3b0b
 77a:	1c13490b          	.4byte	0x1c13490b
 77e:	0006                	c.slli	zero,0x1
 780:	1700                	addi	s0,sp,928
 782:	0018                	.2byte	0x18
 784:	0000                	unimp
 786:	3418                	.2byte	0x3418
 788:	0300                	addi	s0,sp,384
 78a:	3a0e                	.2byte	0x3a0e
 78c:	390b3b0b          	.4byte	0x390b3b0b
 790:	1c13490b          	.4byte	0x1c13490b
 794:	1900000b          	.4byte	0x1900000b
 798:	0101                	addi	sp,sp,0
 79a:	1349                	addi	t1,t1,-14
 79c:	1301                	addi	t1,t1,-32
 79e:	0000                	unimp
 7a0:	211a                	.2byte	0x211a
 7a2:	4900                	lw	s0,16(a0)
 7a4:	000b2f13          	slti	t5,s6,0
 7a8:	1b00                	addi	s0,sp,432
 7aa:	0148                	addi	a0,sp,132
 7ac:	017d                	addi	sp,sp,31
 7ae:	137f                	.2byte	0x137f
 7b0:	1301                	addi	t1,t1,-32
 7b2:	0000                	unimp
 7b4:	481c                	lw	a5,16(s0)
 7b6:	7d01                	lui	s10,0xfffe0
 7b8:	8201                	c.srli64	a2
 7ba:	1901                	addi	s2,s2,-32
 7bc:	137f                	.2byte	0x137f
 7be:	0000                	unimp
 7c0:	2e1d                	jal	af6 <_program_size-0x292>
 7c2:	0301                	addi	t1,t1,0
 7c4:	3a0e                	.2byte	0x3a0e
 7c6:	390b3b0b          	.4byte	0x390b3b0b
 7ca:	2019270b          	.4byte	0x2019270b
 7ce:	0013010b          	.4byte	0x13010b
 7d2:	1e00                	addi	s0,sp,816
 7d4:	0005                	c.nop	1
 7d6:	0b3a0803          	lb	a6,179(s4)
 7da:	0b390b3b          	.4byte	0xb390b3b
 7de:	1349                	addi	t1,t1,-14
 7e0:	0000                	unimp
 7e2:	341f 0300 3a08      	.byte	0x1f, 0x34, 0x00, 0x03, 0x08, 0x3a
 7e8:	390b3b0b          	.4byte	0x390b3b0b
 7ec:	0013490b          	.4byte	0x13490b
 7f0:	2000                	.2byte	0x2000
 7f2:	012e                	slli	sp,sp,0xb
 7f4:	0b3a0e03          	lb	t3,179(s4)
 7f8:	0b390b3b          	.4byte	0xb390b3b
 7fc:	01111927          	.4byte	0x1111927
 800:	0612                	slli	a2,a2,0x4
 802:	1840                	addi	s0,sp,52
 804:	197a                	slli	s2,s2,0x3e
 806:	0000                	unimp
 808:	0521                	addi	a0,a0,8
 80a:	0300                	addi	s0,sp,384
 80c:	3a08                	.2byte	0x3a08
 80e:	390b3b0b          	.4byte	0x390b3b0b
 812:	0213490b          	.4byte	0x213490b
 816:	0018                	.2byte	0x18
 818:	2200                	.2byte	0x2200
 81a:	0034                	addi	a3,sp,8
 81c:	0b3a0803          	lb	a6,179(s4)
 820:	0b390b3b          	.4byte	0xb390b3b
 824:	1349                	addi	t1,t1,-14
 826:	061c                	addi	a5,sp,768
 828:	0000                	unimp
 82a:	0100                	addi	s0,sp,128
 82c:	0049                	c.nop	18
 82e:	1802                	slli	a6,a6,0x20
 830:	187e                	slli	a6,a6,0x3f
 832:	0000                	unimp
 834:	0502                	c.slli64	a0
 836:	4900                	lw	s0,16(a0)
 838:	03000013          	li	zero,48
 83c:	0148                	addi	a0,sp,132
 83e:	017d                	addi	sp,sp,31
 840:	137f                	.2byte	0x137f
 842:	1301                	addi	t1,t1,-32
 844:	0000                	unimp
 846:	2404                	.2byte	0x2404
 848:	0b00                	addi	s0,sp,400
 84a:	030b3e0b          	.4byte	0x30b3e0b
 84e:	000e                	c.slli	zero,0x3
 850:	0500                	addi	s0,sp,640
 852:	0026                	c.slli	zero,0x9
 854:	1349                	addi	t1,t1,-14
 856:	0000                	unimp
 858:	3406                	.2byte	0x3406
 85a:	0300                	addi	s0,sp,384
 85c:	3a0e                	.2byte	0x3a0e
 85e:	0121                	addi	sp,sp,8
 860:	0b390b3b          	.4byte	0xb390b3b
 864:	1349                	addi	t1,t1,-14
 866:	1802                	slli	a6,a6,0x20
 868:	0000                	unimp
 86a:	49010107          	.4byte	0x49010107
 86e:	00130113          	addi	sp,t1,1
 872:	0800                	addi	s0,sp,16
 874:	0021                	c.nop	8
 876:	1349                	addi	t1,t1,-14
 878:	00000b2f          	.4byte	0xb2f
 87c:	0f09                	addi	t5,t5,2 # fffe0002 <_ram_end+0x7ffd0002>
 87e:	0b00                	addi	s0,sp,400
 880:	0421                	addi	s0,s0,8
 882:	1349                	addi	t1,t1,-14
 884:	0000                	unimp
 886:	050a                	slli	a0,a0,0x2
 888:	3100                	.2byte	0x3100
 88a:	00170213          	addi	tp,a4,1
 88e:	0b00                	addi	s0,sp,400
 890:	0016                	c.slli	zero,0x5
 892:	0b3a0e03          	lb	t3,179(s4)
 896:	0b390b3b          	.4byte	0xb390b3b
 89a:	1349                	addi	t1,t1,-14
 89c:	0000                	unimp
 89e:	2e0c                	.2byte	0x2e0c
 8a0:	3f01                	jal	7b0 <_program_size-0x5d8>
 8a2:	0319                	addi	t1,t1,6
 8a4:	3a0e                	.2byte	0x3a0e
 8a6:	390b3b0b          	.4byte	0x390b3b0b
 8aa:	0521                	addi	a0,a0,8
 8ac:	13491927          	.4byte	0x13491927
 8b0:	193c                	addi	a5,sp,184
 8b2:	1301                	addi	t1,t1,-32
 8b4:	0000                	unimp
 8b6:	340d                	jal	2d8 <_program_size-0xab0>
 8b8:	0300                	addi	s0,sp,384
 8ba:	3a0e                	.2byte	0x3a0e
 8bc:	0121                	addi	sp,sp,8
 8be:	21390b3b          	.4byte	0x21390b3b
 8c2:	1c134917          	auipc	s2,0x1c134
 8c6:	0e00000b          	.4byte	0xe00000b
 8ca:	0005                	c.nop	1
 8cc:	213a0803          	lb	a6,531(s4)
 8d0:	3b01                	jal	5e0 <_program_size-0x7a8>
 8d2:	3d21                	jal	6ea <_program_size-0x69e>
 8d4:	0b39                	addi	s6,s6,14
 8d6:	1349                	addi	t1,t1,-14
 8d8:	0000                	unimp
 8da:	0300050f          	.4byte	0x300050f
 8de:	3a0e                	.2byte	0x3a0e
 8e0:	0121                	addi	sp,sp,8
 8e2:	0b390b3b          	.4byte	0xb390b3b
 8e6:	1349                	addi	t1,t1,-14
 8e8:	1702                	slli	a4,a4,0x20
 8ea:	0000                	unimp
 8ec:	3410                	.2byte	0x3410
 8ee:	0300                	addi	s0,sp,384
 8f0:	3a08                	.2byte	0x3a08
 8f2:	0121                	addi	sp,sp,8
 8f4:	21390b3b          	.4byte	0x21390b3b
 8f8:	4914                	lw	a3,16(a0)
 8fa:	00180213          	addi	tp,a6,1
 8fe:	1100                	addi	s0,sp,160
 900:	000a                	c.slli	zero,0x2
 902:	213a0e03          	lb	t3,531(s4)
 906:	3b01                	jal	616 <_program_size-0x772>
 908:	0121390b          	.4byte	0x121390b
 90c:	0111                	addi	sp,sp,4
 90e:	0000                	unimp
 910:	1d12                	slli	s10,s10,0x24
 912:	3101                	jal	512 <_program_size-0x876>
 914:	12011113          	.4byte	0x12011113
 918:	5806                	lw	a6,96(sp)
 91a:	0121                	addi	sp,sp,8
 91c:	0b59                	addi	s6,s6,22
 91e:	01102157          	.4byte	0x1102157
 922:	13000013          	li	zero,304
 926:	1331010b          	.4byte	0x1331010b
 92a:	0111                	addi	sp,sp,4
 92c:	0612                	slli	a2,a2,0x4
 92e:	0000                	unimp
 930:	3414                	.2byte	0x3414
 932:	3100                	.2byte	0x3100
 934:	00170213          	addi	tp,a4,1
 938:	1500                	addi	s0,sp,672
 93a:	0111                	addi	sp,sp,4
 93c:	0e25                	addi	t3,t3,9
 93e:	1f030b13          	addi	s6,t1,496
 942:	17551f1b          	.4byte	0x17551f1b
 946:	0111                	addi	sp,sp,4
 948:	1710                	addi	a2,sp,928
 94a:	0000                	unimp
 94c:	2416                	.2byte	0x2416
 94e:	0b00                	addi	s0,sp,400
 950:	030b3e0b          	.4byte	0x30b3e0b
 954:	0008                	.2byte	0x8
 956:	1700                	addi	s0,sp,928
 958:	0035                	c.nop	13
 95a:	1349                	addi	t1,t1,-14
 95c:	0000                	unimp
 95e:	3418                	.2byte	0x3418
 960:	0300                	addi	s0,sp,384
 962:	3a0e                	.2byte	0x3a0e
 964:	390b3b0b          	.4byte	0x390b3b0b
 968:	1c13490b          	.4byte	0x1c13490b
 96c:	0006                	c.slli	zero,0x1
 96e:	1900                	addi	s0,sp,176
 970:	012e                	slli	sp,sp,0xb
 972:	0e03193f 0b3b0b3a 	.8byte	0xb3b0b3a0e03193f
 97a:	0b39                	addi	s6,s6,14
 97c:	193c1927          	.4byte	0x193c1927
 980:	1301                	addi	t1,t1,-32
 982:	0000                	unimp
 984:	181a                	slli	a6,a6,0x26
 986:	0000                	unimp
 988:	1b00                	addi	s0,sp,432
 98a:	012e                	slli	sp,sp,0xb
 98c:	0e03193f 0b3b0b3a 	.8byte	0xb3b0b3a0e03193f
 994:	0b39                	addi	s6,s6,14
 996:	13491927          	.4byte	0x13491927
 99a:	0111                	addi	sp,sp,4
 99c:	0612                	slli	a2,a2,0x4
 99e:	1840                	addi	s0,sp,52
 9a0:	197a                	slli	s2,s2,0x3e
 9a2:	1301                	addi	t1,t1,-32
 9a4:	0000                	unimp
 9a6:	341c                	.2byte	0x341c
 9a8:	0300                	addi	s0,sp,384
 9aa:	3a08                	.2byte	0x3a08
 9ac:	390b3b0b          	.4byte	0x390b3b0b
 9b0:	0213490b          	.4byte	0x213490b
 9b4:	1d000017          	auipc	zero,0x1d000
 9b8:	0034                	addi	a3,sp,8
 9ba:	0b3a0e03          	lb	t3,179(s4)
 9be:	0b390b3b          	.4byte	0xb390b3b
 9c2:	1349                	addi	t1,t1,-14
 9c4:	1702                	slli	a4,a4,0x20
 9c6:	0000                	unimp
 9c8:	481e                	lw	a6,196(sp)
 9ca:	7d01                	lui	s10,0xfffe0
 9cc:	7f01                	lui	t5,0xfffe0
 9ce:	1f000013          	li	zero,496
 9d2:	012e                	slli	sp,sp,0xb
 9d4:	0b3a0e03          	lb	t3,179(s4)
 9d8:	0b390b3b          	.4byte	0xb390b3b
 9dc:	13491927          	.4byte	0x13491927
 9e0:	0b20                	addi	s0,sp,408
 9e2:	0000                	unimp
 9e4:	0b20                	addi	s0,sp,408
 9e6:	0001                	nop
 9e8:	2100                	.2byte	0x2100
 9ea:	0034                	addi	a3,sp,8
 9ec:	0b3a0803          	lb	a6,179(s4)
 9f0:	0b390b3b          	.4byte	0xb390b3b
 9f4:	1349                	addi	t1,t1,-14
 9f6:	0000                	unimp
	...

Disassembly of section .debug_aranges:

00000000 <.debug_aranges>:
   0:	001c                	.2byte	0x1c
   2:	0000                	unimp
   4:	0002                	c.slli64	zero
   6:	0000                	unimp
   8:	0000                	unimp
   a:	0004                	.2byte	0x4
   c:	0000                	unimp
   e:	0000                	unimp
  10:	0000                	unimp
  12:	8000                	.2byte	0x8000
  14:	002c                	addi	a1,sp,8
	...
  1e:	0000                	unimp
  20:	0054                	addi	a3,sp,4
  22:	0000                	unimp
  24:	0002                	c.slli64	zero
  26:	0024                	addi	s1,sp,8
  28:	0000                	unimp
  2a:	0004                	.2byte	0x4
  2c:	0000                	unimp
  2e:	0000                	unimp
  30:	002c                	addi	a1,sp,8
  32:	8000                	.2byte	0x8000
  34:	0026                	c.slli	zero,0x9
  36:	0000                	unimp
  38:	0052                	c.slli	zero,0x14
  3a:	8000                	.2byte	0x8000
  3c:	0024                	addi	s1,sp,8
  3e:	0000                	unimp
  40:	0076                	c.slli	zero,0x1d
  42:	8000                	.2byte	0x8000
  44:	0062                	c.slli	zero,0x18
  46:	0000                	unimp
  48:	00d8                	addi	a4,sp,68
  4a:	8000                	.2byte	0x8000
  4c:	005e                	c.slli	zero,0x17
  4e:	0000                	unimp
  50:	0136                	slli	sp,sp,0xd
  52:	8000                	.2byte	0x8000
  54:	01aa                	slli	gp,gp,0xa
  56:	0000                	unimp
  58:	02e0                	addi	s0,sp,332
  5a:	8000                	.2byte	0x8000
  5c:	001e                	c.slli	zero,0x7
  5e:	0000                	unimp
  60:	02fe                	slli	t0,t0,0x1f
  62:	8000                	.2byte	0x8000
  64:	0098                	addi	a4,sp,64
  66:	0000                	unimp
  68:	0396                	slli	t2,t2,0x5
  6a:	8000                	.2byte	0x8000
  6c:	000e                	c.slli	zero,0x3
	...
  76:	0000                	unimp
  78:	0094                	addi	a3,sp,64
  7a:	0000                	unimp
  7c:	0002                	c.slli64	zero
  7e:	0a36                	slli	s4,s4,0xd
  80:	0000                	unimp
  82:	0004                	.2byte	0x4
  84:	0000                	unimp
  86:	0000                	unimp
  88:	03a4                	addi	s1,sp,456
  8a:	8000                	.2byte	0x8000
  8c:	0026                	c.slli	zero,0x9
  8e:	0000                	unimp
  90:	03ca                	slli	t2,t2,0x12
  92:	8000                	.2byte	0x8000
  94:	0020                	addi	s0,sp,8
  96:	0000                	unimp
  98:	03ea                	slli	t2,t2,0x1a
  9a:	8000                	.2byte	0x8000
  9c:	0026                	c.slli	zero,0x9
  9e:	0000                	unimp
  a0:	0410                	addi	a2,sp,512
  a2:	8000                	.2byte	0x8000
  a4:	0006                	c.slli	zero,0x1
  a6:	0000                	unimp
  a8:	0416                	slli	s0,s0,0x5
  aa:	8000                	.2byte	0x8000
  ac:	0054                	addi	a3,sp,4
  ae:	0000                	unimp
  b0:	046a                	slli	s0,s0,0x1a
  b2:	8000                	.2byte	0x8000
  b4:	0056                	c.slli	zero,0x15
  b6:	0000                	unimp
  b8:	04c0                	addi	s0,sp,580
  ba:	8000                	.2byte	0x8000
  bc:	0076                	c.slli	zero,0x1d
  be:	0000                	unimp
  c0:	0536                	slli	a0,a0,0xd
  c2:	8000                	.2byte	0x8000
  c4:	007a                	c.slli	zero,0x1e
	...
  ce:	0000                	unimp
  d0:	05b0                	addi	a2,sp,712
  d2:	8000                	.2byte	0x8000
  d4:	00f6                	slli	ra,ra,0x1d
	...
  f6:	0000                	unimp
  f8:	06a6                	slli	a3,a3,0x9
  fa:	8000                	.2byte	0x8000
  fc:	001e                	c.slli	zero,0x7
  fe:	0000                	unimp
 100:	06c4                	addi	s1,sp,836
 102:	8000                	.2byte	0x8000
 104:	009c                	addi	a5,sp,64
	...
 10e:	0000                	unimp
 110:	002c                	addi	a1,sp,8
 112:	0000                	unimp
 114:	0002                	c.slli64	zero
 116:	1ac2                	slli	s5,s5,0x30
 118:	0000                	unimp
 11a:	0004                	.2byte	0x4
 11c:	0000                	unimp
 11e:	0000                	unimp
 120:	0760                	addi	s0,sp,908
 122:	8000                	.2byte	0x8000
 124:	000e                	c.slli	zero,0x3
	...
 12e:	0000                	unimp
 130:	076e                	slli	a4,a4,0x1b
 132:	8000                	.2byte	0x8000
 134:	0164                	addi	s1,sp,140
	...
 13e:	0000                	unimp
 140:	001c                	.2byte	0x1c
 142:	0000                	unimp
 144:	0002                	c.slli64	zero
 146:	1e08                	addi	a0,sp,816
 148:	0000                	unimp
 14a:	0004                	.2byte	0x4
 14c:	0000                	unimp
 14e:	0000                	unimp
 150:	08d2                	slli	a7,a7,0x14
 152:	8000                	.2byte	0x8000
 154:	0264                	addi	s1,sp,268
	...

Disassembly of section .debug_str:

00000000 <.debug_str>:
   0:	6d6f682f          	.4byte	0x6d6f682f
   4:	2f65                	jal	7bc <_program_size-0x5cc>
   6:	7568                	.2byte	0x7568
   8:	676e                	.2byte	0x676e
   a:	6874                	.2byte	0x6874
   c:	326b696f          	jal	s2,b6332 <_available_heap+0xa90ba>
  10:	2f34                	.2byte	0x2f34
  12:	4952                	lw	s2,20(sp)
  14:	54564353          	.4byte	0x54564353
  18:	7475                	lui	s0,0xffffd
  1a:	6169726f          	jal	tp,97630 <_available_heap+0x8a3b8>
  1e:	2f6c                	.2byte	0x2f6c
  20:	7066                	.2byte	0x7066
  22:	732f6167          	.4byte	0x732f6167
  26:	68632f77          	.4byte	0x68632f77
  2a:	6361                	lui	t1,0x18
  2c:	6168                	.2byte	0x6168
  2e:	6373612b          	.4byte	0x6373612b
  32:	732f6e6f          	jal	t3,f6764 <_available_heap+0xe94ec>
  36:	6372                	.2byte	0x6372
  38:	7472632f          	.4byte	0x7472632f
  3c:	2e30                	.2byte	0x2e30
  3e:	682f0053          	.4byte	0x682f0053
  42:	2f656d6f          	jal	s10,56338 <_available_heap+0x490c0>
  46:	7568                	.2byte	0x7568
  48:	676e                	.2byte	0x676e
  4a:	6874                	.2byte	0x6874
  4c:	326b696f          	jal	s2,b6372 <_available_heap+0xa90fa>
  50:	2f34                	.2byte	0x2f34
  52:	4952                	lw	s2,20(sp)
  54:	54564353          	.4byte	0x54564353
  58:	7475                	lui	s0,0xffffd
  5a:	6169726f          	jal	tp,97670 <_available_heap+0x8a3f8>
  5e:	2f6c                	.2byte	0x2f6c
  60:	7066                	.2byte	0x7066
  62:	732f6167          	.4byte	0x732f6167
  66:	68632f77          	.4byte	0x68632f77
  6a:	6361                	lui	t1,0x18
  6c:	6168                	.2byte	0x6168
  6e:	6373612b          	.4byte	0x6373612b
  72:	47006e6f          	jal	t3,64e2 <_stack_size+0x44e2>
  76:	554e                	lw	a0,240(sp)
  78:	4120                	lw	s0,64(a0)
  7a:	2e322053          	.4byte	0x2e322053
  7e:	47003933          	.4byte	0x47003933
  82:	554e                	lw	a0,240(sp)
  84:	4320                	lw	s0,64(a4)
  86:	3131                	jal	fffffc92 <_ram_end+0x7ffefc92>
  88:	3120                	.2byte	0x3120
  8a:	2e32                	.2byte	0x2e32
  8c:	2e32                	.2byte	0x2e32
  8e:	2030                	.2byte	0x2030
  90:	6d2d                	lui	s10,0xb
  92:	6261                	lui	tp,0x18
  94:	3d69                	jal	ffffff2e <_ram_end+0x7ffeff2e>
  96:	6c69                	lui	s8,0x1a
  98:	3370                	.2byte	0x3370
  9a:	2032                	.2byte	0x2032
  9c:	6d2d                	lui	s10,0xb
  9e:	646f6d63          	bltu	t5,t1,6f8 <_program_size-0x690>
  a2:	6c65                	lui	s8,0x19
  a4:	6d3d                	lui	s10,0xf
  a6:	6465                	lui	s0,0x19
  a8:	6e61                	lui	t3,0x18
  aa:	2079                	jal	138 <_program_size-0xc50>
  ac:	6d2d                	lui	s10,0xb
  ae:	7574                	.2byte	0x7574
  b0:	656e                	.2byte	0x656e
  b2:	723d                	lui	tp,0xfffef
  b4:	656b636f          	jal	t1,b670a <_available_heap+0xa9492>
  b8:	2074                	.2byte	0x2074
  ba:	6d2d                	lui	s10,0xb
  bc:	7369                	lui	t1,0xffffa
  be:	2d61                	jal	756 <_program_size-0x632>
  c0:	63657073          	csrci	0x636,10
  c4:	323d                	jal	fffff9f2 <_ram_end+0x7ffef9f2>
  c6:	322e                	.2byte	0x322e
  c8:	2d20                	.2byte	0x2d20
  ca:	616d                	addi	sp,sp,240
  cc:	6372                	.2byte	0x6372
  ce:	3d68                	.2byte	0x3d68
  d0:	7672                	.2byte	0x7672
  d2:	6d693233          	.4byte	0x6d693233
  d6:	6361                	lui	t1,0x18
  d8:	2d20                	.2byte	0x2d20
  da:	4f2d2067          	.4byte	0x4f2d2067
  de:	732d2073          	csrs	mhpmevent18h,s10
  e2:	6474                	.2byte	0x6474
  e4:	673d                	lui	a4,0xf
  e6:	756e                	.2byte	0x756e
  e8:	3131                	jal	fffffcf4 <_ram_end+0x7ffefcf4>
  ea:	2d20                	.2byte	0x2d20
  ec:	6666                	.2byte	0x6666
  ee:	6e75                	lui	t3,0x1d
  f0:	6f697463          	bgeu	s2,s6,7d8 <_program_size-0x5b0>
  f4:	2d6e                	.2byte	0x2d6e
  f6:	74636573          	csrrsi	a0,0x746,6
  fa:	6f69                	lui	t5,0x1a
  fc:	736e                	.2byte	0x736e
  fe:	2d20                	.2byte	0x2d20
 100:	6466                	.2byte	0x6466
 102:	7461                	lui	s0,0xffff8
 104:	2d61                	jal	79c <_program_size-0x5ec>
 106:	74636573          	csrrsi	a0,0x746,6
 10a:	6f69                	lui	t5,0x1a
 10c:	736e                	.2byte	0x736e
 10e:	2d20                	.2byte	0x2d20
 110:	6e66                	.2byte	0x6e66
 112:	6f632d6f          	jal	s10,32808 <_available_heap+0x25590>
 116:	6d6d                	lui	s10,0x1b
 118:	2d206e6f          	jal	t3,63ea <_stack_size+0x43ea>
 11c:	6e66                	.2byte	0x6e66
 11e:	75622d6f          	jal	s10,22874 <_available_heap+0x155fc>
 122:	6c69                	lui	s8,0x1a
 124:	6974                	.2byte	0x6974
 126:	206e                	.2byte	0x206e
 128:	662d                	lui	a2,0xb
 12a:	6f6e                	.2byte	0x6f6e
 12c:	742d                	lui	s0,0xfffeb
 12e:	6572                	.2byte	0x6572
 130:	2d65                	jal	7e8 <_program_size-0x5a0>
 132:	6f6c                	.2byte	0x6f6c
 134:	642d706f          	j	d7776 <_available_heap+0xca4fe>
 138:	7369                	lui	t1,0xffffa
 13a:	7274                	.2byte	0x7274
 13c:	6269                	lui	tp,0x1a
 13e:	7475                	lui	s0,0xffffd
 140:	2d65                	jal	7f8 <_program_size-0x590>
 142:	6170                	.2byte	0x6170
 144:	7474                	.2byte	0x7474
 146:	7265                	lui	tp,0xffff9
 148:	736e                	.2byte	0x736e
 14a:	7200                	.2byte	0x7200
 14c:	6165                	addi	sp,sp,112
 14e:	5f64                	lw	s1,124(a4)
 150:	6174                	.2byte	0x6174
 152:	69640067          	jr	1686(s0) # ffffd696 <_ram_end+0x7ffed696>
 156:	6666                	.2byte	0x6666
 158:	7300                	.2byte	0x7300
 15a:	6f68                	.2byte	0x6f68
 15c:	7472                	.2byte	0x7472
 15e:	6920                	.2byte	0x6920
 160:	746e                	.2byte	0x746e
 162:	5f00                	lw	s0,56(a4)
 164:	755f 6e69 3374      	.byte	0x5f, 0x75, 0x69, 0x6e, 0x74, 0x33
 16a:	5f32                	lw	t5,44(sp)
 16c:	0074                	addi	a3,sp,12
 16e:	6572                	.2byte	0x6572
 170:	706d6f63          	bltu	s10,t1,88e <_program_size-0x4fa>
 174:	7475                	lui	s0,0xffffd
 176:	6465                	lui	s0,0x19
 178:	6900                	.2byte	0x6900
 17a:	5f6e                	lw	t5,248(sp)
 17c:	656c                	.2byte	0x656c
 17e:	006e                	c.slli	zero,0x1b
 180:	6561                	lui	a0,0x18
 182:	6461                	lui	s0,0x18
 184:	655f 636e 7972      	.byte	0x5f, 0x65, 0x6e, 0x63, 0x72, 0x79
 18a:	7470                	.2byte	0x7470
 18c:	6c00                	.2byte	0x6c00
 18e:	20676e6f          	jal	t3,76394 <_available_heap+0x6911c>
 192:	6f6c                	.2byte	0x6f6c
 194:	676e                	.2byte	0x676e
 196:	6920                	.2byte	0x6920
 198:	746e                	.2byte	0x746e
 19a:	6300                	.2byte	0x6300
 19c:	5f74                	lw	a3,124(a4)
 19e:	656c                	.2byte	0x656c
 1a0:	006e                	c.slli	zero,0x1b
 1a2:	5f5f 6975 746e      	.byte	0x5f, 0x5f, 0x75, 0x69, 0x6e, 0x74
 1a8:	5f38                	lw	a4,120(a4)
 1aa:	0074                	addi	a3,sp,12
 1ac:	6e75                	lui	t3,0x1d
 1ae:	6e676973          	csrrsi	s2,0x6e6,14
 1b2:	6465                	lui	s0,0x19
 1b4:	6320                	.2byte	0x6320
 1b6:	6168                	.2byte	0x6168
 1b8:	0072                	c.slli	zero,0x1c
 1ba:	7470                	.2byte	0x7470
 1bc:	6c5f 6e65 6c00      	.byte	0x5f, 0x6c, 0x65, 0x6e, 0x00, 0x6c
 1c2:	20676e6f          	jal	t3,763c8 <_available_heap+0x69150>
 1c6:	6f6c                	.2byte	0x6f6c
 1c8:	676e                	.2byte	0x676e
 1ca:	7520                	.2byte	0x7520
 1cc:	736e                	.2byte	0x736e
 1ce:	6769                	lui	a4,0x1a
 1d0:	656e                	.2byte	0x656e
 1d2:	2064                	.2byte	0x2064
 1d4:	6e69                	lui	t3,0x1a
 1d6:	0074                	addi	a3,sp,12
 1d8:	6561                	lui	a0,0x18
 1da:	6461                	lui	s0,0x18
 1dc:	645f 6365 7972      	.byte	0x5f, 0x64, 0x65, 0x63, 0x72, 0x79
 1e2:	7470                	.2byte	0x7470
 1e4:	655f 0078 6873      	.byte	0x5f, 0x65, 0x78, 0x00, 0x73, 0x68
 1ea:	2074726f          	jal	tp,47bf0 <_available_heap+0x3a978>
 1ee:	6e75                	lui	t3,0x1d
 1f0:	6e676973          	csrrsi	s2,0x6e6,14
 1f4:	6465                	lui	s0,0x19
 1f6:	6920                	.2byte	0x6920
 1f8:	746e                	.2byte	0x746e
 1fa:	6c00                	.2byte	0x6c00
 1fc:	6665                	lui	a2,0x19
 1fe:	0074                	addi	a3,sp,12
 200:	6561                	lui	a0,0x18
 202:	6461                	lui	s0,0x18
 204:	645f 6365 7972      	.byte	0x5f, 0x64, 0x65, 0x63, 0x72, 0x79
 20a:	7470                	.2byte	0x7470
 20c:	5f00                	lw	s0,56(a4)
 20e:	755f 6e69 7074      	.byte	0x5f, 0x75, 0x69, 0x6e, 0x74, 0x70
 214:	7274                	.2byte	0x7274
 216:	745f 6200 3365      	.byte	0x5f, 0x74, 0x00, 0x62, 0x65, 0x33
 21c:	5f32                	lw	t5,44(sp)
 21e:	726f7473          	csrrci	s0,mhpmevent6h,30
 222:	5f65                	li	t5,-7
 224:	7461                	lui	s0,0xffff8
 226:	6100                	.2byte	0x6100
 228:	6165                	addi	sp,sp,112
 22a:	5f64                	lw	s1,124(a4)
 22c:	7572                	.2byte	0x7572
 22e:	006e                	c.slli	zero,0x1b
 230:	6f6c                	.2byte	0x6f6c
 232:	6461                	lui	s0,0x18
 234:	625f 6f6c 6b63      	.byte	0x5f, 0x62, 0x6c, 0x6f, 0x63, 0x6b
 23a:	6200                	.2byte	0x6200
 23c:	7361                	lui	t1,0xffff8
 23e:	0065                	c.nop	25
 240:	6562                	.2byte	0x6562
 242:	6c5f3233          	.4byte	0x6c5f3233
 246:	5f64616f          	jal	sp,4683c <_available_heap+0x395c4>
 24a:	7461                	lui	s0,0xffff8
 24c:	7200                	.2byte	0x7200
 24e:	6165                	addi	sp,sp,112
 250:	5f64                	lw	s1,124(a4)
 252:	6c62                	.2byte	0x6c62
 254:	006b636f          	jal	t1,b625a <_available_heap+0xa8fe2>
 258:	74696177          	.4byte	0x74696177
 25c:	725f 6165 7964      	.byte	0x5f, 0x72, 0x65, 0x61, 0x64, 0x79
 262:	6f00                	.2byte	0x6f00
 264:	7475                	lui	s0,0xffffd
 266:	6f5f 6666 6573      	.byte	0x5f, 0x6f, 0x66, 0x66, 0x73, 0x65
 26c:	0074                	addi	a3,sp,12
 26e:	627a                	.2byte	0x627a
 270:	7469                	lui	s0,0xffffa
 272:	736d0073          	.4byte	0x736d0073
 276:	656c5f67          	.4byte	0x656c5f67
 27a:	006e                	c.slli	zero,0x1b
 27c:	6572                	.2byte	0x6572
 27e:	6461                	lui	s0,0x18
 280:	685f 7361 0068      	.byte	0x5f, 0x68, 0x61, 0x73, 0x68, 0x00
 286:	7361                	lui	t1,0xffff8
 288:	5f6e6f63          	bltu	t3,s6,886 <_program_size-0x502>
 28c:	6561                	lui	a0,0x18
 28e:	6461                	lui	s0,0x18
 290:	3231                	jal	fffffb9c <_ram_end+0x7ffefb9c>
 292:	5f38                	lw	a4,120(a4)
 294:	6564                	.2byte	0x6564
 296:	70797263          	bgeu	s2,t2,99a <_program_size-0x3ee>
 29a:	0074                	addi	a3,sp,12
 29c:	5f74756f          	jal	a0,48092 <_available_heap+0x3ae1a>
 2a0:	656c                	.2byte	0x656c
 2a2:	006e                	c.slli	zero,0x1b
 2a4:	6572                	.2byte	0x6572
 2a6:	6461                	lui	s0,0x18
 2a8:	6f5f 7475 625f      	.byte	0x5f, 0x6f, 0x75, 0x74, 0x5f, 0x62
 2ae:	6675                	lui	a2,0x1d
 2b0:	6600                	.2byte	0x6600
 2b2:	6565                	lui	a0,0x19
 2b4:	5f64                	lw	s1,124(a4)
 2b6:	64726f77          	.4byte	0x64726f77
 2ba:	6c00                	.2byte	0x6c00
 2bc:	7361                	lui	t1,0xffff8
 2be:	5f74                	lw	a3,124(a4)
 2c0:	7962                	.2byte	0x7962
 2c2:	6574                	.2byte	0x6574
 2c4:	61770073          	.4byte	0x61770073
 2c8:	7469                	lui	s0,0xffffa
 2ca:	6e5f 746f 625f      	.byte	0x5f, 0x6e, 0x6f, 0x74, 0x5f, 0x62
 2d0:	7375                	lui	t1,0xffffd
 2d2:	0079                	c.nop	30
 2d4:	6566                	.2byte	0x6566
 2d6:	6465                	lui	s0,0x19
 2d8:	705f 6168 6573      	.byte	0x5f, 0x70, 0x68, 0x61, 0x73, 0x65
 2de:	7700                	.2byte	0x7700
 2e0:	6972                	.2byte	0x6972
 2e2:	6574                	.2byte	0x6574
 2e4:	655f 7078 745f      	.byte	0x5f, 0x65, 0x78, 0x70, 0x5f, 0x74
 2ea:	6761                	lui	a4,0x18
 2ec:	7700                	.2byte	0x7700
 2ee:	6961                	lui	s2,0x18
 2f0:	5f74                	lw	a3,124(a4)
 2f2:	6e69                	lui	t3,0x1a
 2f4:	725f 6165 7964      	.byte	0x5f, 0x72, 0x65, 0x61, 0x64, 0x79
 2fa:	7300                	.2byte	0x7300
 2fc:	6174                	.2byte	0x6174
 2fe:	7472                	.2byte	0x7472
 300:	6f5f 5f70 6172      	.byte	0x5f, 0x6f, 0x70, 0x5f, 0x72, 0x61
 306:	73610077          	.4byte	0x73610077
 30a:	5f6e6f63          	bltu	t3,s6,908 <_program_size-0x480>
 30e:	6f78                	.2byte	0x6f78
 310:	3166                	.2byte	0x3166
 312:	3832                	.2byte	0x3832
 314:	6100                	.2byte	0x6100
 316:	6165                	addi	sp,sp,112
 318:	0064                	addi	s1,sp,12
 31a:	6f78                	.2byte	0x6f78
 31c:	5f66                	lw	t5,120(sp)
 31e:	6d6d6f63          	bltu	s10,s6,9fc <_program_size-0x38c>
 322:	73006e6f          	jal	t3,6a52 <_stack_size+0x4a52>
 326:	6174                	.2byte	0x6174
 328:	7472                	.2byte	0x7472
 32a:	6f5f 0070 6177      	.byte	0x5f, 0x6f, 0x70, 0x00, 0x77, 0x61
 330:	7469                	lui	s0,0xffffa
 332:	645f 6e6f 0065      	.byte	0x5f, 0x64, 0x6f, 0x6e, 0x65, 0x00
 338:	616c                	.2byte	0x616c
 33a:	77007473          	csrrci	s0,0x770,0
 33e:	6e61                	lui	t3,0x18
 340:	0074                	addi	a3,sp,12
 342:	7361                	lui	t1,0xffff8
 344:	5f6e6f63          	bltu	t3,s6,942 <_program_size-0x446>
 348:	6561                	lui	a0,0x18
 34a:	6461                	lui	s0,0x18
 34c:	3231                	jal	fffffc58 <_ram_end+0x7ffefc58>
 34e:	5f38                	lw	a4,120(a4)
 350:	6e65                	lui	t3,0x19
 352:	70797263          	bgeu	s2,t2,a56 <_program_size-0x332>
 356:	0074                	addi	a3,sp,12
 358:	656c                	.2byte	0x656c
 35a:	615f3233          	.4byte	0x615f3233
 35e:	0074                	addi	a3,sp,12
 360:	5f5f 736c 7268      	.byte	0x5f, 0x5f, 0x6c, 0x73, 0x68, 0x72
 366:	6964                	.2byte	0x6964
 368:	6f6d0033          	.4byte	0x6f6d0033
 36c:	6564                	.2byte	0x6564
 36e:	6100                	.2byte	0x6100
 370:	6e6f6373          	csrrsi	t1,0x6e6,30
 374:	685f 7361 3268      	.byte	0x5f, 0x68, 0x61, 0x73, 0x68, 0x32
 37a:	3635                	jal	fffffea6 <_ram_end+0x7ffefea6>
 37c:	6c00                	.2byte	0x6c00
 37e:	3365                	jal	126 <_program_size-0xc62>
 380:	5f32                	lw	t5,44(sp)
 382:	726f7473          	csrrci	s0,mhpmevent6h,30
 386:	5f65                	li	t5,-7
 388:	7461                	lui	s0,0xffff8
 38a:	5f00                	lw	s0,56(a4)
 38c:	755f 6e69 3674      	.byte	0x5f, 0x75, 0x69, 0x6e, 0x74, 0x36
 392:	5f34                	lw	a3,120(a4)
 394:	0074                	addi	a3,sp,12
 396:	7361                	lui	t1,0xffff8
 398:	5f6e6f63          	bltu	t3,s6,996 <_program_size-0x3f2>
 39c:	74617473          	csrrci	s0,0x746,2
 3a0:	7375                	lui	t1,0xffffd
 3a2:	6100                	.2byte	0x6100
 3a4:	6e6f6373          	csrrsi	t1,0x6e6,30
 3a8:	635f 6f78 3166      	.byte	0x5f, 0x63, 0x78, 0x6f, 0x66, 0x31
 3ae:	3832                	.2byte	0x3832
 3b0:	6d00                	.2byte	0x6d00
 3b2:	7361                	lui	t1,0xffff8
 3b4:	6870006b          	.4byte	0x6870006b
 3b8:	7361                	lui	t1,0xffff8
 3ba:	5f65                	li	t5,-7
 3bc:	006c6573          	csrrsi	a0,0x6,24
 3c0:	5f7a                	lw	t5,188(sp)
 3c2:	656c                	.2byte	0x656c
 3c4:	006e                	c.slli	zero,0x1b
 3c6:	5f74756f          	jal	a0,481bc <_available_heap+0x3af44>
 3ca:	6c62                	.2byte	0x6c62
 3cc:	736b636f          	jal	t1,b6b02 <_available_heap+0xa988a>
 3d0:	7700                	.2byte	0x7700
 3d2:	6961                	lui	s2,0x18
 3d4:	5f74                	lw	a3,124(a4)
 3d6:	6c66                	.2byte	0x6c66
 3d8:	6761                	lui	a4,0x18
 3da:	6900                	.2byte	0x6900
 3dc:	68635f73          	csrrwi	t5,0x686,6
 3e0:	7261                	lui	tp,0xffff8
 3e2:	5f00                	lw	s0,56(a4)
 3e4:	625f 6975 746c      	.byte	0x5f, 0x62, 0x75, 0x69, 0x6c, 0x74
 3ea:	6e69                	lui	t3,0x1a
 3ec:	765f 5f61 696c      	.byte	0x5f, 0x76, 0x61, 0x5f, 0x6c, 0x69
 3f2:	5f007473          	csrrci	s0,0x5f0,0
 3f6:	695f 746e 3233      	.byte	0x5f, 0x69, 0x6e, 0x74, 0x33, 0x32
 3fc:	745f 6900 5f73      	.byte	0x5f, 0x74, 0x00, 0x69, 0x73, 0x5f
 402:	6f6c                	.2byte	0x6f6c
 404:	676e                	.2byte	0x676e
 406:	6b00                	.2byte	0x6b00
 408:	7270                	.2byte	0x7270
 40a:	6e69                	lui	t3,0x1a
 40c:	6674                	.2byte	0x6674
 40e:	5f00                	lw	s0,56(a4)
 410:	675f 756e 5f63      	.byte	0x5f, 0x67, 0x6e, 0x75, 0x63, 0x5f
 416:	6176                	.2byte	0x6176
 418:	6c5f 7369 0074      	.byte	0x5f, 0x6c, 0x69, 0x73, 0x74, 0x00
 41e:	7369                	lui	t1,0xffffa
 420:	665f 726f 616d      	.byte	0x5f, 0x66, 0x6f, 0x72, 0x6d, 0x61
 426:	0074                	addi	a3,sp,12
 428:	6b5f 7570 7374      	.byte	0x5f, 0x6b, 0x70, 0x75, 0x74, 0x73
 42e:	7500                	.2byte	0x7500
 430:	7261                	lui	tp,0xffff8
 432:	0074                	addi	a3,sp,12
 434:	7475706b          	.4byte	0x7475706b
 438:	425f0063          	beq	t5,t0,858 <_program_size-0x530>
 43c:	006c6f6f          	jal	t5,c6442 <_available_heap+0xb91ca>
 440:	7361                	lui	t1,0xffff8
 442:	5f6e6f63          	bltu	t3,s6,a40 <_program_size-0x348>
 446:	0079656b          	.4byte	0x79656b
 44a:	7572                	.2byte	0x7572
 44c:	326e                	.2byte	0x326e
 44e:	6100                	.2byte	0x6100
 450:	6e6f6373          	csrrsi	t1,0x6e6,30
 454:	6e5f 7570 0062      	.byte	0x5f, 0x6e, 0x70, 0x75, 0x62, 0x00
 45a:	6168                	.2byte	0x6168
 45c:	7472                	.2byte	0x7472
 45e:	6469                	lui	s0,0x1a
 460:	6200                	.2byte	0x6200
 462:	7479                	lui	s0,0xffffe
 464:	7365                	lui	t1,0xffff9
 466:	655f 7571 6c61      	.byte	0x5f, 0x65, 0x71, 0x75, 0x61, 0x6c
 46c:	6100                	.2byte	0x6100
 46e:	6e6f6373          	csrrsi	t1,0x6e6,30
 472:	615f 5f64 656c      	.byte	0x5f, 0x61, 0x64, 0x5f, 0x6c, 0x65
 478:	006e                	c.slli	zero,0x1b
 47a:	6e69                	lui	t3,0x1a
 47c:	7570                	.2byte	0x7570
 47e:	0074                	addi	a3,sp,12
 480:	63616863          	bltu	sp,s6,ab0 <_program_size-0x2d8>
 484:	6168                	.2byte	0x6168
 486:	6e5f 6e6f 6563      	.byte	0x5f, 0x6e, 0x6f, 0x6e, 0x63, 0x65
 48c:	6300                	.2byte	0x6300
 48e:	6168                	.2byte	0x6168
 490:	5f616863          	bltu	sp,s6,a80 <_program_size-0x308>
 494:	0079656b          	.4byte	0x79656b
 498:	63616863          	bltu	sp,s6,ac8 <_program_size-0x2c0>
 49c:	6168                	.2byte	0x6168
 49e:	615f 6461 6c5f      	.byte	0x5f, 0x61, 0x61, 0x64, 0x5f, 0x6c
 4a4:	6e65                	lui	t3,0x19
 4a6:	6900                	.2byte	0x6900
 4a8:	706e                	.2byte	0x706e
 4aa:	7475                	lui	s0,0xffffd
 4ac:	6c5f 6e65 6d00      	.byte	0x5f, 0x6c, 0x65, 0x6e, 0x00, 0x6d
 4b2:	6961                	lui	s2,0x18
 4b4:	006e                	c.slli	zero,0x1b
 4b6:	63616863          	bltu	sp,s6,ae6 <_program_size-0x2a2>
 4ba:	6168                	.2byte	0x6168
 4bc:	615f 6461 7000      	.byte	0x5f, 0x61, 0x61, 0x64, 0x00, 0x70
 4c2:	5f74                	lw	a3,124(a4)
 4c4:	6564                	.2byte	0x6564
 4c6:	72610063          	beq	sp,t1,be6 <_program_size-0x1a2>
 4ca:	61007667          	.4byte	0x61007667
 4ce:	6e6f6373          	csrrsi	t1,0x6e6,30
 4d2:	615f 0064 7470      	.byte	0x5f, 0x61, 0x64, 0x00, 0x70, 0x74
 4d8:	6d5f 7461 6863      	.byte	0x5f, 0x6d, 0x61, 0x74, 0x63, 0x68
	...

Disassembly of section .debug_loclists:

00000000 <.debug_loclists>:
       0:	0b0a                	slli	s6,s6,0x2
       2:	0000                	unimp
       4:	0005                	c.nop	1
       6:	0004                	.2byte	0x4
       8:	0000                	unimp
       a:	0000                	unimp
       c:	0002fe07          	.4byte	0x2fe07
      10:	2280                	.2byte	0x2280
      12:	01800003          	lb	zero,24(zero) # 18 <_program_size-0xd70>
      16:	075a                	slli	a4,a4,0x16
      18:	0322                	slli	t1,t1,0x8
      1a:	8000                	.2byte	0x8000
      1c:	0329                	addi	t1,t1,10 # ffff900a <_ram_end+0x7ffe900a>
      1e:	8000                	.2byte	0x8000
      20:	5b01                	li	s6,-32
      22:	00032907          	.4byte	0x32907
      26:	9680                	.2byte	0x9680
      28:	04800003          	lb	zero,72(zero) # 48 <_program_size-0xd40>
      2c:	9f5a01a3          	sb	s5,-1565(s4)
      30:	0700                	addi	s0,sp,896
      32:	02fe                	slli	t0,t0,0x1f
      34:	8000                	.2byte	0x8000
      36:	0320                	addi	s0,sp,392
      38:	8000                	.2byte	0x8000
      3a:	5b01                	li	s6,-32
      3c:	00032007          	.4byte	0x32007
      40:	2980                	.2byte	0x2980
      42:	01800003          	lb	zero,24(zero) # 18 <_program_size-0xd70>
      46:	075c                	addi	a5,sp,900
      48:	0329                	addi	t1,t1,10
      4a:	8000                	.2byte	0x8000
      4c:	0396                	slli	t2,t2,0x5
      4e:	8000                	.2byte	0x8000
      50:	a304                	.2byte	0xa304
      52:	5b01                	li	s6,-32
      54:	009f fe07 0002      	.byte	0x9f, 0x00, 0x07, 0xfe, 0x02, 0x00
      5a:	1e80                	addi	s0,sp,880
      5c:	01800003          	lb	zero,24(zero) # 18 <_program_size-0xd70>
      60:	075c                	addi	a5,sp,900
      62:	031e                	slli	t1,t1,0x7
      64:	8000                	.2byte	0x8000
      66:	0329                	addi	t1,t1,10
      68:	8000                	.2byte	0x8000
      6a:	5d01                	li	s10,-32
      6c:	00032907          	.4byte	0x32907
      70:	9680                	.2byte	0x9680
      72:	04800003          	lb	zero,72(zero) # 48 <_program_size-0xd40>
      76:	9f5c01a3          	sb	s5,-1565(s8) # 199e3 <_available_heap+0xc76b>
      7a:	0700                	addi	s0,sp,896
      7c:	02fe                	slli	t0,t0,0x1f
      7e:	8000                	.2byte	0x8000
      80:	031c                	addi	a5,sp,384
      82:	8000                	.2byte	0x8000
      84:	5d01                	li	s10,-32
      86:	00031c07          	.4byte	0x31c07
      8a:	2980                	.2byte	0x2980
      8c:	01800003          	lb	zero,24(zero) # 18 <_program_size-0xd70>
      90:	075e                	slli	a4,a4,0x17
      92:	0329                	addi	t1,t1,10
      94:	8000                	.2byte	0x8000
      96:	0396                	slli	t2,t2,0x5
      98:	8000                	.2byte	0x8000
      9a:	a304                	.2byte	0xa304
      9c:	5d01                	li	s10,-32
      9e:	009f fe07 0002      	.byte	0x9f, 0x00, 0x07, 0xfe, 0x02, 0x00
      a4:	1a80                	addi	s0,sp,368
      a6:	01800003          	lb	zero,24(zero) # 18 <_program_size-0xd70>
      aa:	075e                	slli	a4,a4,0x17
      ac:	031a                	slli	t1,t1,0x6
      ae:	8000                	.2byte	0x8000
      b0:	0329                	addi	t1,t1,10
      b2:	8000                	.2byte	0x8000
      b4:	5f01                	li	t5,-32
      b6:	00032907          	.4byte	0x32907
      ba:	9680                	.2byte	0x9680
      bc:	04800003          	lb	zero,72(zero) # 48 <_program_size-0xd40>
      c0:	9f5e01a3          	sb	s5,-1565(t3) # 189e3 <_available_heap+0xb76b>
      c4:	0700                	addi	s0,sp,896
      c6:	02fe                	slli	t0,t0,0x1f
      c8:	8000                	.2byte	0x8000
      ca:	0318                	addi	a4,sp,384
      cc:	8000                	.2byte	0x8000
      ce:	5f01                	li	t5,-32
      d0:	00031807          	.4byte	0x31807
      d4:	7880                	.2byte	0x7880
      d6:	01800003          	lb	zero,24(zero) # 18 <_program_size-0xd70>
      da:	0758                	addi	a4,sp,900
      dc:	0378                	addi	a4,sp,396
      de:	8000                	.2byte	0x8000
      e0:	0384                	addi	s1,sp,448
      e2:	8000                	.2byte	0x8000
      e4:	a304                	.2byte	0xa304
      e6:	5f01                	li	t5,-32
      e8:	079f 0384 8000      	.byte	0x9f, 0x07, 0x84, 0x03, 0x00, 0x80
      ee:	0396                	slli	t2,t2,0x5
      f0:	8000                	.2byte	0x8000
      f2:	5801                	li	a6,-32
      f4:	0700                	addi	s0,sp,896
      f6:	02fe                	slli	t0,t0,0x1f
      f8:	8000                	.2byte	0x8000
      fa:	0316                	slli	t1,t1,0x5
      fc:	8000                	.2byte	0x8000
      fe:	6001                	.2byte	0x6001
     100:	00031607          	.4byte	0x31607
     104:	7c80                	.2byte	0x7c80
     106:	01800003          	lb	zero,24(zero) # 18 <_program_size-0xd70>
     10a:	0762                	slli	a4,a4,0x18
     10c:	037c                	addi	a5,sp,396
     10e:	8000                	.2byte	0x8000
     110:	0384                	addi	s1,sp,448
     112:	8000                	.2byte	0x8000
     114:	a304                	.2byte	0xa304
     116:	6001                	.2byte	0x6001
     118:	079f 0384 8000      	.byte	0x9f, 0x07, 0x84, 0x03, 0x00, 0x80
     11e:	0396                	slli	t2,t2,0x5
     120:	8000                	.2byte	0x8000
     122:	6201                	.2byte	0x6201
     124:	0700                	addi	s0,sp,896
     126:	02fe                	slli	t0,t0,0x1f
     128:	8000                	.2byte	0x8000
     12a:	0329                	addi	t1,t1,10
     12c:	8000                	.2byte	0x8000
     12e:	6101                	addi	sp,sp,0
     130:	00032907          	.4byte	0x32907
     134:	7a80                	.2byte	0x7a80
     136:	01800003          	lb	zero,24(zero) # 18 <_program_size-0xd70>
     13a:	0759                	addi	a4,a4,22 # 18016 <_available_heap+0xad9e>
     13c:	037a                	slli	t1,t1,0x1e
     13e:	8000                	.2byte	0x8000
     140:	0384                	addi	s1,sp,448
     142:	8000                	.2byte	0x8000
     144:	a304                	.2byte	0xa304
     146:	6101                	addi	sp,sp,0
     148:	079f 0384 8000      	.byte	0x9f, 0x07, 0x84, 0x03, 0x00, 0x80
     14e:	0396                	slli	t2,t2,0x5
     150:	8000                	.2byte	0x8000
     152:	5901                	li	s2,-32
     154:	0700                	addi	s0,sp,896
     156:	02fe                	slli	t0,t0,0x1f
     158:	8000                	.2byte	0x8000
     15a:	0382                	c.slli64	t2
     15c:	8000                	.2byte	0x8000
     15e:	9102                	jalr	sp
     160:	0700                	addi	s0,sp,896
     162:	0382                	c.slli64	t2
     164:	8000                	.2byte	0x8000
     166:	0384                	addi	s1,sp,448
     168:	8000                	.2byte	0x8000
     16a:	7202                	.2byte	0x7202
     16c:	0700                	addi	s0,sp,896
     16e:	0384                	addi	s1,sp,448
     170:	8000                	.2byte	0x8000
     172:	0396                	slli	t2,t2,0x5
     174:	8000                	.2byte	0x8000
     176:	9102                	jalr	sp
     178:	0000                	unimp
     17a:	0002fe07          	.4byte	0x2fe07
     17e:	5080                	lw	s0,32(s1)
     180:	02800003          	lb	zero,40(zero) # 28 <_program_size-0xd60>
     184:	9f30                	.2byte	0x9f30
     186:	00035007          	.4byte	0x35007
     18a:	7080                	.2byte	0x7080
     18c:	01800003          	lb	zero,24(zero) # 18 <_program_size-0xd70>
     190:	075f 0372 8000      	.byte	0x5f, 0x07, 0x72, 0x03, 0x00, 0x80
     196:	0374                	addi	a3,sp,396
     198:	8000                	.2byte	0x8000
     19a:	3002                	.2byte	0x3002
     19c:	009f 2a07 0003      	.byte	0x9f, 0x00, 0x07, 0x2a, 0x03, 0x00
     1a2:	6c80                	.2byte	0x6c80
     1a4:	01800003          	lb	zero,24(zero) # 18 <_program_size-0xd70>
     1a8:	075a                	slli	a4,a4,0x16
     1aa:	0372                	slli	t1,t1,0x1c
     1ac:	8000                	.2byte	0x8000
     1ae:	0374                	addi	a3,sp,396
     1b0:	8000                	.2byte	0x8000
     1b2:	5a01                	li	s4,-32
     1b4:	0700                	addi	s0,sp,896
     1b6:	0334                	addi	a3,sp,392
     1b8:	8000                	.2byte	0x8000
     1ba:	0342                	slli	t1,t1,0x10
     1bc:	8000                	.2byte	0x8000
     1be:	5e01                	li	t3,-32
     1c0:	00034207          	.4byte	0x34207
     1c4:	4680                	lw	s0,8(a3)
     1c6:	03800003          	lb	zero,56(zero) # 38 <_program_size-0xd50>
     1ca:	7f7e                	.2byte	0x7f7e
     1cc:	079f 0346 8000      	.byte	0x9f, 0x07, 0x46, 0x03, 0x00, 0x80
     1d2:	034a                	slli	t1,t1,0x12
     1d4:	8000                	.2byte	0x8000
     1d6:	5e01                	li	t3,-32
     1d8:	0700                	addi	s0,sp,896
     1da:	0350                	addi	a2,sp,388
     1dc:	8000                	.2byte	0x8000
     1de:	0362                	slli	t1,t1,0x18
     1e0:	8000                	.2byte	0x8000
     1e2:	5e01                	li	t3,-32
     1e4:	00036207          	.4byte	0x36207
     1e8:	6680                	.2byte	0x6680
     1ea:	03800003          	lb	zero,56(zero) # 38 <_program_size-0xd50>
     1ee:	7f7e                	.2byte	0x7f7e
     1f0:	079f 0366 8000      	.byte	0x9f, 0x07, 0x66, 0x03, 0x00, 0x80
     1f6:	0372                	slli	t1,t1,0x1c
     1f8:	8000                	.2byte	0x8000
     1fa:	5e01                	li	t3,-32
     1fc:	0700                	addi	s0,sp,896
     1fe:	0396                	slli	t2,t2,0x5
     200:	8000                	.2byte	0x8000
     202:	039d                	addi	t2,t2,7
     204:	8000                	.2byte	0x8000
     206:	5a01                	li	s4,-32
     208:	00039d07          	.4byte	0x39d07
     20c:	a480                	.2byte	0xa480
     20e:	04800003          	lb	zero,72(zero) # 48 <_program_size-0xd40>
     212:	9f5a01a3          	sb	s5,-1565(s4)
     216:	0700                	addi	s0,sp,896
     218:	0396                	slli	t2,t2,0x5
     21a:	8000                	.2byte	0x8000
     21c:	039d                	addi	t2,t2,7
     21e:	8000                	.2byte	0x8000
     220:	5b01                	li	s6,-32
     222:	00039d07          	.4byte	0x39d07
     226:	a480                	.2byte	0xa480
     228:	04800003          	lb	zero,72(zero) # 48 <_program_size-0xd40>
     22c:	9f5b01a3          	sb	s5,-1565(s6)
     230:	0700                	addi	s0,sp,896
     232:	0396                	slli	t2,t2,0x5
     234:	8000                	.2byte	0x8000
     236:	039d                	addi	t2,t2,7
     238:	8000                	.2byte	0x8000
     23a:	5c01                	li	s8,-32
     23c:	00039d07          	.4byte	0x39d07
     240:	a480                	.2byte	0xa480
     242:	04800003          	lb	zero,72(zero) # 48 <_program_size-0xd40>
     246:	9f5c01a3          	sb	s5,-1565(s8)
     24a:	0700                	addi	s0,sp,896
     24c:	0396                	slli	t2,t2,0x5
     24e:	8000                	.2byte	0x8000
     250:	039d                	addi	t2,t2,7
     252:	8000                	.2byte	0x8000
     254:	5d01                	li	s10,-32
     256:	00039d07          	.4byte	0x39d07
     25a:	a480                	.2byte	0xa480
     25c:	04800003          	lb	zero,72(zero) # 48 <_program_size-0xd40>
     260:	9f5d01a3          	sb	s5,-1565(s10) # 1a9e3 <_available_heap+0xd76b>
     264:	0700                	addi	s0,sp,896
     266:	0396                	slli	t2,t2,0x5
     268:	8000                	.2byte	0x8000
     26a:	039d                	addi	t2,t2,7
     26c:	8000                	.2byte	0x8000
     26e:	5e01                	li	t3,-32
     270:	00039d07          	.4byte	0x39d07
     274:	a480                	.2byte	0xa480
     276:	04800003          	lb	zero,72(zero) # 48 <_program_size-0xd40>
     27a:	9f5e01a3          	sb	s5,-1565(t3)
     27e:	0700                	addi	s0,sp,896
     280:	0396                	slli	t2,t2,0x5
     282:	8000                	.2byte	0x8000
     284:	039d                	addi	t2,t2,7
     286:	8000                	.2byte	0x8000
     288:	5f01                	li	t5,-32
     28a:	00039d07          	.4byte	0x39d07
     28e:	a480                	.2byte	0xa480
     290:	04800003          	lb	zero,72(zero) # 48 <_program_size-0xd40>
     294:	9f5f01a3          	sb	s5,-1565(t5) # 199e3 <_available_heap+0xc76b>
     298:	0700                	addi	s0,sp,896
     29a:	0396                	slli	t2,t2,0x5
     29c:	8000                	.2byte	0x8000
     29e:	039d                	addi	t2,t2,7
     2a0:	8000                	.2byte	0x8000
     2a2:	6001                	.2byte	0x6001
     2a4:	00039d07          	.4byte	0x39d07
     2a8:	a480                	.2byte	0xa480
     2aa:	04800003          	lb	zero,72(zero) # 48 <_program_size-0xd40>
     2ae:	9f6001a3          	sb	s6,-1565(zero) # fffff9e3 <_ram_end+0x7ffef9e3>
     2b2:	0700                	addi	s0,sp,896
     2b4:	0396                	slli	t2,t2,0x5
     2b6:	8000                	.2byte	0x8000
     2b8:	039d                	addi	t2,t2,7
     2ba:	8000                	.2byte	0x8000
     2bc:	6101                	addi	sp,sp,0
     2be:	00039d07          	.4byte	0x39d07
     2c2:	a480                	.2byte	0xa480
     2c4:	04800003          	lb	zero,72(zero) # 48 <_program_size-0xd40>
     2c8:	9f6101a3          	sb	s6,-1565(sp)
     2cc:	0700                	addi	s0,sp,896
     2ce:	02e0                	addi	s0,sp,332
     2d0:	8000                	.2byte	0x8000
     2d2:	02f4                	addi	a3,sp,332
     2d4:	8000                	.2byte	0x8000
     2d6:	5a01                	li	s4,-32
     2d8:	0002f407          	.4byte	0x2f407
     2dc:	f780                	.2byte	0xf780
     2de:	0002                	c.slli64	zero
     2e0:	0180                	addi	s0,sp,192
     2e2:	02f7075b          	.4byte	0x2f7075b
     2e6:	8000                	.2byte	0x8000
     2e8:	02fe                	slli	t0,t0,0x1f
     2ea:	8000                	.2byte	0x8000
     2ec:	a304                	.2byte	0xa304
     2ee:	5a01                	li	s4,-32
     2f0:	009f e007 0002      	.byte	0x9f, 0x00, 0x07, 0xe0, 0x02, 0x00
     2f6:	f280                	.2byte	0xf280
     2f8:	0002                	c.slli64	zero
     2fa:	0180                	addi	s0,sp,192
     2fc:	02f2075b          	.4byte	0x2f2075b
     300:	8000                	.2byte	0x8000
     302:	800002f7          	.4byte	0x800002f7
     306:	5c01                	li	s8,-32
     308:	0002f707          	.4byte	0x2f707
     30c:	fe80                	.2byte	0xfe80
     30e:	0002                	c.slli64	zero
     310:	0480                	addi	s0,sp,576
     312:	9f5b01a3          	sb	s5,-1565(s6)
     316:	0700                	addi	s0,sp,896
     318:	02e0                	addi	s0,sp,332
     31a:	8000                	.2byte	0x8000
     31c:	02f0                	addi	a2,sp,332
     31e:	8000                	.2byte	0x8000
     320:	5c01                	li	s8,-32
     322:	0002f007          	.4byte	0x2f007
     326:	f780                	.2byte	0xf780
     328:	0002                	c.slli64	zero
     32a:	0180                	addi	s0,sp,192
     32c:	075d                	addi	a4,a4,23
     32e:	800002f7          	.4byte	0x800002f7
     332:	02fe                	slli	t0,t0,0x1f
     334:	8000                	.2byte	0x8000
     336:	a304                	.2byte	0xa304
     338:	5c01                	li	s8,-32
     33a:	009f e007 0002      	.byte	0x9f, 0x00, 0x07, 0xe0, 0x02, 0x00
     340:	ee80                	.2byte	0xee80
     342:	0002                	c.slli64	zero
     344:	0180                	addi	s0,sp,192
     346:	075d                	addi	a4,a4,23
     348:	02ee                	slli	t0,t0,0x1b
     34a:	8000                	.2byte	0x8000
     34c:	800002f7          	.4byte	0x800002f7
     350:	5e01                	li	t3,-32
     352:	0002f707          	.4byte	0x2f707
     356:	fe80                	.2byte	0xfe80
     358:	0002                	c.slli64	zero
     35a:	0480                	addi	s0,sp,576
     35c:	9f5d01a3          	sb	s5,-1565(s10)
     360:	0700                	addi	s0,sp,896
     362:	02e0                	addi	s0,sp,332
     364:	8000                	.2byte	0x8000
     366:	02ec                	addi	a1,sp,332
     368:	8000                	.2byte	0x8000
     36a:	5e01                	li	t3,-32
     36c:	0002ec07          	.4byte	0x2ec07
     370:	f780                	.2byte	0xf780
     372:	0002                	c.slli64	zero
     374:	0180                	addi	s0,sp,192
     376:	075f 02f7 8000      	.byte	0x5f, 0x07, 0xf7, 0x02, 0x00, 0x80
     37c:	02fe                	slli	t0,t0,0x1f
     37e:	8000                	.2byte	0x8000
     380:	a304                	.2byte	0xa304
     382:	5e01                	li	t3,-32
     384:	009f e007 0002      	.byte	0x9f, 0x00, 0x07, 0xe0, 0x02, 0x00
     38a:	ea80                	.2byte	0xea80
     38c:	0002                	c.slli64	zero
     38e:	0180                	addi	s0,sp,192
     390:	075f 02ea 8000      	.byte	0x5f, 0x07, 0xea, 0x02, 0x00, 0x80
     396:	800002f7          	.4byte	0x800002f7
     39a:	6001                	.2byte	0x6001
     39c:	0002f707          	.4byte	0x2f707
     3a0:	fe80                	.2byte	0xfe80
     3a2:	0002                	c.slli64	zero
     3a4:	0480                	addi	s0,sp,576
     3a6:	9f5f01a3          	sb	s5,-1565(t5)
     3aa:	0700                	addi	s0,sp,896
     3ac:	02e0                	addi	s0,sp,332
     3ae:	8000                	.2byte	0x8000
     3b0:	02e8                	addi	a0,sp,332
     3b2:	8000                	.2byte	0x8000
     3b4:	6001                	.2byte	0x6001
     3b6:	0002e807          	.4byte	0x2e807
     3ba:	f780                	.2byte	0xf780
     3bc:	0002                	c.slli64	zero
     3be:	0180                	addi	s0,sp,192
     3c0:	0761                	addi	a4,a4,24
     3c2:	800002f7          	.4byte	0x800002f7
     3c6:	02fe                	slli	t0,t0,0x1f
     3c8:	8000                	.2byte	0x8000
     3ca:	a304                	.2byte	0xa304
     3cc:	6001                	.2byte	0x6001
     3ce:	009f e007 0002      	.byte	0x9f, 0x00, 0x07, 0xe0, 0x02, 0x00
     3d4:	e680                	.2byte	0xe680
     3d6:	0002                	c.slli64	zero
     3d8:	0180                	addi	s0,sp,192
     3da:	0761                	addi	a4,a4,24
     3dc:	02e6                	slli	t0,t0,0x19
     3de:	8000                	.2byte	0x8000
     3e0:	800002f7          	.4byte	0x800002f7
     3e4:	7202                	.2byte	0x7202
     3e6:	0700                	addi	s0,sp,896
     3e8:	800002f7          	.4byte	0x800002f7
     3ec:	02fe                	slli	t0,t0,0x1f
     3ee:	8000                	.2byte	0x8000
     3f0:	a304                	.2byte	0xa304
     3f2:	6101                	addi	sp,sp,0
     3f4:	009f d807 0000      	.byte	0x9f, 0x00, 0x07, 0xd8, 0x00, 0x00
     3fa:	de80                	sw	s0,56(a3)
     3fc:	0000                	unimp
     3fe:	0180                	addi	s0,sp,192
     400:	00de075b          	.4byte	0xde075b
     404:	8000                	.2byte	0x8000
     406:	011e                	slli	sp,sp,0x7
     408:	8000                	.2byte	0x8000
     40a:	a304                	.2byte	0xa304
     40c:	5b01                	li	s6,-32
     40e:	079f 011e 8000      	.byte	0x9f, 0x07, 0x1e, 0x01, 0x00, 0x80
     414:	0136                	slli	sp,sp,0xd
     416:	8000                	.2byte	0x8000
     418:	5b01                	li	s6,-32
     41a:	0700                	addi	s0,sp,896
     41c:	00d8                	addi	a4,sp,68
     41e:	8000                	.2byte	0x8000
     420:	00de                	slli	ra,ra,0x17
     422:	8000                	.2byte	0x8000
     424:	3002                	.2byte	0x3002
     426:	079f 00de 8000      	.byte	0x9f, 0x07, 0xde, 0x00, 0x00, 0x80
     42c:	00f4                	addi	a3,sp,76
     42e:	8000                	.2byte	0x8000
     430:	6001                	.2byte	0x6001
     432:	00011807          	.4byte	0x11807
     436:	1e80                	addi	s0,sp,880
     438:	0001                	nop
     43a:	0180                	addi	s0,sp,192
     43c:	0760                	addi	s0,sp,908
     43e:	011e                	slli	sp,sp,0x7
     440:	8000                	.2byte	0x8000
     442:	0136                	slli	sp,sp,0xd
     444:	8000                	.2byte	0x8000
     446:	3002                	.2byte	0x3002
     448:	009f d807 0000      	.byte	0x9f, 0x00, 0x07, 0xd8, 0x00, 0x00
     44e:	de80                	sw	s0,56(a3)
     450:	0000                	unimp
     452:	0180                	addi	s0,sp,192
     454:	00e0075b          	.4byte	0xe0075b
     458:	8000                	.2byte	0x8000
     45a:	00f4                	addi	a3,sp,76
     45c:	8000                	.2byte	0x8000
     45e:	5b01                	li	s6,-32
     460:	00011e07          	.4byte	0x11e07
     464:	3680                	.2byte	0x3680
     466:	0001                	nop
     468:	0180                	addi	s0,sp,192
     46a:	e807005b          	.4byte	0xe807005b
     46e:	0000                	unimp
     470:	f480                	.2byte	0xf480
     472:	0000                	unimp
     474:	0180                	addi	s0,sp,192
     476:	0060                	addi	s0,sp,12
     478:	0000fa07          	.4byte	0xfa07
     47c:	1680                	addi	s0,sp,864
     47e:	0001                	nop
     480:	0180                	addi	s0,sp,192
     482:	fa07006f          	j	fff70c22 <_ram_end+0x7ff60c22>
     486:	0000                	unimp
     488:	1680                	addi	s0,sp,864
     48a:	0001                	nop
     48c:	0180                	addi	s0,sp,192
     48e:	005c                	addi	a5,sp,4
     490:	0000fa07          	.4byte	0xfa07
     494:	1680                	addi	s0,sp,864
     496:	0001                	nop
     498:	0180                	addi	s0,sp,192
     49a:	fa07005b          	.4byte	0xfa07005b
     49e:	0000                	unimp
     4a0:	1680                	addi	s0,sp,864
     4a2:	0001                	nop
     4a4:	0180                	addi	s0,sp,192
     4a6:	005a                	c.slli	zero,0x16
     4a8:	0000fa07          	.4byte	0xfa07
     4ac:	fe80                	.2byte	0xfe80
     4ae:	0000                	unimp
     4b0:	0280                	addi	s0,sp,320
     4b2:	9f30                	.2byte	0x9f30
     4b4:	0000fe07          	.4byte	0xfe07
     4b8:	0e80                	addi	s0,sp,848
     4ba:	0001                	nop
     4bc:	0680                	addi	s0,sp,832
     4be:	007d                	c.nop	31
     4c0:	9f1c007b          	.4byte	0x9f1c007b
     4c4:	00010e07          	.4byte	0x10e07
     4c8:	1280                	addi	s0,sp,352
     4ca:	0001                	nop
     4cc:	0880                	addi	s0,sp,80
     4ce:	007d                	c.nop	31
     4d0:	231c007b          	.4byte	0x231c007b
     4d4:	9f01                	.2byte	0x9f01
     4d6:	00011207          	.4byte	0x11207
     4da:	1680                	addi	s0,sp,864
     4dc:	0001                	nop
     4de:	0680                	addi	s0,sp,832
     4e0:	007d                	c.nop	31
     4e2:	9f1c007b          	.4byte	0x9f1c007b
     4e6:	0700                	addi	s0,sp,896
     4e8:	0076                	c.slli	zero,0x1d
     4ea:	8000                	.2byte	0x8000
     4ec:	009e                	slli	ra,ra,0x7
     4ee:	8000                	.2byte	0x8000
     4f0:	5a01                	li	s4,-32
     4f2:	00009e07          	.4byte	0x9e07
     4f6:	d480                	sw	s0,40(s1)
     4f8:	0000                	unimp
     4fa:	0180                	addi	s0,sp,192
     4fc:	0765                	addi	a4,a4,25
     4fe:	00d4                	addi	a3,sp,68
     500:	8000                	.2byte	0x8000
     502:	00d8                	addi	a4,sp,68
     504:	8000                	.2byte	0x8000
     506:	a304                	.2byte	0xa304
     508:	5a01                	li	s4,-32
     50a:	009f 7607 0000      	.byte	0x9f, 0x00, 0x07, 0x76, 0x00, 0x00
     510:	9e80                	.2byte	0x9e80
     512:	0000                	unimp
     514:	0180                	addi	s0,sp,192
     516:	009e075b          	.4byte	0x9e075b
     51a:	8000                	.2byte	0x8000
     51c:	00d8                	addi	a4,sp,68
     51e:	8000                	.2byte	0x8000
     520:	a304                	.2byte	0xa304
     522:	5b01                	li	s6,-32
     524:	009f 7607 0000      	.byte	0x9f, 0x00, 0x07, 0x76, 0x00, 0x00
     52a:	9e80                	.2byte	0x9e80
     52c:	0000                	unimp
     52e:	0180                	addi	s0,sp,192
     530:	075c                	addi	a5,sp,900
     532:	009e                	slli	ra,ra,0x7
     534:	8000                	.2byte	0x8000
     536:	00d2                	slli	ra,ra,0x14
     538:	8000                	.2byte	0x8000
     53a:	6401                	.2byte	0x6401
     53c:	0000d207          	.4byte	0xd207
     540:	d880                	sw	s0,48(s1)
     542:	0000                	unimp
     544:	0480                	addi	s0,sp,576
     546:	9f5c01a3          	sb	s5,-1565(s8)
     54a:	0700                	addi	s0,sp,896
     54c:	0096                	slli	ra,ra,0x5
     54e:	8000                	.2byte	0x8000
     550:	00ba                	slli	ra,ra,0xe
     552:	8000                	.2byte	0x8000
     554:	6201                	.2byte	0x6201
     556:	0000ba07          	.4byte	0xba07
     55a:	be80                	.2byte	0xbe80
     55c:	0000                	unimp
     55e:	0180                	addi	s0,sp,192
     560:	075f 00be 8000      	.byte	0x5f, 0x07, 0xbe, 0x00, 0x00, 0x80
     566:	00ce                	slli	ra,ra,0x13
     568:	8000                	.2byte	0x8000
     56a:	6201                	.2byte	0x6201
     56c:	0000ce07          	.4byte	0xce07
     570:	d280                	sw	s0,32(a3)
     572:	0000                	unimp
     574:	0780                	addi	s0,sp,960
     576:	0084                	addi	s1,sp,64
     578:	1c5b01a3          	sb	t0,451(s6)
     57c:	079f 00d2 8000      	.byte	0x9f, 0x07, 0xd2, 0x00, 0x00, 0x80
     582:	00d8                	addi	a4,sp,68
     584:	8000                	.2byte	0x8000
     586:	a308                	.2byte	0xa308
     588:	5c01                	li	s8,-32
     58a:	1c5b01a3          	sb	t0,451(s6)
     58e:	009f 9607 0000      	.byte	0x9f, 0x00, 0x07, 0x96, 0x00, 0x00
     594:	9e80                	.2byte	0x9e80
     596:	0000                	unimp
     598:	0280                	addi	s0,sp,320
     59a:	9f30                	.2byte	0x9f30
     59c:	0700                	addi	s0,sp,896
     59e:	0052                	c.slli	zero,0x14
     5a0:	8000                	.2byte	0x8000
     5a2:	0060                	addi	s0,sp,12
     5a4:	8000                	.2byte	0x8000
     5a6:	0c06                	slli	s8,s8,0x1
     5a8:	0d40                	addi	s0,sp,660
     5aa:	079f0003          	lb	zero,121(t5)
     5ae:	0060                	addi	s0,sp,12
     5b0:	8000                	.2byte	0x8000
     5b2:	006e                	c.slli	zero,0x1b
     5b4:	8000                	.2byte	0x8000
     5b6:	5f01                	li	t5,-32
     5b8:	00006e07          	.4byte	0x6e07
     5bc:	7080                	.2byte	0x7080
     5be:	0000                	unimp
     5c0:	0380                	addi	s0,sp,448
     5c2:	7f7f                	.2byte	0x7f7f
     5c4:	079f 0070 8000      	.byte	0x9f, 0x07, 0x70, 0x00, 0x00, 0x80
     5ca:	0076                	c.slli	zero,0x1d
     5cc:	8000                	.2byte	0x8000
     5ce:	5f01                	li	t5,-32
     5d0:	0700                	addi	s0,sp,896
     5d2:	002c                	addi	a1,sp,8
     5d4:	8000                	.2byte	0x8000
     5d6:	0034                	addi	a3,sp,8
     5d8:	8000                	.2byte	0x8000
     5da:	5a01                	li	s4,-32
     5dc:	00003407          	.4byte	0x3407
     5e0:	5280                	lw	s0,32(a3)
     5e2:	0000                	unimp
     5e4:	0180                	addi	s0,sp,192
     5e6:	005e                	c.slli	zero,0x17
     5e8:	00002c07          	.4byte	0x2c07
     5ec:	3480                	.2byte	0x3480
     5ee:	0000                	unimp
     5f0:	0180                	addi	s0,sp,192
     5f2:	0034075b          	.4byte	0x34075b
     5f6:	8000                	.2byte	0x8000
     5f8:	0052                	c.slli	zero,0x14
     5fa:	8000                	.2byte	0x8000
     5fc:	9f7c8003          	lb	zero,-1545(s9)
     600:	0700                	addi	s0,sp,896
     602:	002c                	addi	a1,sp,8
     604:	8000                	.2byte	0x8000
     606:	0034                	addi	a3,sp,8
     608:	8000                	.2byte	0x8000
     60a:	3002                	.2byte	0x3002
     60c:	079f 0034 8000      	.byte	0x9f, 0x07, 0x34, 0x00, 0x00, 0x80
     612:	0052                	c.slli	zero,0x14
     614:	8000                	.2byte	0x8000
     616:	5a01                	li	s4,-32
     618:	0700                	addi	s0,sp,896
     61a:	002c                	addi	a1,sp,8
     61c:	8000                	.2byte	0x8000
     61e:	004c                	addi	a1,sp,4
     620:	8000                	.2byte	0x8000
     622:	3002                	.2byte	0x3002
     624:	079f 004c 8000      	.byte	0x9f, 0x07, 0x4c, 0x00, 0x00, 0x80
     62a:	0052                	c.slli	zero,0x14
     62c:	8000                	.2byte	0x8000
     62e:	3102                	.2byte	0x3102
     630:	009f 3607 0001      	.byte	0x9f, 0x00, 0x07, 0x36, 0x01, 0x00
     636:	8080                	.2byte	0x8080
     638:	0001                	nop
     63a:	0180                	addi	s0,sp,192
     63c:	075a                	slli	a4,a4,0x16
     63e:	0180                	addi	s0,sp,192
     640:	8000                	.2byte	0x8000
     642:	01ec                	addi	a1,sp,204
     644:	8000                	.2byte	0x8000
     646:	6801                	.2byte	0x6801
     648:	0001ec07          	.4byte	0x1ec07
     64c:	dc80                	sw	s0,56(s1)
     64e:	0002                	c.slli64	zero
     650:	0480                	addi	s0,sp,576
     652:	9f5a01a3          	sb	s5,-1565(s4)
     656:	0002dc07          	.4byte	0x2dc07
     65a:	de80                	sw	s0,56(a3)
     65c:	0002                	c.slli64	zero
     65e:	0180                	addi	s0,sp,192
     660:	075a                	slli	a4,a4,0x16
     662:	02de                	slli	t0,t0,0x17
     664:	8000                	.2byte	0x8000
     666:	02e0                	addi	s0,sp,332
     668:	8000                	.2byte	0x8000
     66a:	a304                	.2byte	0xa304
     66c:	5a01                	li	s4,-32
     66e:	009f 3607 0001      	.byte	0x9f, 0x00, 0x07, 0x36, 0x01, 0x00
     674:	8080                	.2byte	0x8080
     676:	0001                	nop
     678:	0180                	addi	s0,sp,192
     67a:	0180075b          	.4byte	0x180075b
     67e:	8000                	.2byte	0x8000
     680:	01ee                	slli	gp,gp,0x1b
     682:	8000                	.2byte	0x8000
     684:	6901                	.2byte	0x6901
     686:	0001ee07          	.4byte	0x1ee07
     68a:	dc80                	sw	s0,56(s1)
     68c:	0002                	c.slli64	zero
     68e:	0480                	addi	s0,sp,576
     690:	9f5b01a3          	sb	s5,-1565(s6)
     694:	0002dc07          	.4byte	0x2dc07
     698:	e080                	.2byte	0xe080
     69a:	0002                	c.slli64	zero
     69c:	0180                	addi	s0,sp,192
     69e:	3607005b          	.4byte	0x3607005b
     6a2:	0001                	nop
     6a4:	8080                	.2byte	0x8080
     6a6:	0001                	nop
     6a8:	0180                	addi	s0,sp,192
     6aa:	075c                	addi	a5,sp,900
     6ac:	0180                	addi	s0,sp,192
     6ae:	8000                	.2byte	0x8000
     6b0:	01e0                	addi	s0,sp,204
     6b2:	8000                	.2byte	0x8000
     6b4:	6701                	.2byte	0x6701
     6b6:	0001e007          	.4byte	0x1e007
     6ba:	dc80                	sw	s0,56(s1)
     6bc:	0002                	c.slli64	zero
     6be:	0480                	addi	s0,sp,576
     6c0:	9f5c01a3          	sb	s5,-1565(s8)
     6c4:	0002dc07          	.4byte	0x2dc07
     6c8:	e080                	.2byte	0xe080
     6ca:	0002                	c.slli64	zero
     6cc:	0180                	addi	s0,sp,192
     6ce:	005c                	addi	a5,sp,4
     6d0:	00013607          	.4byte	0x13607
     6d4:	8080                	.2byte	0x8080
     6d6:	0001                	nop
     6d8:	0180                	addi	s0,sp,192
     6da:	075d                	addi	a4,a4,23
     6dc:	0180                	addi	s0,sp,192
     6de:	8000                	.2byte	0x8000
     6e0:	025e                	slli	tp,tp,0x17
     6e2:	8000                	.2byte	0x8000
     6e4:	6601                	.2byte	0x6601
     6e6:	00025e07          	.4byte	0x25e07
     6ea:	7c80                	.2byte	0x7c80
     6ec:	0002                	c.slli64	zero
     6ee:	0480                	addi	s0,sp,576
     6f0:	9f5d01a3          	sb	s5,-1565(s10)
     6f4:	00027c07          	.4byte	0x27c07
     6f8:	dc80                	sw	s0,56(s1)
     6fa:	0002                	c.slli64	zero
     6fc:	0180                	addi	s0,sp,192
     6fe:	0766                	slli	a4,a4,0x19
     700:	02dc                	addi	a5,sp,324
     702:	8000                	.2byte	0x8000
     704:	02e0                	addi	s0,sp,332
     706:	8000                	.2byte	0x8000
     708:	5d01                	li	s10,-32
     70a:	0700                	addi	s0,sp,896
     70c:	0136                	slli	sp,sp,0xd
     70e:	8000                	.2byte	0x8000
     710:	016a                	slli	sp,sp,0x1a
     712:	8000                	.2byte	0x8000
     714:	5e01                	li	t3,-32
     716:	00016a07          	.4byte	0x16a07
     71a:	1880                	addi	s0,sp,112
     71c:	0002                	c.slli64	zero
     71e:	0180                	addi	s0,sp,192
     720:	0764                	addi	s1,sp,908
     722:	0218                	addi	a4,sp,256
     724:	8000                	.2byte	0x8000
     726:	027c                	addi	a5,sp,268
     728:	8000                	.2byte	0x8000
     72a:	a304                	.2byte	0xa304
     72c:	5e01                	li	t3,-32
     72e:	079f 027c 8000      	.byte	0x9f, 0x07, 0x7c, 0x02, 0x00, 0x80
     734:	02ba                	slli	t0,t0,0xe
     736:	8000                	.2byte	0x8000
     738:	6401                	.2byte	0x6401
     73a:	0002ba07          	.4byte	0x2ba07
     73e:	dc80                	sw	s0,56(s1)
     740:	0002                	c.slli64	zero
     742:	0480                	addi	s0,sp,576
     744:	9f5e01a3          	sb	s5,-1565(t3)
     748:	0002dc07          	.4byte	0x2dc07
     74c:	e080                	.2byte	0xe080
     74e:	0002                	c.slli64	zero
     750:	0180                	addi	s0,sp,192
     752:	005e                	c.slli	zero,0x17
     754:	00013607          	.4byte	0x13607
     758:	5e80                	lw	s0,56(a3)
     75a:	0001                	nop
     75c:	0180                	addi	s0,sp,192
     75e:	075f 015e 8000      	.byte	0x5f, 0x07, 0x5e, 0x01, 0x00, 0x80
     764:	027a                	slli	tp,tp,0x1e
     766:	8000                	.2byte	0x8000
     768:	7fb89103          	lh	sp,2043(a7)
     76c:	00027a07          	.4byte	0x27a07
     770:	7c80                	.2byte	0x7c80
     772:	0002                	c.slli64	zero
     774:	0380                	addi	s0,sp,448
     776:	b872                	.2byte	0xb872
     778:	077f                	.2byte	0x77f
     77a:	027c                	addi	a5,sp,268
     77c:	8000                	.2byte	0x8000
     77e:	02dc                	addi	a5,sp,324
     780:	8000                	.2byte	0x8000
     782:	7fb89103          	lh	sp,2043(a7)
     786:	0002dc07          	.4byte	0x2dc07
     78a:	e080                	.2byte	0xe080
     78c:	0002                	c.slli64	zero
     78e:	0180                	addi	s0,sp,192
     790:	005f 3607 0001      	.byte	0x5f, 0x00, 0x07, 0x36, 0x01, 0x00
     796:	8080                	.2byte	0x8080
     798:	0001                	nop
     79a:	0180                	addi	s0,sp,192
     79c:	0760                	addi	s0,sp,908
     79e:	0180                	addi	s0,sp,192
     7a0:	8000                	.2byte	0x8000
     7a2:	0222                	slli	tp,tp,0x8
     7a4:	8000                	.2byte	0x8000
     7a6:	5801                	li	a6,-32
     7a8:	00022207          	.4byte	0x22207
     7ac:	7c80                	.2byte	0x7c80
     7ae:	0002                	c.slli64	zero
     7b0:	0480                	addi	s0,sp,576
     7b2:	9f6001a3          	sb	s6,-1565(zero) # fffff9e3 <_ram_end+0x7ffef9e3>
     7b6:	00027c07          	.4byte	0x27c07
     7ba:	dc80                	sw	s0,56(s1)
     7bc:	0002                	c.slli64	zero
     7be:	0180                	addi	s0,sp,192
     7c0:	0758                	addi	a4,sp,900
     7c2:	02dc                	addi	a5,sp,324
     7c4:	8000                	.2byte	0x8000
     7c6:	02e0                	addi	s0,sp,332
     7c8:	8000                	.2byte	0x8000
     7ca:	6001                	.2byte	0x6001
     7cc:	0700                	addi	s0,sp,896
     7ce:	0136                	slli	sp,sp,0xd
     7d0:	8000                	.2byte	0x8000
     7d2:	0180                	addi	s0,sp,192
     7d4:	8000                	.2byte	0x8000
     7d6:	6101                	addi	sp,sp,0
     7d8:	00018007          	.4byte	0x18007
     7dc:	7a80                	.2byte	0x7a80
     7de:	0002                	c.slli64	zero
     7e0:	0380                	addi	s0,sp,448
     7e2:	bc91                	j	236 <_program_size-0xb52>
     7e4:	077f                	.2byte	0x77f
     7e6:	027a                	slli	tp,tp,0x1e
     7e8:	8000                	.2byte	0x8000
     7ea:	027c                	addi	a5,sp,268
     7ec:	8000                	.2byte	0x8000
     7ee:	7fbc7203          	.4byte	0x7fbc7203
     7f2:	00027c07          	.4byte	0x27c07
     7f6:	dc80                	sw	s0,56(s1)
     7f8:	0002                	c.slli64	zero
     7fa:	0380                	addi	s0,sp,448
     7fc:	bc91                	j	250 <_program_size-0xb38>
     7fe:	077f                	.2byte	0x77f
     800:	02dc                	addi	a5,sp,324
     802:	8000                	.2byte	0x8000
     804:	02e0                	addi	s0,sp,332
     806:	8000                	.2byte	0x8000
     808:	6101                	addi	sp,sp,0
     80a:	0700                	addi	s0,sp,896
     80c:	0136                	slli	sp,sp,0xd
     80e:	8000                	.2byte	0x8000
     810:	027a                	slli	tp,tp,0x1e
     812:	8000                	.2byte	0x8000
     814:	9102                	jalr	sp
     816:	0700                	addi	s0,sp,896
     818:	027a                	slli	tp,tp,0x1e
     81a:	8000                	.2byte	0x8000
     81c:	027c                	addi	a5,sp,268
     81e:	8000                	.2byte	0x8000
     820:	7202                	.2byte	0x7202
     822:	0700                	addi	s0,sp,896
     824:	027c                	addi	a5,sp,268
     826:	8000                	.2byte	0x8000
     828:	02e0                	addi	s0,sp,332
     82a:	8000                	.2byte	0x8000
     82c:	9102                	jalr	sp
     82e:	0000                	unimp
     830:	00017a07          	.4byte	0x17a07
     834:	5e80                	lw	s0,56(a3)
     836:	0002                	c.slli64	zero
     838:	0280                	addi	s0,sp,320
     83a:	0091                	addi	ra,ra,4
     83c:	00027c07          	.4byte	0x27c07
     840:	dc80                	sw	s0,56(s1)
     842:	0002                	c.slli64	zero
     844:	0280                	addi	s0,sp,320
     846:	0091                	addi	ra,ra,4
     848:	0700                	addi	s0,sp,896
     84a:	017a                	slli	sp,sp,0x1e
     84c:	8000                	.2byte	0x8000
     84e:	025e                	slli	tp,tp,0x17
     850:	8000                	.2byte	0x8000
     852:	7fbc9103          	lh	sp,2043(s9)
     856:	00027c07          	.4byte	0x27c07
     85a:	dc80                	sw	s0,56(s1)
     85c:	0002                	c.slli64	zero
     85e:	0380                	addi	s0,sp,448
     860:	bc91                	j	2b4 <_program_size-0xad4>
     862:	007f                	.2byte	0x7f
     864:	00017a07          	.4byte	0x17a07
     868:	8080                	.2byte	0x8080
     86a:	0001                	nop
     86c:	0180                	addi	s0,sp,192
     86e:	0760                	addi	s0,sp,908
     870:	0180                	addi	s0,sp,192
     872:	8000                	.2byte	0x8000
     874:	0222                	slli	tp,tp,0x8
     876:	8000                	.2byte	0x8000
     878:	5801                	li	a6,-32
     87a:	00022207          	.4byte	0x22207
     87e:	5e80                	lw	s0,56(a3)
     880:	0002                	c.slli64	zero
     882:	0480                	addi	s0,sp,576
     884:	9f6001a3          	sb	s6,-1565(zero) # fffff9e3 <_ram_end+0x7ffef9e3>
     888:	00027c07          	.4byte	0x27c07
     88c:	dc80                	sw	s0,56(s1)
     88e:	0002                	c.slli64	zero
     890:	0180                	addi	s0,sp,192
     892:	0058                	addi	a4,sp,4
     894:	00017a07          	.4byte	0x17a07
     898:	5e80                	lw	s0,56(a3)
     89a:	0002                	c.slli64	zero
     89c:	0380                	addi	s0,sp,448
     89e:	b891                	j	f2 <_program_size-0xc96>
     8a0:	077f                	.2byte	0x77f
     8a2:	027c                	addi	a5,sp,268
     8a4:	8000                	.2byte	0x8000
     8a6:	02dc                	addi	a5,sp,324
     8a8:	8000                	.2byte	0x8000
     8aa:	7fb89103          	lh	sp,2043(a7)
     8ae:	0700                	addi	s0,sp,896
     8b0:	017a                	slli	sp,sp,0x1e
     8b2:	8000                	.2byte	0x8000
     8b4:	0218                	addi	a4,sp,256
     8b6:	8000                	.2byte	0x8000
     8b8:	6401                	.2byte	0x6401
     8ba:	00021807          	.4byte	0x21807
     8be:	5e80                	lw	s0,56(a3)
     8c0:	0002                	c.slli64	zero
     8c2:	0480                	addi	s0,sp,576
     8c4:	9f5e01a3          	sb	s5,-1565(t3)
     8c8:	00027c07          	.4byte	0x27c07
     8cc:	ba80                	.2byte	0xba80
     8ce:	0002                	c.slli64	zero
     8d0:	0180                	addi	s0,sp,192
     8d2:	0764                	addi	s1,sp,908
     8d4:	02ba                	slli	t0,t0,0xe
     8d6:	8000                	.2byte	0x8000
     8d8:	02dc                	addi	a5,sp,324
     8da:	8000                	.2byte	0x8000
     8dc:	a304                	.2byte	0xa304
     8de:	5e01                	li	t3,-32
     8e0:	009f 7a07 0001      	.byte	0x9f, 0x00, 0x07, 0x7a, 0x01, 0x00
     8e6:	8080                	.2byte	0x8080
     8e8:	0001                	nop
     8ea:	0180                	addi	s0,sp,192
     8ec:	075d                	addi	a4,a4,23
     8ee:	0180                	addi	s0,sp,192
     8f0:	8000                	.2byte	0x8000
     8f2:	025e                	slli	tp,tp,0x17
     8f4:	8000                	.2byte	0x8000
     8f6:	6601                	.2byte	0x6601
     8f8:	00027c07          	.4byte	0x27c07
     8fc:	dc80                	sw	s0,56(s1)
     8fe:	0002                	c.slli64	zero
     900:	0180                	addi	s0,sp,192
     902:	0066                	c.slli	zero,0x19
     904:	00017a07          	.4byte	0x17a07
     908:	8080                	.2byte	0x8080
     90a:	0001                	nop
     90c:	0180                	addi	s0,sp,192
     90e:	075c                	addi	a5,sp,900
     910:	0180                	addi	s0,sp,192
     912:	8000                	.2byte	0x8000
     914:	01e0                	addi	s0,sp,204
     916:	8000                	.2byte	0x8000
     918:	6701                	.2byte	0x6701
     91a:	0001e007          	.4byte	0x1e007
     91e:	5e80                	lw	s0,56(a3)
     920:	0002                	c.slli64	zero
     922:	0480                	addi	s0,sp,576
     924:	9f5c01a3          	sb	s5,-1565(s8)
     928:	00027c07          	.4byte	0x27c07
     92c:	dc80                	sw	s0,56(s1)
     92e:	0002                	c.slli64	zero
     930:	0480                	addi	s0,sp,576
     932:	9f5c01a3          	sb	s5,-1565(s8)
     936:	0700                	addi	s0,sp,896
     938:	017a                	slli	sp,sp,0x1e
     93a:	8000                	.2byte	0x8000
     93c:	0180                	addi	s0,sp,192
     93e:	8000                	.2byte	0x8000
     940:	5b01                	li	s6,-32
     942:	00018007          	.4byte	0x18007
     946:	ee80                	.2byte	0xee80
     948:	0001                	nop
     94a:	0180                	addi	s0,sp,192
     94c:	0769                	addi	a4,a4,26
     94e:	01ee                	slli	gp,gp,0x1b
     950:	8000                	.2byte	0x8000
     952:	025e                	slli	tp,tp,0x17
     954:	8000                	.2byte	0x8000
     956:	a304                	.2byte	0xa304
     958:	5b01                	li	s6,-32
     95a:	079f 027c 8000      	.byte	0x9f, 0x07, 0x7c, 0x02, 0x00, 0x80
     960:	02dc                	addi	a5,sp,324
     962:	8000                	.2byte	0x8000
     964:	a304                	.2byte	0xa304
     966:	5b01                	li	s6,-32
     968:	009f 7a07 0001      	.byte	0x9f, 0x00, 0x07, 0x7a, 0x01, 0x00
     96e:	8080                	.2byte	0x8080
     970:	0001                	nop
     972:	0180                	addi	s0,sp,192
     974:	075a                	slli	a4,a4,0x16
     976:	0180                	addi	s0,sp,192
     978:	8000                	.2byte	0x8000
     97a:	01ec                	addi	a1,sp,204
     97c:	8000                	.2byte	0x8000
     97e:	6801                	.2byte	0x6801
     980:	0001ec07          	.4byte	0x1ec07
     984:	5e80                	lw	s0,56(a3)
     986:	0002                	c.slli64	zero
     988:	0480                	addi	s0,sp,576
     98a:	9f5a01a3          	sb	s5,-1565(s4)
     98e:	00027c07          	.4byte	0x27c07
     992:	dc80                	sw	s0,56(s1)
     994:	0002                	c.slli64	zero
     996:	0480                	addi	s0,sp,576
     998:	9f5a01a3          	sb	s5,-1565(s4)
     99c:	0700                	addi	s0,sp,896
     99e:	01da                	slli	gp,gp,0x16
     9a0:	8000                	.2byte	0x8000
     9a2:	01f4                	addi	a3,sp,204
     9a4:	8000                	.2byte	0x8000
     9a6:	5a01                	li	s4,-32
     9a8:	00020607          	.4byte	0x20607
     9ac:	0a80                	addi	s0,sp,336
     9ae:	0002                	c.slli64	zero
     9b0:	0180                	addi	s0,sp,192
     9b2:	075a                	slli	a4,a4,0x16
     9b4:	022c                	addi	a1,sp,264
     9b6:	8000                	.2byte	0x8000
     9b8:	025e                	slli	tp,tp,0x17
     9ba:	8000                	.2byte	0x8000
     9bc:	5a01                	li	s4,-32
     9be:	00027c07          	.4byte	0x27c07
     9c2:	8880                	.2byte	0x8880
     9c4:	0002                	c.slli64	zero
     9c6:	0180                	addi	s0,sp,192
     9c8:	075a                	slli	a4,a4,0x16
     9ca:	02b4                	addi	a3,sp,328
     9cc:	8000                	.2byte	0x8000
     9ce:	02ba                	slli	t0,t0,0xe
     9d0:	8000                	.2byte	0x8000
     9d2:	5a01                	li	s4,-32
     9d4:	0002cc07          	.4byte	0x2cc07
     9d8:	d080                	sw	s0,32(s1)
     9da:	0002                	c.slli64	zero
     9dc:	0180                	addi	s0,sp,192
     9de:	005a                	c.slli	zero,0x16
     9e0:	00017a07          	.4byte	0x17a07
     9e4:	8080                	.2byte	0x8080
     9e6:	0001                	nop
     9e8:	0280                	addi	s0,sp,320
     9ea:	9f30                	.2byte	0x9f30
     9ec:	0700                	addi	s0,sp,896
     9ee:	019c                	addi	a5,sp,192
     9f0:	8000                	.2byte	0x8000
     9f2:	01ac                	addi	a1,sp,200
     9f4:	8000                	.2byte	0x8000
     9f6:	3002                	.2byte	0x3002
     9f8:	079f 01ac 8000      	.byte	0x9f, 0x07, 0xac, 0x01, 0x00, 0x80
     9fe:	01b6                	slli	gp,gp,0xd
     a00:	8000                	.2byte	0x8000
     a02:	3102                	.2byte	0x3102
     a04:	079f 01b6 8000      	.byte	0x9f, 0x07, 0xb6, 0x01, 0x00, 0x80
     a0a:	01c4                	addi	s1,sp,196
     a0c:	8000                	.2byte	0x8000
     a0e:	3202                	.2byte	0x3202
     a10:	079f 01c4 8000      	.byte	0x9f, 0x07, 0xc4, 0x01, 0x00, 0x80
     a16:	025e                	slli	tp,tp,0x17
     a18:	8000                	.2byte	0x8000
     a1a:	3302                	.2byte	0x3302
     a1c:	079f 027c 8000      	.byte	0x9f, 0x07, 0x7c, 0x02, 0x00, 0x80
     a22:	02dc                	addi	a5,sp,324
     a24:	8000                	.2byte	0x8000
     a26:	3302                	.2byte	0x3302
     a28:	009f ee07 0001      	.byte	0x9f, 0x00, 0x07, 0xee, 0x01, 0x00
     a2e:	1480                	addi	s0,sp,608
     a30:	0002                	c.slli64	zero
     a32:	0180                	addi	s0,sp,192
     a34:	0759                	addi	a4,a4,22
     a36:	027c                	addi	a5,sp,268
     a38:	8000                	.2byte	0x8000
     a3a:	02ba                	slli	t0,t0,0xe
     a3c:	8000                	.2byte	0x8000
     a3e:	5901                	li	s2,-32
     a40:	0700                	addi	s0,sp,896
     a42:	0280                	addi	s0,sp,320
     a44:	8000                	.2byte	0x8000
     a46:	02a2                	slli	t0,t0,0x8
     a48:	8000                	.2byte	0x8000
     a4a:	6a01                	.2byte	0x6a01
     a4c:	0002a207          	.4byte	0x2a207
     a50:	a480                	.2byte	0xa480
     a52:	0002                	c.slli64	zero
     a54:	0180                	addi	s0,sp,192
     a56:	075f 02a4 8000      	.byte	0x5f, 0x07, 0xa4, 0x02, 0x00, 0x80
     a5c:	02ba                	slli	t0,t0,0xe
     a5e:	8000                	.2byte	0x8000
     a60:	6a01                	.2byte	0x6a01
     a62:	0700                	addi	s0,sp,896
     a64:	0280                	addi	s0,sp,320
     a66:	8000                	.2byte	0x8000
     a68:	0288                	addi	a0,sp,320
     a6a:	8000                	.2byte	0x8000
     a6c:	3002                	.2byte	0x3002
     a6e:	009f 1007 0002      	.byte	0x9f, 0x00, 0x07, 0x10, 0x02, 0x00
     a74:	1a80                	addi	s0,sp,368
     a76:	0002                	c.slli64	zero
     a78:	0380                	addi	s0,sp,448
     a7a:	4008                	lw	a0,0(s0)
     a7c:	079f 021a 8000      	.byte	0x9f, 0x07, 0x1a, 0x02, 0x00, 0x80
     a82:	025e                	slli	tp,tp,0x17
     a84:	8000                	.2byte	0x8000
     a86:	5901                	li	s2,-32
     a88:	0002ba07          	.4byte	0x2ba07
     a8c:	dc80                	sw	s0,56(s1)
     a8e:	0002                	c.slli64	zero
     a90:	0180                	addi	s0,sp,192
     a92:	0059                	c.nop	22
     a94:	00023a07          	.4byte	0x23a07
     a98:	5a80                	lw	s0,48(a3)
     a9a:	0002                	c.slli64	zero
     a9c:	0180                	addi	s0,sp,192
     a9e:	005d                	c.nop	23
     aa0:	00023a07          	.4byte	0x23a07
     aa4:	5a80                	lw	s0,48(a3)
     aa6:	0002                	c.slli64	zero
     aa8:	0280                	addi	s0,sp,320
     aaa:	9f40                	.2byte	0x9f40
     aac:	0700                	addi	s0,sp,896
     aae:	023a                	slli	tp,tp,0xe
     ab0:	8000                	.2byte	0x8000
     ab2:	023c                	addi	a5,sp,264
     ab4:	8000                	.2byte	0x8000
     ab6:	bbc87e07          	.4byte	0xbbc87e07
     aba:	dffd                	beqz	a5,ab8 <_program_size-0x2d0>
     abc:	9f79                	.2byte	0x9f79
     abe:	00023c07          	.4byte	0x23c07
     ac2:	5a80                	lw	s0,48(a3)
     ac4:	0002                	c.slli64	zero
     ac6:	0780                	addi	s0,sp,960
     ac8:	c47e                	sw	t6,8(sp)
     aca:	79dffdbb          	.4byte	0x79dffdbb
     ace:	009f 3a07 0002      	.byte	0x9f, 0x00, 0x07, 0x3a, 0x02, 0x00
     ad4:	5a80                	lw	s0,48(a3)
     ad6:	0002                	c.slli64	zero
     ad8:	0280                	addi	s0,sp,320
     ada:	0091                	addi	ra,ra,4
     adc:	0700                	addi	s0,sp,896
     ade:	023a                	slli	tp,tp,0xe
     ae0:	8000                	.2byte	0x8000
     ae2:	0246                	slli	tp,tp,0x11
     ae4:	8000                	.2byte	0x8000
     ae6:	3002                	.2byte	0x3002
     ae8:	079f 0246 8000      	.byte	0x9f, 0x07, 0x46, 0x02, 0x00, 0x80
     aee:	024e                	slli	tp,tp,0x13
     af0:	8000                	.2byte	0x8000
     af2:	3102                	.2byte	0x3102
     af4:	079f 024e 8000      	.byte	0x9f, 0x07, 0x4e, 0x02, 0x00, 0x80
     afa:	0256                	slli	tp,tp,0x15
     afc:	8000                	.2byte	0x8000
     afe:	3202                	.2byte	0x3202
     b00:	079f 0256 8000      	.byte	0x9f, 0x07, 0x56, 0x02, 0x00, 0x80
     b06:	025a                	slli	tp,tp,0x16
     b08:	8000                	.2byte	0x8000
     b0a:	3302                	.2byte	0x3302
     b0c:	009f 0e13 0000      	.byte	0x9f, 0x00, 0x13, 0x0e, 0x00, 0x00
     b12:	0005                	c.nop	1
     b14:	0004                	.2byte	0x4
     b16:	0000                	unimp
     b18:	0000                	unimp
     b1a:	0006c407          	.4byte	0x6c407
     b1e:	d280                	sw	s0,32(a3)
     b20:	0006                	c.slli	zero,0x1
     b22:	0180                	addi	s0,sp,192
     b24:	075a                	slli	a4,a4,0x16
     b26:	06d2                	slli	a3,a3,0x14
     b28:	8000                	.2byte	0x8000
     b2a:	0754                	addi	a3,sp,900
     b2c:	8000                	.2byte	0x8000
     b2e:	6401                	.2byte	0x6401
     b30:	00075407          	.4byte	0x75407
     b34:	6080                	.2byte	0x6080
     b36:	04800007          	.4byte	0x4800007
     b3a:	9f5a01a3          	sb	s5,-1565(s4)
     b3e:	0700                	addi	s0,sp,896
     b40:	06c4                	addi	s1,sp,836
     b42:	8000                	.2byte	0x8000
     b44:	06d6                	slli	a3,a3,0x15
     b46:	8000                	.2byte	0x8000
     b48:	5b01                	li	s6,-32
     b4a:	0006d607          	.4byte	0x6d607
     b4e:	5680                	lw	s0,40(a3)
     b50:	01800007          	.4byte	0x1800007
     b54:	0765                	addi	a4,a4,25
     b56:	0756                	slli	a4,a4,0x15
     b58:	8000                	.2byte	0x8000
     b5a:	0760                	addi	s0,sp,908
     b5c:	8000                	.2byte	0x8000
     b5e:	a304                	.2byte	0xa304
     b60:	5b01                	li	s6,-32
     b62:	009f c407 0006      	.byte	0x9f, 0x00, 0x07, 0xc4, 0x06, 0x00
     b68:	d880                	sw	s0,48(s1)
     b6a:	0006                	c.slli	zero,0x1
     b6c:	0180                	addi	s0,sp,192
     b6e:	075c                	addi	a5,sp,900
     b70:	06d8                	addi	a4,sp,836
     b72:	8000                	.2byte	0x8000
     b74:	0758                	addi	a4,sp,900
     b76:	8000                	.2byte	0x8000
     b78:	6601                	.2byte	0x6601
     b7a:	00075807          	.4byte	0x75807
     b7e:	6080                	.2byte	0x6080
     b80:	04800007          	.4byte	0x4800007
     b84:	9f5c01a3          	sb	s5,-1565(s8)
     b88:	0700                	addi	s0,sp,896
     b8a:	06c4                	addi	s1,sp,836
     b8c:	8000                	.2byte	0x8000
     b8e:	06f5                	addi	a3,a3,29
     b90:	8000                	.2byte	0x8000
     b92:	5d01                	li	s10,-32
     b94:	0006f507          	.4byte	0x6f507
     b98:	5a80                	lw	s0,48(a3)
     b9a:	01800007          	.4byte	0x1800007
     b9e:	075a0767          	jalr	a4,117(s4)
     ba2:	8000                	.2byte	0x8000
     ba4:	0760                	addi	s0,sp,908
     ba6:	8000                	.2byte	0x8000
     ba8:	a304                	.2byte	0xa304
     baa:	5d01                	li	s10,-32
     bac:	009f c407 0006      	.byte	0x9f, 0x00, 0x07, 0xc4, 0x06, 0x00
     bb2:	f580                	.2byte	0xf580
     bb4:	0006                	c.slli	zero,0x1
     bb6:	0180                	addi	s0,sp,192
     bb8:	075e                	slli	a4,a4,0x17
     bba:	06f5                	addi	a3,a3,29
     bbc:	8000                	.2byte	0x8000
     bbe:	075c                	addi	a5,sp,900
     bc0:	8000                	.2byte	0x8000
     bc2:	6801                	.2byte	0x6801
     bc4:	00075c07          	.4byte	0x75c07
     bc8:	6080                	.2byte	0x6080
     bca:	04800007          	.4byte	0x4800007
     bce:	9f5e01a3          	sb	s5,-1565(t3)
     bd2:	0700                	addi	s0,sp,896
     bd4:	06c4                	addi	s1,sp,836
     bd6:	8000                	.2byte	0x8000
     bd8:	06f5                	addi	a3,a3,29
     bda:	8000                	.2byte	0x8000
     bdc:	5f01                	li	t5,-32
     bde:	0006f507          	.4byte	0x6f507
     be2:	5080                	lw	s0,32(s1)
     be4:	01800007          	.4byte	0x1800007
     be8:	0762                	slli	a4,a4,0x18
     bea:	0750                	addi	a2,sp,900
     bec:	8000                	.2byte	0x8000
     bee:	0760                	addi	s0,sp,908
     bf0:	8000                	.2byte	0x8000
     bf2:	a304                	.2byte	0xa304
     bf4:	5f01                	li	t5,-32
     bf6:	009f c407 0006      	.byte	0x9f, 0x00, 0x07, 0xc4, 0x06, 0x00
     bfc:	f580                	.2byte	0xf580
     bfe:	0006                	c.slli	zero,0x1
     c00:	0180                	addi	s0,sp,192
     c02:	0760                	addi	s0,sp,908
     c04:	06f5                	addi	a3,a3,29
     c06:	8000                	.2byte	0x8000
     c08:	0752                	slli	a4,a4,0x14
     c0a:	8000                	.2byte	0x8000
     c0c:	6301                	.2byte	0x6301
     c0e:	00075207          	.4byte	0x75207
     c12:	6080                	.2byte	0x6080
     c14:	04800007          	.4byte	0x4800007
     c18:	9f6001a3          	sb	s6,-1565(zero) # fffff9e3 <_ram_end+0x7ffef9e3>
     c1c:	0700                	addi	s0,sp,896
     c1e:	06c4                	addi	s1,sp,836
     c20:	8000                	.2byte	0x8000
     c22:	06f5                	addi	a3,a3,29
     c24:	8000                	.2byte	0x8000
     c26:	6101                	addi	sp,sp,0
     c28:	0006f507          	.4byte	0x6f507
     c2c:	4c80                	lw	s0,24(s1)
     c2e:	01800007          	.4byte	0x1800007
     c32:	0758                	addi	a4,sp,900
     c34:	074c                	addi	a1,sp,900
     c36:	8000                	.2byte	0x8000
     c38:	0760                	addi	s0,sp,908
     c3a:	8000                	.2byte	0x8000
     c3c:	a304                	.2byte	0xa304
     c3e:	6101                	addi	sp,sp,0
     c40:	009f 2c07 0007      	.byte	0x9f, 0x00, 0x07, 0x2c, 0x07, 0x00
     c46:	4880                	lw	s0,16(s1)
     c48:	01800007          	.4byte	0x1800007
     c4c:	005a                	c.slli	zero,0x16
     c4e:	00073807          	.4byte	0x73807
     c52:	4880                	lw	s0,16(s1)
     c54:	01800007          	.4byte	0x1800007
     c58:	005f c407 0006      	.byte	0x5f, 0x00, 0x07, 0xc4, 0x06, 0x00
     c5e:	f580                	.2byte	0xf580
     c60:	0006                	c.slli	zero,0x1
     c62:	0180                	addi	s0,sp,192
     c64:	0761                	addi	a4,a4,24
     c66:	06f5                	addi	a3,a3,29
     c68:	8000                	.2byte	0x8000
     c6a:	0716                	slli	a4,a4,0x5
     c6c:	8000                	.2byte	0x8000
     c6e:	5801                	li	a6,-32
     c70:	0700                	addi	s0,sp,896
     c72:	06c4                	addi	s1,sp,836
     c74:	8000                	.2byte	0x8000
     c76:	0702                	c.slli64	a4
     c78:	8000                	.2byte	0x8000
     c7a:	3002                	.2byte	0x3002
     c7c:	079f 0702 8000      	.byte	0x9f, 0x07, 0x02, 0x07, 0x00, 0x80
     c82:	0716                	slli	a4,a4,0x5
     c84:	8000                	.2byte	0x8000
     c86:	3102                	.2byte	0x3102
     c88:	009f a607 0006      	.byte	0x9f, 0x00, 0x07, 0xa6, 0x06, 0x00
     c8e:	ba80                	.2byte	0xba80
     c90:	0006                	c.slli	zero,0x1
     c92:	0180                	addi	s0,sp,192
     c94:	075a                	slli	a4,a4,0x16
     c96:	06ba                	slli	a3,a3,0xe
     c98:	8000                	.2byte	0x8000
     c9a:	06bd                	addi	a3,a3,15
     c9c:	8000                	.2byte	0x8000
     c9e:	5b01                	li	s6,-32
     ca0:	0006bd07          	.4byte	0x6bd07
     ca4:	c480                	sw	s0,8(s1)
     ca6:	0006                	c.slli	zero,0x1
     ca8:	0480                	addi	s0,sp,576
     caa:	9f5a01a3          	sb	s5,-1565(s4)
     cae:	0700                	addi	s0,sp,896
     cb0:	06a6                	slli	a3,a3,0x9
     cb2:	8000                	.2byte	0x8000
     cb4:	06b8                	addi	a4,sp,840
     cb6:	8000                	.2byte	0x8000
     cb8:	5b01                	li	s6,-32
     cba:	0006b807          	.4byte	0x6b807
     cbe:	bd80                	.2byte	0xbd80
     cc0:	0006                	c.slli	zero,0x1
     cc2:	0180                	addi	s0,sp,192
     cc4:	075c                	addi	a5,sp,900
     cc6:	06bd                	addi	a3,a3,15
     cc8:	8000                	.2byte	0x8000
     cca:	06c4                	addi	s1,sp,836
     ccc:	8000                	.2byte	0x8000
     cce:	a304                	.2byte	0xa304
     cd0:	5b01                	li	s6,-32
     cd2:	009f a607 0006      	.byte	0x9f, 0x00, 0x07, 0xa6, 0x06, 0x00
     cd8:	b680                	.2byte	0xb680
     cda:	0006                	c.slli	zero,0x1
     cdc:	0180                	addi	s0,sp,192
     cde:	075c                	addi	a5,sp,900
     ce0:	06b6                	slli	a3,a3,0xd
     ce2:	8000                	.2byte	0x8000
     ce4:	06bd                	addi	a3,a3,15
     ce6:	8000                	.2byte	0x8000
     ce8:	5d01                	li	s10,-32
     cea:	0006bd07          	.4byte	0x6bd07
     cee:	c480                	sw	s0,8(s1)
     cf0:	0006                	c.slli	zero,0x1
     cf2:	0480                	addi	s0,sp,576
     cf4:	9f5c01a3          	sb	s5,-1565(s8)
     cf8:	0700                	addi	s0,sp,896
     cfa:	06a6                	slli	a3,a3,0x9
     cfc:	8000                	.2byte	0x8000
     cfe:	06b4                	addi	a3,sp,840
     d00:	8000                	.2byte	0x8000
     d02:	5d01                	li	s10,-32
     d04:	0006b407          	.4byte	0x6b407
     d08:	bd80                	.2byte	0xbd80
     d0a:	0006                	c.slli	zero,0x1
     d0c:	0180                	addi	s0,sp,192
     d0e:	075e                	slli	a4,a4,0x17
     d10:	06bd                	addi	a3,a3,15
     d12:	8000                	.2byte	0x8000
     d14:	06c4                	addi	s1,sp,836
     d16:	8000                	.2byte	0x8000
     d18:	a304                	.2byte	0xa304
     d1a:	5d01                	li	s10,-32
     d1c:	009f a607 0006      	.byte	0x9f, 0x00, 0x07, 0xa6, 0x06, 0x00
     d22:	b280                	.2byte	0xb280
     d24:	0006                	c.slli	zero,0x1
     d26:	0180                	addi	s0,sp,192
     d28:	075e                	slli	a4,a4,0x17
     d2a:	06b2                	slli	a3,a3,0xc
     d2c:	8000                	.2byte	0x8000
     d2e:	06bd                	addi	a3,a3,15
     d30:	8000                	.2byte	0x8000
     d32:	5f01                	li	t5,-32
     d34:	0006bd07          	.4byte	0x6bd07
     d38:	c480                	sw	s0,8(s1)
     d3a:	0006                	c.slli	zero,0x1
     d3c:	0480                	addi	s0,sp,576
     d3e:	9f5e01a3          	sb	s5,-1565(t3)
     d42:	0700                	addi	s0,sp,896
     d44:	06a6                	slli	a3,a3,0x9
     d46:	8000                	.2byte	0x8000
     d48:	06b0                	addi	a2,sp,840
     d4a:	8000                	.2byte	0x8000
     d4c:	5f01                	li	t5,-32
     d4e:	0006b007          	.4byte	0x6b007
     d52:	bd80                	.2byte	0xbd80
     d54:	0006                	c.slli	zero,0x1
     d56:	0180                	addi	s0,sp,192
     d58:	0760                	addi	s0,sp,908
     d5a:	06bd                	addi	a3,a3,15
     d5c:	8000                	.2byte	0x8000
     d5e:	06c4                	addi	s1,sp,836
     d60:	8000                	.2byte	0x8000
     d62:	a304                	.2byte	0xa304
     d64:	5f01                	li	t5,-32
     d66:	009f a607 0006      	.byte	0x9f, 0x00, 0x07, 0xa6, 0x06, 0x00
     d6c:	ae80                	.2byte	0xae80
     d6e:	0006                	c.slli	zero,0x1
     d70:	0180                	addi	s0,sp,192
     d72:	0760                	addi	s0,sp,908
     d74:	06ae                	slli	a3,a3,0xb
     d76:	8000                	.2byte	0x8000
     d78:	06bd                	addi	a3,a3,15
     d7a:	8000                	.2byte	0x8000
     d7c:	6101                	addi	sp,sp,0
     d7e:	0006bd07          	.4byte	0x6bd07
     d82:	c480                	sw	s0,8(s1)
     d84:	0006                	c.slli	zero,0x1
     d86:	0480                	addi	s0,sp,576
     d88:	9f6001a3          	sb	s6,-1565(zero) # fffff9e3 <_ram_end+0x7ffef9e3>
     d8c:	0700                	addi	s0,sp,896
     d8e:	06a6                	slli	a3,a3,0x9
     d90:	8000                	.2byte	0x8000
     d92:	06ac                	addi	a1,sp,840
     d94:	8000                	.2byte	0x8000
     d96:	6101                	addi	sp,sp,0
     d98:	0006ac07          	.4byte	0x6ac07
     d9c:	bd80                	.2byte	0xbd80
     d9e:	0006                	c.slli	zero,0x1
     da0:	0280                	addi	s0,sp,320
     da2:	0072                	c.slli	zero,0x1c
     da4:	0006bd07          	.4byte	0x6bd07
     da8:	c480                	sw	s0,8(s1)
     daa:	0006                	c.slli	zero,0x1
     dac:	0480                	addi	s0,sp,576
     dae:	9f6101a3          	sb	s6,-1565(sp)
     db2:	0700                	addi	s0,sp,896
	...
     dbc:	5a01                	li	s4,-32
     dbe:	00000007          	.4byte	0x7
     dc2:	0000                	unimp
     dc4:	0000                	unimp
     dc6:	0100                	addi	s0,sp,128
     dc8:	0000075b          	.4byte	0x75b
     dcc:	0000                	unimp
     dce:	0000                	unimp
     dd0:	0000                	unimp
     dd2:	a304                	.2byte	0xa304
     dd4:	5a01                	li	s4,-32
     dd6:	009f 0007 0000      	.byte	0x9f, 0x00, 0x07, 0x00, 0x00, 0x00
     ddc:	0000                	unimp
     dde:	0000                	unimp
     de0:	0100                	addi	s0,sp,128
     de2:	0000075b          	.4byte	0x75b
     de6:	0000                	unimp
     de8:	0000                	unimp
     dea:	0000                	unimp
     dec:	5c01                	li	s8,-32
     dee:	00000007          	.4byte	0x7
     df2:	0000                	unimp
     df4:	0000                	unimp
     df6:	0400                	addi	s0,sp,512
     df8:	9f5b01a3          	sb	s5,-1565(s6)
     dfc:	0700                	addi	s0,sp,896
	...
     e06:	5c01                	li	s8,-32
     e08:	00000007          	.4byte	0x7
     e0c:	0000                	unimp
     e0e:	0000                	unimp
     e10:	0100                	addi	s0,sp,128
     e12:	075d                	addi	a4,a4,23
	...
     e1c:	a304                	.2byte	0xa304
     e1e:	5c01                	li	s8,-32
     e20:	009f 0007 0000      	.byte	0x9f, 0x00, 0x07, 0x00, 0x00, 0x00
     e26:	0000                	unimp
     e28:	0000                	unimp
     e2a:	0100                	addi	s0,sp,128
     e2c:	075d                	addi	a4,a4,23
	...
     e36:	5e01                	li	t3,-32
     e38:	00000007          	.4byte	0x7
     e3c:	0000                	unimp
     e3e:	0000                	unimp
     e40:	0400                	addi	s0,sp,512
     e42:	9f5d01a3          	sb	s5,-1565(s10)
     e46:	0700                	addi	s0,sp,896
	...
     e50:	5e01                	li	t3,-32
     e52:	00000007          	.4byte	0x7
     e56:	0000                	unimp
     e58:	0000                	unimp
     e5a:	0100                	addi	s0,sp,128
     e5c:	075f 0000 0000      	.byte	0x5f, 0x07, 0x00, 0x00, 0x00, 0x00
     e62:	0000                	unimp
     e64:	0000                	unimp
     e66:	a304                	.2byte	0xa304
     e68:	5e01                	li	t3,-32
     e6a:	009f 0007 0000      	.byte	0x9f, 0x00, 0x07, 0x00, 0x00, 0x00
     e70:	0000                	unimp
     e72:	0000                	unimp
     e74:	0100                	addi	s0,sp,128
     e76:	075f 0000 0000      	.byte	0x5f, 0x07, 0x00, 0x00, 0x00, 0x00
     e7c:	0000                	unimp
     e7e:	0000                	unimp
     e80:	6001                	.2byte	0x6001
     e82:	00000007          	.4byte	0x7
     e86:	0000                	unimp
     e88:	0000                	unimp
     e8a:	0400                	addi	s0,sp,512
     e8c:	9f5f01a3          	sb	s5,-1565(t5)
     e90:	0700                	addi	s0,sp,896
	...
     e9a:	5a01                	li	s4,-32
     e9c:	00000007          	.4byte	0x7
     ea0:	0000                	unimp
     ea2:	0000                	unimp
     ea4:	0100                	addi	s0,sp,128
     ea6:	075d                	addi	a4,a4,23
	...
     eb0:	a304                	.2byte	0xa304
     eb2:	5a01                	li	s4,-32
     eb4:	009f 0007 0000      	.byte	0x9f, 0x00, 0x07, 0x00, 0x00, 0x00
     eba:	0000                	unimp
     ebc:	0000                	unimp
     ebe:	0100                	addi	s0,sp,128
     ec0:	0000075b          	.4byte	0x75b
     ec4:	0000                	unimp
     ec6:	0000                	unimp
     ec8:	0000                	unimp
     eca:	5e01                	li	t3,-32
     ecc:	00000007          	.4byte	0x7
     ed0:	0000                	unimp
     ed2:	0000                	unimp
     ed4:	0400                	addi	s0,sp,512
     ed6:	9f5b01a3          	sb	s5,-1565(s6)
     eda:	0700                	addi	s0,sp,896
	...
     ee4:	5c01                	li	s8,-32
     ee6:	00000007          	.4byte	0x7
     eea:	0000                	unimp
     eec:	0000                	unimp
     eee:	0100                	addi	s0,sp,128
     ef0:	075f 0000 0000      	.byte	0x5f, 0x07, 0x00, 0x00, 0x00, 0x00
     ef6:	0000                	unimp
     ef8:	0000                	unimp
     efa:	a304                	.2byte	0xa304
     efc:	5c01                	li	s8,-32
     efe:	009f 0007 0000      	.byte	0x9f, 0x00, 0x07, 0x00, 0x00, 0x00
     f04:	0000                	unimp
     f06:	0000                	unimp
     f08:	0100                	addi	s0,sp,128
     f0a:	075d                	addi	a4,a4,23
	...
     f14:	6001                	.2byte	0x6001
     f16:	00000007          	.4byte	0x7
     f1a:	0000                	unimp
     f1c:	0000                	unimp
     f1e:	0400                	addi	s0,sp,512
     f20:	9f5d01a3          	sb	s5,-1565(s10)
     f24:	0700                	addi	s0,sp,896
	...
     f2e:	5a01                	li	s4,-32
     f30:	00000007          	.4byte	0x7
     f34:	0000                	unimp
     f36:	0000                	unimp
     f38:	0400                	addi	s0,sp,512
     f3a:	9f5a01a3          	sb	s5,-1565(s4)
     f3e:	00000007          	.4byte	0x7
     f42:	0000                	unimp
     f44:	0000                	unimp
     f46:	0100                	addi	s0,sp,128
     f48:	075a                	slli	a4,a4,0x16
	...
     f52:	6301                	.2byte	0x6301
     f54:	00000007          	.4byte	0x7
     f58:	0000                	unimp
     f5a:	0000                	unimp
     f5c:	0400                	addi	s0,sp,512
     f5e:	9f5a01a3          	sb	s5,-1565(s4)
     f62:	0700                	addi	s0,sp,896
	...
     f6c:	5b01                	li	s6,-32
     f6e:	00000007          	.4byte	0x7
     f72:	0000                	unimp
     f74:	0000                	unimp
     f76:	0400                	addi	s0,sp,512
     f78:	9f5b01a3          	sb	s5,-1565(s6)
     f7c:	00000007          	.4byte	0x7
     f80:	0000                	unimp
     f82:	0000                	unimp
     f84:	0100                	addi	s0,sp,128
     f86:	0000075b          	.4byte	0x75b
     f8a:	0000                	unimp
     f8c:	0000                	unimp
     f8e:	0000                	unimp
     f90:	6701                	.2byte	0x6701
     f92:	0700                	addi	s0,sp,896
	...
     f9c:	5c01                	li	s8,-32
     f9e:	00000007          	.4byte	0x7
     fa2:	0000                	unimp
     fa4:	0000                	unimp
     fa6:	0400                	addi	s0,sp,512
     fa8:	9f5c01a3          	sb	s5,-1565(s8)
     fac:	00000007          	.4byte	0x7
     fb0:	0000                	unimp
     fb2:	0000                	unimp
     fb4:	0100                	addi	s0,sp,128
     fb6:	075c                	addi	a5,sp,900
	...
     fc0:	6201                	.2byte	0x6201
     fc2:	0700                	addi	s0,sp,896
	...
     fcc:	5d01                	li	s10,-32
     fce:	00000007          	.4byte	0x7
     fd2:	0000                	unimp
     fd4:	0000                	unimp
     fd6:	0400                	addi	s0,sp,512
     fd8:	9f5d01a3          	sb	s5,-1565(s10)
     fdc:	00000007          	.4byte	0x7
     fe0:	0000                	unimp
     fe2:	0000                	unimp
     fe4:	0100                	addi	s0,sp,128
     fe6:	075d                	addi	a4,a4,23
	...
     ff0:	6501                	.2byte	0x6501
     ff2:	0700                	addi	s0,sp,896
	...
     ffc:	5e01                	li	t3,-32
     ffe:	00000007          	.4byte	0x7
    1002:	0000                	unimp
    1004:	0000                	unimp
    1006:	0100                	addi	s0,sp,128
    1008:	0766                	slli	a4,a4,0x19
	...
    1012:	a304                	.2byte	0xa304
    1014:	5e01                	li	t3,-32
    1016:	079f 0000 0000      	.byte	0x9f, 0x07, 0x00, 0x00, 0x00, 0x00
    101c:	0000                	unimp
    101e:	0000                	unimp
    1020:	6601                	.2byte	0x6601
    1022:	0700                	addi	s0,sp,896
	...
    102c:	5f01                	li	t5,-32
    102e:	00000007          	.4byte	0x7
    1032:	0000                	unimp
    1034:	0000                	unimp
    1036:	0100                	addi	s0,sp,128
    1038:	0764                	addi	s1,sp,908
	...
    1042:	a304                	.2byte	0xa304
    1044:	5f01                	li	t5,-32
    1046:	079f 0000 0000      	.byte	0x9f, 0x07, 0x00, 0x00, 0x00, 0x00
    104c:	0000                	unimp
    104e:	0000                	unimp
    1050:	6401                	.2byte	0x6401
    1052:	0700                	addi	s0,sp,896
	...
    105c:	6001                	.2byte	0x6001
    105e:	00000007          	.4byte	0x7
    1062:	0000                	unimp
    1064:	0000                	unimp
    1066:	0400                	addi	s0,sp,512
    1068:	9f6001a3          	sb	s6,-1565(zero) # fffff9e3 <_ram_end+0x7ffef9e3>
    106c:	00000007          	.4byte	0x7
    1070:	0000                	unimp
    1072:	0000                	unimp
    1074:	0100                	addi	s0,sp,128
    1076:	0760                	addi	s0,sp,908
	...
    1080:	5901                	li	s2,-32
    1082:	0700                	addi	s0,sp,896
	...
    108c:	5801                	li	a6,-32
    108e:	00000007          	.4byte	0x7
    1092:	0000                	unimp
    1094:	0000                	unimp
    1096:	0100                	addi	s0,sp,128
    1098:	0058                	addi	a4,sp,4
    109a:	00000007          	.4byte	0x7
    109e:	0000                	unimp
    10a0:	0000                	unimp
    10a2:	0600                	addi	s0,sp,768
    10a4:	936a                	add	t1,t1,s10
    10a6:	6904                	.2byte	0x6904
    10a8:	07000493          	li	s1,112
	...
    10b4:	3002                	.2byte	0x3002
    10b6:	079f 0000 0000      	.byte	0x9f, 0x07, 0x00, 0x00, 0x00, 0x00
    10bc:	0000                	unimp
    10be:	0000                	unimp
    10c0:	5801                	li	a6,-32
    10c2:	0700                	addi	s0,sp,896
	...
    10cc:	6301                	.2byte	0x6301
    10ce:	0700                	addi	s0,sp,896
	...
    10d8:	5a01                	li	s4,-32
    10da:	00000007          	.4byte	0x7
    10de:	0000                	unimp
    10e0:	0000                	unimp
    10e2:	0100                	addi	s0,sp,128
    10e4:	0762                	slli	a4,a4,0x18
	...
    10ee:	a304                	.2byte	0xa304
    10f0:	5a01                	li	s4,-32
    10f2:	009f 0007 0000      	.byte	0x9f, 0x00, 0x07, 0x00, 0x00, 0x00
    10f8:	0000                	unimp
    10fa:	0000                	unimp
    10fc:	0100                	addi	s0,sp,128
    10fe:	0000075b          	.4byte	0x75b
    1102:	0000                	unimp
    1104:	0000                	unimp
    1106:	0000                	unimp
    1108:	9102                	jalr	sp
    110a:	076c                	addi	a1,sp,908
	...
    1114:	7202                	.2byte	0x7202
    1116:	006c                	addi	a1,sp,12
    1118:	00000007          	.4byte	0x7
    111c:	0000                	unimp
    111e:	0000                	unimp
    1120:	0100                	addi	s0,sp,128
    1122:	075c                	addi	a5,sp,900
	...
    112c:	5901                	li	s2,-32
    112e:	00000007          	.4byte	0x7
    1132:	0000                	unimp
    1134:	0000                	unimp
    1136:	0400                	addi	s0,sp,512
    1138:	9f5c01a3          	sb	s5,-1565(s8)
    113c:	0700                	addi	s0,sp,896
	...
    1146:	5801                	li	a6,-32
    1148:	00000007          	.4byte	0x7
    114c:	0000                	unimp
    114e:	0000                	unimp
    1150:	0100                	addi	s0,sp,128
    1152:	005a                	c.slli	zero,0x16
    1154:	00000007          	.4byte	0x7
    1158:	0000                	unimp
    115a:	0000                	unimp
    115c:	0200                	addi	s0,sp,256
    115e:	9f34                	.2byte	0x9f34
    1160:	0700                	addi	s0,sp,896
	...
    116a:	3202                	.2byte	0x3202
    116c:	009f 0007 0000      	.byte	0x9f, 0x00, 0x07, 0x00, 0x00, 0x00
    1172:	0000                	unimp
    1174:	0000                	unimp
    1176:	0200                	addi	s0,sp,256
    1178:	9f34                	.2byte	0x9f34
    117a:	0700                	addi	s0,sp,896
	...
    1184:	3202                	.2byte	0x3202
    1186:	009f 6a07 0004      	.byte	0x9f, 0x00, 0x07, 0x6a, 0x04, 0x00
    118c:	8a80                	.2byte	0x8a80
    118e:	0004                	.2byte	0x4
    1190:	0180                	addi	s0,sp,192
    1192:	075a                	slli	a4,a4,0x16
    1194:	048a                	slli	s1,s1,0x2
    1196:	8000                	.2byte	0x8000
    1198:	0496                	slli	s1,s1,0x5
    119a:	8000                	.2byte	0x8000
    119c:	6201                	.2byte	0x6201
    119e:	00049607          	.4byte	0x49607
    11a2:	9e80                	.2byte	0x9e80
    11a4:	0004                	.2byte	0x4
    11a6:	0480                	addi	s0,sp,576
    11a8:	9f5a01a3          	sb	s5,-1565(s4)
    11ac:	00049e07          	.4byte	0x49e07
    11b0:	c080                	sw	s0,0(s1)
    11b2:	0004                	.2byte	0x4
    11b4:	0180                	addi	s0,sp,192
    11b6:	0062                	c.slli	zero,0x18
    11b8:	00046a07          	.4byte	0x46a07
    11bc:	8a80                	.2byte	0x8a80
    11be:	0004                	.2byte	0x4
    11c0:	0180                	addi	s0,sp,192
    11c2:	048a075b          	.4byte	0x48a075b
    11c6:	8000                	.2byte	0x8000
    11c8:	0494                	addi	a3,sp,576
    11ca:	8000                	.2byte	0x8000
    11cc:	5901                	li	s2,-32
    11ce:	00049407          	.4byte	0x49407
    11d2:	9e80                	.2byte	0x9e80
    11d4:	0004                	.2byte	0x4
    11d6:	0480                	addi	s0,sp,576
    11d8:	9f5b01a3          	sb	s5,-1565(s6)
    11dc:	00049e07          	.4byte	0x49e07
    11e0:	c080                	sw	s0,0(s1)
    11e2:	0004                	.2byte	0x4
    11e4:	0180                	addi	s0,sp,192
    11e6:	0059                	c.nop	22
    11e8:	00046a07          	.4byte	0x46a07
    11ec:	8a80                	.2byte	0x8a80
    11ee:	0004                	.2byte	0x4
    11f0:	0280                	addi	s0,sp,320
    11f2:	9f30                	.2byte	0x9f30
    11f4:	0700                	addi	s0,sp,896
    11f6:	0416                	slli	s0,s0,0x5
    11f8:	8000                	.2byte	0x8000
    11fa:	0436                	slli	s0,s0,0xd
    11fc:	8000                	.2byte	0x8000
    11fe:	5a01                	li	s4,-32
    1200:	00043607          	.4byte	0x43607
    1204:	6280                	.2byte	0x6280
    1206:	0004                	.2byte	0x4
    1208:	0180                	addi	s0,sp,192
    120a:	0762                	slli	a4,a4,0x18
    120c:	0462                	slli	s0,s0,0x18
    120e:	8000                	.2byte	0x8000
    1210:	046a                	slli	s0,s0,0x1a
    1212:	8000                	.2byte	0x8000
    1214:	a304                	.2byte	0xa304
    1216:	5a01                	li	s4,-32
    1218:	009f 1607 0004      	.byte	0x9f, 0x00, 0x07, 0x16, 0x04, 0x00
    121e:	3680                	.2byte	0x3680
    1220:	0004                	.2byte	0x4
    1222:	0180                	addi	s0,sp,192
    1224:	0436075b          	.4byte	0x436075b
    1228:	8000                	.2byte	0x8000
    122a:	0460                	addi	s0,sp,524
    122c:	8000                	.2byte	0x8000
    122e:	5901                	li	s2,-32
    1230:	00046007          	.4byte	0x46007
    1234:	6a80                	.2byte	0x6a80
    1236:	0004                	.2byte	0x4
    1238:	0480                	addi	s0,sp,576
    123a:	9f5b01a3          	sb	s5,-1565(s6)
    123e:	0700                	addi	s0,sp,896
    1240:	03ea                	slli	t2,t2,0x1a
    1242:	8000                	.2byte	0x8000
    1244:	0406                	slli	s0,s0,0x1
    1246:	8000                	.2byte	0x8000
    1248:	5a01                	li	s4,-32
    124a:	00040607          	.4byte	0x40607
    124e:	0880                	addi	s0,sp,80
    1250:	0004                	.2byte	0x4
    1252:	0480                	addi	s0,sp,576
    1254:	9f5a01a3          	sb	s5,-1565(s4)
    1258:	00040807          	.4byte	0x40807
    125c:	0e80                	addi	s0,sp,848
    125e:	0004                	.2byte	0x4
    1260:	0180                	addi	s0,sp,192
    1262:	075a                	slli	a4,a4,0x16
    1264:	040e                	slli	s0,s0,0x3
    1266:	8000                	.2byte	0x8000
    1268:	0410                	addi	a2,sp,512
    126a:	8000                	.2byte	0x8000
    126c:	a304                	.2byte	0xa304
    126e:	5a01                	li	s4,-32
    1270:	009f ea07 0003      	.byte	0x9f, 0x00, 0x07, 0xea, 0x03, 0x00
    1276:	f880                	.2byte	0xf880
    1278:	01800003          	lb	zero,24(zero) # 18 <_program_size-0xd70>
    127c:	03f8075b          	.4byte	0x3f8075b
    1280:	8000                	.2byte	0x8000
    1282:	0410                	addi	a2,sp,512
    1284:	8000                	.2byte	0x8000
    1286:	a304                	.2byte	0xa304
    1288:	5b01                	li	s6,-32
    128a:	009f ea07 0003      	.byte	0x9f, 0x00, 0x07, 0xea, 0x03, 0x00
    1290:	f880                	.2byte	0xf880
    1292:	06800003          	lb	zero,104(zero) # 68 <_program_size-0xd20>
    1296:	400c                	lw	a1,0(s0)
    1298:	030d                	addi	t1,t1,3
    129a:	9f00                	.2byte	0x9f00
    129c:	0003f807          	.4byte	0x3f807
    12a0:	0880                	addi	s0,sp,80
    12a2:	0004                	.2byte	0x4
    12a4:	0180                	addi	s0,sp,192
    12a6:	075e                	slli	a4,a4,0x17
    12a8:	0408                	addi	a0,sp,512
    12aa:	8000                	.2byte	0x8000
    12ac:	040a                	slli	s0,s0,0x2
    12ae:	8000                	.2byte	0x8000
    12b0:	9f7f7e03          	.4byte	0x9f7f7e03
    12b4:	00040a07          	.4byte	0x40a07
    12b8:	1080                	addi	s0,sp,96
    12ba:	0004                	.2byte	0x4
    12bc:	0180                	addi	s0,sp,192
    12be:	005e                	c.slli	zero,0x17
    12c0:	0003ca07          	.4byte	0x3ca07
    12c4:	d080                	sw	s0,32(s1)
    12c6:	01800003          	lb	zero,24(zero) # 18 <_program_size-0xd70>
    12ca:	03d0075b          	.4byte	0x3d0075b
    12ce:	8000                	.2byte	0x8000
    12d0:	03ea                	slli	t2,t2,0x1a
    12d2:	8000                	.2byte	0x8000
    12d4:	a304                	.2byte	0xa304
    12d6:	5b01                	li	s6,-32
    12d8:	009f ca07 0003      	.byte	0x9f, 0x00, 0x07, 0xca, 0x03, 0x00
    12de:	e080                	.2byte	0xe080
    12e0:	02800003          	lb	zero,40(zero) # 28 <_program_size-0xd60>
    12e4:	9f30                	.2byte	0x9f30
    12e6:	0003e007          	.4byte	0x3e007
    12ea:	ea80                	.2byte	0xea80
    12ec:	02800003          	lb	zero,40(zero) # 28 <_program_size-0xd60>
    12f0:	9f31                	.2byte	0x9f31
    12f2:	0700                	addi	s0,sp,896
    12f4:	03a4                	addi	s1,sp,456
    12f6:	8000                	.2byte	0x8000
    12f8:	03aa                	slli	t2,t2,0xa
    12fa:	8000                	.2byte	0x8000
    12fc:	5a01                	li	s4,-32
    12fe:	0003aa07          	.4byte	0x3aa07
    1302:	ca80                	sw	s0,16(a3)
    1304:	01800003          	lb	zero,24(zero) # 18 <_program_size-0xd70>
    1308:	005e                	c.slli	zero,0x17
    130a:	0003a407          	.4byte	0x3a407
    130e:	ae80                	.2byte	0xae80
    1310:	01800003          	lb	zero,24(zero) # 18 <_program_size-0xd70>
    1314:	03ae075b          	.4byte	0x3ae075b
    1318:	8000                	.2byte	0x8000
    131a:	03ca                	slli	t2,t2,0x12
    131c:	8000                	.2byte	0x8000
    131e:	a304                	.2byte	0xa304
    1320:	5b01                	li	s6,-32
    1322:	009f a407 0003      	.byte	0x9f, 0x00, 0x07, 0xa4, 0x03, 0x00
    1328:	ae80                	.2byte	0xae80
    132a:	02800003          	lb	zero,40(zero) # 28 <_program_size-0xd60>
    132e:	9f30                	.2byte	0x9f30
    1330:	0003ae07          	.4byte	0x3ae07
    1334:	ca80                	sw	s0,16(a3)
    1336:	01800003          	lb	zero,24(zero) # 18 <_program_size-0xd70>
    133a:	005a                	c.slli	zero,0x16
    133c:	0003a407          	.4byte	0x3a407
    1340:	c080                	sw	s0,0(s1)
    1342:	02800003          	lb	zero,40(zero) # 28 <_program_size-0xd60>
    1346:	9f30                	.2byte	0x9f30
    1348:	0003c007          	.4byte	0x3c007
    134c:	ca80                	sw	s0,16(a3)
    134e:	02800003          	lb	zero,40(zero) # 28 <_program_size-0xd60>
    1352:	9f31                	.2byte	0x9f31
    1354:	0700                	addi	s0,sp,896
    1356:	04c0                	addi	s0,sp,580
    1358:	8000                	.2byte	0x8000
    135a:	04cc                	addi	a1,sp,580
    135c:	8000                	.2byte	0x8000
    135e:	5a01                	li	s4,-32
    1360:	0004cc07          	.4byte	0x4cc07
    1364:	2680                	.2byte	0x2680
    1366:	0005                	c.nop	1
    1368:	0180                	addi	s0,sp,192
    136a:	05260763          	beq	a2,s2,13b8 <_program_size+0x630>
    136e:	8000                	.2byte	0x8000
    1370:	0536                	slli	a0,a0,0xd
    1372:	8000                	.2byte	0x8000
    1374:	a304                	.2byte	0xa304
    1376:	5a01                	li	s4,-32
    1378:	009f c007 0004      	.byte	0x9f, 0x00, 0x07, 0xc0, 0x04, 0x00
    137e:	ce80                	sw	s0,24(a3)
    1380:	0004                	.2byte	0x4
    1382:	0180                	addi	s0,sp,192
    1384:	04ce075b          	.4byte	0x4ce075b
    1388:	8000                	.2byte	0x8000
    138a:	0528                	addi	a0,sp,648
    138c:	8000                	.2byte	0x8000
    138e:	6401                	.2byte	0x6401
    1390:	00052807          	.4byte	0x52807
    1394:	3680                	.2byte	0x3680
    1396:	0005                	c.nop	1
    1398:	0480                	addi	s0,sp,576
    139a:	9f5b01a3          	sb	s5,-1565(s6)
    139e:	0700                	addi	s0,sp,896
    13a0:	04c0                	addi	s0,sp,580
    13a2:	8000                	.2byte	0x8000
    13a4:	04e5                	addi	s1,s1,25
    13a6:	8000                	.2byte	0x8000
    13a8:	5c01                	li	s8,-32
    13aa:	0004e507          	.4byte	0x4e507
    13ae:	2a80                	.2byte	0x2a80
    13b0:	0005                	c.nop	1
    13b2:	0180                	addi	s0,sp,192
    13b4:	0765                	addi	a4,a4,25
    13b6:	052a                	slli	a0,a0,0xa
    13b8:	8000                	.2byte	0x8000
    13ba:	0536                	slli	a0,a0,0xd
    13bc:	8000                	.2byte	0x8000
    13be:	a304                	.2byte	0xa304
    13c0:	5c01                	li	s8,-32
    13c2:	009f c007 0004      	.byte	0x9f, 0x00, 0x07, 0xc0, 0x04, 0x00
    13c8:	e580                	.2byte	0xe580
    13ca:	0004                	.2byte	0x4
    13cc:	0180                	addi	s0,sp,192
    13ce:	075d                	addi	a4,a4,23
    13d0:	04e5                	addi	s1,s1,25
    13d2:	8000                	.2byte	0x8000
    13d4:	052c                	addi	a1,sp,648
    13d6:	8000                	.2byte	0x8000
    13d8:	6601                	.2byte	0x6601
    13da:	00052c07          	.4byte	0x52c07
    13de:	3680                	.2byte	0x3680
    13e0:	0005                	c.nop	1
    13e2:	0480                	addi	s0,sp,576
    13e4:	9f5d01a3          	sb	s5,-1565(s10)
    13e8:	0700                	addi	s0,sp,896
    13ea:	04c0                	addi	s0,sp,580
    13ec:	8000                	.2byte	0x8000
    13ee:	04e5                	addi	s1,s1,25
    13f0:	8000                	.2byte	0x8000
    13f2:	5e01                	li	t3,-32
    13f4:	0004e507          	.4byte	0x4e507
    13f8:	1480                	addi	s0,sp,608
    13fa:	0005                	c.nop	1
    13fc:	0180                	addi	s0,sp,192
    13fe:	0759                	addi	a4,a4,22
    1400:	0514                	addi	a3,sp,640
    1402:	8000                	.2byte	0x8000
    1404:	0536                	slli	a0,a0,0xd
    1406:	8000                	.2byte	0x8000
    1408:	a304                	.2byte	0xa304
    140a:	5e01                	li	t3,-32
    140c:	009f c007 0004      	.byte	0x9f, 0x00, 0x07, 0xc0, 0x04, 0x00
    1412:	e580                	.2byte	0xe580
    1414:	0004                	.2byte	0x4
    1416:	0180                	addi	s0,sp,192
    1418:	075f 04e5 8000      	.byte	0x5f, 0x07, 0xe5, 0x04, 0x00, 0x80
    141e:	0512                	slli	a0,a0,0x4
    1420:	8000                	.2byte	0x8000
    1422:	5801                	li	a6,-32
    1424:	00051207          	.4byte	0x51207
    1428:	3680                	.2byte	0x3680
    142a:	0005                	c.nop	1
    142c:	0480                	addi	s0,sp,576
    142e:	9f5f01a3          	sb	s5,-1565(t5)
    1432:	0700                	addi	s0,sp,896
    1434:	04e8                	addi	a0,sp,588
    1436:	8000                	.2byte	0x8000
    1438:	04f0                	addi	a2,sp,588
    143a:	8000                	.2byte	0x8000
    143c:	5a01                	li	s4,-32
    143e:	0004f007          	.4byte	0x4f007
    1442:	3280                	.2byte	0x3280
    1444:	0005                	c.nop	1
    1446:	0180                	addi	s0,sp,192
    1448:	0762                	slli	a4,a4,0x18
    144a:	0532                	slli	a0,a0,0xc
    144c:	8000                	.2byte	0x8000
    144e:	0536                	slli	a0,a0,0xd
    1450:	8000                	.2byte	0x8000
    1452:	5a01                	li	s4,-32
    1454:	0700                	addi	s0,sp,896
    1456:	04ea                	slli	s1,s1,0x1a
    1458:	8000                	.2byte	0x8000
    145a:	0512                	slli	a0,a0,0x4
    145c:	8000                	.2byte	0x8000
    145e:	5801                	li	a6,-32
    1460:	00051207          	.4byte	0x51207
    1464:	1e80                	addi	s0,sp,880
    1466:	0005                	c.nop	1
    1468:	0480                	addi	s0,sp,576
    146a:	9f5f01a3          	sb	s5,-1565(t5)
    146e:	0700                	addi	s0,sp,896
    1470:	04ea                	slli	s1,s1,0x1a
    1472:	8000                	.2byte	0x8000
    1474:	0514                	addi	a3,sp,640
    1476:	8000                	.2byte	0x8000
    1478:	5901                	li	s2,-32
    147a:	00051407          	.4byte	0x51407
    147e:	1e80                	addi	s0,sp,880
    1480:	0005                	c.nop	1
    1482:	0480                	addi	s0,sp,576
    1484:	9f5e01a3          	sb	s5,-1565(t3)
    1488:	0700                	addi	s0,sp,896
    148a:	04ea                	slli	s1,s1,0x1a
    148c:	8000                	.2byte	0x8000
    148e:	051e                	slli	a0,a0,0x7
    1490:	8000                	.2byte	0x8000
    1492:	6601                	.2byte	0x6601
    1494:	0700                	addi	s0,sp,896
    1496:	04ea                	slli	s1,s1,0x1a
    1498:	8000                	.2byte	0x8000
    149a:	051e                	slli	a0,a0,0x7
    149c:	8000                	.2byte	0x8000
    149e:	6501                	.2byte	0x6501
    14a0:	0700                	addi	s0,sp,896
    14a2:	04ea                	slli	s1,s1,0x1a
    14a4:	8000                	.2byte	0x8000
    14a6:	051e                	slli	a0,a0,0x7
    14a8:	8000                	.2byte	0x8000
    14aa:	6401                	.2byte	0x6401
    14ac:	0700                	addi	s0,sp,896
    14ae:	04ea                	slli	s1,s1,0x1a
    14b0:	8000                	.2byte	0x8000
    14b2:	051e                	slli	a0,a0,0x7
    14b4:	8000                	.2byte	0x8000
    14b6:	6301                	.2byte	0x6301
    14b8:	0700                	addi	s0,sp,896
    14ba:	0536                	slli	a0,a0,0xd
    14bc:	8000                	.2byte	0x8000
    14be:	0541                	addi	a0,a0,16 # 18010 <_available_heap+0xad98>
    14c0:	8000                	.2byte	0x8000
    14c2:	5a01                	li	s4,-32
    14c4:	00054107          	.4byte	0x54107
    14c8:	4280                	lw	s0,0(a3)
    14ca:	0005                	c.nop	1
    14cc:	0480                	addi	s0,sp,576
    14ce:	9f5a01a3          	sb	s5,-1565(s4)
    14d2:	00054207          	.4byte	0x54207
    14d6:	6480                	.2byte	0x6480
    14d8:	0005                	c.nop	1
    14da:	0180                	addi	s0,sp,192
    14dc:	075a                	slli	a4,a4,0x16
    14de:	0564                	addi	s1,sp,652
    14e0:	8000                	.2byte	0x8000
    14e2:	05a6                	slli	a1,a1,0x9
    14e4:	8000                	.2byte	0x8000
    14e6:	6301                	.2byte	0x6301
    14e8:	0005a607          	.4byte	0x5a607
    14ec:	b080                	.2byte	0xb080
    14ee:	0005                	c.nop	1
    14f0:	0480                	addi	s0,sp,576
    14f2:	9f5a01a3          	sb	s5,-1565(s4)
    14f6:	0700                	addi	s0,sp,896
    14f8:	0536                	slli	a0,a0,0xd
    14fa:	8000                	.2byte	0x8000
    14fc:	0541                	addi	a0,a0,16
    14fe:	8000                	.2byte	0x8000
    1500:	5b01                	li	s6,-32
    1502:	00054107          	.4byte	0x54107
    1506:	4280                	lw	s0,0(a3)
    1508:	0005                	c.nop	1
    150a:	0480                	addi	s0,sp,576
    150c:	9f5b01a3          	sb	s5,-1565(s6)
    1510:	00054207          	.4byte	0x54207
    1514:	6480                	.2byte	0x6480
    1516:	0005                	c.nop	1
    1518:	0180                	addi	s0,sp,192
    151a:	0564075b          	.4byte	0x564075b
    151e:	8000                	.2byte	0x8000
    1520:	05a0                	addi	s0,sp,712
    1522:	8000                	.2byte	0x8000
    1524:	5801                	li	a6,-32
    1526:	0005a007          	.4byte	0x5a007
    152a:	b080                	.2byte	0xb080
    152c:	0005                	c.nop	1
    152e:	0480                	addi	s0,sp,576
    1530:	9f5b01a3          	sb	s5,-1565(s6)
    1534:	0700                	addi	s0,sp,896
    1536:	0536                	slli	a0,a0,0xd
    1538:	8000                	.2byte	0x8000
    153a:	0540                	addi	s0,sp,644
    153c:	8000                	.2byte	0x8000
    153e:	5c01                	li	s8,-32
    1540:	00054007          	.4byte	0x54007
    1544:	4280                	lw	s0,0(a3)
    1546:	0005                	c.nop	1
    1548:	0480                	addi	s0,sp,576
    154a:	9f5c01a3          	sb	s5,-1565(s8)
    154e:	00054207          	.4byte	0x54207
    1552:	6480                	.2byte	0x6480
    1554:	0005                	c.nop	1
    1556:	0180                	addi	s0,sp,192
    1558:	075c                	addi	a5,sp,900
    155a:	0564                	addi	s1,sp,652
    155c:	8000                	.2byte	0x8000
    155e:	05a8                	addi	a0,sp,712
    1560:	8000                	.2byte	0x8000
    1562:	6401                	.2byte	0x6401
    1564:	0005a807          	.4byte	0x5a807
    1568:	b080                	.2byte	0xb080
    156a:	0005                	c.nop	1
    156c:	0480                	addi	s0,sp,576
    156e:	9f5c01a3          	sb	s5,-1565(s8)
    1572:	0700                	addi	s0,sp,896
    1574:	0568                	addi	a0,sp,652
    1576:	8000                	.2byte	0x8000
    1578:	05a4                	addi	s1,sp,712
    157a:	8000                	.2byte	0x8000
    157c:	6201                	.2byte	0x6201
    157e:	0700                	addi	s0,sp,896
    1580:	0568                	addi	a0,sp,652
    1582:	8000                	.2byte	0x8000
    1584:	058d                	addi	a1,a1,3
    1586:	8000                	.2byte	0x8000
    1588:	5b01                	li	s6,-32
    158a:	00058d07          	.4byte	0x58d07
    158e:	9080                	.2byte	0x9080
    1590:	0005                	c.nop	1
    1592:	0680                	addi	s0,sp,832
    1594:	0078                	addi	a4,sp,12
    1596:	0079                	c.nop	30
    1598:	9f1c                	.2byte	0x9f1c
    159a:	00059007          	.4byte	0x59007
    159e:	9880                	.2byte	0x9880
    15a0:	0005                	c.nop	1
    15a2:	0580                	addi	s0,sp,704
    15a4:	0182                	c.slli64	gp
    15a6:	079f2433          	.4byte	0x79f2433
    15aa:	0598                	addi	a4,sp,704
    15ac:	8000                	.2byte	0x8000
    15ae:	059c                	addi	a5,sp,704
    15b0:	8000                	.2byte	0x8000
    15b2:	8205                	srli	a2,a2,0x1
    15b4:	3300                	.2byte	0x3300
    15b6:	9f24                	.2byte	0x9f24
    15b8:	0700                	addi	s0,sp,896
    15ba:	0568                	addi	a0,sp,652
    15bc:	8000                	.2byte	0x8000
    15be:	0592                	slli	a1,a1,0x4
    15c0:	8000                	.2byte	0x8000
    15c2:	5901                	li	s2,-32
    15c4:	00059207          	.4byte	0x59207
    15c8:	9c80                	.2byte	0x9c80
    15ca:	0005                	c.nop	1
    15cc:	0380                	addi	s0,sp,448
    15ce:	0879                	addi	a6,a6,30
    15d0:	009f 6c07 0005      	.byte	0x9f, 0x00, 0x07, 0x6c, 0x05, 0x00
    15d6:	8d80                	.2byte	0x8d80
    15d8:	0005                	c.nop	1
    15da:	0180                	addi	s0,sp,192
    15dc:	075d                	addi	a4,a4,23
    15de:	058d                	addi	a1,a1,3
    15e0:	8000                	.2byte	0x8000
    15e2:	0592                	slli	a1,a1,0x4
    15e4:	8000                	.2byte	0x8000
    15e6:	790d                	lui	s2,0xfffe3
    15e8:	4000                	lw	s0,0(s0)
    15ea:	0c22244b          	.4byte	0xc22244b
    15ee:	0008                	.2byte	0x8
    15f0:	8000                	.2byte	0x8000
    15f2:	9f2c                	.2byte	0x9f2c
    15f4:	00059207          	.4byte	0x59207
    15f8:	9c80                	.2byte	0x9c80
    15fa:	0005                	c.nop	1
    15fc:	0d80                	addi	s0,sp,720
    15fe:	0879                	addi	a6,a6,30
    1600:	4b40                	lw	s0,20(a4)
    1602:	2224                	.2byte	0x2224
    1604:	080c                	addi	a1,sp,16
    1606:	0000                	unimp
    1608:	2c80                	.2byte	0x2c80
    160a:	009f 7007 0005      	.byte	0x9f, 0x00, 0x07, 0x70, 0x05, 0x00
    1610:	7c80                	.2byte	0x7c80
    1612:	0005                	c.nop	1
    1614:	0280                	addi	s0,sp,320
    1616:	9f30                	.2byte	0x9f30
    1618:	00058007          	.4byte	0x58007
    161c:	8880                	.2byte	0x8880
    161e:	0005                	c.nop	1
    1620:	0180                	addi	s0,sp,192
    1622:	005f 8807 0005      	.byte	0x5f, 0x00, 0x07, 0x88, 0x05, 0x00
    1628:	8d80                	.2byte	0x8d80
    162a:	0005                	c.nop	1
    162c:	0180                	addi	s0,sp,192
    162e:	005e                	c.slli	zero,0x17
    1630:	0005b007          	.4byte	0x5b007
    1634:	f880                	.2byte	0xf880
    1636:	0005                	c.nop	1
    1638:	0180                	addi	s0,sp,192
    163a:	075a                	slli	a4,a4,0x16
    163c:	05f8                	addi	a4,sp,716
    163e:	8000                	.2byte	0x8000
    1640:	06a6                	slli	a3,a3,0x9
    1642:	8000                	.2byte	0x8000
    1644:	a304                	.2byte	0xa304
    1646:	5a01                	li	s4,-32
    1648:	009f b007 0005      	.byte	0x9f, 0x00, 0x07, 0xb0, 0x05, 0x00
    164e:	f680                	.2byte	0xf680
    1650:	0005                	c.nop	1
    1652:	0180                	addi	s0,sp,192
    1654:	05f6075b          	.4byte	0x5f6075b
    1658:	8000                	.2byte	0x8000
    165a:	064e                	slli	a2,a2,0x13
    165c:	8000                	.2byte	0x8000
    165e:	6801                	.2byte	0x6801
    1660:	00064e07          	.4byte	0x64e07
    1664:	6880                	.2byte	0x6880
    1666:	0006                	c.slli	zero,0x1
    1668:	0480                	addi	s0,sp,576
    166a:	9f5b01a3          	sb	s5,-1565(s6)
    166e:	00066807          	.4byte	0x66807
    1672:	a680                	.2byte	0xa680
    1674:	0006                	c.slli	zero,0x1
    1676:	0180                	addi	s0,sp,192
    1678:	0068                	addi	a0,sp,12
    167a:	0005b007          	.4byte	0x5b007
    167e:	f480                	.2byte	0xf480
    1680:	0005                	c.nop	1
    1682:	0180                	addi	s0,sp,192
    1684:	075c                	addi	a5,sp,900
    1686:	05f4                	addi	a3,sp,716
    1688:	8000                	.2byte	0x8000
    168a:	064e                	slli	a2,a2,0x13
    168c:	8000                	.2byte	0x8000
    168e:	6701                	.2byte	0x6701
    1690:	00064e07          	.4byte	0x64e07
    1694:	6880                	.2byte	0x6880
    1696:	0006                	c.slli	zero,0x1
    1698:	0480                	addi	s0,sp,576
    169a:	9f5c01a3          	sb	s5,-1565(s8)
    169e:	00066807          	.4byte	0x66807
    16a2:	a680                	.2byte	0xa680
    16a4:	0006                	c.slli	zero,0x1
    16a6:	0180                	addi	s0,sp,192
    16a8:	b0070067          	jr	-1280(a4)
    16ac:	0005                	c.nop	1
    16ae:	f280                	.2byte	0xf280
    16b0:	0005                	c.nop	1
    16b2:	0180                	addi	s0,sp,192
    16b4:	075d                	addi	a4,a4,23
    16b6:	05f2                	slli	a1,a1,0x1c
    16b8:	8000                	.2byte	0x8000
    16ba:	064e                	slli	a2,a2,0x13
    16bc:	8000                	.2byte	0x8000
    16be:	6601                	.2byte	0x6601
    16c0:	00064e07          	.4byte	0x64e07
    16c4:	6880                	.2byte	0x6880
    16c6:	0006                	c.slli	zero,0x1
    16c8:	0480                	addi	s0,sp,576
    16ca:	9f5d01a3          	sb	s5,-1565(s10)
    16ce:	00066807          	.4byte	0x66807
    16d2:	a680                	.2byte	0xa680
    16d4:	0006                	c.slli	zero,0x1
    16d6:	0180                	addi	s0,sp,192
    16d8:	0066                	c.slli	zero,0x19
    16da:	0005b007          	.4byte	0x5b007
    16de:	f080                	.2byte	0xf080
    16e0:	0005                	c.nop	1
    16e2:	0180                	addi	s0,sp,192
    16e4:	075e                	slli	a4,a4,0x17
    16e6:	05f0                	addi	a2,sp,716
    16e8:	8000                	.2byte	0x8000
    16ea:	064e                	slli	a2,a2,0x13
    16ec:	8000                	.2byte	0x8000
    16ee:	6501                	.2byte	0x6501
    16f0:	00064e07          	.4byte	0x64e07
    16f4:	6880                	.2byte	0x6880
    16f6:	0006                	c.slli	zero,0x1
    16f8:	0480                	addi	s0,sp,576
    16fa:	9f5e01a3          	sb	s5,-1565(t3)
    16fe:	00066807          	.4byte	0x66807
    1702:	a680                	.2byte	0xa680
    1704:	0006                	c.slli	zero,0x1
    1706:	0180                	addi	s0,sp,192
    1708:	0065                	c.nop	25
    170a:	0005b007          	.4byte	0x5b007
    170e:	cc80                	sw	s0,24(s1)
    1710:	0005                	c.nop	1
    1712:	0180                	addi	s0,sp,192
    1714:	075f 05cc 8000      	.byte	0x5f, 0x07, 0xcc, 0x05, 0x00, 0x80
    171a:	065a                	slli	a2,a2,0x16
    171c:	8000                	.2byte	0x8000
    171e:	6301                	.2byte	0x6301
    1720:	00065a07          	.4byte	0x65a07
    1724:	6880                	.2byte	0x6880
    1726:	0006                	c.slli	zero,0x1
    1728:	0480                	addi	s0,sp,576
    172a:	9f5f01a3          	sb	s5,-1565(t5)
    172e:	00066807          	.4byte	0x66807
    1732:	a680                	.2byte	0xa680
    1734:	0006                	c.slli	zero,0x1
    1736:	0180                	addi	s0,sp,192
    1738:	b0070063          	beqz	a4,a38 <_program_size-0x350>
    173c:	0005                	c.nop	1
    173e:	fd80                	.2byte	0xfd80
    1740:	0005                	c.nop	1
    1742:	0180                	addi	s0,sp,192
    1744:	0760                	addi	s0,sp,908
    1746:	05fd                	addi	a1,a1,31
    1748:	8000                	.2byte	0x8000
    174a:	064e                	slli	a2,a2,0x13
    174c:	8000                	.2byte	0x8000
    174e:	5901                	li	s2,-32
    1750:	00064e07          	.4byte	0x64e07
    1754:	6880                	.2byte	0x6880
    1756:	0006                	c.slli	zero,0x1
    1758:	0480                	addi	s0,sp,576
    175a:	9f6001a3          	sb	s6,-1565(zero) # fffff9e3 <_ram_end+0x7ffef9e3>
    175e:	00066807          	.4byte	0x66807
    1762:	a680                	.2byte	0xa680
    1764:	0006                	c.slli	zero,0x1
    1766:	0180                	addi	s0,sp,192
    1768:	0059                	c.nop	22
    176a:	0005b007          	.4byte	0x5b007
    176e:	fd80                	.2byte	0xfd80
    1770:	0005                	c.nop	1
    1772:	0180                	addi	s0,sp,192
    1774:	0761                	addi	a4,a4,24
    1776:	05fd                	addi	a1,a1,31
    1778:	8000                	.2byte	0x8000
    177a:	064e                	slli	a2,a2,0x13
    177c:	8000                	.2byte	0x8000
    177e:	6201                	.2byte	0x6201
    1780:	00064e07          	.4byte	0x64e07
    1784:	6880                	.2byte	0x6880
    1786:	0006                	c.slli	zero,0x1
    1788:	0480                	addi	s0,sp,576
    178a:	9f6101a3          	sb	s6,-1565(sp)
    178e:	00066807          	.4byte	0x66807
    1792:	a680                	.2byte	0xa680
    1794:	0006                	c.slli	zero,0x1
    1796:	0180                	addi	s0,sp,192
    1798:	0062                	c.slli	zero,0x18
    179a:	0005b007          	.4byte	0x5b007
    179e:	6680                	.2byte	0x6680
    17a0:	0006                	c.slli	zero,0x1
    17a2:	0280                	addi	s0,sp,320
    17a4:	0091                	addi	ra,ra,4
    17a6:	00066607          	.4byte	0x66607
    17aa:	6880                	.2byte	0x6880
    17ac:	0006                	c.slli	zero,0x1
    17ae:	0280                	addi	s0,sp,320
    17b0:	0072                	c.slli	zero,0x1c
    17b2:	00066807          	.4byte	0x66807
    17b6:	a680                	.2byte	0xa680
    17b8:	0006                	c.slli	zero,0x1
    17ba:	0280                	addi	s0,sp,320
    17bc:	0091                	addi	ra,ra,4
    17be:	0700                	addi	s0,sp,896
    17c0:	05fc                	addi	a5,sp,716
    17c2:	8000                	.2byte	0x8000
    17c4:	064e                	slli	a2,a2,0x13
    17c6:	8000                	.2byte	0x8000
    17c8:	a304                	.2byte	0xa304
    17ca:	5a01                	li	s4,-32
    17cc:	079f 0668 8000      	.byte	0x9f, 0x07, 0x68, 0x06, 0x00, 0x80
    17d2:	06a6                	slli	a3,a3,0x9
    17d4:	8000                	.2byte	0x8000
    17d6:	a304                	.2byte	0xa304
    17d8:	5a01                	li	s4,-32
    17da:	009f fc07 0005      	.byte	0x9f, 0x00, 0x07, 0xfc, 0x05, 0x00
    17e0:	4e80                	lw	s0,24(a3)
    17e2:	0006                	c.slli	zero,0x1
    17e4:	0280                	addi	s0,sp,320
    17e6:	0091                	addi	ra,ra,4
    17e8:	00066807          	.4byte	0x66807
    17ec:	a680                	.2byte	0xa680
    17ee:	0006                	c.slli	zero,0x1
    17f0:	0280                	addi	s0,sp,320
    17f2:	0091                	addi	ra,ra,4
    17f4:	0700                	addi	s0,sp,896
    17f6:	05fc                	addi	a5,sp,716
    17f8:	8000                	.2byte	0x8000
    17fa:	05fd                	addi	a1,a1,31
    17fc:	8000                	.2byte	0x8000
    17fe:	6101                	addi	sp,sp,0
    1800:	0005fd07          	.4byte	0x5fd07
    1804:	4e80                	lw	s0,24(a3)
    1806:	0006                	c.slli	zero,0x1
    1808:	0180                	addi	s0,sp,192
    180a:	0762                	slli	a4,a4,0x18
    180c:	0668                	addi	a0,sp,780
    180e:	8000                	.2byte	0x8000
    1810:	06a6                	slli	a3,a3,0x9
    1812:	8000                	.2byte	0x8000
    1814:	6201                	.2byte	0x6201
    1816:	0700                	addi	s0,sp,896
    1818:	05fc                	addi	a5,sp,716
    181a:	8000                	.2byte	0x8000
    181c:	05fd                	addi	a1,a1,31
    181e:	8000                	.2byte	0x8000
    1820:	6001                	.2byte	0x6001
    1822:	0005fd07          	.4byte	0x5fd07
    1826:	4e80                	lw	s0,24(a3)
    1828:	0006                	c.slli	zero,0x1
    182a:	0180                	addi	s0,sp,192
    182c:	0759                	addi	a4,a4,22
    182e:	0668                	addi	a0,sp,780
    1830:	8000                	.2byte	0x8000
    1832:	06a6                	slli	a3,a3,0x9
    1834:	8000                	.2byte	0x8000
    1836:	5901                	li	s2,-32
    1838:	0700                	addi	s0,sp,896
    183a:	05fc                	addi	a5,sp,716
    183c:	8000                	.2byte	0x8000
    183e:	064e                	slli	a2,a2,0x13
    1840:	8000                	.2byte	0x8000
    1842:	6301                	.2byte	0x6301
    1844:	00066807          	.4byte	0x66807
    1848:	a680                	.2byte	0xa680
    184a:	0006                	c.slli	zero,0x1
    184c:	0180                	addi	s0,sp,192
    184e:	fc070063          	beqz	a4,100e <_program_size+0x286>
    1852:	0005                	c.nop	1
    1854:	4e80                	lw	s0,24(a3)
    1856:	0006                	c.slli	zero,0x1
    1858:	0180                	addi	s0,sp,192
    185a:	0765                	addi	a4,a4,25
    185c:	0668                	addi	a0,sp,780
    185e:	8000                	.2byte	0x8000
    1860:	06a6                	slli	a3,a3,0x9
    1862:	8000                	.2byte	0x8000
    1864:	6501                	.2byte	0x6501
    1866:	0700                	addi	s0,sp,896
    1868:	05fc                	addi	a5,sp,716
    186a:	8000                	.2byte	0x8000
    186c:	064e                	slli	a2,a2,0x13
    186e:	8000                	.2byte	0x8000
    1870:	6601                	.2byte	0x6601
    1872:	00066807          	.4byte	0x66807
    1876:	a680                	.2byte	0xa680
    1878:	0006                	c.slli	zero,0x1
    187a:	0180                	addi	s0,sp,192
    187c:	0066                	c.slli	zero,0x19
    187e:	0005fc07          	.4byte	0x5fc07
    1882:	4e80                	lw	s0,24(a3)
    1884:	0006                	c.slli	zero,0x1
    1886:	0180                	addi	s0,sp,192
    1888:	06680767          	jalr	a4,102(a6)
    188c:	8000                	.2byte	0x8000
    188e:	06a6                	slli	a3,a3,0x9
    1890:	8000                	.2byte	0x8000
    1892:	6701                	.2byte	0x6701
    1894:	0700                	addi	s0,sp,896
    1896:	05fc                	addi	a5,sp,716
    1898:	8000                	.2byte	0x8000
    189a:	064e                	slli	a2,a2,0x13
    189c:	8000                	.2byte	0x8000
    189e:	6801                	.2byte	0x6801
    18a0:	00066807          	.4byte	0x66807
    18a4:	a680                	.2byte	0xa680
    18a6:	0006                	c.slli	zero,0x1
    18a8:	0180                	addi	s0,sp,192
    18aa:	0068                	addi	a0,sp,12
    18ac:	00060007          	.4byte	0x60007
    18b0:	4e80                	lw	s0,24(a3)
    18b2:	0006                	c.slli	zero,0x1
    18b4:	0180                	addi	s0,sp,192
    18b6:	0758                	addi	a4,sp,900
    18b8:	0668                	addi	a0,sp,780
    18ba:	8000                	.2byte	0x8000
    18bc:	06a6                	slli	a3,a3,0x9
    18be:	8000                	.2byte	0x8000
    18c0:	5801                	li	a6,-32
    18c2:	0700                	addi	s0,sp,896
    18c4:	05fc                	addi	a5,sp,716
    18c6:	8000                	.2byte	0x8000
    18c8:	0602                	c.slli64	a2
    18ca:	8000                	.2byte	0x8000
    18cc:	3002                	.2byte	0x3002
    18ce:	079f 0602 8000      	.byte	0x9f, 0x07, 0x02, 0x06, 0x00, 0x80
    18d4:	0614                	addi	a3,sp,768
    18d6:	8000                	.2byte	0x8000
    18d8:	3102                	.2byte	0x3102
    18da:	079f 0614 8000      	.byte	0x9f, 0x07, 0x14, 0x06, 0x00, 0x80
    18e0:	064e                	slli	a2,a2,0x13
    18e2:	8000                	.2byte	0x8000
    18e4:	3202                	.2byte	0x3202
    18e6:	079f 0668 8000      	.byte	0x9f, 0x07, 0x68, 0x06, 0x00, 0x80
    18ec:	06a6                	slli	a3,a3,0x9
    18ee:	8000                	.2byte	0x8000
    18f0:	3202                	.2byte	0x3202
    18f2:	009f 1407 0006      	.byte	0x9f, 0x00, 0x07, 0x14, 0x06, 0x00
    18f8:	2680                	.2byte	0x2680
    18fa:	0006                	c.slli	zero,0x1
    18fc:	0280                	addi	s0,sp,320
    18fe:	9f30                	.2byte	0x9f30
    1900:	00062607          	.4byte	0x62607
    1904:	3880                	.2byte	0x3880
    1906:	0006                	c.slli	zero,0x1
    1908:	0280                	addi	s0,sp,320
    190a:	9f31                	.2byte	0x9f31
    190c:	00063807          	.4byte	0x63807
    1910:	4e80                	lw	s0,24(a3)
    1912:	0006                	c.slli	zero,0x1
    1914:	0280                	addi	s0,sp,320
    1916:	9f32                	add	t5,t5,a2
    1918:	00066807          	.4byte	0x66807
    191c:	a680                	.2byte	0xa680
    191e:	0006                	c.slli	zero,0x1
    1920:	0280                	addi	s0,sp,320
    1922:	9f32                	add	t5,t5,a2
    1924:	4b00                	lw	s0,16(a4)
    1926:	0002                	c.slli64	zero
    1928:	0500                	addi	s0,sp,640
    192a:	0400                	addi	s0,sp,512
    192c:	0000                	unimp
    192e:	0000                	unimp
    1930:	0700                	addi	s0,sp,896
    1932:	076e                	slli	a4,a4,0x1b
    1934:	8000                	.2byte	0x8000
    1936:	079a                	slli	a5,a5,0x6
    1938:	8000                	.2byte	0x8000
    193a:	5a01                	li	s4,-32
    193c:	00079a07          	.4byte	0x79a07
    1940:	bd80                	.2byte	0xbd80
    1942:	01800007          	.4byte	0x1800007
    1946:	075f 07bd 8000      	.byte	0x5f, 0x07, 0xbd, 0x07, 0x00, 0x80
    194c:	07be                	slli	a5,a5,0xf
    194e:	8000                	.2byte	0x8000
    1950:	9f7f7903          	.4byte	0x9f7f7903
    1954:	0007be07          	.4byte	0x7be07
    1958:	6e80                	.2byte	0x6e80
    195a:	0008                	.2byte	0x8
    195c:	0180                	addi	s0,sp,192
    195e:	0759                	addi	a4,a4,22
    1960:	0886                	slli	a7,a7,0x1
    1962:	8000                	.2byte	0x8000
    1964:	08cc                	addi	a1,sp,84
    1966:	8000                	.2byte	0x8000
    1968:	5901                	li	s2,-32
    196a:	0008cc07          	.4byte	0x8cc07
    196e:	d280                	sw	s0,32(a3)
    1970:	0008                	.2byte	0x8
    1972:	0180                	addi	s0,sp,192
    1974:	005f 9607 0007      	.byte	0x5f, 0x00, 0x07, 0x96, 0x07, 0x00
    197a:	c680                	sw	s0,8(a3)
    197c:	02800007          	.4byte	0x2800007
    1980:	9f30                	.2byte	0x9f30
    1982:	0007c607          	.4byte	0x7c607
    1986:	6e80                	.2byte	0x6e80
    1988:	0008                	.2byte	0x8
    198a:	0280                	addi	s0,sp,320
    198c:	9f31                	.2byte	0x9f31
    198e:	00088607          	.4byte	0x88607
    1992:	c480                	sw	s0,8(s1)
    1994:	0008                	.2byte	0x8
    1996:	0280                	addi	s0,sp,320
    1998:	9f31                	.2byte	0x9f31
    199a:	0008c407          	.4byte	0x8c407
    199e:	d280                	sw	s0,32(a3)
    19a0:	0008                	.2byte	0x8
    19a2:	0280                	addi	s0,sp,320
    19a4:	9f30                	.2byte	0x9f30
    19a6:	0700                	addi	s0,sp,896
    19a8:	0796                	slli	a5,a5,0x5
    19aa:	8000                	.2byte	0x8000
    19ac:	07c6                	slli	a5,a5,0x11
    19ae:	8000                	.2byte	0x8000
    19b0:	3002                	.2byte	0x3002
    19b2:	079f 0864 8000      	.byte	0x9f, 0x07, 0x64, 0x08, 0x00, 0x80
    19b8:	086e                	slli	a6,a6,0x1b
    19ba:	8000                	.2byte	0x8000
    19bc:	3102                	.2byte	0x3102
    19be:	079f 08ac 8000      	.byte	0x9f, 0x07, 0xac, 0x08, 0x00, 0x80
    19c4:	08b4                	addi	a3,sp,88
    19c6:	8000                	.2byte	0x8000
    19c8:	3002                	.2byte	0x3002
    19ca:	079f 08c4 8000      	.byte	0x9f, 0x07, 0xc4, 0x08, 0x00, 0x80
    19d0:	08d2                	slli	a7,a7,0x14
    19d2:	8000                	.2byte	0x8000
    19d4:	3002                	.2byte	0x3002
    19d6:	009f 9e07 0007      	.byte	0x9f, 0x00, 0x07, 0x9e, 0x07, 0x00
    19dc:	bd80                	.2byte	0xbd80
    19de:	01800007          	.4byte	0x1800007
    19e2:	075a                	slli	a4,a4,0x16
    19e4:	07c6                	slli	a5,a5,0x11
    19e6:	8000                	.2byte	0x8000
    19e8:	07d4                	addi	a3,sp,964
    19ea:	8000                	.2byte	0x8000
    19ec:	5f01                	li	t5,-32
    19ee:	00080407          	.4byte	0x80407
    19f2:	0680                	addi	s0,sp,832
    19f4:	0008                	.2byte	0x8
    19f6:	0180                	addi	s0,sp,192
    19f8:	075f 0864 8000      	.byte	0x5f, 0x07, 0x64, 0x08, 0x00, 0x80
    19fe:	0868                	addi	a0,sp,28
    1a00:	8000                	.2byte	0x8000
    1a02:	5f01                	li	t5,-32
    1a04:	00086a07          	.4byte	0x86a07
    1a08:	6e80                	.2byte	0x6e80
    1a0a:	0008                	.2byte	0x8
    1a0c:	0180                	addi	s0,sp,192
    1a0e:	075f 0886 8000      	.byte	0x5f, 0x07, 0x86, 0x08, 0x00, 0x80
    1a14:	0888                	addi	a0,sp,80
    1a16:	8000                	.2byte	0x8000
    1a18:	5f01                	li	t5,-32
    1a1a:	00089c07          	.4byte	0x89c07
    1a1e:	9e80                	.2byte	0x9e80
    1a20:	0008                	.2byte	0x8
    1a22:	0180                	addi	s0,sp,192
    1a24:	075f 08ac 8000      	.byte	0x5f, 0x07, 0xac, 0x08, 0x00, 0x80
    1a2a:	08b0                	addi	a2,sp,88
    1a2c:	8000                	.2byte	0x8000
    1a2e:	5a01                	li	s4,-32
    1a30:	0008b007          	.4byte	0x8b007
    1a34:	c480                	sw	s0,8(s1)
    1a36:	0008                	.2byte	0x8
    1a38:	0180                	addi	s0,sp,192
    1a3a:	075f 08cc 8000      	.byte	0x5f, 0x07, 0xcc, 0x08, 0x00, 0x80
    1a40:	08d2                	slli	a7,a7,0x14
    1a42:	8000                	.2byte	0x8000
    1a44:	5a01                	li	s4,-32
    1a46:	0700                	addi	s0,sp,896
    1a48:	082e                	slli	a6,a6,0xb
    1a4a:	8000                	.2byte	0x8000
    1a4c:	0850                	addi	a2,sp,20
    1a4e:	8000                	.2byte	0x8000
    1a50:	5f01                	li	t5,-32
    1a52:	00085007          	.4byte	0x85007
    1a56:	5880                	lw	s0,48(s1)
    1a58:	0008                	.2byte	0x8
    1a5a:	0180                	addi	s0,sp,192
    1a5c:	005e                	c.slli	zero,0x17
    1a5e:	00081207          	.4byte	0x81207
    1a62:	1680                	addi	s0,sp,864
    1a64:	0008                	.2byte	0x8
    1a66:	0280                	addi	s0,sp,320
    1a68:	9f30                	.2byte	0x9f30
    1a6a:	00081607          	.4byte	0x81607
    1a6e:	2e80                	.2byte	0x2e80
    1a70:	0008                	.2byte	0x8
    1a72:	0180                	addi	s0,sp,192
    1a74:	005e                	c.slli	zero,0x17
    1a76:	00082e07          	.4byte	0x82e07
    1a7a:	3280                	.2byte	0x3280
    1a7c:	0008                	.2byte	0x8
    1a7e:	0380                	addi	s0,sp,448
    1a80:	3f08                	.2byte	0x3f08
    1a82:	079f 0832 8000      	.byte	0x9f, 0x07, 0x32, 0x08, 0x00, 0x80
    1a88:	0838                	addi	a4,sp,24
    1a8a:	8000                	.2byte	0x8000
    1a8c:	7809                	lui	a6,0xfffe2
    1a8e:	9100                	.2byte	0x9100
    1a90:	1c00                	addi	s0,sp,560
    1a92:	9f019023          	sh	a6,-1568(gp)
    1a96:	00083807          	.4byte	0x83807
    1a9a:	3c80                	.2byte	0x3c80
    1a9c:	0008                	.2byte	0x8
    1a9e:	0980                	addi	s0,sp,208
    1aa0:	0078                	addi	a4,sp,12
    1aa2:	0091                	addi	ra,ra,4
    1aa4:	231c                	.2byte	0x231c
    1aa6:	0191                	addi	gp,gp,4
    1aa8:	009f 5807 0008      	.byte	0x9f, 0x00, 0x07, 0x58, 0x08, 0x00
    1aae:	5a80                	lw	s0,48(a3)
    1ab0:	0008                	.2byte	0x8
    1ab2:	0980                	addi	s0,sp,208
    1ab4:	0078                	addi	a4,sp,12
    1ab6:	0091                	addi	ra,ra,4
    1ab8:	231c                	.2byte	0x231c
    1aba:	079f018f          	.4byte	0x79f018f
    1abe:	085a                	slli	a6,a6,0x16
    1ac0:	8000                	.2byte	0x8000
    1ac2:	0860                	addi	s0,sp,28
    1ac4:	8000                	.2byte	0x8000
    1ac6:	7809                	lui	a6,0xfffe2
    1ac8:	9100                	.2byte	0x9100
    1aca:	1c00                	addi	s0,sp,560
    1acc:	9f019023          	sh	a6,-1568(gp)
    1ad0:	00086007          	.4byte	0x86007
    1ad4:	6480                	.2byte	0x6480
    1ad6:	0008                	.2byte	0x8
    1ad8:	0980                	addi	s0,sp,208
    1ada:	0078                	addi	a4,sp,12
    1adc:	0091                	addi	ra,ra,4
    1ade:	231c                	.2byte	0x231c
    1ae0:	009f018f          	.4byte	0x9f018f
    1ae4:	0007e607          	.4byte	0x7e607
    1ae8:	fc80                	.2byte	0xfc80
    1aea:	01800007          	.4byte	0x1800007
    1aee:	0758                	addi	a4,sp,900
    1af0:	07fc                	addi	a5,sp,972
    1af2:	8000                	.2byte	0x8000
    1af4:	07fe                	slli	a5,a5,0x1f
    1af6:	8000                	.2byte	0x8000
    1af8:	9f047803          	.4byte	0x9f047803
    1afc:	0007fe07          	.4byte	0x7fe07
    1b00:	0480                	addi	s0,sp,576
    1b02:	0008                	.2byte	0x8
    1b04:	0180                	addi	s0,sp,192
    1b06:	0058                	addi	a4,sp,4
    1b08:	0007ee07          	.4byte	0x7ee07
    1b0c:	fd80                	.2byte	0xfd80
    1b0e:	01800007          	.4byte	0x1800007
    1b12:	005e                	c.slli	zero,0x17
    1b14:	00089007          	.4byte	0x89007
    1b18:	9c80                	.2byte	0x9c80
    1b1a:	0008                	.2byte	0x8
    1b1c:	0180                	addi	s0,sp,192
    1b1e:	0058                	addi	a4,sp,4
    1b20:	00089407          	.4byte	0x89407
    1b24:	9780                	.2byte	0x9780
    1b26:	0008                	.2byte	0x8
    1b28:	0180                	addi	s0,sp,192
    1b2a:	005a                	c.slli	zero,0x16
    1b2c:	00000007          	.4byte	0x7
    1b30:	0000                	unimp
    1b32:	0000                	unimp
    1b34:	0100                	addi	s0,sp,128
    1b36:	075a                	slli	a4,a4,0x16
	...
    1b40:	a304                	.2byte	0xa304
    1b42:	5a01                	li	s4,-32
    1b44:	009f 0007 0000      	.byte	0x9f, 0x00, 0x07, 0x00, 0x00, 0x00
    1b4a:	0000                	unimp
    1b4c:	0000                	unimp
    1b4e:	0100                	addi	s0,sp,128
    1b50:	0758                	addi	a4,sp,900
	...
    1b5a:	5801                	li	a6,-32
    1b5c:	0700                	addi	s0,sp,896
	...
    1b66:	5a01                	li	s4,-32
    1b68:	00000007          	.4byte	0x7
    1b6c:	0000                	unimp
    1b6e:	0000                	unimp
    1b70:	0100                	addi	s0,sp,128
    1b72:	005a                	c.slli	zero,0x16
    1b74:	0131                	addi	sp,sp,12
    1b76:	0000                	unimp
    1b78:	0005                	c.nop	1
    1b7a:	0004                	.2byte	0x4
    1b7c:	0000                	unimp
    1b7e:	0000                	unimp
    1b80:	0008d207          	.4byte	0x8d207
    1b84:	ea80                	.2byte	0xea80
    1b86:	0008                	.2byte	0x8
    1b88:	0180                	addi	s0,sp,192
    1b8a:	075a                	slli	a4,a4,0x16
    1b8c:	08ea                	slli	a7,a7,0x1a
    1b8e:	8000                	.2byte	0x8000
    1b90:	0b36                	slli	s6,s6,0xd
    1b92:	8000                	.2byte	0x8000
    1b94:	a304                	.2byte	0xa304
    1b96:	5a01                	li	s4,-32
    1b98:	009f d207 0008      	.byte	0x9f, 0x00, 0x07, 0xd2, 0x08, 0x00
    1b9e:	eb80                	.2byte	0xeb80
    1ba0:	0008                	.2byte	0x8
    1ba2:	0180                	addi	s0,sp,192
    1ba4:	08eb075b          	.4byte	0x8eb075b
    1ba8:	8000                	.2byte	0x8000
    1baa:	0b36                	slli	s6,s6,0xd
    1bac:	8000                	.2byte	0x8000
    1bae:	a304                	.2byte	0xa304
    1bb0:	5b01                	li	s6,-32
    1bb2:	009f 2e07 0009      	.byte	0x9f, 0x00, 0x07, 0x2e, 0x09, 0x00
    1bb8:	3880                	.2byte	0x3880
    1bba:	0009                	c.nop	2
    1bbc:	0180                	addi	s0,sp,192
    1bbe:	075a                	slli	a4,a4,0x16
    1bc0:	097e                	slli	s2,s2,0x1f
    1bc2:	8000                	.2byte	0x8000
    1bc4:	098c                	addi	a1,sp,208
    1bc6:	8000                	.2byte	0x8000
    1bc8:	5801                	li	a6,-32
    1bca:	00099807          	.4byte	0x99807
    1bce:	d080                	sw	s0,32(s1)
    1bd0:	0009                	c.nop	2
    1bd2:	0180                	addi	s0,sp,192
    1bd4:	075a                	slli	a4,a4,0x16
    1bd6:	09d0                	addi	a2,sp,212
    1bd8:	8000                	.2byte	0x8000
    1bda:	09d4                	addi	a3,sp,212
    1bdc:	8000                	.2byte	0x8000
    1bde:	5801                	li	a6,-32
    1be0:	0009d407          	.4byte	0x9d407
    1be4:	6880                	.2byte	0x6880
    1be6:	000a                	c.slli	zero,0x2
    1be8:	0180                	addi	s0,sp,192
    1bea:	0759                	addi	a4,a4,22
    1bec:	0a68                	addi	a0,sp,284
    1bee:	8000                	.2byte	0x8000
    1bf0:	0aa2                	slli	s5,s5,0x8
    1bf2:	8000                	.2byte	0x8000
    1bf4:	5801                	li	a6,-32
    1bf6:	000aa207          	.4byte	0xaa207
    1bfa:	3680                	.2byte	0x3680
    1bfc:	0180000b          	.4byte	0x180000b
    1c00:	0059                	c.nop	22
    1c02:	000a0607          	.4byte	0xa0607
    1c06:	6880                	.2byte	0x6880
    1c08:	000a                	c.slli	zero,0x2
    1c0a:	0180                	addi	s0,sp,192
    1c0c:	0758                	addi	a4,sp,900
    1c0e:	0ad4                	addi	a3,sp,340
    1c10:	8000                	.2byte	0x8000
    1c12:	0b36                	slli	s6,s6,0xd
    1c14:	8000                	.2byte	0x8000
    1c16:	5801                	li	a6,-32
    1c18:	0700                	addi	s0,sp,896
    1c1a:	09d4                	addi	a3,sp,212
    1c1c:	8000                	.2byte	0x8000
    1c1e:	0a06                	slli	s4,s4,0x1
    1c20:	8000                	.2byte	0x8000
    1c22:	0306                	slli	t1,t1,0x1
    1c24:	0cf8                	addi	a4,sp,604
    1c26:	8000                	.2byte	0x8000
    1c28:	009f d407 0009      	.byte	0x9f, 0x00, 0x07, 0xd4, 0x09, 0x00
    1c2e:	0680                	addi	s0,sp,832
    1c30:	000a                	c.slli	zero,0x2
    1c32:	0680                	addi	s0,sp,832
    1c34:	000cc803          	lbu	a6,0(s9)
    1c38:	9f80                	.2byte	0x9f80
    1c3a:	0700                	addi	s0,sp,896
    1c3c:	09d4                	addi	a3,sp,212
    1c3e:	8000                	.2byte	0x8000
    1c40:	0a06                	slli	s4,s4,0x1
    1c42:	8000                	.2byte	0x8000
    1c44:	9f280803          	lb	a6,-1550(a6) # fffe19f2 <_ram_end+0x7ffd19f2>
    1c48:	0700                	addi	s0,sp,896
    1c4a:	09d4                	addi	a3,sp,212
    1c4c:	8000                	.2byte	0x8000
    1c4e:	09ea                	slli	s3,s3,0x1a
    1c50:	8000                	.2byte	0x8000
    1c52:	3002                	.2byte	0x3002
    1c54:	079f 09ea 8000      	.byte	0x9f, 0x07, 0xea, 0x09, 0x00, 0x80
    1c5a:	0a06                	slli	s4,s4,0x1
    1c5c:	8000                	.2byte	0x8000
    1c5e:	5f01                	li	t5,-32
    1c60:	0700                	addi	s0,sp,896
    1c62:	0aa2                	slli	s5,s5,0x8
    1c64:	8000                	.2byte	0x8000
    1c66:	0ad4                	addi	a3,sp,340
    1c68:	8000                	.2byte	0x8000
    1c6a:	0306                	slli	t1,t1,0x1
    1c6c:	0cf8                	addi	a4,sp,604
    1c6e:	8000                	.2byte	0x8000
    1c70:	009f a207 000a      	.byte	0x9f, 0x00, 0x07, 0xa2, 0x0a, 0x00
    1c76:	d480                	sw	s0,40(s1)
    1c78:	000a                	c.slli	zero,0x2
    1c7a:	0680                	addi	s0,sp,832
    1c7c:	000cc803          	lbu	a6,0(s9)
    1c80:	9f80                	.2byte	0x9f80
    1c82:	0700                	addi	s0,sp,896
    1c84:	0aa2                	slli	s5,s5,0x8
    1c86:	8000                	.2byte	0x8000
    1c88:	0ad4                	addi	a3,sp,340
    1c8a:	8000                	.2byte	0x8000
    1c8c:	9f280803          	lb	a6,-1550(a6)
    1c90:	0700                	addi	s0,sp,896
    1c92:	0aa2                	slli	s5,s5,0x8
    1c94:	8000                	.2byte	0x8000
    1c96:	0ab8                	addi	a4,sp,344
    1c98:	8000                	.2byte	0x8000
    1c9a:	3002                	.2byte	0x3002
    1c9c:	079f 0ab8 8000      	.byte	0x9f, 0x07, 0xb8, 0x0a, 0x00, 0x80
    1ca2:	0ad4                	addi	a3,sp,340
    1ca4:	8000                	.2byte	0x8000
    1ca6:	5f01                	li	t5,-32
	...

Disassembly of section .debug_rnglists:

00000000 <.debug_rnglists>:
   0:	000001a3          	sb	zero,3(zero) # 3 <_program_size-0xd85>
   4:	0005                	c.nop	1
   6:	0004                	.2byte	0x4
   8:	0000                	unimp
   a:	0000                	unimp
   c:	2c06                	.2byte	0x2c06
   e:	0000                	unimp
  10:	2c80                	.2byte	0x2c80
  12:	0000                	unimp
  14:	0680                	addi	s0,sp,832
  16:	0034                	addi	a3,sp,8
  18:	8000                	.2byte	0x8000
  1a:	0050                	addi	a2,sp,4
  1c:	8000                	.2byte	0x8000
  1e:	0600                	addi	s0,sp,768
  20:	00d8                	addi	a4,sp,68
  22:	8000                	.2byte	0x8000
  24:	011c                	addi	a5,sp,128
  26:	8000                	.2byte	0x8000
  28:	1e06                	slli	t3,t3,0x21
  2a:	0001                	nop
  2c:	3680                	.2byte	0x3680
  2e:	0001                	nop
  30:	0080                	addi	s0,sp,64
  32:	d806                	sw	ra,48(sp)
  34:	0000                	unimp
  36:	1680                	addi	s0,sp,864
  38:	0001                	nop
  3a:	0680                	addi	s0,sp,832
  3c:	0120                	addi	s0,sp,136
  3e:	8000                	.2byte	0x8000
  40:	012e                	slli	sp,sp,0xb
  42:	8000                	.2byte	0x8000
  44:	3206                	.2byte	0x3206
  46:	0001                	nop
  48:	3680                	.2byte	0x3680
  4a:	0001                	nop
  4c:	0080                	addi	s0,sp,64
  4e:	e806                	.2byte	0xe806
  50:	0000                	unimp
  52:	f480                	.2byte	0xf480
  54:	0000                	unimp
  56:	0680                	addi	s0,sp,832
  58:	0132                	slli	sp,sp,0xc
  5a:	8000                	.2byte	0x8000
  5c:	0136                	slli	sp,sp,0xd
  5e:	8000                	.2byte	0x8000
  60:	0600                	addi	s0,sp,768
  62:	00fa                	slli	ra,ra,0x1e
  64:	8000                	.2byte	0x8000
  66:	00fa                	slli	ra,ra,0x1e
  68:	8000                	.2byte	0x8000
  6a:	fe06                	.2byte	0xfe06
  6c:	0000                	unimp
  6e:	1680                	addi	s0,sp,864
  70:	0001                	nop
  72:	0680                	addi	s0,sp,832
  74:	012c                	addi	a1,sp,136
  76:	8000                	.2byte	0x8000
  78:	012e                	slli	sp,sp,0xb
  7a:	8000                	.2byte	0x8000
  7c:	0600                	addi	s0,sp,768
  7e:	016a                	slli	sp,sp,0x1a
  80:	8000                	.2byte	0x8000
  82:	0178                	addi	a4,sp,140
  84:	8000                	.2byte	0x8000
  86:	7a06                	.2byte	0x7a06
  88:	0001                	nop
  8a:	7a80                	.2byte	0x7a80
  8c:	0001                	nop
  8e:	0680                	addi	s0,sp,832
  90:	017c                	addi	a5,sp,140
  92:	8000                	.2byte	0x8000
  94:	025e                	slli	tp,tp,0x17
  96:	8000                	.2byte	0x8000
  98:	7c06                	.2byte	0x7c06
  9a:	0002                	c.slli64	zero
  9c:	dc80                	sw	s0,56(s1)
  9e:	0002                	c.slli64	zero
  a0:	0080                	addi	s0,sp,64
  a2:	6a06                	.2byte	0x6a06
  a4:	0001                	nop
  a6:	7880                	.2byte	0x7880
  a8:	0001                	nop
  aa:	0680                	addi	s0,sp,832
  ac:	017a                	slli	sp,sp,0x1e
  ae:	8000                	.2byte	0x8000
  b0:	017a                	slli	sp,sp,0x1e
  b2:	8000                	.2byte	0x8000
  b4:	7c06                	.2byte	0x7c06
  b6:	0001                	nop
  b8:	9c80                	.2byte	0x9c80
  ba:	0001                	nop
  bc:	0080                	addi	s0,sp,64
  be:	9c06                	add	s8,s8,ra
  c0:	0001                	nop
  c2:	c480                	sw	s0,8(s1)
  c4:	0001                	nop
  c6:	0680                	addi	s0,sp,832
  c8:	01c8                	addi	a0,sp,196
  ca:	8000                	.2byte	0x8000
  cc:	01cc                	addi	a1,sp,196
  ce:	8000                	.2byte	0x8000
  d0:	0600                	addi	s0,sp,768
  d2:	01dc                	addi	a5,sp,196
  d4:	8000                	.2byte	0x8000
  d6:	01f2                	slli	gp,gp,0x1c
  d8:	8000                	.2byte	0x8000
  da:	7c06                	.2byte	0x7c06
  dc:	0002                	c.slli64	zero
  de:	ba80                	.2byte	0xba80
  e0:	0002                	c.slli64	zero
  e2:	0080                	addi	s0,sp,64
  e4:	dc06                	sw	ra,56(sp)
  e6:	0001                	nop
  e8:	e080                	.2byte	0xe080
  ea:	0001                	nop
  ec:	0680                	addi	s0,sp,832
  ee:	01e2                	slli	gp,gp,0x18
  f0:	8000                	.2byte	0x8000
  f2:	01ee                	slli	gp,gp,0x1b
  f4:	8000                	.2byte	0x8000
  f6:	7c06                	.2byte	0x7c06
  f8:	0002                	c.slli64	zero
  fa:	b680                	.2byte	0xb680
  fc:	0002                	c.slli64	zero
  fe:	0080                	addi	s0,sp,64
 100:	dc06                	sw	ra,56(sp)
 102:	0001                	nop
 104:	e080                	.2byte	0xe080
 106:	0001                	nop
 108:	0680                	addi	s0,sp,832
 10a:	01e6                	slli	gp,gp,0x19
 10c:	8000                	.2byte	0x8000
 10e:	01ea                	slli	gp,gp,0x1a
 110:	8000                	.2byte	0x8000
 112:	8006                	c.mv	zero,ra
 114:	0002                	c.slli64	zero
 116:	8080                	.2byte	0x8080
 118:	0002                	c.slli64	zero
 11a:	0680                	addi	s0,sp,832
 11c:	0284                	addi	s1,sp,320
 11e:	8000                	.2byte	0x8000
 120:	029c                	addi	a5,sp,320
 122:	8000                	.2byte	0x8000
 124:	0600                	addi	s0,sp,768
 126:	0210                	addi	a2,sp,256
 128:	8000                	.2byte	0x8000
 12a:	021e                	slli	tp,tp,0x7
 12c:	8000                	.2byte	0x8000
 12e:	ba06                	.2byte	0xba06
 130:	0002                	c.slli64	zero
 132:	dc80                	sw	s0,56(s1)
 134:	0002                	c.slli64	zero
 136:	0080                	addi	s0,sp,64
 138:	3a06                	.2byte	0x3a06
 13a:	0002                	c.slli64	zero
 13c:	3a80                	.2byte	0x3a80
 13e:	0002                	c.slli64	zero
 140:	0680                	addi	s0,sp,832
 142:	023e                	slli	tp,tp,0xf
 144:	8000                	.2byte	0x8000
 146:	025a                	slli	tp,tp,0x16
 148:	8000                	.2byte	0x8000
 14a:	0600                	addi	s0,sp,768
 14c:	036e                	slli	t1,t1,0x1b
 14e:	8000                	.2byte	0x8000
 150:	0372                	slli	t1,t1,0x1c
 152:	8000                	.2byte	0x8000
 154:	8406                	mv	s0,ra
 156:	92800003          	lb	zero,-1752(zero) # fffff928 <_ram_end+0x7ffef928>
 15a:	00800003          	lb	zero,8(zero) # 8 <_program_size-0xd80>
 15e:	2c06                	.2byte	0x2c06
 160:	0000                	unimp
 162:	5280                	lw	s0,32(a3)
 164:	0000                	unimp
 166:	0680                	addi	s0,sp,832
 168:	0052                	c.slli	zero,0x14
 16a:	8000                	.2byte	0x8000
 16c:	0076                	c.slli	zero,0x1d
 16e:	8000                	.2byte	0x8000
 170:	7606                	.2byte	0x7606
 172:	0000                	unimp
 174:	d880                	sw	s0,48(s1)
 176:	0000                	unimp
 178:	0680                	addi	s0,sp,832
 17a:	00d8                	addi	a4,sp,68
 17c:	8000                	.2byte	0x8000
 17e:	0136                	slli	sp,sp,0xd
 180:	8000                	.2byte	0x8000
 182:	3606                	.2byte	0x3606
 184:	0001                	nop
 186:	e080                	.2byte	0xe080
 188:	0002                	c.slli64	zero
 18a:	0680                	addi	s0,sp,832
 18c:	02e0                	addi	s0,sp,332
 18e:	8000                	.2byte	0x8000
 190:	02fe                	slli	t0,t0,0x1f
 192:	8000                	.2byte	0x8000
 194:	fe06                	.2byte	0xfe06
 196:	0002                	c.slli64	zero
 198:	9680                	.2byte	0x9680
 19a:	06800003          	lb	zero,104(zero) # 68 <_program_size-0xd20>
 19e:	0396                	slli	t2,t2,0x5
 1a0:	8000                	.2byte	0x8000
 1a2:	03a4                	addi	s1,sp,456
 1a4:	8000                	.2byte	0x8000
 1a6:	f300                	.2byte	0xf300
 1a8:	0001                	nop
 1aa:	0500                	addi	s0,sp,640
 1ac:	0400                	addi	s0,sp,512
 1ae:	0000                	unimp
 1b0:	0000                	unimp
 1b2:	0600                	addi	s0,sp,768
 1b4:	03a4                	addi	s1,sp,456
 1b6:	8000                	.2byte	0x8000
 1b8:	03a4                	addi	s1,sp,456
 1ba:	8000                	.2byte	0x8000
 1bc:	aa06                	.2byte	0xaa06
 1be:	c8800003          	lb	zero,-888(zero) # fffffc88 <_ram_end+0x7ffefc88>
 1c2:	00800003          	lb	zero,8(zero) # 8 <_program_size-0xd80>
 1c6:	ca06                	sw	ra,20(sp)
 1c8:	ca800003          	lb	zero,-856(zero) # fffffca8 <_ram_end+0x7ffefca8>
 1cc:	06800003          	lb	zero,104(zero) # 68 <_program_size-0xd20>
 1d0:	03cc                	addi	a1,sp,452
 1d2:	8000                	.2byte	0x8000
 1d4:	03e8                	addi	a0,sp,460
 1d6:	8000                	.2byte	0x8000
 1d8:	0600                	addi	s0,sp,768
 1da:	0416                	slli	s0,s0,0x5
 1dc:	8000                	.2byte	0x8000
 1de:	0416                	slli	s0,s0,0x5
 1e0:	8000                	.2byte	0x8000
 1e2:	1806                	slli	a6,a6,0x21
 1e4:	0004                	.2byte	0x4
 1e6:	1c80                	addi	s0,sp,624
 1e8:	0004                	.2byte	0x4
 1ea:	0680                	addi	s0,sp,832
 1ec:	042e                	slli	s0,s0,0xb
 1ee:	8000                	.2byte	0x8000
 1f0:	045a                	slli	s0,s0,0x16
 1f2:	8000                	.2byte	0x8000
 1f4:	0600                	addi	s0,sp,768
 1f6:	046a                	slli	s0,s0,0x1a
 1f8:	8000                	.2byte	0x8000
 1fa:	046a                	slli	s0,s0,0x1a
 1fc:	8000                	.2byte	0x8000
 1fe:	6c06                	.2byte	0x6c06
 200:	0004                	.2byte	0x4
 202:	7080                	.2byte	0x7080
 204:	0004                	.2byte	0x4
 206:	0680                	addi	s0,sp,832
 208:	0480                	addi	s0,sp,576
 20a:	8000                	.2byte	0x8000
 20c:	048e                	slli	s1,s1,0x3
 20e:	8000                	.2byte	0x8000
 210:	9e06                	add	t3,t3,ra
 212:	0004                	.2byte	0x4
 214:	c080                	sw	s0,0(s1)
 216:	0004                	.2byte	0x4
 218:	0080                	addi	s0,sp,64
 21a:	c006                	sw	ra,0(sp)
 21c:	0004                	.2byte	0x4
 21e:	c080                	sw	s0,0(s1)
 220:	0004                	.2byte	0x4
 222:	0680                	addi	s0,sp,832
 224:	04ca                	slli	s1,s1,0x12
 226:	8000                	.2byte	0x8000
 228:	04ce                	slli	s1,s1,0x13
 22a:	8000                	.2byte	0x8000
 22c:	e406                	.2byte	0xe406
 22e:	0004                	.2byte	0x4
 230:	e880                	.2byte	0xe880
 232:	0004                	.2byte	0x4
 234:	0080                	addi	s0,sp,64
 236:	0006                	c.slli	zero,0x1
 238:	0000                	unimp
 23a:	0000                	unimp
 23c:	0000                	unimp
 23e:	0600                	addi	s0,sp,768
	...
 248:	0006                	c.slli	zero,0x1
	...
 252:	0006                	c.slli	zero,0x1
 254:	0000                	unimp
 256:	0000                	unimp
 258:	0000                	unimp
 25a:	0600                	addi	s0,sp,768
	...
 264:	0006                	c.slli	zero,0x1
	...
 26e:	d206                	sw	ra,36(sp)
 270:	0005                	c.nop	1
 272:	ec80                	.2byte	0xec80
 274:	0005                	c.nop	1
 276:	0680                	addi	s0,sp,832
 278:	05fc                	addi	a5,sp,716
 27a:	8000                	.2byte	0x8000
 27c:	05fc                	addi	a5,sp,716
 27e:	8000                	.2byte	0x8000
 280:	0600                	addi	s0,sp,768
 282:	05ec                	addi	a1,sp,716
 284:	8000                	.2byte	0x8000
 286:	05fc                	addi	a5,sp,716
 288:	8000                	.2byte	0x8000
 28a:	fc06                	.2byte	0xfc06
 28c:	0005                	c.nop	1
 28e:	4e80                	lw	s0,24(a3)
 290:	0006                	c.slli	zero,0x1
 292:	0680                	addi	s0,sp,832
 294:	0668                	addi	a0,sp,780
 296:	8000                	.2byte	0x8000
 298:	06a6                	slli	a3,a3,0x9
 29a:	8000                	.2byte	0x8000
 29c:	0600                	addi	s0,sp,768
 29e:	05ec                	addi	a1,sp,716
 2a0:	8000                	.2byte	0x8000
 2a2:	05fc                	addi	a5,sp,716
 2a4:	8000                	.2byte	0x8000
 2a6:	fc06                	.2byte	0xfc06
 2a8:	0005                	c.nop	1
 2aa:	1480                	addi	s0,sp,608
 2ac:	0006                	c.slli	zero,0x1
 2ae:	0080                	addi	s0,sp,64
 2b0:	0006                	c.slli	zero,0x1
 2b2:	0000                	unimp
 2b4:	0000                	unimp
 2b6:	0000                	unimp
 2b8:	0600                	addi	s0,sp,768
	...
 2c2:	0006                	c.slli	zero,0x1
	...
 2cc:	0006                	c.slli	zero,0x1
 2ce:	0000                	unimp
 2d0:	0000                	unimp
 2d2:	0000                	unimp
 2d4:	0600                	addi	s0,sp,768
	...
 2de:	0600                	addi	s0,sp,768
 2e0:	06c4                	addi	s1,sp,836
 2e2:	8000                	.2byte	0x8000
 2e4:	06c4                	addi	s1,sp,836
 2e6:	8000                	.2byte	0x8000
 2e8:	d006                	sw	ra,32(sp)
 2ea:	0006                	c.slli	zero,0x1
 2ec:	d280                	sw	s0,32(a3)
 2ee:	0006                	c.slli	zero,0x1
 2f0:	0680                	addi	s0,sp,832
 2f2:	06d4                	addi	a3,sp,836
 2f4:	8000                	.2byte	0x8000
 2f6:	06d8                	addi	a4,sp,836
 2f8:	8000                	.2byte	0x8000
 2fa:	e006                	.2byte	0xe006
 2fc:	0006                	c.slli	zero,0x1
 2fe:	e480                	.2byte	0xe480
 300:	0006                	c.slli	zero,0x1
 302:	0680                	addi	s0,sp,832
 304:	06f4                	addi	a3,sp,844
 306:	8000                	.2byte	0x8000
 308:	0716                	slli	a4,a4,0x5
 30a:	8000                	.2byte	0x8000
 30c:	0600                	addi	s0,sp,768
 30e:	03a4                	addi	s1,sp,456
 310:	8000                	.2byte	0x8000
 312:	03ca                	slli	t2,t2,0x12
 314:	8000                	.2byte	0x8000
 316:	ca06                	sw	ra,20(sp)
 318:	ea800003          	lb	zero,-344(zero) # fffffea8 <_ram_end+0x7ffefea8>
 31c:	06800003          	lb	zero,104(zero) # 68 <_program_size-0xd20>
 320:	03ea                	slli	t2,t2,0x1a
 322:	8000                	.2byte	0x8000
 324:	0410                	addi	a2,sp,512
 326:	8000                	.2byte	0x8000
 328:	1006                	c.slli	zero,0x21
 32a:	0004                	.2byte	0x4
 32c:	1680                	addi	s0,sp,864
 32e:	0004                	.2byte	0x4
 330:	0680                	addi	s0,sp,832
 332:	0416                	slli	s0,s0,0x5
 334:	8000                	.2byte	0x8000
 336:	046a                	slli	s0,s0,0x1a
 338:	8000                	.2byte	0x8000
 33a:	6a06                	.2byte	0x6a06
 33c:	0004                	.2byte	0x4
 33e:	c080                	sw	s0,0(s1)
 340:	0004                	.2byte	0x4
 342:	0680                	addi	s0,sp,832
 344:	04c0                	addi	s0,sp,580
 346:	8000                	.2byte	0x8000
 348:	0536                	slli	a0,a0,0xd
 34a:	8000                	.2byte	0x8000
 34c:	3606                	.2byte	0x3606
 34e:	0005                	c.nop	1
 350:	b080                	.2byte	0xb080
 352:	0005                	c.nop	1
 354:	0680                	addi	s0,sp,832
	...
 35e:	b006                	.2byte	0xb006
 360:	0005                	c.nop	1
 362:	a680                	.2byte	0xa680
 364:	0006                	c.slli	zero,0x1
 366:	0680                	addi	s0,sp,832
	...
 370:	0006                	c.slli	zero,0x1
 372:	0000                	unimp
 374:	0000                	unimp
 376:	0000                	unimp
 378:	0600                	addi	s0,sp,768
	...
 382:	0006                	c.slli	zero,0x1
 384:	0000                	unimp
 386:	0000                	unimp
 388:	0000                	unimp
 38a:	0600                	addi	s0,sp,768
 38c:	06a6                	slli	a3,a3,0x9
 38e:	8000                	.2byte	0x8000
 390:	06c4                	addi	s1,sp,836
 392:	8000                	.2byte	0x8000
 394:	c406                	sw	ra,8(sp)
 396:	0006                	c.slli	zero,0x1
 398:	6080                	.2byte	0x6080
 39a:	00800007          	.4byte	0x800007
 39e:	0095                	addi	ra,ra,5
 3a0:	0000                	unimp
 3a2:	0005                	c.nop	1
 3a4:	0004                	.2byte	0x4
 3a6:	0000                	unimp
 3a8:	0000                	unimp
 3aa:	0006                	c.slli	zero,0x1
 3ac:	0000                	unimp
 3ae:	0000                	unimp
 3b0:	0000                	unimp
 3b2:	0600                	addi	s0,sp,768
	...
 3bc:	0600                	addi	s0,sp,768
 3be:	07d2                	slli	a5,a5,0x14
 3c0:	8000                	.2byte	0x8000
 3c2:	0864                	addi	s1,sp,28
 3c4:	8000                	.2byte	0x8000
 3c6:	6a06                	.2byte	0x6a06
 3c8:	0008                	.2byte	0x8
 3ca:	6c80                	.2byte	0x6c80
 3cc:	0008                	.2byte	0x8
 3ce:	0680                	addi	s0,sp,832
 3d0:	0886                	slli	a7,a7,0x1
 3d2:	8000                	.2byte	0x8000
 3d4:	08ac                	addi	a1,sp,88
 3d6:	8000                	.2byte	0x8000
 3d8:	0600                	addi	s0,sp,768
 3da:	07e4                	addi	s1,sp,972
 3dc:	8000                	.2byte	0x8000
 3de:	07fa                	slli	a5,a5,0x1e
 3e0:	8000                	.2byte	0x8000
 3e2:	fc06                	.2byte	0xfc06
 3e4:	fe800007          	.4byte	0xfe800007
 3e8:	00800007          	.4byte	0x800007
 3ec:	0606                	slli	a2,a2,0x1
 3ee:	0008                	.2byte	0x8
 3f0:	0c80                	addi	s0,sp,592
 3f2:	0008                	.2byte	0x8
 3f4:	0680                	addi	s0,sp,832
 3f6:	0812                	slli	a6,a6,0x4
 3f8:	8000                	.2byte	0x8000
 3fa:	0812                	slli	a6,a6,0x4
 3fc:	8000                	.2byte	0x8000
 3fe:	1406                	slli	s0,s0,0x21
 400:	0008                	.2byte	0x8
 402:	2480                	.2byte	0x2480
 404:	0008                	.2byte	0x8
 406:	0080                	addi	s0,sp,64
 408:	8a06                	mv	s4,ra
 40a:	0008                	.2byte	0x8
 40c:	8a80                	.2byte	0x8a80
 40e:	0008                	.2byte	0x8
 410:	0680                	addi	s0,sp,832
 412:	0890                	addi	a2,sp,80
 414:	8000                	.2byte	0x8000
 416:	089c                	addi	a5,sp,80
 418:	8000                	.2byte	0x8000
 41a:	0600                	addi	s0,sp,768
 41c:	0760                	addi	s0,sp,908
 41e:	8000                	.2byte	0x8000
 420:	076e                	slli	a4,a4,0x1b
 422:	8000                	.2byte	0x8000
 424:	0006                	c.slli	zero,0x1
 426:	0000                	unimp
 428:	0000                	unimp
 42a:	0000                	unimp
 42c:	0600                	addi	s0,sp,768
 42e:	076e                	slli	a4,a4,0x1b
 430:	8000                	.2byte	0x8000
 432:	08d2                	slli	a7,a7,0x14
 434:	8000                	.2byte	0x8000
 436:	1200                	addi	s0,sp,288
 438:	0000                	unimp
 43a:	0500                	addi	s0,sp,640
 43c:	0400                	addi	s0,sp,512
 43e:	0000                	unimp
 440:	0000                	unimp
 442:	0600                	addi	s0,sp,768
 444:	08d2                	slli	a7,a7,0x14
 446:	8000                	.2byte	0x8000
 448:	0b36                	slli	s6,s6,0xd
 44a:	8000                	.2byte	0x8000
	...

Disassembly of section .debug_frame:

00000000 <.debug_frame>:
   0:	000c                	.2byte	0xc
   2:	0000                	unimp
   4:	ffff                	.2byte	0xffff
   6:	ffff                	.2byte	0xffff
   8:	7c010003          	lb	zero,1984(sp)
   c:	0d01                	addi	s10,s10,0
   e:	0002                	c.slli64	zero
  10:	000c                	.2byte	0xc
  12:	0000                	unimp
  14:	0000                	unimp
  16:	0000                	unimp
  18:	002c                	addi	a1,sp,8
  1a:	8000                	.2byte	0x8000
  1c:	0026                	c.slli	zero,0x9
  1e:	0000                	unimp
  20:	000c                	.2byte	0xc
  22:	0000                	unimp
  24:	0000                	unimp
  26:	0000                	unimp
  28:	0052                	c.slli	zero,0x14
  2a:	8000                	.2byte	0x8000
  2c:	0024                	addi	s1,sp,8
  2e:	0000                	unimp
  30:	0030                	addi	a2,sp,8
  32:	0000                	unimp
  34:	0000                	unimp
  36:	0000                	unimp
  38:	0076                	c.slli	zero,0x1d
  3a:	8000                	.2byte	0x8000
  3c:	0062                	c.slli	zero,0x18
  3e:	0000                	unimp
  40:	0e42                	slli	t3,t3,0x10
  42:	4620                	lw	s0,72(a2)
  44:	0288                	addi	a0,sp,320
  46:	8950                	.2byte	0x8950
  48:	93049203          	lh	tp,-1744(s1)
  4c:	9405                	srai	s0,s0,0x21
  4e:	9506                	add	a0,a0,ra
  50:	72018107          	.4byte	0x72018107
  54:	42c1                	li	t0,16
  56:	4ac8                	lw	a0,20(a3)
  58:	42c9                	li	t0,18
  5a:	42d2                	lw	t0,20(sp)
  5c:	42d442d3          	.4byte	0x42d442d3
  60:	42d5                	li	t0,21
  62:	000e                	c.slli	zero,0x3
  64:	000c                	.2byte	0xc
  66:	0000                	unimp
  68:	0000                	unimp
  6a:	0000                	unimp
  6c:	00d8                	addi	a4,sp,68
  6e:	8000                	.2byte	0x8000
  70:	005e                	c.slli	zero,0x17
  72:	0000                	unimp
  74:	004c                	addi	a1,sp,4
  76:	0000                	unimp
  78:	0000                	unimp
  7a:	0000                	unimp
  7c:	0136                	slli	sp,sp,0xd
  7e:	8000                	.2byte	0x8000
  80:	01aa                	slli	gp,gp,0xa
  82:	0000                	unimp
  84:	0e42                	slli	t3,t3,0x10
  86:	5a50                	lw	a2,52(a2)
  88:	0181                	addi	gp,gp,0
  8a:	0288                	addi	a0,sp,320
  8c:	0389                	addi	t2,t2,2
  8e:	0492                	slli	s1,s1,0x4
  90:	06940593          	addi	a1,s0,105 # ffffd069 <_ram_end+0x7ffed069>
  94:	0795                	addi	a5,a5,5
  96:	0896                	slli	a7,a7,0x5
  98:	0a980997          	auipc	s3,0xa980
  9c:	0b99                	addi	s7,s7,6
  9e:	0c9a                	slli	s9,s9,0x6
  a0:	0e030d9b          	.4byte	0xe030d9b
  a4:	0a01                	addi	s4,s4,0
  a6:	42c1                	li	t0,16
  a8:	42c8                	lw	a0,4(a3)
  aa:	42c9                	li	t0,18
  ac:	42d2                	lw	t0,20(sp)
  ae:	42d442d3          	.4byte	0x42d442d3
  b2:	42d5                	li	t0,21
  b4:	42d6                	lw	t0,84(sp)
  b6:	42d842d7          	.4byte	0x42d842d7
  ba:	42d9                	li	t0,22
  bc:	42da                	lw	t0,148(sp)
  be:	000e42db          	.4byte	0xe42db
  c2:	0b42                	slli	s6,s6,0x10
  c4:	0018                	.2byte	0x18
  c6:	0000                	unimp
  c8:	0000                	unimp
  ca:	0000                	unimp
  cc:	02e0                	addi	s0,sp,332
  ce:	8000                	.2byte	0x8000
  d0:	001e                	c.slli	zero,0x7
  d2:	0000                	unimp
  d4:	0e42                	slli	t3,t3,0x10
  d6:	5420                	lw	s0,104(s0)
  d8:	0181                	addi	gp,gp,0
  da:	c144                	sw	s1,4(a0)
  dc:	0e42                	slli	t3,t3,0x10
  de:	0000                	unimp
  e0:	0034                	addi	a3,sp,8
  e2:	0000                	unimp
  e4:	0000                	unimp
  e6:	0000                	unimp
  e8:	02fe                	slli	t0,t0,0x1f
  ea:	8000                	.2byte	0x8000
  ec:	0098                	addi	a4,sp,64
  ee:	0000                	unimp
  f0:	0e42                	slli	t3,t3,0x10
  f2:	4240                	lw	s0,4(a2)
  f4:	0694                	addi	a3,sp,832
  f6:	9344                	.2byte	0x9344
  f8:	4805                	li	a6,1
  fa:	0288                	addi	a0,sp,320
  fc:	0492                	slli	s1,s1,0x4
  fe:	8958                	.2byte	0x8958
 100:	02018103          	lb	sp,32(gp)
 104:	0a50                	addi	a2,sp,276
 106:	42c1                	li	t0,16
 108:	42c8                	lw	a0,4(a3)
 10a:	42c9                	li	t0,18
 10c:	42d2                	lw	t0,20(sp)
 10e:	42d442d3          	.4byte	0x42d442d3
 112:	000e                	c.slli	zero,0x3
 114:	0b42                	slli	s6,s6,0x10
 116:	0000                	unimp
 118:	0018                	.2byte	0x18
 11a:	0000                	unimp
 11c:	0000                	unimp
 11e:	0000                	unimp
 120:	0396                	slli	t2,t2,0x5
 122:	8000                	.2byte	0x8000
 124:	000e                	c.slli	zero,0x3
 126:	0000                	unimp
 128:	0e42                	slli	t3,t3,0x10
 12a:	4420                	lw	s0,72(s0)
 12c:	0181                	addi	gp,gp,0
 12e:	c144                	sw	s1,4(a0)
 130:	0e42                	slli	t3,t3,0x10
 132:	0000                	unimp
 134:	000c                	.2byte	0xc
 136:	0000                	unimp
 138:	ffff                	.2byte	0xffff
 13a:	ffff                	.2byte	0xffff
 13c:	7c010003          	lb	zero,1984(sp)
 140:	0d01                	addi	s10,s10,0
 142:	0002                	c.slli64	zero
 144:	000c                	.2byte	0xc
 146:	0000                	unimp
 148:	0134                	addi	a3,sp,136
 14a:	0000                	unimp
 14c:	03a4                	addi	s1,sp,456
 14e:	8000                	.2byte	0x8000
 150:	0026                	c.slli	zero,0x9
 152:	0000                	unimp
 154:	000c                	.2byte	0xc
 156:	0000                	unimp
 158:	0134                	addi	a3,sp,136
 15a:	0000                	unimp
 15c:	03ca                	slli	t2,t2,0x12
 15e:	8000                	.2byte	0x8000
 160:	0020                	addi	s0,sp,8
 162:	0000                	unimp
 164:	000c                	.2byte	0xc
 166:	0000                	unimp
 168:	0134                	addi	a3,sp,136
 16a:	0000                	unimp
 16c:	03ea                	slli	t2,t2,0x1a
 16e:	8000                	.2byte	0x8000
 170:	0026                	c.slli	zero,0x9
 172:	0000                	unimp
 174:	000c                	.2byte	0xc
 176:	0000                	unimp
 178:	0134                	addi	a3,sp,136
 17a:	0000                	unimp
 17c:	0410                	addi	a2,sp,512
 17e:	8000                	.2byte	0x8000
 180:	0006                	c.slli	zero,0x1
 182:	0000                	unimp
 184:	002c                	addi	a1,sp,8
 186:	0000                	unimp
 188:	0134                	addi	a3,sp,136
 18a:	0000                	unimp
 18c:	0416                	slli	s0,s0,0x5
 18e:	8000                	.2byte	0x8000
 190:	0054                	addi	a3,sp,4
 192:	0000                	unimp
 194:	0e42                	slli	t3,t3,0x10
 196:	5020                	lw	s0,96(s0)
 198:	0288                	addi	a0,sp,320
 19a:	0389                	addi	t2,t2,2
 19c:	0492                	slli	s1,s1,0x4
 19e:	06940593          	addi	a1,s0,105
 1a2:	0181                	addi	gp,gp,0
 1a4:	3402                	.2byte	0x3402
 1a6:	42c1                	li	t0,16
 1a8:	42c8                	lw	a0,4(a3)
 1aa:	42c9                	li	t0,18
 1ac:	42d2                	lw	t0,20(sp)
 1ae:	42d442d3          	.4byte	0x42d442d3
 1b2:	000e                	c.slli	zero,0x3
 1b4:	0030                	addi	a2,sp,8
 1b6:	0000                	unimp
 1b8:	0134                	addi	a3,sp,136
 1ba:	0000                	unimp
 1bc:	046a                	slli	s0,s0,0x1a
 1be:	8000                	.2byte	0x8000
 1c0:	0056                	c.slli	zero,0x15
 1c2:	0000                	unimp
 1c4:	0e42                	slli	t3,t3,0x10
 1c6:	5020                	lw	s0,96(s0)
 1c8:	0288                	addi	a0,sp,320
 1ca:	0389                	addi	t2,t2,2
 1cc:	0492                	slli	s1,s1,0x4
 1ce:	06940593          	addi	a1,s0,105
 1d2:	0181                	addi	gp,gp,0
 1d4:	0a54                	addi	a3,sp,276
 1d6:	42c1                	li	t0,16
 1d8:	42c8                	lw	a0,4(a3)
 1da:	42c9                	li	t0,18
 1dc:	42d2                	lw	t0,20(sp)
 1de:	42d442d3          	.4byte	0x42d442d3
 1e2:	000e                	c.slli	zero,0x3
 1e4:	0b42                	slli	s6,s6,0x10
 1e6:	0000                	unimp
 1e8:	003c                	addi	a5,sp,8
 1ea:	0000                	unimp
 1ec:	0134                	addi	a3,sp,136
 1ee:	0000                	unimp
 1f0:	04c0                	addi	s0,sp,580
 1f2:	8000                	.2byte	0x8000
 1f4:	0076                	c.slli	zero,0x1d
 1f6:	0000                	unimp
 1f8:	0e42                	slli	t3,t3,0x10
 1fa:	4430                	lw	a2,72(s0)
 1fc:	06940593          	addi	a1,s0,105
 200:	8856                	mv	a6,s5
 202:	8902                	jr	s2
 204:	95049203          	lh	tp,-1712(s1)
 208:	81089607          	.4byte	0x81089607
 20c:	9701                	srai	a4,a4,0x20
 20e:	0209                	addi	tp,tp,2 # ffff8002 <_ram_end+0x7ffe8002>
 210:	c144                	sw	s1,4(a0)
 212:	c842                	sw	a6,16(sp)
 214:	c942                	sw	a6,144(sp)
 216:	d342                	sw	a6,164(sp)
 218:	d442                	sw	a6,40(sp)
 21a:	d542                	sw	a6,168(sp)
 21c:	d642                	sw	a6,44(sp)
 21e:	d742                	sw	a6,172(sp)
 220:	d244                	sw	s1,36(a2)
 222:	0e42                	slli	t3,t3,0x10
 224:	0000                	unimp
 226:	0000                	unimp
 228:	0034                	addi	a3,sp,8
 22a:	0000                	unimp
 22c:	0134                	addi	a3,sp,136
 22e:	0000                	unimp
 230:	0536                	slli	a0,a0,0xd
 232:	8000                	.2byte	0x8000
 234:	007a                	c.slli	zero,0x1e
 236:	0000                	unimp
 238:	0e4e                	slli	t3,t3,0x13
 23a:	5020                	lw	s0,96(s0)
 23c:	0288                	addi	a0,sp,320
 23e:	0389                	addi	t2,t2,2
 240:	0492                	slli	s1,s1,0x4
 242:	06940593          	addi	a1,s0,105
 246:	0795                	addi	a5,a5,5
 248:	0896                	slli	a7,a7,0x5
 24a:	0181                	addi	gp,gp,0
 24c:	4a02                	lw	s4,0(sp)
 24e:	42c1                	li	t0,16
 250:	42c8                	lw	a0,4(a3)
 252:	42c9                	li	t0,18
 254:	42d2                	lw	t0,20(sp)
 256:	42d442d3          	.4byte	0x42d442d3
 25a:	42d5                	li	t0,21
 25c:	42d6                	lw	t0,84(sp)
 25e:	000e                	c.slli	zero,0x3
 260:	0048                	addi	a0,sp,4
 262:	0000                	unimp
 264:	0134                	addi	a3,sp,136
	...
 26e:	0000                	unimp
 270:	0e42                	slli	t3,t3,0x10
 272:	4440                	lw	s0,12(s0)
 274:	0694                	addi	a3,sp,832
 276:	0896                	slli	a7,a7,0x5
 278:	8158                	.2byte	0x8158
 27a:	8801                	andi	s0,s0,0
 27c:	8902                	jr	s2
 27e:	93049203          	lh	tp,-1744(s1)
 282:	9505                	srai	a0,a0,0x21
 284:	98099707          	.4byte	0x98099707
 288:	990a                	add	s2,s2,sp
 28a:	400c9a0b          	.4byte	0x400c9a0b
 28e:	c10a                	sw	sp,128(sp)
 290:	c844                	sw	s1,20(s0)
 292:	c942                	sw	a6,144(sp)
 294:	d242                	sw	a6,36(sp)
 296:	d342                	sw	a6,164(sp)
 298:	d442                	sw	a6,40(sp)
 29a:	d542                	sw	a6,168(sp)
 29c:	d642                	sw	a6,44(sp)
 29e:	d742                	sw	a6,172(sp)
 2a0:	d842                	sw	a6,48(sp)
 2a2:	d942                	sw	a6,176(sp)
 2a4:	da42                	sw	a6,52(sp)
 2a6:	0e42                	slli	t3,t3,0x10
 2a8:	4200                	lw	s0,0(a2)
 2aa:	0040000b          	.4byte	0x40000b
 2ae:	0000                	unimp
 2b0:	0134                	addi	a3,sp,136
 2b2:	0000                	unimp
 2b4:	05b0                	addi	a2,sp,712
 2b6:	8000                	.2byte	0x8000
 2b8:	00f6                	slli	ra,ra,0x1d
 2ba:	0000                	unimp
 2bc:	0e42                	slli	t3,t3,0x10
 2be:	4630                	lw	a2,72(a2)
 2c0:	0288                	addi	a0,sp,320
 2c2:	01810593          	addi	a1,sp,24
 2c6:	8950                	.2byte	0x8950
 2c8:	94049203          	lh	tp,-1728(s1)
 2cc:	9506                	add	a0,a0,ra
 2ce:	97089607          	.4byte	0x97089607
 2d2:	9809                	andi	s0,s0,-30
 2d4:	020a                	slli	tp,tp,0x2
 2d6:	0a88                	addi	a0,sp,336
 2d8:	44c1                	li	s1,16
 2da:	42c8                	lw	a0,4(a3)
 2dc:	42c9                	li	t0,18
 2de:	42d2                	lw	t0,20(sp)
 2e0:	42d442d3          	.4byte	0x42d442d3
 2e4:	42d5                	li	t0,21
 2e6:	42d6                	lw	t0,84(sp)
 2e8:	42d842d7          	.4byte	0x42d842d7
 2ec:	000e                	c.slli	zero,0x3
 2ee:	0b42                	slli	s6,s6,0x10
 2f0:	000c                	.2byte	0xc
 2f2:	0000                	unimp
 2f4:	0134                	addi	a3,sp,136
	...
 2fe:	0000                	unimp
 300:	0024                	addi	s1,sp,8
 302:	0000                	unimp
 304:	0134                	addi	a3,sp,136
	...
 30e:	0000                	unimp
 310:	0e42                	slli	t3,t3,0x10
 312:	4820                	lw	s0,80(s0)
 314:	0288                	addi	a0,sp,320
 316:	0389                	addi	t2,t2,2
 318:	0492                	slli	s1,s1,0x4
 31a:	0181                	addi	gp,gp,0
 31c:	0002                	c.slli64	zero
 31e:	44c1                	li	s1,16
 320:	42c8                	lw	a0,4(a3)
 322:	42c9                	li	t0,18
 324:	42d2                	lw	t0,20(sp)
 326:	000e                	c.slli	zero,0x3
 328:	000c                	.2byte	0xc
 32a:	0000                	unimp
 32c:	0134                	addi	a3,sp,136
	...
 336:	0000                	unimp
 338:	000c                	.2byte	0xc
 33a:	0000                	unimp
 33c:	0134                	addi	a3,sp,136
	...
 346:	0000                	unimp
 348:	0018                	.2byte	0x18
 34a:	0000                	unimp
 34c:	0134                	addi	a3,sp,136
 34e:	0000                	unimp
 350:	06a6                	slli	a3,a3,0x9
 352:	8000                	.2byte	0x8000
 354:	001e                	c.slli	zero,0x7
 356:	0000                	unimp
 358:	0e42                	slli	t3,t3,0x10
 35a:	5420                	lw	s0,104(s0)
 35c:	0181                	addi	gp,gp,0
 35e:	c144                	sw	s1,4(a0)
 360:	0e42                	slli	t3,t3,0x10
 362:	0000                	unimp
 364:	0040                	addi	s0,sp,4
 366:	0000                	unimp
 368:	0134                	addi	a3,sp,136
 36a:	0000                	unimp
 36c:	06c4                	addi	s1,sp,836
 36e:	8000                	.2byte	0x8000
 370:	009c                	addi	a5,sp,64
 372:	0000                	unimp
 374:	0e42                	slli	t3,t3,0x10
 376:	4650                	lw	a2,12(a2)
 378:	0694                	addi	a3,sp,832
 37a:	0795                	addi	a5,a5,5
 37c:	0896                	slli	a7,a7,0x5
 37e:	8152                	mv	sp,s4
 380:	8801                	andi	s0,s0,0
 382:	8902                	jr	s2
 384:	04924a03          	lbu	s4,73(tp) # 49 <_program_size-0xd3f>
 388:	97480593          	addi	a1,a6,-1676
 38c:	9809                	andi	s0,s0,-30
 38e:	020a                	slli	tp,tp,0x2
 390:	c15a                	sw	s6,128(sp)
 392:	c842                	sw	a6,16(sp)
 394:	c942                	sw	a6,144(sp)
 396:	d242                	sw	a6,36(sp)
 398:	d342                	sw	a6,164(sp)
 39a:	d442                	sw	a6,40(sp)
 39c:	d542                	sw	a6,168(sp)
 39e:	d642                	sw	a6,44(sp)
 3a0:	d742                	sw	a6,172(sp)
 3a2:	d842                	sw	a6,48(sp)
 3a4:	0e42                	slli	t3,t3,0x10
 3a6:	0000                	unimp
 3a8:	000c                	.2byte	0xc
 3aa:	0000                	unimp
 3ac:	ffff                	.2byte	0xffff
 3ae:	ffff                	.2byte	0xffff
 3b0:	7c010003          	lb	zero,1984(sp)
 3b4:	0d01                	addi	s10,s10,0
 3b6:	0002                	c.slli64	zero
 3b8:	000c                	.2byte	0xc
 3ba:	0000                	unimp
 3bc:	03a8                	addi	a0,sp,456
 3be:	0000                	unimp
 3c0:	0760                	addi	s0,sp,908
 3c2:	8000                	.2byte	0x8000
 3c4:	000e                	c.slli	zero,0x3
 3c6:	0000                	unimp
 3c8:	0020                	addi	s0,sp,8
 3ca:	0000                	unimp
 3cc:	03a8                	addi	a0,sp,456
	...
 3d6:	0000                	unimp
 3d8:	0e42                	slli	t3,t3,0x10
 3da:	4410                	lw	a2,8(s0)
 3dc:	0288                	addi	a0,sp,320
 3de:	0181                	addi	gp,gp,0
 3e0:	0a40                	addi	s0,sp,276
 3e2:	42c8                	lw	a0,4(a3)
 3e4:	44c1                	li	s1,16
 3e6:	000e                	c.slli	zero,0x3
 3e8:	0b40                	addi	s0,sp,404
 3ea:	0000                	unimp
 3ec:	0040                	addi	s0,sp,4
 3ee:	0000                	unimp
 3f0:	03a8                	addi	a0,sp,456
 3f2:	0000                	unimp
 3f4:	076e                	slli	a4,a4,0x1b
 3f6:	8000                	.2byte	0x8000
 3f8:	0164                	addi	s1,sp,140
 3fa:	0000                	unimp
 3fc:	0e42                	slli	t3,t3,0x10
 3fe:	01a0                	addi	s0,sp,200
 400:	8158                	.2byte	0x8158
 402:	8809                	andi	s0,s0,2
 404:	890a                	mv	s2,sp
 406:	930c920b          	.4byte	0x930c920b
 40a:	940d                	srai	s0,s0,0x23
 40c:	950e                	add	a0,a0,gp
 40e:	9710960f          	.4byte	0x9710960f
 412:	9811                	andi	s0,s0,-28
 414:	0212                	slli	tp,tp,0x4
 416:	0ae8                	addi	a0,sp,348
 418:	42c1                	li	t0,16
 41a:	42c8                	lw	a0,4(a3)
 41c:	42c9                	li	t0,18
 41e:	42d2                	lw	t0,20(sp)
 420:	42d442d3          	.4byte	0x42d442d3
 424:	42d5                	li	t0,21
 426:	42d6                	lw	t0,84(sp)
 428:	42d842d7          	.4byte	0x42d842d7
 42c:	000e                	c.slli	zero,0x3
 42e:	0b42                	slli	s6,s6,0x10
 430:	000c                	.2byte	0xc
 432:	0000                	unimp
 434:	ffff                	.2byte	0xffff
 436:	ffff                	.2byte	0xffff
 438:	7c010003          	lb	zero,1984(sp)
 43c:	0d01                	addi	s10,s10,0
 43e:	0002                	c.slli64	zero
 440:	0018                	.2byte	0x18
 442:	0000                	unimp
 444:	0430                	addi	a2,sp,520
 446:	0000                	unimp
 448:	08d2                	slli	a7,a7,0x14
 44a:	8000                	.2byte	0x8000
 44c:	0264                	addi	s1,sp,268
 44e:	0000                	unimp
 450:	0e42                	slli	t3,t3,0x10
 452:	4c10                	lw	a2,24(s0)
 454:	0181                	addi	gp,gp,0
 456:	0288                	addi	a0,sp,320
 458:	0389                	addi	t2,t2,2
	...
