
/home/ducthuan/RICSVTutorial/RISCVTutorial/fpga/sw/KECCAK/build/main.elf:     file format elf64-littleriscv


Disassembly of section .text:

0000000080000000 <_prog_start>:
  .section .text.init
  .option norvc
  .globl _prog_start
_prog_start:
  // perform boot if hart_0, otherwise sleep
  csrr s0, mhartid
    80000000:	f1402473          	csrr	s0,mhartid
  bne s0, zero, _stop
    80000004:	02041663          	bnez	s0,80000030 <_stop>
  csrw mie, s2
    80000008:	30491073          	csrw	mie,s2
  li sp, (PAYLOAD_DEST + 0x7ff0)
    8000000c:	00010137          	lui	sp,0x10
    80000010:	0011011b          	addiw	sp,sp,1 # 10001 <_prog_start-0x7ffeffff>
    80000014:	00f11113          	slli	sp,sp,0xf
    80000018:	ff010113          	addi	sp,sp,-16
  csrr a0, mhartid
    8000001c:	f1402573          	csrr	a0,mhartid
  call main
    80000020:	0c3000ef          	jal	ra,800008e2 <main>
  li s1, MEMORY_MEM_ADDR
    80000024:	0010049b          	addiw	s1,zero,1
    80000028:	01f49493          	slli	s1,s1,0x1f
  jr s1
    8000002c:	00048067          	jr	s1

0000000080000030 <_stop>:
_stop:
  wfi
    80000030:	10500073          	wfi

0000000080000034 <_loopback>:
_loopback:
  j _loopback
    80000034:	0000006f          	j	80000034 <_loopback>

0000000080000038 <kputc>:
  #define UART_CTRL_ADDR _UART_CTRL_ADDR(UART_NUM)
#endif
static volatile uint32_t * const uart = (void *)(UART_CTRL_ADDR);

static inline void kputc(char c)
{
    80000038:	7179                	addi	sp,sp,-48
    8000003a:	f422                	sd	s0,40(sp)
    8000003c:	1800                	addi	s0,sp,48
    8000003e:	87aa                	mv	a5,a0
    80000040:	fcf40fa3          	sb	a5,-33(s0)
	volatile uint32_t *tx = &REG32(uart, UART_REG_TXFIFO);
    80000044:	640007b7          	lui	a5,0x64000
    80000048:	fef43423          	sd	a5,-24(s0)
#ifdef __riscv_atomic
	int32_t r;
	do {
		__asm__ __volatile__ (
    8000004c:	fe843703          	ld	a4,-24(s0)
    80000050:	fdf44783          	lbu	a5,-33(s0)
    80000054:	86be                	mv	a3,a5
    80000056:	fe843783          	ld	a5,-24(s0)
    8000005a:	40d727af          	amoor.w	a5,a3,(a4)
    8000005e:	fef42223          	sw	a5,-28(s0)
			"amoor.w %0, %2, %1\n"
			: "=r" (r), "+A" (*tx)
			: "r" (c));
	} while (r < 0);
    80000062:	fe442783          	lw	a5,-28(s0)
    80000066:	2781                	sext.w	a5,a5
    80000068:	fe07c2e3          	bltz	a5,8000004c <kputc+0x14>
#else
	while ((int32_t)(*tx) < 0);
	*tx = c;
#endif
}
    8000006c:	0001                	nop
    8000006e:	0001                	nop
    80000070:	7422                	ld	s0,40(sp)
    80000072:	6145                	addi	sp,sp,48
    80000074:	8082                	ret

0000000080000076 <memmove>:
#include "kprintf.h"
#include <stddef.h>


// Provide memmove since -nostdlib
void *memmove(void *dest, const void *src, size_t n) {
    80000076:	715d                	addi	sp,sp,-80
    80000078:	e4a2                	sd	s0,72(sp)
    8000007a:	0880                	addi	s0,sp,80
    8000007c:	fca43423          	sd	a0,-56(s0)
    80000080:	fcb43023          	sd	a1,-64(s0)
    80000084:	fac43c23          	sd	a2,-72(s0)
    char *d = (char *)dest;
    80000088:	fc843783          	ld	a5,-56(s0)
    8000008c:	fcf43c23          	sd	a5,-40(s0)
    const char *s = (const char *)src;
    80000090:	fc043783          	ld	a5,-64(s0)
    80000094:	fcf43823          	sd	a5,-48(s0)
    if (d < s) {
    80000098:	fd843703          	ld	a4,-40(s0)
    8000009c:	fd043783          	ld	a5,-48(s0)
    800000a0:	02f77f63          	bgeu	a4,a5,800000de <memmove+0x68>
        for (size_t i = 0; i < n; ++i) {
    800000a4:	fe043423          	sd	zero,-24(s0)
    800000a8:	a025                	j	800000d0 <memmove+0x5a>
            d[i] = s[i];
    800000aa:	fd043703          	ld	a4,-48(s0)
    800000ae:	fe843783          	ld	a5,-24(s0)
    800000b2:	973e                	add	a4,a4,a5
    800000b4:	fd843683          	ld	a3,-40(s0)
    800000b8:	fe843783          	ld	a5,-24(s0)
    800000bc:	97b6                	add	a5,a5,a3
    800000be:	00074703          	lbu	a4,0(a4)
    800000c2:	00e78023          	sb	a4,0(a5) # 64000000 <_prog_start-0x1c000000>
        for (size_t i = 0; i < n; ++i) {
    800000c6:	fe843783          	ld	a5,-24(s0)
    800000ca:	0785                	addi	a5,a5,1
    800000cc:	fef43423          	sd	a5,-24(s0)
    800000d0:	fe843703          	ld	a4,-24(s0)
    800000d4:	fb843783          	ld	a5,-72(s0)
    800000d8:	fcf769e3          	bltu	a4,a5,800000aa <memmove+0x34>
    800000dc:	a835                	j	80000118 <memmove+0xa2>
        }
    } else {
        for (size_t i = n; i > 0; --i) {
    800000de:	fb843783          	ld	a5,-72(s0)
    800000e2:	fef43023          	sd	a5,-32(s0)
    800000e6:	a035                	j	80000112 <memmove+0x9c>
            d[i-1] = s[i-1];
    800000e8:	fe043783          	ld	a5,-32(s0)
    800000ec:	17fd                	addi	a5,a5,-1
    800000ee:	fd043703          	ld	a4,-48(s0)
    800000f2:	973e                	add	a4,a4,a5
    800000f4:	fe043783          	ld	a5,-32(s0)
    800000f8:	17fd                	addi	a5,a5,-1
    800000fa:	fd843683          	ld	a3,-40(s0)
    800000fe:	97b6                	add	a5,a5,a3
    80000100:	00074703          	lbu	a4,0(a4)
    80000104:	00e78023          	sb	a4,0(a5)
        for (size_t i = n; i > 0; --i) {
    80000108:	fe043783          	ld	a5,-32(s0)
    8000010c:	17fd                	addi	a5,a5,-1
    8000010e:	fef43023          	sd	a5,-32(s0)
    80000112:	fe043783          	ld	a5,-32(s0)
    80000116:	fbe9                	bnez	a5,800000e8 <memmove+0x72>
        }
    }
    return dest;
    80000118:	fc843783          	ld	a5,-56(s0)
}
    8000011c:	853e                	mv	a0,a5
    8000011e:	6426                	ld	s0,72(sp)
    80000120:	6161                	addi	sp,sp,80
    80000122:	8082                	ret

0000000080000124 <_kputs>:

static inline void _kputs(const char *s)
{
    80000124:	7179                	addi	sp,sp,-48
    80000126:	f406                	sd	ra,40(sp)
    80000128:	f022                	sd	s0,32(sp)
    8000012a:	1800                	addi	s0,sp,48
    8000012c:	fca43c23          	sd	a0,-40(s0)
	char c;
	for (; (c = *s) != '\0'; s++)
    80000130:	a819                	j	80000146 <_kputs+0x22>
		kputc(c);
    80000132:	fef44783          	lbu	a5,-17(s0)
    80000136:	853e                	mv	a0,a5
    80000138:	f01ff0ef          	jal	ra,80000038 <kputc>
	for (; (c = *s) != '\0'; s++)
    8000013c:	fd843783          	ld	a5,-40(s0)
    80000140:	0785                	addi	a5,a5,1
    80000142:	fcf43c23          	sd	a5,-40(s0)
    80000146:	fd843783          	ld	a5,-40(s0)
    8000014a:	0007c783          	lbu	a5,0(a5)
    8000014e:	fef407a3          	sb	a5,-17(s0)
    80000152:	fef44783          	lbu	a5,-17(s0)
    80000156:	0ff7f793          	zext.b	a5,a5
    8000015a:	ffe1                	bnez	a5,80000132 <_kputs+0xe>
}
    8000015c:	0001                	nop
    8000015e:	0001                	nop
    80000160:	70a2                	ld	ra,40(sp)
    80000162:	7402                	ld	s0,32(sp)
    80000164:	6145                	addi	sp,sp,48
    80000166:	8082                	ret

0000000080000168 <kputs>:

void kputs(const char *s)
{
    80000168:	1101                	addi	sp,sp,-32
    8000016a:	ec06                	sd	ra,24(sp)
    8000016c:	e822                	sd	s0,16(sp)
    8000016e:	1000                	addi	s0,sp,32
    80000170:	fea43423          	sd	a0,-24(s0)
	_kputs(s);
    80000174:	fe843503          	ld	a0,-24(s0)
    80000178:	fadff0ef          	jal	ra,80000124 <_kputs>
	kputc('\r');
    8000017c:	4535                	li	a0,13
    8000017e:	ebbff0ef          	jal	ra,80000038 <kputc>
	kputc('\n');
    80000182:	4529                	li	a0,10
    80000184:	eb5ff0ef          	jal	ra,80000038 <kputc>
}
    80000188:	0001                	nop
    8000018a:	60e2                	ld	ra,24(sp)
    8000018c:	6442                	ld	s0,16(sp)
    8000018e:	6105                	addi	sp,sp,32
    80000190:	8082                	ret

0000000080000192 <kprintf>:

void kprintf(const char *fmt, ...)
{
    80000192:	712d                	addi	sp,sp,-288
    80000194:	ed86                	sd	ra,216(sp)
    80000196:	e9a2                	sd	s0,208(sp)
    80000198:	1180                	addi	s0,sp,224
    8000019a:	f2a43423          	sd	a0,-216(s0)
    8000019e:	e40c                	sd	a1,8(s0)
    800001a0:	e810                	sd	a2,16(s0)
    800001a2:	ec14                	sd	a3,24(s0)
    800001a4:	f018                	sd	a4,32(s0)
    800001a6:	f41c                	sd	a5,40(s0)
    800001a8:	03043823          	sd	a6,48(s0)
    800001ac:	03143c23          	sd	a7,56(s0)
	va_list vl;
	bool is_format, is_long, is_char;
	char c;

	va_start(vl, fmt);
    800001b0:	04040793          	addi	a5,s0,64
    800001b4:	f2f43023          	sd	a5,-224(s0)
    800001b8:	f2043783          	ld	a5,-224(s0)
    800001bc:	fc878793          	addi	a5,a5,-56
    800001c0:	f8f43c23          	sd	a5,-104(s0)
	is_format = false;
    800001c4:	fe0407a3          	sb	zero,-17(s0)
	is_long = false;
    800001c8:	fe040723          	sb	zero,-18(s0)
	is_char = false;
    800001cc:	fe0406a3          	sb	zero,-19(s0)
	while ((c = *fmt++) != '\0') {
    800001d0:	ae0d                	j	80000502 <kprintf+0x370>
		if (is_format) {
    800001d2:	fef44783          	lbu	a5,-17(s0)
    800001d6:	0ff7f793          	zext.b	a5,a5
    800001da:	30078363          	beqz	a5,800004e0 <kprintf+0x34e>
			switch (c) {
    800001de:	faf44783          	lbu	a5,-81(s0)
    800001e2:	2781                	sext.w	a5,a5
    800001e4:	f9d7869b          	addiw	a3,a5,-99
    800001e8:	0006871b          	sext.w	a4,a3
    800001ec:	47d5                	li	a5,21
    800001ee:	2ee7e263          	bltu	a5,a4,800004d2 <kprintf+0x340>
    800001f2:	02069793          	slli	a5,a3,0x20
    800001f6:	9381                	srli	a5,a5,0x20
    800001f8:	00279713          	slli	a4,a5,0x2
    800001fc:	00001797          	auipc	a5,0x1
    80000200:	32478793          	addi	a5,a5,804 # 80001520 <keccakCtrl+0x8>
    80000204:	97ba                	add	a5,a5,a4
    80000206:	439c                	lw	a5,0(a5)
    80000208:	0007871b          	sext.w	a4,a5
    8000020c:	00001797          	auipc	a5,0x1
    80000210:	31478793          	addi	a5,a5,788 # 80001520 <keccakCtrl+0x8>
    80000214:	97ba                	add	a5,a5,a4
    80000216:	8782                	jr	a5
			case 'l':
				unsigned long n;
				n = va_arg(vl, unsigned long);
    80000218:	f9843783          	ld	a5,-104(s0)
    8000021c:	00878713          	addi	a4,a5,8
    80000220:	f8e43c23          	sd	a4,-104(s0)
    80000224:	639c                	ld	a5,0(a5)
    80000226:	fef43023          	sd	a5,-32(s0)
				char c[64];
				for (int i = 0; i < 64; i ++) c[i] = 0;
    8000022a:	fc042e23          	sw	zero,-36(s0)
    8000022e:	a821                	j	80000246 <kprintf+0xb4>
    80000230:	fdc42783          	lw	a5,-36(s0)
    80000234:	17c1                	addi	a5,a5,-16
    80000236:	97a2                	add	a5,a5,s0
    80000238:	f6078423          	sb	zero,-152(a5)
    8000023c:	fdc42783          	lw	a5,-36(s0)
    80000240:	2785                	addiw	a5,a5,1
    80000242:	fcf42e23          	sw	a5,-36(s0)
    80000246:	fdc42783          	lw	a5,-36(s0)
    8000024a:	0007871b          	sext.w	a4,a5
    8000024e:	03f00793          	li	a5,63
    80000252:	fce7dfe3          	bge	a5,a4,80000230 <kprintf+0x9e>
				if (n == 0) {
    80000256:	fe043783          	ld	a5,-32(s0)
    8000025a:	e7bd                	bnez	a5,800002c8 <kprintf+0x136>
					kputc ('0');
    8000025c:	03000513          	li	a0,48
    80000260:	dd9ff0ef          	jal	ra,80000038 <kputc>
					break;
    80000264:	a4bd                	j	800004d2 <kprintf+0x340>
				}
				for (;n != 0;) {
					for (int i = 63; i > 0; i--) c[i] = c[i-1];
    80000266:	03f00793          	li	a5,63
    8000026a:	fcf42c23          	sw	a5,-40(s0)
    8000026e:	a025                	j	80000296 <kprintf+0x104>
    80000270:	fd842783          	lw	a5,-40(s0)
    80000274:	37fd                	addiw	a5,a5,-1
    80000276:	2781                	sext.w	a5,a5
    80000278:	17c1                	addi	a5,a5,-16
    8000027a:	97a2                	add	a5,a5,s0
    8000027c:	f687c703          	lbu	a4,-152(a5)
    80000280:	fd842783          	lw	a5,-40(s0)
    80000284:	17c1                	addi	a5,a5,-16
    80000286:	97a2                	add	a5,a5,s0
    80000288:	f6e78423          	sb	a4,-152(a5)
    8000028c:	fd842783          	lw	a5,-40(s0)
    80000290:	37fd                	addiw	a5,a5,-1
    80000292:	fcf42c23          	sw	a5,-40(s0)
    80000296:	fd842783          	lw	a5,-40(s0)
    8000029a:	2781                	sext.w	a5,a5
    8000029c:	fcf04ae3          	bgtz	a5,80000270 <kprintf+0xde>
					c[0] = '0' + (n%10);
    800002a0:	fe043703          	ld	a4,-32(s0)
    800002a4:	47a9                	li	a5,10
    800002a6:	02f777b3          	remu	a5,a4,a5
    800002aa:	0ff7f793          	zext.b	a5,a5
    800002ae:	0307879b          	addiw	a5,a5,48
    800002b2:	0ff7f793          	zext.b	a5,a5
    800002b6:	f4f40c23          	sb	a5,-168(s0)
					n = n / 10;
    800002ba:	fe043703          	ld	a4,-32(s0)
    800002be:	47a9                	li	a5,10
    800002c0:	02f757b3          	divu	a5,a4,a5
    800002c4:	fef43023          	sd	a5,-32(s0)
				for (;n != 0;) {
    800002c8:	fe043783          	ld	a5,-32(s0)
    800002cc:	ffc9                	bnez	a5,80000266 <kprintf+0xd4>
				}
				for (int i = 0; c[i] != 0; i++) kputc(c[i]);
    800002ce:	fc042a23          	sw	zero,-44(s0)
    800002d2:	a839                	j	800002f0 <kprintf+0x15e>
    800002d4:	fd442783          	lw	a5,-44(s0)
    800002d8:	17c1                	addi	a5,a5,-16
    800002da:	97a2                	add	a5,a5,s0
    800002dc:	f687c783          	lbu	a5,-152(a5)
    800002e0:	853e                	mv	a0,a5
    800002e2:	d57ff0ef          	jal	ra,80000038 <kputc>
    800002e6:	fd442783          	lw	a5,-44(s0)
    800002ea:	2785                	addiw	a5,a5,1
    800002ec:	fcf42a23          	sw	a5,-44(s0)
    800002f0:	fd442783          	lw	a5,-44(s0)
    800002f4:	17c1                	addi	a5,a5,-16
    800002f6:	97a2                	add	a5,a5,s0
    800002f8:	f687c783          	lbu	a5,-152(a5)
    800002fc:	ffe1                	bnez	a5,800002d4 <kprintf+0x142>
				break;
    800002fe:	aad1                	j	800004d2 <kprintf+0x340>
			case 'd':{
				unsigned int n;
				n = va_arg(vl, unsigned int);
    80000300:	f9843783          	ld	a5,-104(s0)
    80000304:	00878713          	addi	a4,a5,8
    80000308:	f8e43c23          	sd	a4,-104(s0)
    8000030c:	439c                	lw	a5,0(a5)
    8000030e:	fcf42823          	sw	a5,-48(s0)
				char c1[32];
				for (int i = 0; i < 32; i ++) c1[i] = 0;
    80000312:	fc042623          	sw	zero,-52(s0)
    80000316:	a821                	j	8000032e <kprintf+0x19c>
    80000318:	fcc42783          	lw	a5,-52(s0)
    8000031c:	17c1                	addi	a5,a5,-16
    8000031e:	97a2                	add	a5,a5,s0
    80000320:	f4078423          	sb	zero,-184(a5)
    80000324:	fcc42783          	lw	a5,-52(s0)
    80000328:	2785                	addiw	a5,a5,1
    8000032a:	fcf42623          	sw	a5,-52(s0)
    8000032e:	fcc42783          	lw	a5,-52(s0)
    80000332:	0007871b          	sext.w	a4,a5
    80000336:	47fd                	li	a5,31
    80000338:	fee7d0e3          	bge	a5,a4,80000318 <kprintf+0x186>
				if (n == 0) {
    8000033c:	fd042783          	lw	a5,-48(s0)
    80000340:	2781                	sext.w	a5,a5
    80000342:	ebad                	bnez	a5,800003b4 <kprintf+0x222>
					kputc ('0');
    80000344:	03000513          	li	a0,48
    80000348:	cf1ff0ef          	jal	ra,80000038 <kputc>
					break;
    8000034c:	a259                	j	800004d2 <kprintf+0x340>
				}
				for (;n != 0;) {
					for (int i = 31; i > 0; i--) c1[i] = c1[i-1];
    8000034e:	47fd                	li	a5,31
    80000350:	fcf42423          	sw	a5,-56(s0)
    80000354:	a025                	j	8000037c <kprintf+0x1ea>
    80000356:	fc842783          	lw	a5,-56(s0)
    8000035a:	37fd                	addiw	a5,a5,-1
    8000035c:	2781                	sext.w	a5,a5
    8000035e:	17c1                	addi	a5,a5,-16
    80000360:	97a2                	add	a5,a5,s0
    80000362:	f487c703          	lbu	a4,-184(a5)
    80000366:	fc842783          	lw	a5,-56(s0)
    8000036a:	17c1                	addi	a5,a5,-16
    8000036c:	97a2                	add	a5,a5,s0
    8000036e:	f4e78423          	sb	a4,-184(a5)
    80000372:	fc842783          	lw	a5,-56(s0)
    80000376:	37fd                	addiw	a5,a5,-1
    80000378:	fcf42423          	sw	a5,-56(s0)
    8000037c:	fc842783          	lw	a5,-56(s0)
    80000380:	2781                	sext.w	a5,a5
    80000382:	fcf04ae3          	bgtz	a5,80000356 <kprintf+0x1c4>
					c1[0] = '0' + (n%10);
    80000386:	fd042783          	lw	a5,-48(s0)
    8000038a:	873e                	mv	a4,a5
    8000038c:	47a9                	li	a5,10
    8000038e:	02f777bb          	remuw	a5,a4,a5
    80000392:	2781                	sext.w	a5,a5
    80000394:	0ff7f793          	zext.b	a5,a5
    80000398:	0307879b          	addiw	a5,a5,48
    8000039c:	0ff7f793          	zext.b	a5,a5
    800003a0:	f2f40c23          	sb	a5,-200(s0)
					n = n / 10;
    800003a4:	fd042783          	lw	a5,-48(s0)
    800003a8:	873e                	mv	a4,a5
    800003aa:	47a9                	li	a5,10
    800003ac:	02f757bb          	divuw	a5,a4,a5
    800003b0:	fcf42823          	sw	a5,-48(s0)
				for (;n != 0;) {
    800003b4:	fd042783          	lw	a5,-48(s0)
    800003b8:	2781                	sext.w	a5,a5
    800003ba:	fbd1                	bnez	a5,8000034e <kprintf+0x1bc>
				}
				for (int i = 0; c[i] != 0; i++) kputc(c1[i]);
    800003bc:	fc042223          	sw	zero,-60(s0)
    800003c0:	a839                	j	800003de <kprintf+0x24c>
    800003c2:	fc442783          	lw	a5,-60(s0)
    800003c6:	17c1                	addi	a5,a5,-16
    800003c8:	97a2                	add	a5,a5,s0
    800003ca:	f487c783          	lbu	a5,-184(a5)
    800003ce:	853e                	mv	a0,a5
    800003d0:	c69ff0ef          	jal	ra,80000038 <kputc>
    800003d4:	fc442783          	lw	a5,-60(s0)
    800003d8:	2785                	addiw	a5,a5,1
    800003da:	fcf42223          	sw	a5,-60(s0)
    800003de:	fc442783          	lw	a5,-60(s0)
    800003e2:	17c1                	addi	a5,a5,-16
    800003e4:	97a2                	add	a5,a5,s0
    800003e6:	f687c783          	lbu	a5,-152(a5)
    800003ea:	ffe1                	bnez	a5,800003c2 <kprintf+0x230>
				break;
    800003ec:	a0dd                	j	800004d2 <kprintf+0x340>
			}
			case 'h':
				is_char = true;
    800003ee:	4785                	li	a5,1
    800003f0:	fef406a3          	sb	a5,-19(s0)
    800003f4:	a239                	j	80000502 <kprintf+0x370>
				continue;
			case 'x': {
				unsigned long n;
				long i;
				if (is_long) {
    800003f6:	fee44783          	lbu	a5,-18(s0)
    800003fa:	0ff7f793          	zext.b	a5,a5
    800003fe:	cf99                	beqz	a5,8000041c <kprintf+0x28a>
					n = va_arg(vl, unsigned long);
    80000400:	f9843783          	ld	a5,-104(s0)
    80000404:	00878713          	addi	a4,a5,8
    80000408:	f8e43c23          	sd	a4,-104(s0)
    8000040c:	639c                	ld	a5,0(a5)
    8000040e:	faf43c23          	sd	a5,-72(s0)
					i = (sizeof(unsigned long) << 3) - 4;
    80000412:	03c00793          	li	a5,60
    80000416:	faf43823          	sd	a5,-80(s0)
    8000041a:	a8bd                	j	80000498 <kprintf+0x306>
				} else {
					n = va_arg(vl, unsigned long);
    8000041c:	f9843783          	ld	a5,-104(s0)
    80000420:	00878713          	addi	a4,a5,8
    80000424:	f8e43c23          	sd	a4,-104(s0)
    80000428:	639c                	ld	a5,0(a5)
    8000042a:	faf43c23          	sd	a5,-72(s0)
					i = is_char ? 4 : (sizeof(unsigned long) << 3) - 4;
    8000042e:	fed44783          	lbu	a5,-19(s0)
    80000432:	0ff7f793          	zext.b	a5,a5
    80000436:	c399                	beqz	a5,8000043c <kprintf+0x2aa>
    80000438:	4791                	li	a5,4
    8000043a:	a019                	j	80000440 <kprintf+0x2ae>
    8000043c:	03c00793          	li	a5,60
    80000440:	faf43823          	sd	a5,-80(s0)
				}
				for (; i >= 0; i -= 4) {
    80000444:	a891                	j	80000498 <kprintf+0x306>
					long d;
					d = (n >> i) & 0xF;
    80000446:	fb043783          	ld	a5,-80(s0)
    8000044a:	2781                	sext.w	a5,a5
    8000044c:	873e                	mv	a4,a5
    8000044e:	fb843783          	ld	a5,-72(s0)
    80000452:	00e7d7b3          	srl	a5,a5,a4
    80000456:	8bbd                	andi	a5,a5,15
    80000458:	faf43023          	sd	a5,-96(s0)
					kputc(d < 10 ? '0' + d : 'a' + d - 10);
    8000045c:	fa043703          	ld	a4,-96(s0)
    80000460:	47a5                	li	a5,9
    80000462:	00e7cb63          	blt	a5,a4,80000478 <kprintf+0x2e6>
    80000466:	fa043783          	ld	a5,-96(s0)
    8000046a:	0ff7f793          	zext.b	a5,a5
    8000046e:	0307879b          	addiw	a5,a5,48
    80000472:	0ff7f793          	zext.b	a5,a5
    80000476:	a809                	j	80000488 <kprintf+0x2f6>
    80000478:	fa043783          	ld	a5,-96(s0)
    8000047c:	0ff7f793          	zext.b	a5,a5
    80000480:	0577879b          	addiw	a5,a5,87
    80000484:	0ff7f793          	zext.b	a5,a5
    80000488:	853e                	mv	a0,a5
    8000048a:	bafff0ef          	jal	ra,80000038 <kputc>
				for (; i >= 0; i -= 4) {
    8000048e:	fb043783          	ld	a5,-80(s0)
    80000492:	17f1                	addi	a5,a5,-4
    80000494:	faf43823          	sd	a5,-80(s0)
    80000498:	fb043783          	ld	a5,-80(s0)
    8000049c:	fa07d5e3          	bgez	a5,80000446 <kprintf+0x2b4>
				}
				break;
    800004a0:	a80d                	j	800004d2 <kprintf+0x340>
			}
			case 's':
				_kputs(va_arg(vl, const char *));
    800004a2:	f9843783          	ld	a5,-104(s0)
    800004a6:	00878713          	addi	a4,a5,8
    800004aa:	f8e43c23          	sd	a4,-104(s0)
    800004ae:	639c                	ld	a5,0(a5)
    800004b0:	853e                	mv	a0,a5
    800004b2:	c73ff0ef          	jal	ra,80000124 <_kputs>
				break;
    800004b6:	a831                	j	800004d2 <kprintf+0x340>
			case 'c':
				kputc(va_arg(vl, int));
    800004b8:	f9843783          	ld	a5,-104(s0)
    800004bc:	00878713          	addi	a4,a5,8
    800004c0:	f8e43c23          	sd	a4,-104(s0)
    800004c4:	439c                	lw	a5,0(a5)
    800004c6:	0ff7f793          	zext.b	a5,a5
    800004ca:	853e                	mv	a0,a5
    800004cc:	b6dff0ef          	jal	ra,80000038 <kputc>
				break;
    800004d0:	0001                	nop
			}
			is_format = false;
    800004d2:	fe0407a3          	sb	zero,-17(s0)
			is_long = false;
    800004d6:	fe040723          	sb	zero,-18(s0)
			is_char = false;
    800004da:	fe0406a3          	sb	zero,-19(s0)
    800004de:	a015                	j	80000502 <kprintf+0x370>
		} else if (c == '%') {
    800004e0:	faf44783          	lbu	a5,-81(s0)
    800004e4:	0ff7f713          	zext.b	a4,a5
    800004e8:	02500793          	li	a5,37
    800004ec:	00f71663          	bne	a4,a5,800004f8 <kprintf+0x366>
			is_format = true;
    800004f0:	4785                	li	a5,1
    800004f2:	fef407a3          	sb	a5,-17(s0)
    800004f6:	a031                	j	80000502 <kprintf+0x370>
		} else {
			kputc(c);
    800004f8:	faf44783          	lbu	a5,-81(s0)
    800004fc:	853e                	mv	a0,a5
    800004fe:	b3bff0ef          	jal	ra,80000038 <kputc>
	while ((c = *fmt++) != '\0') {
    80000502:	f2843783          	ld	a5,-216(s0)
    80000506:	00178713          	addi	a4,a5,1
    8000050a:	f2e43423          	sd	a4,-216(s0)
    8000050e:	0007c783          	lbu	a5,0(a5)
    80000512:	faf407a3          	sb	a5,-81(s0)
    80000516:	faf44783          	lbu	a5,-81(s0)
    8000051a:	0ff7f793          	zext.b	a5,a5
    8000051e:	ca079ae3          	bnez	a5,800001d2 <kprintf+0x40>
		}
	}
	va_end(vl);
}
    80000522:	0001                	nop
    80000524:	0001                	nop
    80000526:	60ee                	ld	ra,216(sp)
    80000528:	644e                	ld	s0,208(sp)
    8000052a:	6115                	addi	sp,sp,288
    8000052c:	8082                	ret

000000008000052e <keccak_reset>:
#define SHA3_256    1
#define SHA3_512    2
#define SHAKE128    3
#define SHAKE256    4

void keccak_reset(void *keccakCtrl){
    8000052e:	7179                	addi	sp,sp,-48
    80000530:	f422                	sd	s0,40(sp)
    80000532:	1800                	addi	s0,sp,48
    80000534:	fca43c23          	sd	a0,-40(s0)
    _REG64((char *)keccakCtrl, REG_KECCAK_END_PACKET) = 0x0000000000000000;
    80000538:	fd843783          	ld	a5,-40(s0)
    8000053c:	02078793          	addi	a5,a5,32
    80000540:	0007b023          	sd	zero,0(a5)
    _REG64((char *)keccakCtrl, REG_KECCAK_FIN_PACKET)  = 0x0000000000000000;
    80000544:	fd843783          	ld	a5,-40(s0)
    80000548:	02878793          	addi	a5,a5,40
    8000054c:	0007b023          	sd	zero,0(a5)
    _REG64((char *)keccakCtrl, REG_KECCAK_RESET) = 0x0000000000000001;
    80000550:	fd843783          	ld	a5,-40(s0)
    80000554:	4705                	li	a4,1
    80000556:	e398                	sd	a4,0(a5)
    for(int i = 0; i < 100; i++){};
    80000558:	fe042623          	sw	zero,-20(s0)
    8000055c:	a031                	j	80000568 <keccak_reset+0x3a>
    8000055e:	fec42783          	lw	a5,-20(s0)
    80000562:	2785                	addiw	a5,a5,1
    80000564:	fef42623          	sw	a5,-20(s0)
    80000568:	fec42783          	lw	a5,-20(s0)
    8000056c:	0007871b          	sext.w	a4,a5
    80000570:	06300793          	li	a5,99
    80000574:	fee7d5e3          	bge	a5,a4,8000055e <keccak_reset+0x30>
    _REG64((char *)keccakCtrl, REG_KECCAK_RESET) = 0x0000000000000000;
    80000578:	fd843783          	ld	a5,-40(s0)
    8000057c:	0007b023          	sd	zero,0(a5)
}
    80000580:	0001                	nop
    80000582:	7422                	ld	s0,40(sp)
    80000584:	6145                	addi	sp,sp,48
    80000586:	8082                	ret

0000000080000588 <keccak_config>:

void keccak_config(void *keccakCtrl, uint64_t mode, uint64_t len){
    80000588:	7179                	addi	sp,sp,-48
    8000058a:	f422                	sd	s0,40(sp)
    8000058c:	1800                	addi	s0,sp,48
    8000058e:	fea43423          	sd	a0,-24(s0)
    80000592:	feb43023          	sd	a1,-32(s0)
    80000596:	fcc43c23          	sd	a2,-40(s0)
    _REG64((char *)keccakCtrl, REG_KECCAK_MODE) = mode;
    8000059a:	fe843783          	ld	a5,-24(s0)
    8000059e:	06078793          	addi	a5,a5,96
    800005a2:	fe043703          	ld	a4,-32(s0)
    800005a6:	e398                	sd	a4,0(a5)
    _REG64((char *)keccakCtrl, REG_KECCAK_DATA_LEN) = len;
    800005a8:	fe843783          	ld	a5,-24(s0)
    800005ac:	07e1                	addi	a5,a5,24
    800005ae:	fd843703          	ld	a4,-40(s0)
    800005b2:	e398                	sd	a4,0(a5)
}
    800005b4:	0001                	nop
    800005b6:	7422                	ld	s0,40(sp)
    800005b8:	6145                	addi	sp,sp,48
    800005ba:	8082                	ret

00000000800005bc <keccak_write_data>:

void keccak_write_data(void *keccakCtrl, uint64_t mode, uint64_t *data, int len){
    800005bc:	7139                	addi	sp,sp,-64
    800005be:	fc22                	sd	s0,56(sp)
    800005c0:	0080                	addi	s0,sp,64
    800005c2:	fca43c23          	sd	a0,-40(s0)
    800005c6:	fcb43823          	sd	a1,-48(s0)
    800005ca:	fcc43423          	sd	a2,-56(s0)
    800005ce:	87b6                	mv	a5,a3
    800005d0:	fcf42223          	sw	a5,-60(s0)
   int line;
        if(mode == 0) line = 18;
    800005d4:	fd043783          	ld	a5,-48(s0)
    800005d8:	e789                	bnez	a5,800005e2 <keccak_write_data+0x26>
    800005da:	47c9                	li	a5,18
    800005dc:	fef42623          	sw	a5,-20(s0)
    800005e0:	a881                	j	80000630 <keccak_write_data+0x74>
   else if(mode == 1) line = 17;
    800005e2:	fd043703          	ld	a4,-48(s0)
    800005e6:	4785                	li	a5,1
    800005e8:	00f71663          	bne	a4,a5,800005f4 <keccak_write_data+0x38>
    800005ec:	47c5                	li	a5,17
    800005ee:	fef42623          	sw	a5,-20(s0)
    800005f2:	a83d                	j	80000630 <keccak_write_data+0x74>
   else if(mode == 2) line = 9;
    800005f4:	fd043703          	ld	a4,-48(s0)
    800005f8:	4789                	li	a5,2
    800005fa:	00f71663          	bne	a4,a5,80000606 <keccak_write_data+0x4a>
    800005fe:	47a5                	li	a5,9
    80000600:	fef42623          	sw	a5,-20(s0)
    80000604:	a035                	j	80000630 <keccak_write_data+0x74>
   else if(mode == 3) line = 21;
    80000606:	fd043703          	ld	a4,-48(s0)
    8000060a:	478d                	li	a5,3
    8000060c:	00f71663          	bne	a4,a5,80000618 <keccak_write_data+0x5c>
    80000610:	47d5                	li	a5,21
    80000612:	fef42623          	sw	a5,-20(s0)
    80000616:	a829                	j	80000630 <keccak_write_data+0x74>
   else if(mode == 4) line = 17;
    80000618:	fd043703          	ld	a4,-48(s0)
    8000061c:	4791                	li	a5,4
    8000061e:	00f71663          	bne	a4,a5,8000062a <keccak_write_data+0x6e>
    80000622:	47c5                	li	a5,17
    80000624:	fef42623          	sw	a5,-20(s0)
    80000628:	a021                	j	80000630 <keccak_write_data+0x74>
   else               line = 17;
    8000062a:	47c5                	li	a5,17
    8000062c:	fef42623          	sw	a5,-20(s0)

    for (int j = 0; j < ((len >> 3)/line); j++){
    80000630:	fe042423          	sw	zero,-24(s0)
    80000634:	a861                	j	800006cc <keccak_write_data+0x110>
        _REG64((char *)keccakCtrl, REG_KECCAK_END_PACKET) = 0x0000000000000000;
    80000636:	fd843783          	ld	a5,-40(s0)
    8000063a:	02078793          	addi	a5,a5,32
    8000063e:	0007b023          	sd	zero,0(a5)
        for (int i = (j*line); i < (j+1)*line; i++){
    80000642:	fe842783          	lw	a5,-24(s0)
    80000646:	873e                	mv	a4,a5
    80000648:	fec42783          	lw	a5,-20(s0)
    8000064c:	02f707bb          	mulw	a5,a4,a5
    80000650:	fef42223          	sw	a5,-28(s0)
    80000654:	a091                	j	80000698 <keccak_write_data+0xdc>
            while(!(_REG64((char *)keccakCtrl, REG_KECCAK_IN_READY))){};
    80000656:	0001                	nop
    80000658:	fd843783          	ld	a5,-40(s0)
    8000065c:	03078793          	addi	a5,a5,48
    80000660:	639c                	ld	a5,0(a5)
    80000662:	dbfd                	beqz	a5,80000658 <keccak_write_data+0x9c>
            _REG64((char *)keccakCtrl, REG_KECCAK_WRITE_DATA)       = data[i];
    80000664:	fe442783          	lw	a5,-28(s0)
    80000668:	078e                	slli	a5,a5,0x3
    8000066a:	fc843703          	ld	a4,-56(s0)
    8000066e:	973e                	add	a4,a4,a5
    80000670:	fd843783          	ld	a5,-40(s0)
    80000674:	07c1                	addi	a5,a5,16
    80000676:	6318                	ld	a4,0(a4)
    80000678:	e398                	sd	a4,0(a5)
            _REG64((char *)keccakCtrl, REG_KECCAK_WRITE_ENABLE)     = 0x0000000000000001;
    8000067a:	fd843783          	ld	a5,-40(s0)
    8000067e:	07a1                	addi	a5,a5,8
    80000680:	4705                	li	a4,1
    80000682:	e398                	sd	a4,0(a5)
            _REG64((char *)keccakCtrl, REG_KECCAK_WRITE_ENABLE)     = 0x0000000000000000;
    80000684:	fd843783          	ld	a5,-40(s0)
    80000688:	07a1                	addi	a5,a5,8
    8000068a:	0007b023          	sd	zero,0(a5)
        for (int i = (j*line); i < (j+1)*line; i++){
    8000068e:	fe442783          	lw	a5,-28(s0)
    80000692:	2785                	addiw	a5,a5,1
    80000694:	fef42223          	sw	a5,-28(s0)
    80000698:	fe842783          	lw	a5,-24(s0)
    8000069c:	2785                	addiw	a5,a5,1
    8000069e:	2781                	sext.w	a5,a5
    800006a0:	fec42703          	lw	a4,-20(s0)
    800006a4:	02f707bb          	mulw	a5,a4,a5
    800006a8:	0007871b          	sext.w	a4,a5
    800006ac:	fe442783          	lw	a5,-28(s0)
    800006b0:	2781                	sext.w	a5,a5
    800006b2:	fae7c2e3          	blt	a5,a4,80000656 <keccak_write_data+0x9a>
        }
        _REG64((char *)keccakCtrl, REG_KECCAK_END_PACKET)  = 0x0000000000000001;
    800006b6:	fd843783          	ld	a5,-40(s0)
    800006ba:	02078793          	addi	a5,a5,32
    800006be:	4705                	li	a4,1
    800006c0:	e398                	sd	a4,0(a5)
    for (int j = 0; j < ((len >> 3)/line); j++){
    800006c2:	fe842783          	lw	a5,-24(s0)
    800006c6:	2785                	addiw	a5,a5,1
    800006c8:	fef42423          	sw	a5,-24(s0)
    800006cc:	fc442783          	lw	a5,-60(s0)
    800006d0:	4037d79b          	sraiw	a5,a5,0x3
    800006d4:	2781                	sext.w	a5,a5
    800006d6:	fec42703          	lw	a4,-20(s0)
    800006da:	02e7c7bb          	divw	a5,a5,a4
    800006de:	0007871b          	sext.w	a4,a5
    800006e2:	fe842783          	lw	a5,-24(s0)
    800006e6:	2781                	sext.w	a5,a5
    800006e8:	f4e7c7e3          	blt	a5,a4,80000636 <keccak_write_data+0x7a>
    }
}
    800006ec:	0001                	nop
    800006ee:	0001                	nop
    800006f0:	7462                	ld	s0,56(sp)
    800006f2:	6121                	addi	sp,sp,64
    800006f4:	8082                	ret

00000000800006f6 <keccak_write_last_data>:


void keccak_write_last_data(void *keccakCtrl, uint64_t mode, uint64_t *data, int len){
    800006f6:	7139                	addi	sp,sp,-64
    800006f8:	fc22                	sd	s0,56(sp)
    800006fa:	0080                	addi	s0,sp,64
    800006fc:	fca43c23          	sd	a0,-40(s0)
    80000700:	fcb43823          	sd	a1,-48(s0)
    80000704:	fcc43423          	sd	a2,-56(s0)
    80000708:	87b6                	mv	a5,a3
    8000070a:	fcf42223          	sw	a5,-60(s0)
    int line;
         if(mode == 0) line = 18;
    8000070e:	fd043783          	ld	a5,-48(s0)
    80000712:	e789                	bnez	a5,8000071c <keccak_write_last_data+0x26>
    80000714:	47c9                	li	a5,18
    80000716:	fef42623          	sw	a5,-20(s0)
    8000071a:	a881                	j	8000076a <keccak_write_last_data+0x74>
    else if(mode == 1) line = 17;
    8000071c:	fd043703          	ld	a4,-48(s0)
    80000720:	4785                	li	a5,1
    80000722:	00f71663          	bne	a4,a5,8000072e <keccak_write_last_data+0x38>
    80000726:	47c5                	li	a5,17
    80000728:	fef42623          	sw	a5,-20(s0)
    8000072c:	a83d                	j	8000076a <keccak_write_last_data+0x74>
    else if(mode == 2) line = 9;
    8000072e:	fd043703          	ld	a4,-48(s0)
    80000732:	4789                	li	a5,2
    80000734:	00f71663          	bne	a4,a5,80000740 <keccak_write_last_data+0x4a>
    80000738:	47a5                	li	a5,9
    8000073a:	fef42623          	sw	a5,-20(s0)
    8000073e:	a035                	j	8000076a <keccak_write_last_data+0x74>
    else if(mode == 3) line = 21;
    80000740:	fd043703          	ld	a4,-48(s0)
    80000744:	478d                	li	a5,3
    80000746:	00f71663          	bne	a4,a5,80000752 <keccak_write_last_data+0x5c>
    8000074a:	47d5                	li	a5,21
    8000074c:	fef42623          	sw	a5,-20(s0)
    80000750:	a829                	j	8000076a <keccak_write_last_data+0x74>
    else if(mode == 4) line = 17;
    80000752:	fd043703          	ld	a4,-48(s0)
    80000756:	4791                	li	a5,4
    80000758:	00f71663          	bne	a4,a5,80000764 <keccak_write_last_data+0x6e>
    8000075c:	47c5                	li	a5,17
    8000075e:	fef42623          	sw	a5,-20(s0)
    80000762:	a021                	j	8000076a <keccak_write_last_data+0x74>
    else               line = 17;
    80000764:	47c5                	li	a5,17
    80000766:	fef42623          	sw	a5,-20(s0)

   _REG64((char *)keccakCtrl, REG_KECCAK_END_PACKET) = 0x0000000000000000;
    8000076a:	fd843783          	ld	a5,-40(s0)
    8000076e:	02078793          	addi	a5,a5,32
    80000772:	0007b023          	sd	zero,0(a5)
   for (int i = ((len >> 3)/line) * line; i < (len >> 3) ; i++){
    80000776:	fc442783          	lw	a5,-60(s0)
    8000077a:	4037d79b          	sraiw	a5,a5,0x3
    8000077e:	2781                	sext.w	a5,a5
    80000780:	fec42703          	lw	a4,-20(s0)
    80000784:	02e7c7bb          	divw	a5,a5,a4
    80000788:	2781                	sext.w	a5,a5
    8000078a:	fec42703          	lw	a4,-20(s0)
    8000078e:	02f707bb          	mulw	a5,a4,a5
    80000792:	fef42423          	sw	a5,-24(s0)
    80000796:	a091                	j	800007da <keccak_write_last_data+0xe4>
       while(!(_REG64((char *)keccakCtrl, REG_KECCAK_IN_READY))){};
    80000798:	0001                	nop
    8000079a:	fd843783          	ld	a5,-40(s0)
    8000079e:	03078793          	addi	a5,a5,48
    800007a2:	639c                	ld	a5,0(a5)
    800007a4:	dbfd                	beqz	a5,8000079a <keccak_write_last_data+0xa4>
//       kprintf("send the block %d-th\r\n", i);
       _REG64((char *)keccakCtrl, REG_KECCAK_WRITE_DATA)       = data[i];
    800007a6:	fe842783          	lw	a5,-24(s0)
    800007aa:	078e                	slli	a5,a5,0x3
    800007ac:	fc843703          	ld	a4,-56(s0)
    800007b0:	973e                	add	a4,a4,a5
    800007b2:	fd843783          	ld	a5,-40(s0)
    800007b6:	07c1                	addi	a5,a5,16
    800007b8:	6318                	ld	a4,0(a4)
    800007ba:	e398                	sd	a4,0(a5)
       _REG64((char *)keccakCtrl, REG_KECCAK_WRITE_ENABLE)     = 0x0000000000000001;
    800007bc:	fd843783          	ld	a5,-40(s0)
    800007c0:	07a1                	addi	a5,a5,8
    800007c2:	4705                	li	a4,1
    800007c4:	e398                	sd	a4,0(a5)
       _REG64((char *)keccakCtrl, REG_KECCAK_WRITE_ENABLE)     = 0x0000000000000000;
    800007c6:	fd843783          	ld	a5,-40(s0)
    800007ca:	07a1                	addi	a5,a5,8
    800007cc:	0007b023          	sd	zero,0(a5)
   for (int i = ((len >> 3)/line) * line; i < (len >> 3) ; i++){
    800007d0:	fe842783          	lw	a5,-24(s0)
    800007d4:	2785                	addiw	a5,a5,1
    800007d6:	fef42423          	sw	a5,-24(s0)
    800007da:	fc442783          	lw	a5,-60(s0)
    800007de:	4037d79b          	sraiw	a5,a5,0x3
    800007e2:	0007871b          	sext.w	a4,a5
    800007e6:	fe842783          	lw	a5,-24(s0)
    800007ea:	2781                	sext.w	a5,a5
    800007ec:	fae7c6e3          	blt	a5,a4,80000798 <keccak_write_last_data+0xa2>
   }
   _REG64((char *)keccakCtrl, REG_KECCAK_FIN_PACKET)  = 0x0000000000000001;
    800007f0:	fd843783          	ld	a5,-40(s0)
    800007f4:	02878793          	addi	a5,a5,40
    800007f8:	4705                	li	a4,1
    800007fa:	e398                	sd	a4,0(a5)
}
    800007fc:	0001                	nop
    800007fe:	7462                	ld	s0,56(sp)
    80000800:	6121                	addi	sp,sp,64
    80000802:	8082                	ret

0000000080000804 <keccak_read_data>:

void keccak_read_data(void *keccakCtrl, uint64_t *hash, int len) {
    80000804:	7139                	addi	sp,sp,-64
    80000806:	fc22                	sd	s0,56(sp)
    80000808:	0080                	addi	s0,sp,64
    8000080a:	fca43c23          	sd	a0,-40(s0)
    8000080e:	fcb43823          	sd	a1,-48(s0)
    80000812:	87b2                	mv	a5,a2
    80000814:	fcf42623          	sw	a5,-52(s0)
   while(!(_REG64((char *)keccakCtrl, REG_KECCAK_OUT_VALID))){};
    80000818:	0001                	nop
    8000081a:	fd843783          	ld	a5,-40(s0)
    8000081e:	05078793          	addi	a5,a5,80
    80000822:	639c                	ld	a5,0(a5)
    80000824:	dbfd                	beqz	a5,8000081a <keccak_read_data+0x16>
   for (int i = 0; i < len; i++){
    80000826:	fe042623          	sw	zero,-20(s0)
    8000082a:	a0a9                	j	80000874 <keccak_read_data+0x70>
        _REG64((char *)keccakCtrl, REG_KECCAK_READ_ENABLE)     = 0x0000000000000001;
    8000082c:	fd843783          	ld	a5,-40(s0)
    80000830:	03878793          	addi	a5,a5,56
    80000834:	4705                	li	a4,1
    80000836:	e398                	sd	a4,0(a5)
        _REG64((char *)keccakCtrl, REG_KECCAK_READ_ENABLE)     = 0x0000000000000000;
    80000838:	fd843783          	ld	a5,-40(s0)
    8000083c:	03878793          	addi	a5,a5,56
    80000840:	0007b023          	sd	zero,0(a5)
        while(!(_REG64((char *)keccakCtrl, REG_KECCAK_OUT_READY))){};
    80000844:	0001                	nop
    80000846:	fd843783          	ld	a5,-40(s0)
    8000084a:	05878793          	addi	a5,a5,88
    8000084e:	639c                	ld	a5,0(a5)
    80000850:	dbfd                	beqz	a5,80000846 <keccak_read_data+0x42>
        hash[i] = _REG64((char *)keccakCtrl, REG_KECCAK_READ_DATA);
    80000852:	fd843783          	ld	a5,-40(s0)
    80000856:	04878713          	addi	a4,a5,72
    8000085a:	fec42783          	lw	a5,-20(s0)
    8000085e:	078e                	slli	a5,a5,0x3
    80000860:	fd043683          	ld	a3,-48(s0)
    80000864:	97b6                	add	a5,a5,a3
    80000866:	6318                	ld	a4,0(a4)
    80000868:	e398                	sd	a4,0(a5)
   for (int i = 0; i < len; i++){
    8000086a:	fec42783          	lw	a5,-20(s0)
    8000086e:	2785                	addiw	a5,a5,1
    80000870:	fef42623          	sw	a5,-20(s0)
    80000874:	fec42783          	lw	a5,-20(s0)
    80000878:	873e                	mv	a4,a5
    8000087a:	fcc42783          	lw	a5,-52(s0)
    8000087e:	2701                	sext.w	a4,a4
    80000880:	2781                	sext.w	a5,a5
    80000882:	faf745e3          	blt	a4,a5,8000082c <keccak_read_data+0x28>
   };
   _REG64((char *)keccakCtrl, REG_KECCAK_FIN_PACKET)  = 0x0000000000000000;
    80000886:	fd843783          	ld	a5,-40(s0)
    8000088a:	02878793          	addi	a5,a5,40
    8000088e:	0007b023          	sd	zero,0(a5)
}
    80000892:	0001                	nop
    80000894:	7462                	ld	s0,56(sp)
    80000896:	6121                	addi	sp,sp,64
    80000898:	8082                	ret

000000008000089a <keccak_read_done>:

void keccak_read_done(void *keccakCtrl){
    8000089a:	1101                	addi	sp,sp,-32
    8000089c:	ec22                	sd	s0,24(sp)
    8000089e:	1000                	addi	s0,sp,32
    800008a0:	fea43423          	sd	a0,-24(s0)
    _REG64((char *)keccakCtrl, REG_KECCAK_READ_DONE) = 0x0000000000000001;
    800008a4:	fe843783          	ld	a5,-24(s0)
    800008a8:	04078793          	addi	a5,a5,64
    800008ac:	4705                	li	a4,1
    800008ae:	e398                	sd	a4,0(a5)
    _REG64((char *)keccakCtrl, REG_KECCAK_READ_DONE) = 0x0000000000000000;
    800008b0:	fe843783          	ld	a5,-24(s0)
    800008b4:	04078793          	addi	a5,a5,64
    800008b8:	0007b023          	sd	zero,0(a5)
}
    800008bc:	0001                	nop
    800008be:	6462                	ld	s0,24(sp)
    800008c0:	6105                	addi	sp,sp,32
    800008c2:	8082                	ret

00000000800008c4 <keccak_hash_again>:

void keccak_hash_again(void *keccakCtrl){
    800008c4:	1101                	addi	sp,sp,-32
    800008c6:	ec22                	sd	s0,24(sp)
    800008c8:	1000                	addi	s0,sp,32
    800008ca:	fea43423          	sd	a0,-24(s0)
    _REG64((char *)keccakCtrl, REG_KECCAK_FIN_PACKET)  = 0x0000000000000001;
    800008ce:	fe843783          	ld	a5,-24(s0)
    800008d2:	02878793          	addi	a5,a5,40
    800008d6:	4705                	li	a4,1
    800008d8:	e398                	sd	a4,0(a5)
}
    800008da:	0001                	nop
    800008dc:	6462                	ld	s0,24(sp)
    800008de:	6105                	addi	sp,sp,32
    800008e0:	8082                	ret

00000000800008e2 <main>:
                     0xA3A3A3A3A3A3A3A3, 0xA3A3A3A3A3A3A3A3, 0xA3A3A3A3A3A3A3A3, 0xA3A3A3A3A3A3A3A3, 0xA3A3A3A3A3A3A3A3};

uint64_t hash[21];
uint64_t keccakCtrl = (uint64_t *)0x64005000;

int main(int hartid, char **argv) {
    800008e2:	711d                	addi	sp,sp,-96
    800008e4:	ec86                	sd	ra,88(sp)
    800008e6:	e8a2                	sd	s0,80(sp)
    800008e8:	1080                	addi	s0,sp,96
    800008ea:	87aa                	mv	a5,a0
    800008ec:	fab43023          	sd	a1,-96(s0)
    800008f0:	faf42623          	sw	a5,-84(s0)
  REG32(uart, UART_REG_TXCTRL) = UART_TXEN;
    800008f4:	640007b7          	lui	a5,0x64000
    800008f8:	07a1                	addi	a5,a5,8 # 64000008 <_prog_start-0x1bfffff8>
    800008fa:	4705                	li	a4,1
    800008fc:	c398                	sw	a4,0(a5)
unsigned long start, end;


  kprintf("=================================================\r\n");
    800008fe:	00001517          	auipc	a0,0x1
    80000902:	c7a50513          	addi	a0,a0,-902 # 80001578 <keccakCtrl+0x60>
    80000906:	88dff0ef          	jal	ra,80000192 <kprintf>
  kprintf("========= IV. TESTING KECCAK FUNCTIONS ==========\n\r");
    8000090a:	00001517          	auipc	a0,0x1
    8000090e:	ca650513          	addi	a0,a0,-858 # 800015b0 <keccakCtrl+0x98>
    80000912:	881ff0ef          	jal	ra,80000192 <kprintf>
  kprintf("=================================================\r\n");
    80000916:	00001517          	auipc	a0,0x1
    8000091a:	c6250513          	addi	a0,a0,-926 # 80001578 <keccakCtrl+0x60>
    8000091e:	875ff0ef          	jal	ra,80000192 <kprintf>

  kprintf("Input values:\r\n");
    80000922:	00001517          	auipc	a0,0x1
    80000926:	cc650513          	addi	a0,a0,-826 # 800015e8 <keccakCtrl+0xd0>
    8000092a:	869ff0ef          	jal	ra,80000192 <kprintf>
  for(int i = 0; i < 25; i++){
    8000092e:	fe042623          	sw	zero,-20(s0)
    80000932:	a80d                	j	80000964 <main+0x82>
     kprintf("Input[%l] = 0x%x\r\n", i, input_keccak[i]);
    80000934:	00001717          	auipc	a4,0x1
    80000938:	b1c70713          	addi	a4,a4,-1252 # 80001450 <input_keccak>
    8000093c:	fec42783          	lw	a5,-20(s0)
    80000940:	078e                	slli	a5,a5,0x3
    80000942:	97ba                	add	a5,a5,a4
    80000944:	6398                	ld	a4,0(a5)
    80000946:	fec42783          	lw	a5,-20(s0)
    8000094a:	863a                	mv	a2,a4
    8000094c:	85be                	mv	a1,a5
    8000094e:	00001517          	auipc	a0,0x1
    80000952:	caa50513          	addi	a0,a0,-854 # 800015f8 <keccakCtrl+0xe0>
    80000956:	83dff0ef          	jal	ra,80000192 <kprintf>
  for(int i = 0; i < 25; i++){
    8000095a:	fec42783          	lw	a5,-20(s0)
    8000095e:	2785                	addiw	a5,a5,1
    80000960:	fef42623          	sw	a5,-20(s0)
    80000964:	fec42783          	lw	a5,-20(s0)
    80000968:	0007871b          	sext.w	a4,a5
    8000096c:	47e1                	li	a5,24
    8000096e:	fce7d3e3          	bge	a5,a4,80000934 <main+0x52>
  }

  int line, mode;
  int len = 200;
    80000972:	0c800793          	li	a5,200
    80000976:	faf42e23          	sw	a5,-68(s0)
  int hash_len;
  kprintf("==========================================\r\n");
    8000097a:	00001517          	auipc	a0,0x1
    8000097e:	c9650513          	addi	a0,a0,-874 # 80001610 <keccakCtrl+0xf8>
    80000982:	811ff0ef          	jal	ra,80000192 <kprintf>
  kprintf("========= 4.1. TESTING SHA3-224 ==========\n\r");
    80000986:	00001517          	auipc	a0,0x1
    8000098a:	cba50513          	addi	a0,a0,-838 # 80001640 <keccakCtrl+0x128>
    8000098e:	805ff0ef          	jal	ra,80000192 <kprintf>
  kprintf("=========================================\r\n");
    80000992:	00001517          	auipc	a0,0x1
    80000996:	cde50513          	addi	a0,a0,-802 # 80001670 <keccakCtrl+0x158>
    8000099a:	ff8ff0ef          	jal	ra,80000192 <kprintf>

  mode = SHA3_224;
    8000099e:	fa042c23          	sw	zero,-72(s0)
  hash_len = 4;
    800009a2:	4791                	li	a5,4
    800009a4:	faf42a23          	sw	a5,-76(s0)
  line = 18;
    800009a8:	47c9                	li	a5,18
    800009aa:	faf42823          	sw	a5,-80(s0)
  keccak_reset(keccakCtrl);
    800009ae:	00001797          	auipc	a5,0x1
    800009b2:	b6a78793          	addi	a5,a5,-1174 # 80001518 <keccakCtrl>
    800009b6:	639c                	ld	a5,0(a5)
    800009b8:	853e                	mv	a0,a5
    800009ba:	b75ff0ef          	jal	ra,8000052e <keccak_reset>
  kprintf("Reset\r\n");
    800009be:	00001517          	auipc	a0,0x1
    800009c2:	ce250513          	addi	a0,a0,-798 # 800016a0 <keccakCtrl+0x188>
    800009c6:	fccff0ef          	jal	ra,80000192 <kprintf>
  keccak_config(keccakCtrl, mode, len);
    800009ca:	00001797          	auipc	a5,0x1
    800009ce:	b4e78793          	addi	a5,a5,-1202 # 80001518 <keccakCtrl>
    800009d2:	639c                	ld	a5,0(a5)
    800009d4:	86be                	mv	a3,a5
    800009d6:	fb842783          	lw	a5,-72(s0)
    800009da:	fbc42703          	lw	a4,-68(s0)
    800009de:	863a                	mv	a2,a4
    800009e0:	85be                	mv	a1,a5
    800009e2:	8536                	mv	a0,a3
    800009e4:	ba5ff0ef          	jal	ra,80000588 <keccak_config>
  kprintf("Set mode and len\r\n");
    800009e8:	00001517          	auipc	a0,0x1
    800009ec:	cc050513          	addi	a0,a0,-832 # 800016a8 <keccakCtrl+0x190>
    800009f0:	fa2ff0ef          	jal	ra,80000192 <kprintf>

  if((len >> 3) >= line){
    800009f4:	fbc42783          	lw	a5,-68(s0)
    800009f8:	4037d79b          	sraiw	a5,a5,0x3
    800009fc:	0007871b          	sext.w	a4,a5
    80000a00:	fb042783          	lw	a5,-80(s0)
    80000a04:	2781                	sext.w	a5,a5
    80000a06:	02f74463          	blt	a4,a5,80000a2e <main+0x14c>
    keccak_write_data(keccakCtrl, mode, input_keccak, len);
    80000a0a:	00001797          	auipc	a5,0x1
    80000a0e:	b0e78793          	addi	a5,a5,-1266 # 80001518 <keccakCtrl>
    80000a12:	639c                	ld	a5,0(a5)
    80000a14:	853e                	mv	a0,a5
    80000a16:	fb842783          	lw	a5,-72(s0)
    80000a1a:	fbc42703          	lw	a4,-68(s0)
    80000a1e:	86ba                	mv	a3,a4
    80000a20:	00001617          	auipc	a2,0x1
    80000a24:	a3060613          	addi	a2,a2,-1488 # 80001450 <input_keccak>
    80000a28:	85be                	mv	a1,a5
    80000a2a:	b93ff0ef          	jal	ra,800005bc <keccak_write_data>
  }
    keccak_write_last_data(keccakCtrl, mode, input_keccak, len);
    80000a2e:	00001797          	auipc	a5,0x1
    80000a32:	aea78793          	addi	a5,a5,-1302 # 80001518 <keccakCtrl>
    80000a36:	639c                	ld	a5,0(a5)
    80000a38:	853e                	mv	a0,a5
    80000a3a:	fb842783          	lw	a5,-72(s0)
    80000a3e:	fbc42703          	lw	a4,-68(s0)
    80000a42:	86ba                	mv	a3,a4
    80000a44:	00001617          	auipc	a2,0x1
    80000a48:	a0c60613          	addi	a2,a2,-1524 # 80001450 <input_keccak>
    80000a4c:	85be                	mv	a1,a5
    80000a4e:	ca9ff0ef          	jal	ra,800006f6 <keccak_write_last_data>

//-----------------------------------------------------------
  keccak_read_data(keccakCtrl, hash, hash_len);
    80000a52:	00001797          	auipc	a5,0x1
    80000a56:	ac678793          	addi	a5,a5,-1338 # 80001518 <keccakCtrl>
    80000a5a:	639c                	ld	a5,0(a5)
    80000a5c:	873e                	mv	a4,a5
    80000a5e:	fb442783          	lw	a5,-76(s0)
    80000a62:	863e                	mv	a2,a5
    80000a64:	00001597          	auipc	a1,0x1
    80000a68:	da458593          	addi	a1,a1,-604 # 80001808 <hash>
    80000a6c:	853a                	mv	a0,a4
    80000a6e:	d97ff0ef          	jal	ra,80000804 <keccak_read_data>
  kprintf("Reading the hash value\r\n");
    80000a72:	00001517          	auipc	a0,0x1
    80000a76:	c4e50513          	addi	a0,a0,-946 # 800016c0 <keccakCtrl+0x1a8>
    80000a7a:	f18ff0ef          	jal	ra,80000192 <kprintf>
  for(int i = 0; i < hash_len; i++){
    80000a7e:	fe042423          	sw	zero,-24(s0)
    80000a82:	a80d                	j	80000ab4 <main+0x1d2>
     kprintf("Hash[%l] = 0x%x\r\n", i, hash[i]);
    80000a84:	00001717          	auipc	a4,0x1
    80000a88:	d8470713          	addi	a4,a4,-636 # 80001808 <hash>
    80000a8c:	fe842783          	lw	a5,-24(s0)
    80000a90:	078e                	slli	a5,a5,0x3
    80000a92:	97ba                	add	a5,a5,a4
    80000a94:	6398                	ld	a4,0(a5)
    80000a96:	fe842783          	lw	a5,-24(s0)
    80000a9a:	863a                	mv	a2,a4
    80000a9c:	85be                	mv	a1,a5
    80000a9e:	00001517          	auipc	a0,0x1
    80000aa2:	c4250513          	addi	a0,a0,-958 # 800016e0 <keccakCtrl+0x1c8>
    80000aa6:	eecff0ef          	jal	ra,80000192 <kprintf>
  for(int i = 0; i < hash_len; i++){
    80000aaa:	fe842783          	lw	a5,-24(s0)
    80000aae:	2785                	addiw	a5,a5,1
    80000ab0:	fef42423          	sw	a5,-24(s0)
    80000ab4:	fe842783          	lw	a5,-24(s0)
    80000ab8:	873e                	mv	a4,a5
    80000aba:	fb442783          	lw	a5,-76(s0)
    80000abe:	2701                	sext.w	a4,a4
    80000ac0:	2781                	sext.w	a5,a5
    80000ac2:	fcf741e3          	blt	a4,a5,80000a84 <main+0x1a2>
  }
  keccak_read_done(keccakCtrl);
    80000ac6:	00001797          	auipc	a5,0x1
    80000aca:	a5278793          	addi	a5,a5,-1454 # 80001518 <keccakCtrl>
    80000ace:	639c                	ld	a5,0(a5)
    80000ad0:	853e                	mv	a0,a5
    80000ad2:	dc9ff0ef          	jal	ra,8000089a <keccak_read_done>
    kprintf("\r\n");
    80000ad6:	00001517          	auipc	a0,0x1
    80000ada:	c2250513          	addi	a0,a0,-990 # 800016f8 <keccakCtrl+0x1e0>
    80000ade:	eb4ff0ef          	jal	ra,80000192 <kprintf>

  kprintf("=========================================\r\n");
    80000ae2:	00001517          	auipc	a0,0x1
    80000ae6:	b8e50513          	addi	a0,a0,-1138 # 80001670 <keccakCtrl+0x158>
    80000aea:	ea8ff0ef          	jal	ra,80000192 <kprintf>
  kprintf("========= 4.2 TESTING SHA3-256 ==========\n\r");
    80000aee:	00001517          	auipc	a0,0x1
    80000af2:	c1250513          	addi	a0,a0,-1006 # 80001700 <keccakCtrl+0x1e8>
    80000af6:	e9cff0ef          	jal	ra,80000192 <kprintf>
  kprintf("=========================================\r\n");
    80000afa:	00001517          	auipc	a0,0x1
    80000afe:	b7650513          	addi	a0,a0,-1162 # 80001670 <keccakCtrl+0x158>
    80000b02:	e90ff0ef          	jal	ra,80000192 <kprintf>
  mode = SHA3_256;
    80000b06:	4785                	li	a5,1
    80000b08:	faf42c23          	sw	a5,-72(s0)
  hash_len = 4;
    80000b0c:	4791                	li	a5,4
    80000b0e:	faf42a23          	sw	a5,-76(s0)
  line = 17;
    80000b12:	47c5                	li	a5,17
    80000b14:	faf42823          	sw	a5,-80(s0)
  keccak_reset(keccakCtrl);
    80000b18:	00001797          	auipc	a5,0x1
    80000b1c:	a0078793          	addi	a5,a5,-1536 # 80001518 <keccakCtrl>
    80000b20:	639c                	ld	a5,0(a5)
    80000b22:	853e                	mv	a0,a5
    80000b24:	a0bff0ef          	jal	ra,8000052e <keccak_reset>
  kprintf("Reset\r\n");
    80000b28:	00001517          	auipc	a0,0x1
    80000b2c:	b7850513          	addi	a0,a0,-1160 # 800016a0 <keccakCtrl+0x188>
    80000b30:	e62ff0ef          	jal	ra,80000192 <kprintf>
  keccak_config(keccakCtrl, mode, len);
    80000b34:	00001797          	auipc	a5,0x1
    80000b38:	9e478793          	addi	a5,a5,-1564 # 80001518 <keccakCtrl>
    80000b3c:	639c                	ld	a5,0(a5)
    80000b3e:	86be                	mv	a3,a5
    80000b40:	fb842783          	lw	a5,-72(s0)
    80000b44:	fbc42703          	lw	a4,-68(s0)
    80000b48:	863a                	mv	a2,a4
    80000b4a:	85be                	mv	a1,a5
    80000b4c:	8536                	mv	a0,a3
    80000b4e:	a3bff0ef          	jal	ra,80000588 <keccak_config>
  kprintf("Set mode and len\r\n");
    80000b52:	00001517          	auipc	a0,0x1
    80000b56:	b5650513          	addi	a0,a0,-1194 # 800016a8 <keccakCtrl+0x190>
    80000b5a:	e38ff0ef          	jal	ra,80000192 <kprintf>

  if((len >> 3) >= line){
    80000b5e:	fbc42783          	lw	a5,-68(s0)
    80000b62:	4037d79b          	sraiw	a5,a5,0x3
    80000b66:	0007871b          	sext.w	a4,a5
    80000b6a:	fb042783          	lw	a5,-80(s0)
    80000b6e:	2781                	sext.w	a5,a5
    80000b70:	02f74463          	blt	a4,a5,80000b98 <main+0x2b6>
    keccak_write_data(keccakCtrl, mode, input_keccak, len);
    80000b74:	00001797          	auipc	a5,0x1
    80000b78:	9a478793          	addi	a5,a5,-1628 # 80001518 <keccakCtrl>
    80000b7c:	639c                	ld	a5,0(a5)
    80000b7e:	853e                	mv	a0,a5
    80000b80:	fb842783          	lw	a5,-72(s0)
    80000b84:	fbc42703          	lw	a4,-68(s0)
    80000b88:	86ba                	mv	a3,a4
    80000b8a:	00001617          	auipc	a2,0x1
    80000b8e:	8c660613          	addi	a2,a2,-1850 # 80001450 <input_keccak>
    80000b92:	85be                	mv	a1,a5
    80000b94:	a29ff0ef          	jal	ra,800005bc <keccak_write_data>
  }
    keccak_write_last_data(keccakCtrl, mode, input_keccak, len);
    80000b98:	00001797          	auipc	a5,0x1
    80000b9c:	98078793          	addi	a5,a5,-1664 # 80001518 <keccakCtrl>
    80000ba0:	639c                	ld	a5,0(a5)
    80000ba2:	853e                	mv	a0,a5
    80000ba4:	fb842783          	lw	a5,-72(s0)
    80000ba8:	fbc42703          	lw	a4,-68(s0)
    80000bac:	86ba                	mv	a3,a4
    80000bae:	00001617          	auipc	a2,0x1
    80000bb2:	8a260613          	addi	a2,a2,-1886 # 80001450 <input_keccak>
    80000bb6:	85be                	mv	a1,a5
    80000bb8:	b3fff0ef          	jal	ra,800006f6 <keccak_write_last_data>

  keccak_read_data(keccakCtrl, hash, hash_len);
    80000bbc:	00001797          	auipc	a5,0x1
    80000bc0:	95c78793          	addi	a5,a5,-1700 # 80001518 <keccakCtrl>
    80000bc4:	639c                	ld	a5,0(a5)
    80000bc6:	873e                	mv	a4,a5
    80000bc8:	fb442783          	lw	a5,-76(s0)
    80000bcc:	863e                	mv	a2,a5
    80000bce:	00001597          	auipc	a1,0x1
    80000bd2:	c3a58593          	addi	a1,a1,-966 # 80001808 <hash>
    80000bd6:	853a                	mv	a0,a4
    80000bd8:	c2dff0ef          	jal	ra,80000804 <keccak_read_data>
  kprintf("Reading the hash value\r\n");
    80000bdc:	00001517          	auipc	a0,0x1
    80000be0:	ae450513          	addi	a0,a0,-1308 # 800016c0 <keccakCtrl+0x1a8>
    80000be4:	daeff0ef          	jal	ra,80000192 <kprintf>
  for(int i = 0; i < hash_len; i++){
    80000be8:	fe042223          	sw	zero,-28(s0)
    80000bec:	a80d                	j	80000c1e <main+0x33c>
     kprintf("Hash[%l] = 0x%x\r\n", i, hash[i]);
    80000bee:	00001717          	auipc	a4,0x1
    80000bf2:	c1a70713          	addi	a4,a4,-998 # 80001808 <hash>
    80000bf6:	fe442783          	lw	a5,-28(s0)
    80000bfa:	078e                	slli	a5,a5,0x3
    80000bfc:	97ba                	add	a5,a5,a4
    80000bfe:	6398                	ld	a4,0(a5)
    80000c00:	fe442783          	lw	a5,-28(s0)
    80000c04:	863a                	mv	a2,a4
    80000c06:	85be                	mv	a1,a5
    80000c08:	00001517          	auipc	a0,0x1
    80000c0c:	ad850513          	addi	a0,a0,-1320 # 800016e0 <keccakCtrl+0x1c8>
    80000c10:	d82ff0ef          	jal	ra,80000192 <kprintf>
  for(int i = 0; i < hash_len; i++){
    80000c14:	fe442783          	lw	a5,-28(s0)
    80000c18:	2785                	addiw	a5,a5,1
    80000c1a:	fef42223          	sw	a5,-28(s0)
    80000c1e:	fe442783          	lw	a5,-28(s0)
    80000c22:	873e                	mv	a4,a5
    80000c24:	fb442783          	lw	a5,-76(s0)
    80000c28:	2701                	sext.w	a4,a4
    80000c2a:	2781                	sext.w	a5,a5
    80000c2c:	fcf741e3          	blt	a4,a5,80000bee <main+0x30c>
  }
  keccak_read_done(keccakCtrl);
    80000c30:	00001797          	auipc	a5,0x1
    80000c34:	8e878793          	addi	a5,a5,-1816 # 80001518 <keccakCtrl>
    80000c38:	639c                	ld	a5,0(a5)
    80000c3a:	853e                	mv	a0,a5
    80000c3c:	c5fff0ef          	jal	ra,8000089a <keccak_read_done>
    kprintf("\r\n");
    80000c40:	00001517          	auipc	a0,0x1
    80000c44:	ab850513          	addi	a0,a0,-1352 # 800016f8 <keccakCtrl+0x1e0>
    80000c48:	d4aff0ef          	jal	ra,80000192 <kprintf>

  kprintf("========================================\r\n");
    80000c4c:	00001517          	auipc	a0,0x1
    80000c50:	ae450513          	addi	a0,a0,-1308 # 80001730 <keccakCtrl+0x218>
    80000c54:	d3eff0ef          	jal	ra,80000192 <kprintf>
  kprintf("========= 4.3 TESTING SHA3-512 =========\n\r");
    80000c58:	00001517          	auipc	a0,0x1
    80000c5c:	b0850513          	addi	a0,a0,-1272 # 80001760 <keccakCtrl+0x248>
    80000c60:	d32ff0ef          	jal	ra,80000192 <kprintf>
  kprintf("========================================\r\n");
    80000c64:	00001517          	auipc	a0,0x1
    80000c68:	acc50513          	addi	a0,a0,-1332 # 80001730 <keccakCtrl+0x218>
    80000c6c:	d26ff0ef          	jal	ra,80000192 <kprintf>
  mode = SHA3_512;
    80000c70:	4789                	li	a5,2
    80000c72:	faf42c23          	sw	a5,-72(s0)
  hash_len = 8;
    80000c76:	47a1                	li	a5,8
    80000c78:	faf42a23          	sw	a5,-76(s0)
  line = 9;
    80000c7c:	47a5                	li	a5,9
    80000c7e:	faf42823          	sw	a5,-80(s0)
  keccak_reset(keccakCtrl);
    80000c82:	00001797          	auipc	a5,0x1
    80000c86:	89678793          	addi	a5,a5,-1898 # 80001518 <keccakCtrl>
    80000c8a:	639c                	ld	a5,0(a5)
    80000c8c:	853e                	mv	a0,a5
    80000c8e:	8a1ff0ef          	jal	ra,8000052e <keccak_reset>
  kprintf("Reset\r\n");
    80000c92:	00001517          	auipc	a0,0x1
    80000c96:	a0e50513          	addi	a0,a0,-1522 # 800016a0 <keccakCtrl+0x188>
    80000c9a:	cf8ff0ef          	jal	ra,80000192 <kprintf>
  keccak_config(keccakCtrl, mode, len);
    80000c9e:	00001797          	auipc	a5,0x1
    80000ca2:	87a78793          	addi	a5,a5,-1926 # 80001518 <keccakCtrl>
    80000ca6:	639c                	ld	a5,0(a5)
    80000ca8:	86be                	mv	a3,a5
    80000caa:	fb842783          	lw	a5,-72(s0)
    80000cae:	fbc42703          	lw	a4,-68(s0)
    80000cb2:	863a                	mv	a2,a4
    80000cb4:	85be                	mv	a1,a5
    80000cb6:	8536                	mv	a0,a3
    80000cb8:	8d1ff0ef          	jal	ra,80000588 <keccak_config>
  kprintf("Set mode and len\r\n");
    80000cbc:	00001517          	auipc	a0,0x1
    80000cc0:	9ec50513          	addi	a0,a0,-1556 # 800016a8 <keccakCtrl+0x190>
    80000cc4:	cceff0ef          	jal	ra,80000192 <kprintf>

  if((len >> 3) >= line){
    80000cc8:	fbc42783          	lw	a5,-68(s0)
    80000ccc:	4037d79b          	sraiw	a5,a5,0x3
    80000cd0:	0007871b          	sext.w	a4,a5
    80000cd4:	fb042783          	lw	a5,-80(s0)
    80000cd8:	2781                	sext.w	a5,a5
    80000cda:	02f74463          	blt	a4,a5,80000d02 <main+0x420>
    keccak_write_data(keccakCtrl, mode, input_keccak, len);
    80000cde:	00001797          	auipc	a5,0x1
    80000ce2:	83a78793          	addi	a5,a5,-1990 # 80001518 <keccakCtrl>
    80000ce6:	639c                	ld	a5,0(a5)
    80000ce8:	853e                	mv	a0,a5
    80000cea:	fb842783          	lw	a5,-72(s0)
    80000cee:	fbc42703          	lw	a4,-68(s0)
    80000cf2:	86ba                	mv	a3,a4
    80000cf4:	00000617          	auipc	a2,0x0
    80000cf8:	75c60613          	addi	a2,a2,1884 # 80001450 <input_keccak>
    80000cfc:	85be                	mv	a1,a5
    80000cfe:	8bfff0ef          	jal	ra,800005bc <keccak_write_data>
  }
    keccak_write_last_data(keccakCtrl, mode, input_keccak, len);
    80000d02:	00001797          	auipc	a5,0x1
    80000d06:	81678793          	addi	a5,a5,-2026 # 80001518 <keccakCtrl>
    80000d0a:	639c                	ld	a5,0(a5)
    80000d0c:	853e                	mv	a0,a5
    80000d0e:	fb842783          	lw	a5,-72(s0)
    80000d12:	fbc42703          	lw	a4,-68(s0)
    80000d16:	86ba                	mv	a3,a4
    80000d18:	00000617          	auipc	a2,0x0
    80000d1c:	73860613          	addi	a2,a2,1848 # 80001450 <input_keccak>
    80000d20:	85be                	mv	a1,a5
    80000d22:	9d5ff0ef          	jal	ra,800006f6 <keccak_write_last_data>

  keccak_read_data(keccakCtrl, hash, hash_len);
    80000d26:	00000797          	auipc	a5,0x0
    80000d2a:	7f278793          	addi	a5,a5,2034 # 80001518 <keccakCtrl>
    80000d2e:	639c                	ld	a5,0(a5)
    80000d30:	873e                	mv	a4,a5
    80000d32:	fb442783          	lw	a5,-76(s0)
    80000d36:	863e                	mv	a2,a5
    80000d38:	00001597          	auipc	a1,0x1
    80000d3c:	ad058593          	addi	a1,a1,-1328 # 80001808 <hash>
    80000d40:	853a                	mv	a0,a4
    80000d42:	ac3ff0ef          	jal	ra,80000804 <keccak_read_data>
  kprintf("Reading the hash value\r\n");
    80000d46:	00001517          	auipc	a0,0x1
    80000d4a:	97a50513          	addi	a0,a0,-1670 # 800016c0 <keccakCtrl+0x1a8>
    80000d4e:	c44ff0ef          	jal	ra,80000192 <kprintf>
  for(int i = 0; i < hash_len; i++){
    80000d52:	fe042023          	sw	zero,-32(s0)
    80000d56:	a80d                	j	80000d88 <main+0x4a6>
     kprintf("Hash[%l] = 0x%x\r\n", i, hash[i]);
    80000d58:	00001717          	auipc	a4,0x1
    80000d5c:	ab070713          	addi	a4,a4,-1360 # 80001808 <hash>
    80000d60:	fe042783          	lw	a5,-32(s0)
    80000d64:	078e                	slli	a5,a5,0x3
    80000d66:	97ba                	add	a5,a5,a4
    80000d68:	6398                	ld	a4,0(a5)
    80000d6a:	fe042783          	lw	a5,-32(s0)
    80000d6e:	863a                	mv	a2,a4
    80000d70:	85be                	mv	a1,a5
    80000d72:	00001517          	auipc	a0,0x1
    80000d76:	96e50513          	addi	a0,a0,-1682 # 800016e0 <keccakCtrl+0x1c8>
    80000d7a:	c18ff0ef          	jal	ra,80000192 <kprintf>
  for(int i = 0; i < hash_len; i++){
    80000d7e:	fe042783          	lw	a5,-32(s0)
    80000d82:	2785                	addiw	a5,a5,1
    80000d84:	fef42023          	sw	a5,-32(s0)
    80000d88:	fe042783          	lw	a5,-32(s0)
    80000d8c:	873e                	mv	a4,a5
    80000d8e:	fb442783          	lw	a5,-76(s0)
    80000d92:	2701                	sext.w	a4,a4
    80000d94:	2781                	sext.w	a5,a5
    80000d96:	fcf741e3          	blt	a4,a5,80000d58 <main+0x476>
  }
  keccak_read_done(keccakCtrl);
    80000d9a:	00000797          	auipc	a5,0x0
    80000d9e:	77e78793          	addi	a5,a5,1918 # 80001518 <keccakCtrl>
    80000da2:	639c                	ld	a5,0(a5)
    80000da4:	853e                	mv	a0,a5
    80000da6:	af5ff0ef          	jal	ra,8000089a <keccak_read_done>
  kprintf("\r\n");
    80000daa:	00001517          	auipc	a0,0x1
    80000dae:	94e50513          	addi	a0,a0,-1714 # 800016f8 <keccakCtrl+0x1e0>
    80000db2:	be0ff0ef          	jal	ra,80000192 <kprintf>

  kprintf("=========================================\r\n");
    80000db6:	00001517          	auipc	a0,0x1
    80000dba:	8ba50513          	addi	a0,a0,-1862 # 80001670 <keccakCtrl+0x158>
    80000dbe:	bd4ff0ef          	jal	ra,80000192 <kprintf>
  kprintf("========= 4.4 TESTING SHAKE-128 =========\n\r");
    80000dc2:	00001517          	auipc	a0,0x1
    80000dc6:	9ce50513          	addi	a0,a0,-1586 # 80001790 <keccakCtrl+0x278>
    80000dca:	bc8ff0ef          	jal	ra,80000192 <kprintf>
  kprintf("=========================================\r\n");
    80000dce:	00001517          	auipc	a0,0x1
    80000dd2:	8a250513          	addi	a0,a0,-1886 # 80001670 <keccakCtrl+0x158>
    80000dd6:	bbcff0ef          	jal	ra,80000192 <kprintf>
  mode = SHAKE128;
    80000dda:	478d                	li	a5,3
    80000ddc:	faf42c23          	sw	a5,-72(s0)
  hash_len = 21;
    80000de0:	47d5                	li	a5,21
    80000de2:	faf42a23          	sw	a5,-76(s0)
  line = 21;
    80000de6:	47d5                	li	a5,21
    80000de8:	faf42823          	sw	a5,-80(s0)
  keccak_reset(keccakCtrl);
    80000dec:	00000797          	auipc	a5,0x0
    80000df0:	72c78793          	addi	a5,a5,1836 # 80001518 <keccakCtrl>
    80000df4:	639c                	ld	a5,0(a5)
    80000df6:	853e                	mv	a0,a5
    80000df8:	f36ff0ef          	jal	ra,8000052e <keccak_reset>
  kprintf("Reset\r\n");
    80000dfc:	00001517          	auipc	a0,0x1
    80000e00:	8a450513          	addi	a0,a0,-1884 # 800016a0 <keccakCtrl+0x188>
    80000e04:	b8eff0ef          	jal	ra,80000192 <kprintf>
  keccak_config(keccakCtrl, mode, len);
    80000e08:	00000797          	auipc	a5,0x0
    80000e0c:	71078793          	addi	a5,a5,1808 # 80001518 <keccakCtrl>
    80000e10:	639c                	ld	a5,0(a5)
    80000e12:	86be                	mv	a3,a5
    80000e14:	fb842783          	lw	a5,-72(s0)
    80000e18:	fbc42703          	lw	a4,-68(s0)
    80000e1c:	863a                	mv	a2,a4
    80000e1e:	85be                	mv	a1,a5
    80000e20:	8536                	mv	a0,a3
    80000e22:	f66ff0ef          	jal	ra,80000588 <keccak_config>
  kprintf("Set mode and len\r\n");
    80000e26:	00001517          	auipc	a0,0x1
    80000e2a:	88250513          	addi	a0,a0,-1918 # 800016a8 <keccakCtrl+0x190>
    80000e2e:	b64ff0ef          	jal	ra,80000192 <kprintf>

  if((len >> 3) >= line){
    80000e32:	fbc42783          	lw	a5,-68(s0)
    80000e36:	4037d79b          	sraiw	a5,a5,0x3
    80000e3a:	0007871b          	sext.w	a4,a5
    80000e3e:	fb042783          	lw	a5,-80(s0)
    80000e42:	2781                	sext.w	a5,a5
    80000e44:	02f74463          	blt	a4,a5,80000e6c <main+0x58a>
    keccak_write_data(keccakCtrl, mode, input_keccak, len);
    80000e48:	00000797          	auipc	a5,0x0
    80000e4c:	6d078793          	addi	a5,a5,1744 # 80001518 <keccakCtrl>
    80000e50:	639c                	ld	a5,0(a5)
    80000e52:	853e                	mv	a0,a5
    80000e54:	fb842783          	lw	a5,-72(s0)
    80000e58:	fbc42703          	lw	a4,-68(s0)
    80000e5c:	86ba                	mv	a3,a4
    80000e5e:	00000617          	auipc	a2,0x0
    80000e62:	5f260613          	addi	a2,a2,1522 # 80001450 <input_keccak>
    80000e66:	85be                	mv	a1,a5
    80000e68:	f54ff0ef          	jal	ra,800005bc <keccak_write_data>
  }
    keccak_write_last_data(keccakCtrl, mode, input_keccak, len);
    80000e6c:	00000797          	auipc	a5,0x0
    80000e70:	6ac78793          	addi	a5,a5,1708 # 80001518 <keccakCtrl>
    80000e74:	639c                	ld	a5,0(a5)
    80000e76:	853e                	mv	a0,a5
    80000e78:	fb842783          	lw	a5,-72(s0)
    80000e7c:	fbc42703          	lw	a4,-68(s0)
    80000e80:	86ba                	mv	a3,a4
    80000e82:	00000617          	auipc	a2,0x0
    80000e86:	5ce60613          	addi	a2,a2,1486 # 80001450 <input_keccak>
    80000e8a:	85be                	mv	a1,a5
    80000e8c:	86bff0ef          	jal	ra,800006f6 <keccak_write_last_data>

//-----------------------------------------------------------
  keccak_read_data(keccakCtrl, hash, hash_len);
    80000e90:	00000797          	auipc	a5,0x0
    80000e94:	68878793          	addi	a5,a5,1672 # 80001518 <keccakCtrl>
    80000e98:	639c                	ld	a5,0(a5)
    80000e9a:	873e                	mv	a4,a5
    80000e9c:	fb442783          	lw	a5,-76(s0)
    80000ea0:	863e                	mv	a2,a5
    80000ea2:	00001597          	auipc	a1,0x1
    80000ea6:	96658593          	addi	a1,a1,-1690 # 80001808 <hash>
    80000eaa:	853a                	mv	a0,a4
    80000eac:	959ff0ef          	jal	ra,80000804 <keccak_read_data>
  kprintf("Reading the hash value\r\n");
    80000eb0:	00001517          	auipc	a0,0x1
    80000eb4:	81050513          	addi	a0,a0,-2032 # 800016c0 <keccakCtrl+0x1a8>
    80000eb8:	adaff0ef          	jal	ra,80000192 <kprintf>
  for(int i = 0; i < hash_len; i++){
    80000ebc:	fc042e23          	sw	zero,-36(s0)
    80000ec0:	a80d                	j	80000ef2 <main+0x610>
     kprintf("Hash[%l] = 0x%x\r\n", i, hash[i]);
    80000ec2:	00001717          	auipc	a4,0x1
    80000ec6:	94670713          	addi	a4,a4,-1722 # 80001808 <hash>
    80000eca:	fdc42783          	lw	a5,-36(s0)
    80000ece:	078e                	slli	a5,a5,0x3
    80000ed0:	97ba                	add	a5,a5,a4
    80000ed2:	6398                	ld	a4,0(a5)
    80000ed4:	fdc42783          	lw	a5,-36(s0)
    80000ed8:	863a                	mv	a2,a4
    80000eda:	85be                	mv	a1,a5
    80000edc:	00001517          	auipc	a0,0x1
    80000ee0:	80450513          	addi	a0,a0,-2044 # 800016e0 <keccakCtrl+0x1c8>
    80000ee4:	aaeff0ef          	jal	ra,80000192 <kprintf>
  for(int i = 0; i < hash_len; i++){
    80000ee8:	fdc42783          	lw	a5,-36(s0)
    80000eec:	2785                	addiw	a5,a5,1
    80000eee:	fcf42e23          	sw	a5,-36(s0)
    80000ef2:	fdc42783          	lw	a5,-36(s0)
    80000ef6:	873e                	mv	a4,a5
    80000ef8:	fb442783          	lw	a5,-76(s0)
    80000efc:	2701                	sext.w	a4,a4
    80000efe:	2781                	sext.w	a5,a5
    80000f00:	fcf741e3          	blt	a4,a5,80000ec2 <main+0x5e0>
  }
  keccak_read_done(keccakCtrl);
    80000f04:	00000797          	auipc	a5,0x0
    80000f08:	61478793          	addi	a5,a5,1556 # 80001518 <keccakCtrl>
    80000f0c:	639c                	ld	a5,0(a5)
    80000f0e:	853e                	mv	a0,a5
    80000f10:	98bff0ef          	jal	ra,8000089a <keccak_read_done>
////-----------------------------------------------------------
  keccak_hash_again(keccakCtrl);
    80000f14:	00000797          	auipc	a5,0x0
    80000f18:	60478793          	addi	a5,a5,1540 # 80001518 <keccakCtrl>
    80000f1c:	639c                	ld	a5,0(a5)
    80000f1e:	853e                	mv	a0,a5
    80000f20:	9a5ff0ef          	jal	ra,800008c4 <keccak_hash_again>
  keccak_read_data(keccakCtrl, hash, hash_len);
    80000f24:	00000797          	auipc	a5,0x0
    80000f28:	5f478793          	addi	a5,a5,1524 # 80001518 <keccakCtrl>
    80000f2c:	639c                	ld	a5,0(a5)
    80000f2e:	873e                	mv	a4,a5
    80000f30:	fb442783          	lw	a5,-76(s0)
    80000f34:	863e                	mv	a2,a5
    80000f36:	00001597          	auipc	a1,0x1
    80000f3a:	8d258593          	addi	a1,a1,-1838 # 80001808 <hash>
    80000f3e:	853a                	mv	a0,a4
    80000f40:	8c5ff0ef          	jal	ra,80000804 <keccak_read_data>
  kprintf("Reading the hash value\r\n");
    80000f44:	00000517          	auipc	a0,0x0
    80000f48:	77c50513          	addi	a0,a0,1916 # 800016c0 <keccakCtrl+0x1a8>
    80000f4c:	a46ff0ef          	jal	ra,80000192 <kprintf>
  for(int i = 0; i < hash_len; i++){
    80000f50:	fc042c23          	sw	zero,-40(s0)
    80000f54:	a80d                	j	80000f86 <main+0x6a4>
     kprintf("Hash[%l] = 0x%x\r\n", i, hash[i]);
    80000f56:	00001717          	auipc	a4,0x1
    80000f5a:	8b270713          	addi	a4,a4,-1870 # 80001808 <hash>
    80000f5e:	fd842783          	lw	a5,-40(s0)
    80000f62:	078e                	slli	a5,a5,0x3
    80000f64:	97ba                	add	a5,a5,a4
    80000f66:	6398                	ld	a4,0(a5)
    80000f68:	fd842783          	lw	a5,-40(s0)
    80000f6c:	863a                	mv	a2,a4
    80000f6e:	85be                	mv	a1,a5
    80000f70:	00000517          	auipc	a0,0x0
    80000f74:	77050513          	addi	a0,a0,1904 # 800016e0 <keccakCtrl+0x1c8>
    80000f78:	a1aff0ef          	jal	ra,80000192 <kprintf>
  for(int i = 0; i < hash_len; i++){
    80000f7c:	fd842783          	lw	a5,-40(s0)
    80000f80:	2785                	addiw	a5,a5,1
    80000f82:	fcf42c23          	sw	a5,-40(s0)
    80000f86:	fd842783          	lw	a5,-40(s0)
    80000f8a:	873e                	mv	a4,a5
    80000f8c:	fb442783          	lw	a5,-76(s0)
    80000f90:	2701                	sext.w	a4,a4
    80000f92:	2781                	sext.w	a5,a5
    80000f94:	fcf741e3          	blt	a4,a5,80000f56 <main+0x674>
  }
  keccak_read_done(keccakCtrl);
    80000f98:	00000797          	auipc	a5,0x0
    80000f9c:	58078793          	addi	a5,a5,1408 # 80001518 <keccakCtrl>
    80000fa0:	639c                	ld	a5,0(a5)
    80000fa2:	853e                	mv	a0,a5
    80000fa4:	8f7ff0ef          	jal	ra,8000089a <keccak_read_done>
////-----------------------------------------------------------
  keccak_hash_again(keccakCtrl);
    80000fa8:	00000797          	auipc	a5,0x0
    80000fac:	57078793          	addi	a5,a5,1392 # 80001518 <keccakCtrl>
    80000fb0:	639c                	ld	a5,0(a5)
    80000fb2:	853e                	mv	a0,a5
    80000fb4:	911ff0ef          	jal	ra,800008c4 <keccak_hash_again>
  keccak_read_data(keccakCtrl, hash, hash_len);
    80000fb8:	00000797          	auipc	a5,0x0
    80000fbc:	56078793          	addi	a5,a5,1376 # 80001518 <keccakCtrl>
    80000fc0:	639c                	ld	a5,0(a5)
    80000fc2:	873e                	mv	a4,a5
    80000fc4:	fb442783          	lw	a5,-76(s0)
    80000fc8:	863e                	mv	a2,a5
    80000fca:	00001597          	auipc	a1,0x1
    80000fce:	83e58593          	addi	a1,a1,-1986 # 80001808 <hash>
    80000fd2:	853a                	mv	a0,a4
    80000fd4:	831ff0ef          	jal	ra,80000804 <keccak_read_data>
  kprintf("Reading the hash value\r\n");
    80000fd8:	00000517          	auipc	a0,0x0
    80000fdc:	6e850513          	addi	a0,a0,1768 # 800016c0 <keccakCtrl+0x1a8>
    80000fe0:	9b2ff0ef          	jal	ra,80000192 <kprintf>
  for(int i = 0; i < hash_len; i++){
    80000fe4:	fc042a23          	sw	zero,-44(s0)
    80000fe8:	a80d                	j	8000101a <main+0x738>
     kprintf("Hash[%l] = 0x%x\r\n", i, hash[i]);
    80000fea:	00001717          	auipc	a4,0x1
    80000fee:	81e70713          	addi	a4,a4,-2018 # 80001808 <hash>
    80000ff2:	fd442783          	lw	a5,-44(s0)
    80000ff6:	078e                	slli	a5,a5,0x3
    80000ff8:	97ba                	add	a5,a5,a4
    80000ffa:	6398                	ld	a4,0(a5)
    80000ffc:	fd442783          	lw	a5,-44(s0)
    80001000:	863a                	mv	a2,a4
    80001002:	85be                	mv	a1,a5
    80001004:	00000517          	auipc	a0,0x0
    80001008:	6dc50513          	addi	a0,a0,1756 # 800016e0 <keccakCtrl+0x1c8>
    8000100c:	986ff0ef          	jal	ra,80000192 <kprintf>
  for(int i = 0; i < hash_len; i++){
    80001010:	fd442783          	lw	a5,-44(s0)
    80001014:	2785                	addiw	a5,a5,1
    80001016:	fcf42a23          	sw	a5,-44(s0)
    8000101a:	fd442783          	lw	a5,-44(s0)
    8000101e:	873e                	mv	a4,a5
    80001020:	fb442783          	lw	a5,-76(s0)
    80001024:	2701                	sext.w	a4,a4
    80001026:	2781                	sext.w	a5,a5
    80001028:	fcf741e3          	blt	a4,a5,80000fea <main+0x708>
  }
  keccak_read_done(keccakCtrl);
    8000102c:	00000797          	auipc	a5,0x0
    80001030:	4ec78793          	addi	a5,a5,1260 # 80001518 <keccakCtrl>
    80001034:	639c                	ld	a5,0(a5)
    80001036:	853e                	mv	a0,a5
    80001038:	863ff0ef          	jal	ra,8000089a <keccak_read_done>
////-----------------------------------------------------------
  keccak_hash_again(keccakCtrl);
    8000103c:	00000797          	auipc	a5,0x0
    80001040:	4dc78793          	addi	a5,a5,1244 # 80001518 <keccakCtrl>
    80001044:	639c                	ld	a5,0(a5)
    80001046:	853e                	mv	a0,a5
    80001048:	87dff0ef          	jal	ra,800008c4 <keccak_hash_again>
  keccak_read_data(keccakCtrl, hash, hash_len);
    8000104c:	00000797          	auipc	a5,0x0
    80001050:	4cc78793          	addi	a5,a5,1228 # 80001518 <keccakCtrl>
    80001054:	639c                	ld	a5,0(a5)
    80001056:	873e                	mv	a4,a5
    80001058:	fb442783          	lw	a5,-76(s0)
    8000105c:	863e                	mv	a2,a5
    8000105e:	00000597          	auipc	a1,0x0
    80001062:	7aa58593          	addi	a1,a1,1962 # 80001808 <hash>
    80001066:	853a                	mv	a0,a4
    80001068:	f9cff0ef          	jal	ra,80000804 <keccak_read_data>
  kprintf("Reading the hash value\r\n");
    8000106c:	00000517          	auipc	a0,0x0
    80001070:	65450513          	addi	a0,a0,1620 # 800016c0 <keccakCtrl+0x1a8>
    80001074:	91eff0ef          	jal	ra,80000192 <kprintf>
  for(int i = 0; i < hash_len; i++){
    80001078:	fc042823          	sw	zero,-48(s0)
    8000107c:	a80d                	j	800010ae <main+0x7cc>
     kprintf("Hash[%d] = 0x%x\r\n", i, hash[i]);
    8000107e:	00000717          	auipc	a4,0x0
    80001082:	78a70713          	addi	a4,a4,1930 # 80001808 <hash>
    80001086:	fd042783          	lw	a5,-48(s0)
    8000108a:	078e                	slli	a5,a5,0x3
    8000108c:	97ba                	add	a5,a5,a4
    8000108e:	6398                	ld	a4,0(a5)
    80001090:	fd042783          	lw	a5,-48(s0)
    80001094:	863a                	mv	a2,a4
    80001096:	85be                	mv	a1,a5
    80001098:	00000517          	auipc	a0,0x0
    8000109c:	72850513          	addi	a0,a0,1832 # 800017c0 <keccakCtrl+0x2a8>
    800010a0:	8f2ff0ef          	jal	ra,80000192 <kprintf>
  for(int i = 0; i < hash_len; i++){
    800010a4:	fd042783          	lw	a5,-48(s0)
    800010a8:	2785                	addiw	a5,a5,1
    800010aa:	fcf42823          	sw	a5,-48(s0)
    800010ae:	fd042783          	lw	a5,-48(s0)
    800010b2:	873e                	mv	a4,a5
    800010b4:	fb442783          	lw	a5,-76(s0)
    800010b8:	2701                	sext.w	a4,a4
    800010ba:	2781                	sext.w	a5,a5
    800010bc:	fcf741e3          	blt	a4,a5,8000107e <main+0x79c>
  }
  keccak_read_done(keccakCtrl);
    800010c0:	00000797          	auipc	a5,0x0
    800010c4:	45878793          	addi	a5,a5,1112 # 80001518 <keccakCtrl>
    800010c8:	639c                	ld	a5,0(a5)
    800010ca:	853e                	mv	a0,a5
    800010cc:	fceff0ef          	jal	ra,8000089a <keccak_read_done>
  kprintf("\r\n");
    800010d0:	00000517          	auipc	a0,0x0
    800010d4:	62850513          	addi	a0,a0,1576 # 800016f8 <keccakCtrl+0x1e0>
    800010d8:	8baff0ef          	jal	ra,80000192 <kprintf>

  kprintf("=========================================\r\n");
    800010dc:	00000517          	auipc	a0,0x0
    800010e0:	59450513          	addi	a0,a0,1428 # 80001670 <keccakCtrl+0x158>
    800010e4:	8aeff0ef          	jal	ra,80000192 <kprintf>
  kprintf("========= 4.5 TESTING SHAKE-256 =========\n\r");
    800010e8:	00000517          	auipc	a0,0x0
    800010ec:	6f050513          	addi	a0,a0,1776 # 800017d8 <keccakCtrl+0x2c0>
    800010f0:	8a2ff0ef          	jal	ra,80000192 <kprintf>
  kprintf("=========================================\r\n");
    800010f4:	00000517          	auipc	a0,0x0
    800010f8:	57c50513          	addi	a0,a0,1404 # 80001670 <keccakCtrl+0x158>
    800010fc:	896ff0ef          	jal	ra,80000192 <kprintf>
  mode = SHAKE256;
    80001100:	4791                	li	a5,4
    80001102:	faf42c23          	sw	a5,-72(s0)
  hash_len = 17;
    80001106:	47c5                	li	a5,17
    80001108:	faf42a23          	sw	a5,-76(s0)
  line = 17;
    8000110c:	47c5                	li	a5,17
    8000110e:	faf42823          	sw	a5,-80(s0)
  keccak_reset(keccakCtrl);
    80001112:	00000797          	auipc	a5,0x0
    80001116:	40678793          	addi	a5,a5,1030 # 80001518 <keccakCtrl>
    8000111a:	639c                	ld	a5,0(a5)
    8000111c:	853e                	mv	a0,a5
    8000111e:	c10ff0ef          	jal	ra,8000052e <keccak_reset>
  kprintf("Reset\r\n");
    80001122:	00000517          	auipc	a0,0x0
    80001126:	57e50513          	addi	a0,a0,1406 # 800016a0 <keccakCtrl+0x188>
    8000112a:	868ff0ef          	jal	ra,80000192 <kprintf>
  keccak_config(keccakCtrl, mode, len);
    8000112e:	00000797          	auipc	a5,0x0
    80001132:	3ea78793          	addi	a5,a5,1002 # 80001518 <keccakCtrl>
    80001136:	639c                	ld	a5,0(a5)
    80001138:	86be                	mv	a3,a5
    8000113a:	fb842783          	lw	a5,-72(s0)
    8000113e:	fbc42703          	lw	a4,-68(s0)
    80001142:	863a                	mv	a2,a4
    80001144:	85be                	mv	a1,a5
    80001146:	8536                	mv	a0,a3
    80001148:	c40ff0ef          	jal	ra,80000588 <keccak_config>
  kprintf("Set mode and len\r\n");
    8000114c:	00000517          	auipc	a0,0x0
    80001150:	55c50513          	addi	a0,a0,1372 # 800016a8 <keccakCtrl+0x190>
    80001154:	83eff0ef          	jal	ra,80000192 <kprintf>

  if((len >> 3) >= line){
    80001158:	fbc42783          	lw	a5,-68(s0)
    8000115c:	4037d79b          	sraiw	a5,a5,0x3
    80001160:	0007871b          	sext.w	a4,a5
    80001164:	fb042783          	lw	a5,-80(s0)
    80001168:	2781                	sext.w	a5,a5
    8000116a:	02f74463          	blt	a4,a5,80001192 <main+0x8b0>
    keccak_write_data(keccakCtrl, mode, input_keccak, len);
    8000116e:	00000797          	auipc	a5,0x0
    80001172:	3aa78793          	addi	a5,a5,938 # 80001518 <keccakCtrl>
    80001176:	639c                	ld	a5,0(a5)
    80001178:	853e                	mv	a0,a5
    8000117a:	fb842783          	lw	a5,-72(s0)
    8000117e:	fbc42703          	lw	a4,-68(s0)
    80001182:	86ba                	mv	a3,a4
    80001184:	00000617          	auipc	a2,0x0
    80001188:	2cc60613          	addi	a2,a2,716 # 80001450 <input_keccak>
    8000118c:	85be                	mv	a1,a5
    8000118e:	c2eff0ef          	jal	ra,800005bc <keccak_write_data>
  }
    keccak_write_last_data(keccakCtrl, mode, input_keccak, len);
    80001192:	00000797          	auipc	a5,0x0
    80001196:	38678793          	addi	a5,a5,902 # 80001518 <keccakCtrl>
    8000119a:	639c                	ld	a5,0(a5)
    8000119c:	853e                	mv	a0,a5
    8000119e:	fb842783          	lw	a5,-72(s0)
    800011a2:	fbc42703          	lw	a4,-68(s0)
    800011a6:	86ba                	mv	a3,a4
    800011a8:	00000617          	auipc	a2,0x0
    800011ac:	2a860613          	addi	a2,a2,680 # 80001450 <input_keccak>
    800011b0:	85be                	mv	a1,a5
    800011b2:	d44ff0ef          	jal	ra,800006f6 <keccak_write_last_data>

//-----------------------------------------------------------
  keccak_read_data(keccakCtrl, hash, hash_len);
    800011b6:	00000797          	auipc	a5,0x0
    800011ba:	36278793          	addi	a5,a5,866 # 80001518 <keccakCtrl>
    800011be:	639c                	ld	a5,0(a5)
    800011c0:	873e                	mv	a4,a5
    800011c2:	fb442783          	lw	a5,-76(s0)
    800011c6:	863e                	mv	a2,a5
    800011c8:	00000597          	auipc	a1,0x0
    800011cc:	64058593          	addi	a1,a1,1600 # 80001808 <hash>
    800011d0:	853a                	mv	a0,a4
    800011d2:	e32ff0ef          	jal	ra,80000804 <keccak_read_data>
  kprintf("Reading the hash value\r\n");
    800011d6:	00000517          	auipc	a0,0x0
    800011da:	4ea50513          	addi	a0,a0,1258 # 800016c0 <keccakCtrl+0x1a8>
    800011de:	fb5fe0ef          	jal	ra,80000192 <kprintf>
  for(int i = 0; i < hash_len; i++){
    800011e2:	fc042623          	sw	zero,-52(s0)
    800011e6:	a80d                	j	80001218 <main+0x936>
     kprintf("Hash[%l] = 0x%x\r\n", i, hash[i]);
    800011e8:	00000717          	auipc	a4,0x0
    800011ec:	62070713          	addi	a4,a4,1568 # 80001808 <hash>
    800011f0:	fcc42783          	lw	a5,-52(s0)
    800011f4:	078e                	slli	a5,a5,0x3
    800011f6:	97ba                	add	a5,a5,a4
    800011f8:	6398                	ld	a4,0(a5)
    800011fa:	fcc42783          	lw	a5,-52(s0)
    800011fe:	863a                	mv	a2,a4
    80001200:	85be                	mv	a1,a5
    80001202:	00000517          	auipc	a0,0x0
    80001206:	4de50513          	addi	a0,a0,1246 # 800016e0 <keccakCtrl+0x1c8>
    8000120a:	f89fe0ef          	jal	ra,80000192 <kprintf>
  for(int i = 0; i < hash_len; i++){
    8000120e:	fcc42783          	lw	a5,-52(s0)
    80001212:	2785                	addiw	a5,a5,1
    80001214:	fcf42623          	sw	a5,-52(s0)
    80001218:	fcc42783          	lw	a5,-52(s0)
    8000121c:	873e                	mv	a4,a5
    8000121e:	fb442783          	lw	a5,-76(s0)
    80001222:	2701                	sext.w	a4,a4
    80001224:	2781                	sext.w	a5,a5
    80001226:	fcf741e3          	blt	a4,a5,800011e8 <main+0x906>
  }
  keccak_read_done(keccakCtrl);
    8000122a:	00000797          	auipc	a5,0x0
    8000122e:	2ee78793          	addi	a5,a5,750 # 80001518 <keccakCtrl>
    80001232:	639c                	ld	a5,0(a5)
    80001234:	853e                	mv	a0,a5
    80001236:	e64ff0ef          	jal	ra,8000089a <keccak_read_done>
////-----------------------------------------------------------
  keccak_hash_again(keccakCtrl);
    8000123a:	00000797          	auipc	a5,0x0
    8000123e:	2de78793          	addi	a5,a5,734 # 80001518 <keccakCtrl>
    80001242:	639c                	ld	a5,0(a5)
    80001244:	853e                	mv	a0,a5
    80001246:	e7eff0ef          	jal	ra,800008c4 <keccak_hash_again>
  keccak_read_data(keccakCtrl, hash, hash_len);
    8000124a:	00000797          	auipc	a5,0x0
    8000124e:	2ce78793          	addi	a5,a5,718 # 80001518 <keccakCtrl>
    80001252:	639c                	ld	a5,0(a5)
    80001254:	873e                	mv	a4,a5
    80001256:	fb442783          	lw	a5,-76(s0)
    8000125a:	863e                	mv	a2,a5
    8000125c:	00000597          	auipc	a1,0x0
    80001260:	5ac58593          	addi	a1,a1,1452 # 80001808 <hash>
    80001264:	853a                	mv	a0,a4
    80001266:	d9eff0ef          	jal	ra,80000804 <keccak_read_data>
  kprintf("Reading the hash value\r\n");
    8000126a:	00000517          	auipc	a0,0x0
    8000126e:	45650513          	addi	a0,a0,1110 # 800016c0 <keccakCtrl+0x1a8>
    80001272:	f21fe0ef          	jal	ra,80000192 <kprintf>
  for(int i = 0; i < hash_len; i++){
    80001276:	fc042423          	sw	zero,-56(s0)
    8000127a:	a80d                	j	800012ac <main+0x9ca>
     kprintf("Hash[%l] = 0x%x\r\n", i, hash[i]);
    8000127c:	00000717          	auipc	a4,0x0
    80001280:	58c70713          	addi	a4,a4,1420 # 80001808 <hash>
    80001284:	fc842783          	lw	a5,-56(s0)
    80001288:	078e                	slli	a5,a5,0x3
    8000128a:	97ba                	add	a5,a5,a4
    8000128c:	6398                	ld	a4,0(a5)
    8000128e:	fc842783          	lw	a5,-56(s0)
    80001292:	863a                	mv	a2,a4
    80001294:	85be                	mv	a1,a5
    80001296:	00000517          	auipc	a0,0x0
    8000129a:	44a50513          	addi	a0,a0,1098 # 800016e0 <keccakCtrl+0x1c8>
    8000129e:	ef5fe0ef          	jal	ra,80000192 <kprintf>
  for(int i = 0; i < hash_len; i++){
    800012a2:	fc842783          	lw	a5,-56(s0)
    800012a6:	2785                	addiw	a5,a5,1
    800012a8:	fcf42423          	sw	a5,-56(s0)
    800012ac:	fc842783          	lw	a5,-56(s0)
    800012b0:	873e                	mv	a4,a5
    800012b2:	fb442783          	lw	a5,-76(s0)
    800012b6:	2701                	sext.w	a4,a4
    800012b8:	2781                	sext.w	a5,a5
    800012ba:	fcf741e3          	blt	a4,a5,8000127c <main+0x99a>
  }
  keccak_read_done(keccakCtrl);
    800012be:	00000797          	auipc	a5,0x0
    800012c2:	25a78793          	addi	a5,a5,602 # 80001518 <keccakCtrl>
    800012c6:	639c                	ld	a5,0(a5)
    800012c8:	853e                	mv	a0,a5
    800012ca:	dd0ff0ef          	jal	ra,8000089a <keccak_read_done>
////-----------------------------------------------------------
  keccak_hash_again(keccakCtrl);
    800012ce:	00000797          	auipc	a5,0x0
    800012d2:	24a78793          	addi	a5,a5,586 # 80001518 <keccakCtrl>
    800012d6:	639c                	ld	a5,0(a5)
    800012d8:	853e                	mv	a0,a5
    800012da:	deaff0ef          	jal	ra,800008c4 <keccak_hash_again>
  keccak_read_data(keccakCtrl, hash, hash_len);
    800012de:	00000797          	auipc	a5,0x0
    800012e2:	23a78793          	addi	a5,a5,570 # 80001518 <keccakCtrl>
    800012e6:	639c                	ld	a5,0(a5)
    800012e8:	873e                	mv	a4,a5
    800012ea:	fb442783          	lw	a5,-76(s0)
    800012ee:	863e                	mv	a2,a5
    800012f0:	00000597          	auipc	a1,0x0
    800012f4:	51858593          	addi	a1,a1,1304 # 80001808 <hash>
    800012f8:	853a                	mv	a0,a4
    800012fa:	d0aff0ef          	jal	ra,80000804 <keccak_read_data>
  kprintf("Reading the hash value\r\n");
    800012fe:	00000517          	auipc	a0,0x0
    80001302:	3c250513          	addi	a0,a0,962 # 800016c0 <keccakCtrl+0x1a8>
    80001306:	e8dfe0ef          	jal	ra,80000192 <kprintf>
  for(int i = 0; i < hash_len; i++){
    8000130a:	fc042223          	sw	zero,-60(s0)
    8000130e:	a80d                	j	80001340 <main+0xa5e>
     kprintf("Hash[%l] = 0x%x\r\n", i, hash[i]);
    80001310:	00000717          	auipc	a4,0x0
    80001314:	4f870713          	addi	a4,a4,1272 # 80001808 <hash>
    80001318:	fc442783          	lw	a5,-60(s0)
    8000131c:	078e                	slli	a5,a5,0x3
    8000131e:	97ba                	add	a5,a5,a4
    80001320:	6398                	ld	a4,0(a5)
    80001322:	fc442783          	lw	a5,-60(s0)
    80001326:	863a                	mv	a2,a4
    80001328:	85be                	mv	a1,a5
    8000132a:	00000517          	auipc	a0,0x0
    8000132e:	3b650513          	addi	a0,a0,950 # 800016e0 <keccakCtrl+0x1c8>
    80001332:	e61fe0ef          	jal	ra,80000192 <kprintf>
  for(int i = 0; i < hash_len; i++){
    80001336:	fc442783          	lw	a5,-60(s0)
    8000133a:	2785                	addiw	a5,a5,1
    8000133c:	fcf42223          	sw	a5,-60(s0)
    80001340:	fc442783          	lw	a5,-60(s0)
    80001344:	873e                	mv	a4,a5
    80001346:	fb442783          	lw	a5,-76(s0)
    8000134a:	2701                	sext.w	a4,a4
    8000134c:	2781                	sext.w	a5,a5
    8000134e:	fcf741e3          	blt	a4,a5,80001310 <main+0xa2e>
  }
  keccak_read_done(keccakCtrl);
    80001352:	00000797          	auipc	a5,0x0
    80001356:	1c678793          	addi	a5,a5,454 # 80001518 <keccakCtrl>
    8000135a:	639c                	ld	a5,0(a5)
    8000135c:	853e                	mv	a0,a5
    8000135e:	d3cff0ef          	jal	ra,8000089a <keccak_read_done>
////-----------------------------------------------------------
  keccak_hash_again(keccakCtrl);
    80001362:	00000797          	auipc	a5,0x0
    80001366:	1b678793          	addi	a5,a5,438 # 80001518 <keccakCtrl>
    8000136a:	639c                	ld	a5,0(a5)
    8000136c:	853e                	mv	a0,a5
    8000136e:	d56ff0ef          	jal	ra,800008c4 <keccak_hash_again>
  keccak_read_data(keccakCtrl, hash, hash_len);
    80001372:	00000797          	auipc	a5,0x0
    80001376:	1a678793          	addi	a5,a5,422 # 80001518 <keccakCtrl>
    8000137a:	639c                	ld	a5,0(a5)
    8000137c:	873e                	mv	a4,a5
    8000137e:	fb442783          	lw	a5,-76(s0)
    80001382:	863e                	mv	a2,a5
    80001384:	00000597          	auipc	a1,0x0
    80001388:	48458593          	addi	a1,a1,1156 # 80001808 <hash>
    8000138c:	853a                	mv	a0,a4
    8000138e:	c76ff0ef          	jal	ra,80000804 <keccak_read_data>
  kprintf("Reading the hash value\r\n");
    80001392:	00000517          	auipc	a0,0x0
    80001396:	32e50513          	addi	a0,a0,814 # 800016c0 <keccakCtrl+0x1a8>
    8000139a:	df9fe0ef          	jal	ra,80000192 <kprintf>
  for(int i = 0; i < hash_len; i++){
    8000139e:	fc042023          	sw	zero,-64(s0)
    800013a2:	a80d                	j	800013d4 <main+0xaf2>
     kprintf("Hash[%d] = 0x%x\r\n", i, hash[i]);
    800013a4:	00000717          	auipc	a4,0x0
    800013a8:	46470713          	addi	a4,a4,1124 # 80001808 <hash>
    800013ac:	fc042783          	lw	a5,-64(s0)
    800013b0:	078e                	slli	a5,a5,0x3
    800013b2:	97ba                	add	a5,a5,a4
    800013b4:	6398                	ld	a4,0(a5)
    800013b6:	fc042783          	lw	a5,-64(s0)
    800013ba:	863a                	mv	a2,a4
    800013bc:	85be                	mv	a1,a5
    800013be:	00000517          	auipc	a0,0x0
    800013c2:	40250513          	addi	a0,a0,1026 # 800017c0 <keccakCtrl+0x2a8>
    800013c6:	dcdfe0ef          	jal	ra,80000192 <kprintf>
  for(int i = 0; i < hash_len; i++){
    800013ca:	fc042783          	lw	a5,-64(s0)
    800013ce:	2785                	addiw	a5,a5,1
    800013d0:	fcf42023          	sw	a5,-64(s0)
    800013d4:	fc042783          	lw	a5,-64(s0)
    800013d8:	873e                	mv	a4,a5
    800013da:	fb442783          	lw	a5,-76(s0)
    800013de:	2701                	sext.w	a4,a4
    800013e0:	2781                	sext.w	a5,a5
    800013e2:	fcf741e3          	blt	a4,a5,800013a4 <main+0xac2>
  }
  keccak_read_done(keccakCtrl);
    800013e6:	00000797          	auipc	a5,0x0
    800013ea:	13278793          	addi	a5,a5,306 # 80001518 <keccakCtrl>
    800013ee:	639c                	ld	a5,0(a5)
    800013f0:	853e                	mv	a0,a5
    800013f2:	ca8ff0ef          	jal	ra,8000089a <keccak_read_done>

  while (1){ }
    800013f6:	0001                	nop
    800013f8:	bffd                	j	800013f6 <main+0xb14>
	...

Disassembly of section .data:

0000000080001450 <input_keccak>:
uint64_t input_keccak[25] = {0xA3A3A3A3A3A3A3A3, 0xA3A3A3A3A3A3A3A3, 0xA3A3A3A3A3A3A3A3, 0xA3A3A3A3A3A3A3A3, 0xA3A3A3A3A3A3A3A3,
    80001450:	a3a3a3a3          	sw	s10,-1497(t2)
    80001454:	a3a3a3a3          	sw	s10,-1497(t2)
    80001458:	a3a3a3a3          	sw	s10,-1497(t2)
    8000145c:	a3a3a3a3          	sw	s10,-1497(t2)
    80001460:	a3a3a3a3          	sw	s10,-1497(t2)
    80001464:	a3a3a3a3          	sw	s10,-1497(t2)
    80001468:	a3a3a3a3          	sw	s10,-1497(t2)
    8000146c:	a3a3a3a3          	sw	s10,-1497(t2)
    80001470:	a3a3a3a3          	sw	s10,-1497(t2)
    80001474:	a3a3a3a3          	sw	s10,-1497(t2)
    80001478:	a3a3a3a3          	sw	s10,-1497(t2)
    8000147c:	a3a3a3a3          	sw	s10,-1497(t2)
    80001480:	a3a3a3a3          	sw	s10,-1497(t2)
    80001484:	a3a3a3a3          	sw	s10,-1497(t2)
    80001488:	a3a3a3a3          	sw	s10,-1497(t2)
    8000148c:	a3a3a3a3          	sw	s10,-1497(t2)
    80001490:	a3a3a3a3          	sw	s10,-1497(t2)
    80001494:	a3a3a3a3          	sw	s10,-1497(t2)
    80001498:	a3a3a3a3          	sw	s10,-1497(t2)
    8000149c:	a3a3a3a3          	sw	s10,-1497(t2)
    800014a0:	a3a3a3a3          	sw	s10,-1497(t2)
    800014a4:	a3a3a3a3          	sw	s10,-1497(t2)
    800014a8:	a3a3a3a3          	sw	s10,-1497(t2)
    800014ac:	a3a3a3a3          	sw	s10,-1497(t2)
    800014b0:	a3a3a3a3          	sw	s10,-1497(t2)
    800014b4:	a3a3a3a3          	sw	s10,-1497(t2)
    800014b8:	a3a3a3a3          	sw	s10,-1497(t2)
    800014bc:	a3a3a3a3          	sw	s10,-1497(t2)
    800014c0:	a3a3a3a3          	sw	s10,-1497(t2)
    800014c4:	a3a3a3a3          	sw	s10,-1497(t2)
    800014c8:	a3a3a3a3          	sw	s10,-1497(t2)
    800014cc:	a3a3a3a3          	sw	s10,-1497(t2)
    800014d0:	a3a3a3a3          	sw	s10,-1497(t2)
    800014d4:	a3a3a3a3          	sw	s10,-1497(t2)
    800014d8:	a3a3a3a3          	sw	s10,-1497(t2)
    800014dc:	a3a3a3a3          	sw	s10,-1497(t2)
    800014e0:	a3a3a3a3          	sw	s10,-1497(t2)
    800014e4:	a3a3a3a3          	sw	s10,-1497(t2)
    800014e8:	a3a3a3a3          	sw	s10,-1497(t2)
    800014ec:	a3a3a3a3          	sw	s10,-1497(t2)
    800014f0:	a3a3a3a3          	sw	s10,-1497(t2)
    800014f4:	a3a3a3a3          	sw	s10,-1497(t2)
    800014f8:	a3a3a3a3          	sw	s10,-1497(t2)
    800014fc:	a3a3a3a3          	sw	s10,-1497(t2)
    80001500:	a3a3a3a3          	sw	s10,-1497(t2)
    80001504:	a3a3a3a3          	sw	s10,-1497(t2)
    80001508:	a3a3a3a3          	sw	s10,-1497(t2)
    8000150c:	a3a3a3a3          	sw	s10,-1497(t2)
    80001510:	a3a3a3a3          	sw	s10,-1497(t2)
    80001514:	a3a3a3a3          	sw	s10,-1497(t2)

Disassembly of section .srodata:

0000000080001440 <uart>:
static volatile uint32_t * const uart = (void *)(UART_CTRL_ADDR);
    80001440:	0000                	unimp
    80001442:	6400                	ld	s0,8(s0)
    80001444:	0000                	unimp
	...

0000000080001448 <uart>:
    80001448:	0000                	unimp
    8000144a:	6400                	ld	s0,8(s0)
    8000144c:	0000                	unimp
	...

Disassembly of section .sdata:

0000000080001518 <keccakCtrl>:
uint64_t keccakCtrl = (uint64_t *)0x64005000;
    80001518:	5000                	lw	s0,32(s0)
    8000151a:	6400                	ld	s0,8(s0)
    8000151c:	0000                	unimp
	...

Disassembly of section .rodata:

0000000080001520 <.rodata>:
    80001520:	ef98                	sd	a4,24(a5)
    80001522:	ffff                	.2byte	0xffff
    80001524:	ede0                	sd	s0,216(a1)
    80001526:	ffff                	.2byte	0xffff
    80001528:	efb2                	sd	a2,472(sp)
    8000152a:	ffff                	.2byte	0xffff
    8000152c:	efb2                	sd	a2,472(sp)
    8000152e:	ffff                	.2byte	0xffff
    80001530:	efb2                	sd	a2,472(sp)
    80001532:	ffff                	.2byte	0xffff
    80001534:	eece                	sd	s3,344(sp)
    80001536:	ffff                	.2byte	0xffff
    80001538:	efb2                	sd	a2,472(sp)
    8000153a:	ffff                	.2byte	0xffff
    8000153c:	efb2                	sd	a2,472(sp)
    8000153e:	ffff                	.2byte	0xffff
    80001540:	efb2                	sd	a2,472(sp)
    80001542:	ffff                	.2byte	0xffff
    80001544:	ecf8                	sd	a4,216(s1)
    80001546:	ffff                	.2byte	0xffff
    80001548:	efb2                	sd	a2,472(sp)
    8000154a:	ffff                	.2byte	0xffff
    8000154c:	efb2                	sd	a2,472(sp)
    8000154e:	ffff                	.2byte	0xffff
    80001550:	efb2                	sd	a2,472(sp)
    80001552:	ffff                	.2byte	0xffff
    80001554:	efb2                	sd	a2,472(sp)
    80001556:	ffff                	.2byte	0xffff
    80001558:	efb2                	sd	a2,472(sp)
    8000155a:	ffff                	.2byte	0xffff
    8000155c:	efb2                	sd	a2,472(sp)
    8000155e:	ffff                	.2byte	0xffff
    80001560:	ef82                	sd	zero,472(sp)
    80001562:	ffff                	.2byte	0xffff
    80001564:	efb2                	sd	a2,472(sp)
    80001566:	ffff                	.2byte	0xffff
    80001568:	efb2                	sd	a2,472(sp)
    8000156a:	ffff                	.2byte	0xffff
    8000156c:	efb2                	sd	a2,472(sp)
    8000156e:	ffff                	.2byte	0xffff
    80001570:	efb2                	sd	a2,472(sp)
    80001572:	ffff                	.2byte	0xffff
    80001574:	eed6                	sd	s5,344(sp)
    80001576:	ffff                	.2byte	0xffff
    80001578:	3d3d                	addiw	s10,s10,-17
    8000157a:	3d3d                	addiw	s10,s10,-17
    8000157c:	3d3d                	addiw	s10,s10,-17
    8000157e:	3d3d                	addiw	s10,s10,-17
    80001580:	3d3d                	addiw	s10,s10,-17
    80001582:	3d3d                	addiw	s10,s10,-17
    80001584:	3d3d                	addiw	s10,s10,-17
    80001586:	3d3d                	addiw	s10,s10,-17
    80001588:	3d3d                	addiw	s10,s10,-17
    8000158a:	3d3d                	addiw	s10,s10,-17
    8000158c:	3d3d                	addiw	s10,s10,-17
    8000158e:	3d3d                	addiw	s10,s10,-17
    80001590:	3d3d                	addiw	s10,s10,-17
    80001592:	3d3d                	addiw	s10,s10,-17
    80001594:	3d3d                	addiw	s10,s10,-17
    80001596:	3d3d                	addiw	s10,s10,-17
    80001598:	3d3d                	addiw	s10,s10,-17
    8000159a:	3d3d                	addiw	s10,s10,-17
    8000159c:	3d3d                	addiw	s10,s10,-17
    8000159e:	3d3d                	addiw	s10,s10,-17
    800015a0:	3d3d                	addiw	s10,s10,-17
    800015a2:	3d3d                	addiw	s10,s10,-17
    800015a4:	3d3d                	addiw	s10,s10,-17
    800015a6:	3d3d                	addiw	s10,s10,-17
    800015a8:	0d3d                	addi	s10,s10,15
    800015aa:	000a                	c.slli	zero,0x2
    800015ac:	0000                	unimp
    800015ae:	0000                	unimp
    800015b0:	3d3d                	addiw	s10,s10,-17
    800015b2:	3d3d                	addiw	s10,s10,-17
    800015b4:	3d3d                	addiw	s10,s10,-17
    800015b6:	3d3d                	addiw	s10,s10,-17
    800015b8:	203d                	.2byte	0x203d
    800015ba:	5649                	li	a2,-14
    800015bc:	202e                	.2byte	0x202e
    800015be:	4554                	lw	a3,12(a0)
    800015c0:	4e495453          	.4byte	0x4e495453
    800015c4:	454b2047          	.4byte	0x454b2047
    800015c8:	4b414343          	.4byte	0x4b414343
    800015cc:	4620                	lw	s0,72(a2)
    800015ce:	4e55                	li	t3,21
    800015d0:	4f495443          	.4byte	0x4f495443
    800015d4:	534e                	lw	t1,240(sp)
    800015d6:	3d20                	.2byte	0x3d20
    800015d8:	3d3d                	addiw	s10,s10,-17
    800015da:	3d3d                	addiw	s10,s10,-17
    800015dc:	3d3d                	addiw	s10,s10,-17
    800015de:	3d3d                	addiw	s10,s10,-17
    800015e0:	0a3d                	addi	s4,s4,15
    800015e2:	000d                	c.nop	3
    800015e4:	0000                	unimp
    800015e6:	0000                	unimp
    800015e8:	6e49                	lui	t3,0x12
    800015ea:	7570                	ld	a2,232(a0)
    800015ec:	2074                	.2byte	0x2074
    800015ee:	6176                	ld	sp,344(sp)
    800015f0:	756c                	ld	a1,232(a0)
    800015f2:	7365                	lui	t1,0xffff9
    800015f4:	0d3a                	slli	s10,s10,0xe
    800015f6:	000a                	c.slli	zero,0x2
    800015f8:	6e49                	lui	t3,0x12
    800015fa:	7570                	ld	a2,232(a0)
    800015fc:	5b74                	lw	a3,116(a4)
    800015fe:	6c25                	lui	s8,0x9
    80001600:	205d                	.2byte	0x205d
    80001602:	203d                	.2byte	0x203d
    80001604:	7830                	ld	a2,112(s0)
    80001606:	7825                	lui	a6,0xfffe9
    80001608:	0a0d                	addi	s4,s4,3
    8000160a:	0000                	unimp
    8000160c:	0000                	unimp
    8000160e:	0000                	unimp
    80001610:	3d3d                	addiw	s10,s10,-17
    80001612:	3d3d                	addiw	s10,s10,-17
    80001614:	3d3d                	addiw	s10,s10,-17
    80001616:	3d3d                	addiw	s10,s10,-17
    80001618:	3d3d                	addiw	s10,s10,-17
    8000161a:	3d3d                	addiw	s10,s10,-17
    8000161c:	3d3d                	addiw	s10,s10,-17
    8000161e:	3d3d                	addiw	s10,s10,-17
    80001620:	3d3d                	addiw	s10,s10,-17
    80001622:	3d3d                	addiw	s10,s10,-17
    80001624:	3d3d                	addiw	s10,s10,-17
    80001626:	3d3d                	addiw	s10,s10,-17
    80001628:	3d3d                	addiw	s10,s10,-17
    8000162a:	3d3d                	addiw	s10,s10,-17
    8000162c:	3d3d                	addiw	s10,s10,-17
    8000162e:	3d3d                	addiw	s10,s10,-17
    80001630:	3d3d                	addiw	s10,s10,-17
    80001632:	3d3d                	addiw	s10,s10,-17
    80001634:	3d3d                	addiw	s10,s10,-17
    80001636:	3d3d                	addiw	s10,s10,-17
    80001638:	3d3d                	addiw	s10,s10,-17
    8000163a:	0a0d                	addi	s4,s4,3
    8000163c:	0000                	unimp
    8000163e:	0000                	unimp
    80001640:	3d3d                	addiw	s10,s10,-17
    80001642:	3d3d                	addiw	s10,s10,-17
    80001644:	3d3d                	addiw	s10,s10,-17
    80001646:	3d3d                	addiw	s10,s10,-17
    80001648:	203d                	.2byte	0x203d
    8000164a:	2e34                	.2byte	0x2e34
    8000164c:	2e31                	addiw	t3,t3,12 # 1200c <_prog_start-0x7ffedff4>
    8000164e:	5420                	lw	s0,104(s0)
    80001650:	5345                	li	t1,-15
    80001652:	4954                	lw	a3,20(a0)
    80001654:	474e                	lw	a4,208(sp)
    80001656:	5320                	lw	s0,96(a4)
    80001658:	4148                	lw	a0,4(a0)
    8000165a:	32322d33          	.4byte	0x32322d33
    8000165e:	2034                	.2byte	0x2034
    80001660:	3d3d                	addiw	s10,s10,-17
    80001662:	3d3d                	addiw	s10,s10,-17
    80001664:	3d3d                	addiw	s10,s10,-17
    80001666:	3d3d                	addiw	s10,s10,-17
    80001668:	3d3d                	addiw	s10,s10,-17
    8000166a:	0d0a                	slli	s10,s10,0x2
    8000166c:	0000                	unimp
    8000166e:	0000                	unimp
    80001670:	3d3d                	addiw	s10,s10,-17
    80001672:	3d3d                	addiw	s10,s10,-17
    80001674:	3d3d                	addiw	s10,s10,-17
    80001676:	3d3d                	addiw	s10,s10,-17
    80001678:	3d3d                	addiw	s10,s10,-17
    8000167a:	3d3d                	addiw	s10,s10,-17
    8000167c:	3d3d                	addiw	s10,s10,-17
    8000167e:	3d3d                	addiw	s10,s10,-17
    80001680:	3d3d                	addiw	s10,s10,-17
    80001682:	3d3d                	addiw	s10,s10,-17
    80001684:	3d3d                	addiw	s10,s10,-17
    80001686:	3d3d                	addiw	s10,s10,-17
    80001688:	3d3d                	addiw	s10,s10,-17
    8000168a:	3d3d                	addiw	s10,s10,-17
    8000168c:	3d3d                	addiw	s10,s10,-17
    8000168e:	3d3d                	addiw	s10,s10,-17
    80001690:	3d3d                	addiw	s10,s10,-17
    80001692:	3d3d                	addiw	s10,s10,-17
    80001694:	3d3d                	addiw	s10,s10,-17
    80001696:	3d3d                	addiw	s10,s10,-17
    80001698:	0d3d                	addi	s10,s10,15
    8000169a:	000a                	c.slli	zero,0x2
    8000169c:	0000                	unimp
    8000169e:	0000                	unimp
    800016a0:	6552                	ld	a0,272(sp)
    800016a2:	0d746573          	csrrsi	a0,0xd7,8
    800016a6:	000a                	c.slli	zero,0x2
    800016a8:	20746553          	.4byte	0x20746553
    800016ac:	6f6d                	lui	t5,0x1b
    800016ae:	6564                	ld	s1,200(a0)
    800016b0:	6120                	ld	s0,64(a0)
    800016b2:	646e                	ld	s0,216(sp)
    800016b4:	6c20                	ld	s0,88(s0)
    800016b6:	6e65                	lui	t3,0x19
    800016b8:	0a0d                	addi	s4,s4,3
    800016ba:	0000                	unimp
    800016bc:	0000                	unimp
    800016be:	0000                	unimp
    800016c0:	6552                	ld	a0,272(sp)
    800016c2:	6461                	lui	s0,0x18
    800016c4:	6e69                	lui	t3,0x1a
    800016c6:	68742067          	.4byte	0x68742067
    800016ca:	2065                	.2byte	0x2065
    800016cc:	6168                	ld	a0,192(a0)
    800016ce:	76206873          	csrrsi	a6,0x762,0
    800016d2:	6c61                	lui	s8,0x18
    800016d4:	6575                	lui	a0,0x1d
    800016d6:	0a0d                	addi	s4,s4,3
	...
    800016e0:	6148                	ld	a0,128(a0)
    800016e2:	255b6873          	csrrsi	a6,0x255,22
    800016e6:	5d6c                	lw	a1,124(a0)
    800016e8:	3d20                	.2byte	0x3d20
    800016ea:	3020                	.2byte	0x3020
    800016ec:	2578                	.2byte	0x2578
    800016ee:	0d78                	addi	a4,sp,668
    800016f0:	000a                	c.slli	zero,0x2
    800016f2:	0000                	unimp
    800016f4:	0000                	unimp
    800016f6:	0000                	unimp
    800016f8:	0a0d                	addi	s4,s4,3
    800016fa:	0000                	unimp
    800016fc:	0000                	unimp
    800016fe:	0000                	unimp
    80001700:	3d3d                	addiw	s10,s10,-17
    80001702:	3d3d                	addiw	s10,s10,-17
    80001704:	3d3d                	addiw	s10,s10,-17
    80001706:	3d3d                	addiw	s10,s10,-17
    80001708:	203d                	.2byte	0x203d
    8000170a:	2e34                	.2byte	0x2e34
    8000170c:	2032                	.2byte	0x2032
    8000170e:	4554                	lw	a3,12(a0)
    80001710:	4e495453          	.4byte	0x4e495453
    80001714:	48532047          	.4byte	0x48532047
    80001718:	3341                	addiw	t1,t1,-16 # ffffffffffff8ff0 <hash+0xffffffff7fff77e8>
    8000171a:	322d                	addiw	tp,tp,-21 # ffffffffffffffeb <hash+0xffffffff7fffe7e3>
    8000171c:	3635                	addiw	a2,a2,-19
    8000171e:	3d20                	.2byte	0x3d20
    80001720:	3d3d                	addiw	s10,s10,-17
    80001722:	3d3d                	addiw	s10,s10,-17
    80001724:	3d3d                	addiw	s10,s10,-17
    80001726:	3d3d                	addiw	s10,s10,-17
    80001728:	0a3d                	addi	s4,s4,15
    8000172a:	000d                	c.nop	3
    8000172c:	0000                	unimp
    8000172e:	0000                	unimp
    80001730:	3d3d                	addiw	s10,s10,-17
    80001732:	3d3d                	addiw	s10,s10,-17
    80001734:	3d3d                	addiw	s10,s10,-17
    80001736:	3d3d                	addiw	s10,s10,-17
    80001738:	3d3d                	addiw	s10,s10,-17
    8000173a:	3d3d                	addiw	s10,s10,-17
    8000173c:	3d3d                	addiw	s10,s10,-17
    8000173e:	3d3d                	addiw	s10,s10,-17
    80001740:	3d3d                	addiw	s10,s10,-17
    80001742:	3d3d                	addiw	s10,s10,-17
    80001744:	3d3d                	addiw	s10,s10,-17
    80001746:	3d3d                	addiw	s10,s10,-17
    80001748:	3d3d                	addiw	s10,s10,-17
    8000174a:	3d3d                	addiw	s10,s10,-17
    8000174c:	3d3d                	addiw	s10,s10,-17
    8000174e:	3d3d                	addiw	s10,s10,-17
    80001750:	3d3d                	addiw	s10,s10,-17
    80001752:	3d3d                	addiw	s10,s10,-17
    80001754:	3d3d                	addiw	s10,s10,-17
    80001756:	3d3d                	addiw	s10,s10,-17
    80001758:	0a0d                	addi	s4,s4,3
    8000175a:	0000                	unimp
    8000175c:	0000                	unimp
    8000175e:	0000                	unimp
    80001760:	3d3d                	addiw	s10,s10,-17
    80001762:	3d3d                	addiw	s10,s10,-17
    80001764:	3d3d                	addiw	s10,s10,-17
    80001766:	3d3d                	addiw	s10,s10,-17
    80001768:	203d                	.2byte	0x203d
    8000176a:	2e34                	.2byte	0x2e34
    8000176c:	45542033          	.4byte	0x45542033
    80001770:	4e495453          	.4byte	0x4e495453
    80001774:	48532047          	.4byte	0x48532047
    80001778:	3341                	addiw	t1,t1,-16
    8000177a:	352d                	addiw	a0,a0,-21 # 1cfeb <_prog_start-0x7ffe3015>
    8000177c:	3231                	addiw	tp,tp,-20 # ffffffffffffffec <hash+0xffffffff7fffe7e4>
    8000177e:	3d20                	.2byte	0x3d20
    80001780:	3d3d                	addiw	s10,s10,-17
    80001782:	3d3d                	addiw	s10,s10,-17
    80001784:	3d3d                	addiw	s10,s10,-17
    80001786:	3d3d                	addiw	s10,s10,-17
    80001788:	0d0a                	slli	s10,s10,0x2
    8000178a:	0000                	unimp
    8000178c:	0000                	unimp
    8000178e:	0000                	unimp
    80001790:	3d3d                	addiw	s10,s10,-17
    80001792:	3d3d                	addiw	s10,s10,-17
    80001794:	3d3d                	addiw	s10,s10,-17
    80001796:	3d3d                	addiw	s10,s10,-17
    80001798:	203d                	.2byte	0x203d
    8000179a:	2e34                	.2byte	0x2e34
    8000179c:	2034                	.2byte	0x2034
    8000179e:	4554                	lw	a3,12(a0)
    800017a0:	4e495453          	.4byte	0x4e495453
    800017a4:	48532047          	.4byte	0x48532047
    800017a8:	4b41                	li	s6,16
    800017aa:	2d45                	addiw	s10,s10,17
    800017ac:	3231                	addiw	tp,tp,-20 # ffffffffffffffec <hash+0xffffffff7fffe7e4>
    800017ae:	2038                	.2byte	0x2038
    800017b0:	3d3d                	addiw	s10,s10,-17
    800017b2:	3d3d                	addiw	s10,s10,-17
    800017b4:	3d3d                	addiw	s10,s10,-17
    800017b6:	3d3d                	addiw	s10,s10,-17
    800017b8:	0a3d                	addi	s4,s4,15
    800017ba:	000d                	c.nop	3
    800017bc:	0000                	unimp
    800017be:	0000                	unimp
    800017c0:	6148                	ld	a0,128(a0)
    800017c2:	255b6873          	csrrsi	a6,0x255,22
    800017c6:	5d64                	lw	s1,124(a0)
    800017c8:	3d20                	.2byte	0x3d20
    800017ca:	3020                	.2byte	0x3020
    800017cc:	2578                	.2byte	0x2578
    800017ce:	0d78                	addi	a4,sp,668
    800017d0:	000a                	c.slli	zero,0x2
    800017d2:	0000                	unimp
    800017d4:	0000                	unimp
    800017d6:	0000                	unimp
    800017d8:	3d3d                	addiw	s10,s10,-17
    800017da:	3d3d                	addiw	s10,s10,-17
    800017dc:	3d3d                	addiw	s10,s10,-17
    800017de:	3d3d                	addiw	s10,s10,-17
    800017e0:	203d                	.2byte	0x203d
    800017e2:	2e34                	.2byte	0x2e34
    800017e4:	2035                	.2byte	0x2035
    800017e6:	4554                	lw	a3,12(a0)
    800017e8:	4e495453          	.4byte	0x4e495453
    800017ec:	48532047          	.4byte	0x48532047
    800017f0:	4b41                	li	s6,16
    800017f2:	2d45                	addiw	s10,s10,17
    800017f4:	3532                	.2byte	0x3532
    800017f6:	2036                	.2byte	0x2036
    800017f8:	3d3d                	addiw	s10,s10,-17
    800017fa:	3d3d                	addiw	s10,s10,-17
    800017fc:	3d3d                	addiw	s10,s10,-17
    800017fe:	3d3d                	addiw	s10,s10,-17
    80001800:	0a3d                	addi	s4,s4,15
    80001802:	000d                	c.nop	3

Disassembly of section .bss:

0000000080001808 <hash>:
	...

Disassembly of section .riscv.attributes:

0000000000000000 <.riscv.attributes>:
   0:	2e41                	addiw	t3,t3,16 # 1a010 <_prog_start-0x7ffe5ff0>
   2:	0000                	unimp
   4:	7200                	ld	s0,32(a2)
   6:	7369                	lui	t1,0xffffa
   8:	01007663          	bgeu	zero,a6,14 <_prog_start-0x7fffffec>
   c:	0024                	addi	s1,sp,8
   e:	0000                	unimp
  10:	1004                	addi	s1,sp,32
  12:	7205                	lui	tp,0xfffe1
  14:	3676                	.2byte	0x3676
  16:	6934                	ld	a3,80(a0)
  18:	7032                	.2byte	0x7032
  1a:	5f30                	lw	a2,120(a4)
  1c:	326d                	addiw	tp,tp,-5 # fffffffffffe0ffb <hash+0xffffffff7ffdf7f3>
  1e:	3070                	.2byte	0x3070
  20:	615f 7032 5f30      	.byte	0x5f, 0x61, 0x32, 0x70, 0x30, 0x5f
  26:	30703263          	.4byte	0x30703263
  2a:	0800                	addi	s0,sp,16
  2c:	0a01                	addi	s4,s4,0
  2e:	0b              	Address 0x000000000000002e is out of bounds.


Disassembly of section .comment:

0000000000000000 <.comment>:
   0:	3a434347          	.4byte	0x3a434347
   4:	2820                	.2byte	0x2820
   6:	65653267          	.4byte	0x65653267
   a:	6535                	lui	a0,0xd
   c:	3334                	.2byte	0x3334
   e:	3030                	.2byte	0x3030
  10:	3831                	addiw	a6,a6,-20 # fffffffffffe8fec <hash+0xffffffff7ffe77e4>
  12:	2029                	.2byte	0x2029
  14:	3231                	addiw	tp,tp,-20 # ffffffffffffffec <hash+0xffffffff7fffe7e4>
  16:	322e                	.2byte	0x322e
  18:	302e                	.2byte	0x302e
	...

Disassembly of section .debug_line:

0000000000000000 <.debug_line>:
       0:	0080                	addi	s0,sp,64
       2:	0000                	unimp
       4:	0005                	c.nop	1
       6:	0008                	.2byte	0x8
       8:	002e                	c.slli	zero,0xb
       a:	0000                	unimp
       c:	0101                	addi	sp,sp,0
       e:	fb01                	bnez	a4,ffffffffffffff1e <hash+0xffffffff7fffe716>
      10:	0d0e                	slli	s10,s10,0x3
      12:	0100                	addi	s0,sp,128
      14:	0101                	addi	sp,sp,0
      16:	0001                	nop
      18:	0000                	unimp
      1a:	0001                	nop
      1c:	0100                	addi	s0,sp,128
      1e:	0101                	addi	sp,sp,0
      20:	021f 0000 0000      	.byte	0x1f, 0x02, 0x00, 0x00, 0x00, 0x00
      26:	003a                	c.slli	zero,0xe
      28:	0000                	unimp
      2a:	0102                	c.slli64	sp
      2c:	021f 020f 0078      	.byte	0x1f, 0x02, 0x0f, 0x02, 0x78, 0x00
      32:	0000                	unimp
      34:	7801                	lui	a6,0xfffe0
      36:	0000                	unimp
      38:	0100                	addi	s0,sp,128
      3a:	0900                	addi	s0,sp,144
      3c:	0002                	c.slli64	zero
      3e:	0000                	unimp
      40:	0080                	addi	s0,sp,64
      42:	0000                	unimp
      44:	0300                	addi	s0,sp,384
      46:	010a                	slli	sp,sp,0x2
      48:	04090103          	lb	sp,64(s2)
      4c:	0100                	addi	s0,sp,128
      4e:	04090103          	lb	sp,64(s2)
      52:	0100                	addi	s0,sp,128
      54:	04090103          	lb	sp,64(s2)
      58:	0100                	addi	s0,sp,128
      5a:	10090103          	lb	sp,256(s2)
      5e:	0100                	addi	s0,sp,128
      60:	04090103          	lb	sp,64(s2)
      64:	0100                	addi	s0,sp,128
      66:	04090103          	lb	sp,64(s2)
      6a:	0100                	addi	s0,sp,128
      6c:	08090103          	lb	sp,128(s2)
      70:	0100                	addi	s0,sp,128
      72:	04090203          	lb	tp,64(s2)
      76:	0100                	addi	s0,sp,128
      78:	04090203          	lb	tp,64(s2)
      7c:	0100                	addi	s0,sp,128
      7e:	0409                	addi	s0,s0,2 # 18002 <_prog_start-0x7ffe7ffe>
      80:	0000                	unimp
      82:	0101                	addi	sp,sp,0
      84:	0581                	addi	a1,a1,0
      86:	0000                	unimp
      88:	0005                	c.nop	1
      8a:	0008                	.2byte	0x8
      8c:	00000057          	.4byte	0x57
      90:	0101                	addi	sp,sp,0
      92:	fb01                	bnez	a4,ffffffffffffffa2 <hash+0xffffffff7fffe79a>
      94:	0d0e                	slli	s10,s10,0x3
      96:	0100                	addi	s0,sp,128
      98:	0101                	addi	sp,sp,0
      9a:	0001                	nop
      9c:	0000                	unimp
      9e:	0001                	nop
      a0:	0100                	addi	s0,sp,128
      a2:	0101                	addi	sp,sp,0
      a4:	061f 0000 0000      	.byte	0x1f, 0x06, 0x00, 0x00, 0x00, 0x00
      aa:	003a                	c.slli	zero,0xe
      ac:	0000                	unimp
      ae:	000000c7          	.4byte	0xc7
      b2:	0109                	addi	sp,sp,2
      b4:	0000                	unimp
      b6:	0176                	slli	sp,sp,0x1d
      b8:	0000                	unimp
      ba:	01dc                	addi	a5,sp,196
      bc:	0000                	unimp
      be:	0102                	c.slli64	sp
      c0:	021f 070f 00bd      	.byte	0x1f, 0x02, 0x0f, 0x07, 0xbd, 0x00
      c6:	0000                	unimp
      c8:	3e01                	addiw	t3,t3,-32
      ca:	0002                	c.slli64	zero
      cc:	0200                	addi	s0,sp,256
      ce:	00bd                	addi	ra,ra,15
      d0:	0000                	unimp
      d2:	4801                	li	a6,0
      d4:	0002                	c.slli64	zero
      d6:	0300                	addi	s0,sp,384
      d8:	0251                	addi	tp,tp,20 # 14 <_prog_start-0x7fffffec>
      da:	0000                	unimp
      dc:	6204                	ld	s1,0(a2)
      de:	0002                	c.slli64	zero
      e0:	0500                	addi	s0,sp,640
      e2:	026c                	addi	a1,sp,268
      e4:	0000                	unimp
      e6:	00010503          	lb	a0,0(sp)
      ea:	0209                	addi	tp,tp,2 # 2 <_prog_start-0x7ffffffe>
      ec:	0038                	addi	a4,sp,8
      ee:	8000                	.2byte	0x8000
      f0:	0000                	unimp
      f2:	0000                	unimp
      f4:	05011503          	lh	a0,80(sp)
      f8:	0315                	addi	t1,t1,5 # ffffffffffffa005 <hash+0xffffffff7fff87fd>
      fa:	0901                	addi	s2,s2,0
      fc:	000c                	.2byte	0xc
      fe:	0501                	addi	a0,a0,0 # d000 <_prog_start-0x7fff3000>
     100:	04020003          	lb	zero,64(tp) # 40 <_prog_start-0x7fffffc0>
     104:	0301                	addi	t1,t1,0
     106:	0904                	addi	s1,sp,144
     108:	0008                	.2byte	0x8
     10a:	0501                	addi	a0,a0,0
     10c:	000d                	c.nop	3
     10e:	0402                	c.slli64	s0
     110:	0301                	addi	t1,t1,0
     112:	0904                	addi	s1,sp,144
     114:	0016                	c.slli	zero,0x5
     116:	0501                	addi	a0,a0,0
     118:	0301                	addi	t1,t1,0
     11a:	0905                	addi	s2,s2,1
     11c:	000a                	c.slli	zero,0x2
     11e:	0401                	addi	s0,s0,0
     120:	0502                	c.slli64	a0
     122:	0336                	slli	t1,t1,0xd
     124:	000a0967          	jalr	s2,s4
     128:	0501                	addi	a0,a0,0
     12a:	0901030b          	.4byte	0x901030b
     12e:	0012                	c.slli	zero,0x4
     130:	0501                	addi	a0,a0,0
     132:	0311                	addi	t1,t1,4
     134:	0901                	addi	s2,s2,0
     136:	0008                	.2byte	0x8
     138:	0501                	addi	a0,a0,0
     13a:	0308                	addi	a0,sp,384
     13c:	0901                	addi	s2,s2,0
     13e:	0008                	.2byte	0x8
     140:	0501                	addi	a0,a0,0
     142:	0315                	addi	t1,t1,5
     144:	0901                	addi	s2,s2,0
     146:	000c                	.2byte	0xc
     148:	0501                	addi	a0,a0,0
     14a:	0309                	addi	t1,t1,2
     14c:	0900                	addi	s0,sp,144
     14e:	0004                	.2byte	0x4
     150:	0501                	addi	a0,a0,0
     152:	0015                	c.nop	5
     154:	0402                	c.slli64	s0
     156:	09010303          	lb	t1,144(sp)
     15a:	0002                	c.slli64	zero
     15c:	0501                	addi	a0,a0,0
     15e:	000e                	c.slli	zero,0x3
     160:	0402                	c.slli64	s0
     162:	09000303          	lb	t1,144(zero) # 90 <_prog_start-0x7fffff70>
     166:	000a                	c.slli	zero,0x2
     168:	0501                	addi	a0,a0,0
     16a:	0015                	c.nop	5
     16c:	0402                	c.slli64	s0
     16e:	09000303          	lb	t1,144(zero) # 90 <_prog_start-0x7fffff70>
     172:	000a                	c.slli	zero,0x2
     174:	0501                	addi	a0,a0,0
     176:	0012                	c.slli	zero,0x4
     178:	0402                	c.slli64	s0
     17a:	09000303          	lb	t1,144(zero) # 90 <_prog_start-0x7fffff70>
     17e:	0004                	.2byte	0x4
     180:	0501                	addi	a0,a0,0
     182:	04020023          	sb	zero,64(tp) # 40 <_prog_start-0x7fffffc0>
     186:	097f0303          	lb	t1,151(t5) # 1b097 <_prog_start-0x7ffe4f69>
     18a:	0004                	.2byte	0x4
     18c:	0501                	addi	a0,a0,0
     18e:	001e                	c.slli	zero,0x7
     190:	0402                	c.slli64	s0
     192:	0301                	addi	t1,t1,0
     194:	0900                	addi	s0,sp,144
     196:	000a                	c.slli	zero,0x2
     198:	0501                	addi	a0,a0,0
     19a:	0315                	addi	t1,t1,5
     19c:	0904                	addi	s1,sp,144
     19e:	000e                	c.slli	zero,0x3
     1a0:	0501                	addi	a0,a0,0
     1a2:	0309                	addi	t1,t1,2
     1a4:	0900                	addi	s0,sp,144
     1a6:	0008                	.2byte	0x8
     1a8:	0501                	addi	a0,a0,0
     1aa:	04020017          	auipc	zero,0x4020
     1ae:	09010303          	lb	t1,144(sp)
     1b2:	0002                	c.slli64	zero
     1b4:	0501                	addi	a0,a0,0
     1b6:	000e                	c.slli	zero,0x3
     1b8:	0402                	c.slli64	s0
     1ba:	09000303          	lb	t1,144(zero) # 90 <_prog_start-0x7fffff70>
     1be:	000c                	.2byte	0xc
     1c0:	0501                	addi	a0,a0,0
     1c2:	04020017          	auipc	zero,0x4020
     1c6:	09000303          	lb	t1,144(zero) # 90 <_prog_start-0x7fffff70>
     1ca:	000c                	.2byte	0xc
     1cc:	0501                	addi	a0,a0,0
     1ce:	0014                	.2byte	0x14
     1d0:	0402                	c.slli64	s0
     1d2:	09000303          	lb	t1,144(zero) # 90 <_prog_start-0x7fffff70>
     1d6:	0004                	.2byte	0x4
     1d8:	0501                	addi	a0,a0,0
     1da:	04020023          	sb	zero,64(tp) # 40 <_prog_start-0x7fffffc0>
     1de:	097f0303          	lb	t1,151(t5)
     1e2:	0004                	.2byte	0x4
     1e4:	0501                	addi	a0,a0,0
     1e6:	001e                	c.slli	zero,0x7
     1e8:	0402                	c.slli64	s0
     1ea:	0301                	addi	t1,t1,0
     1ec:	0900                	addi	s0,sp,144
     1ee:	000a                	c.slli	zero,0x2
     1f0:	0501                	addi	a0,a0,0
     1f2:	030c                	addi	a1,sp,384
     1f4:	0904                	addi	s1,sp,144
     1f6:	0006                	c.slli	zero,0x1
     1f8:	0501                	addi	a0,a0,0
     1fa:	0301                	addi	t1,t1,0
     1fc:	0901                	addi	s2,s2,0
     1fe:	0004                	.2byte	0x4
     200:	0301                	addi	t1,t1,0
     202:	00080903          	lb	s2,0(a6) # fffffffffffe0000 <hash+0xffffffff7ffde7f8>
     206:	0501                	addi	a0,a0,0
     208:	0302                	c.slli64	t1
     20a:	0902                	c.slli64	s2
     20c:	000c                	.2byte	0xc
     20e:	0501                	addi	a0,a0,0
     210:	04020003          	lb	zero,64(tp) # 40 <_prog_start-0x7fffffc0>
     214:	0302                	c.slli64	t1
     216:	0901                	addi	s2,s2,0
     218:	0002                	c.slli64	zero
     21a:	0501                	addi	a0,a0,0
     21c:	001c                	.2byte	0x1c
     21e:	0402                	c.slli64	s0
     220:	0302                	c.slli64	t1
     222:	097f                	.2byte	0x97f
     224:	000a                	c.slli	zero,0x2
     226:	0501                	addi	a0,a0,0
     228:	000c                	.2byte	0xc
     22a:	0402                	c.slli64	s0
     22c:	0301                	addi	t1,t1,0
     22e:	0900                	addi	s0,sp,144
     230:	000a                	c.slli	zero,0x2
     232:	0501                	addi	a0,a0,0
     234:	0012                	c.slli	zero,0x4
     236:	0402                	c.slli64	s0
     238:	0301                	addi	t1,t1,0
     23a:	0900                	addi	s0,sp,144
     23c:	000c                	.2byte	0xc
     23e:	0501                	addi	a0,a0,0
     240:	0301                	addi	t1,t1,0
     242:	0902                	c.slli64	s2
     244:	000a                	c.slli	zero,0x2
     246:	0301                	addi	t1,t1,0
     248:	000c0903          	lb	s2,0(s8) # 18000 <_prog_start-0x7ffe8000>
     24c:	0501                	addi	a0,a0,0
     24e:	0302                	c.slli64	t1
     250:	0901                	addi	s2,s2,0
     252:	000c                	.2byte	0xc
     254:	0301                	addi	t1,t1,0
     256:	0901                	addi	s2,s2,0
     258:	0008                	.2byte	0x8
     25a:	0301                	addi	t1,t1,0
     25c:	0901                	addi	s2,s2,0
     25e:	0006                	c.slli	zero,0x1
     260:	0501                	addi	a0,a0,0
     262:	0301                	addi	t1,t1,0
     264:	0901                	addi	s2,s2,0
     266:	0006                	c.slli	zero,0x1
     268:	0301                	addi	t1,t1,0
     26a:	000a0903          	lb	s2,0(s4)
     26e:	0501                	addi	a0,a0,0
     270:	0302                	c.slli64	t1
     272:	0905                	addi	s2,s2,1
     274:	001e                	c.slli	zero,0x7
     276:	0501                	addi	a0,a0,0
     278:	030c                	addi	a1,sp,384
     27a:	0901                	addi	s2,s2,0
     27c:	0014                	.2byte	0x14
     27e:	0501                	addi	a0,a0,0
     280:	030a                	slli	t1,t1,0x2
     282:	0901                	addi	s2,s2,0
     284:	0004                	.2byte	0x4
     286:	0301                	addi	t1,t1,0
     288:	0901                	addi	s2,s2,0
     28a:	0004                	.2byte	0x4
     28c:	0501                	addi	a0,a0,0
     28e:	0308                	addi	a0,sp,384
     290:	0901                	addi	s2,s2,0
     292:	0004                	.2byte	0x4
     294:	0501                	addi	a0,a0,0
     296:	0306                	slli	t1,t1,0x1
     298:	0901                	addi	s2,s2,0
     29a:	0002                	c.slli64	zero
     29c:	0501                	addi	a0,a0,0
     29e:	0304                	addi	s1,sp,384
     2a0:	0901                	addi	s2,s2,0
     2a2:	000c                	.2byte	0xc
     2a4:	0501                	addi	a0,a0,0
     2a6:	09030307          	.4byte	0x9030307
     2aa:	003a                	c.slli	zero,0xe
     2ac:	0501                	addi	a0,a0,0
     2ae:	030e                	slli	t1,t1,0x3
     2b0:	0902                	c.slli64	s2
     2b2:	0012                	c.slli	zero,0x4
     2b4:	0501                	addi	a0,a0,0
     2b6:	0305                	addi	t1,t1,1
     2b8:	0900                	addi	s0,sp,144
     2ba:	0004                	.2byte	0x4
     2bc:	0501                	addi	a0,a0,0
     2be:	0028                	addi	a0,sp,8
     2c0:	0402                	c.slli64	s0
     2c2:	09000303          	lb	t1,144(zero) # 90 <_prog_start-0x7fffff70>
     2c6:	0002                	c.slli64	zero
     2c8:	0501                	addi	a0,a0,0
     2ca:	001f 0402 0303      	.byte	0x1f, 0x00, 0x02, 0x04, 0x03, 0x03
     2d0:	0900                	addi	s0,sp,144
     2d2:	000c                	.2byte	0xc
     2d4:	0501                	addi	a0,a0,0
     2d6:	04020017          	auipc	zero,0x4020
     2da:	0301                	addi	t1,t1,0
     2dc:	0900                	addi	s0,sp,144
     2de:	000a                	c.slli	zero,0x2
     2e0:	0501                	addi	a0,a0,0
     2e2:	0308                	addi	a0,sp,384
     2e4:	0901                	addi	s2,s2,0
     2e6:	0010                	.2byte	0x10
     2e8:	0501                	addi	a0,a0,0
     2ea:	0306                	slli	t1,t1,0x1
     2ec:	0901                	addi	s2,s2,0
     2ee:	0006                	c.slli	zero,0x1
     2f0:	0301                	addi	t1,t1,0
     2f2:	0901                	addi	s2,s2,0
     2f4:	0008                	.2byte	0x8
     2f6:	0501                	addi	a0,a0,0
     2f8:	0903030f          	.4byte	0x903030f
     2fc:	0002                	c.slli64	zero
     2fe:	0501                	addi	a0,a0,0
     300:	0306                	slli	t1,t1,0x1
     302:	0900                	addi	s0,sp,144
     304:	0008                	.2byte	0x8
     306:	0501                	addi	a0,a0,0
     308:	002d                	c.nop	11
     30a:	0402                	c.slli64	s0
     30c:	09000303          	lb	t1,144(zero) # 90 <_prog_start-0x7fffff70>
     310:	0002                	c.slli64	zero
     312:	0501                	addi	a0,a0,0
     314:	0402002b          	.4byte	0x402002b
     318:	09000303          	lb	t1,144(zero) # 90 <_prog_start-0x7fffff70>
     31c:	0008                	.2byte	0x8
     31e:	0501                	addi	a0,a0,0
     320:	0028                	addi	a0,sp,8
     322:	0402                	c.slli64	s0
     324:	09000303          	lb	t1,144(zero) # 90 <_prog_start-0x7fffff70>
     328:	0008                	.2byte	0x8
     32a:	0501                	addi	a0,a0,0
     32c:	001f 0402 0303      	.byte	0x1f, 0x00, 0x02, 0x04, 0x03, 0x03
     332:	0900                	addi	s0,sp,144
     334:	000c                	.2byte	0xc
     336:	0501                	addi	a0,a0,0
     338:	0019                	c.nop	6
     33a:	0402                	c.slli64	s0
     33c:	0301                	addi	t1,t1,0
     33e:	0900                	addi	s0,sp,144
     340:	000a                	c.slli	zero,0x2
     342:	0501                	addi	a0,a0,0
     344:	0315                	addi	t1,t1,5
     346:	0901                	addi	s2,s2,0
     348:	000a                	c.slli	zero,0x2
     34a:	0501                	addi	a0,a0,0
     34c:	0311                	addi	t1,t1,4
     34e:	0900                	addi	s0,sp,144
     350:	000a                	c.slli	zero,0x2
     352:	0501                	addi	a0,a0,0
     354:	0900030b          	.4byte	0x900030b
     358:	000c                	.2byte	0xc
     35a:	0501                	addi	a0,a0,0
     35c:	0308                	addi	a0,sp,384
     35e:	0901                	addi	s2,s2,0
     360:	0004                	.2byte	0x4
     362:	0501                	addi	a0,a0,0
     364:	030d                	addi	t1,t1,3
     366:	097d                	addi	s2,s2,31
     368:	000e                	c.slli	zero,0x3
     36a:	0501                	addi	a0,a0,0
     36c:	030e                	slli	t1,t1,0x3
     36e:	0905                	addi	s2,s2,1
     370:	0006                	c.slli	zero,0x1
     372:	0501                	addi	a0,a0,0
     374:	0305                	addi	t1,t1,1
     376:	0900                	addi	s0,sp,144
     378:	0004                	.2byte	0x4
     37a:	0501                	addi	a0,a0,0
     37c:	0025                	c.nop	9
     37e:	0402                	c.slli64	s0
     380:	09000303          	lb	t1,144(zero) # 90 <_prog_start-0x7fffff70>
     384:	0002                	c.slli64	zero
     386:	0501                	addi	a0,a0,0
     388:	0021                	c.nop	8
     38a:	0402                	c.slli64	s0
     38c:	09000303          	lb	t1,144(zero) # 90 <_prog_start-0x7fffff70>
     390:	0012                	c.slli	zero,0x4
     392:	0501                	addi	a0,a0,0
     394:	0016                	c.slli	zero,0x5
     396:	0402                	c.slli64	s0
     398:	0301                	addi	t1,t1,0
     39a:	0900                	addi	s0,sp,144
     39c:	000a                	c.slli	zero,0x2
     39e:	0501                	addi	a0,a0,0
     3a0:	001a                	c.slli	zero,0x6
     3a2:	0402                	c.slli64	s0
     3a4:	0301                	addi	t1,t1,0
     3a6:	0900                	addi	s0,sp,144
     3a8:	000c                	.2byte	0xc
     3aa:	0501                	addi	a0,a0,0
     3ac:	0305                	addi	t1,t1,1
     3ae:	0901                	addi	s2,s2,0
     3b0:	0002                	c.slli64	zero
     3b2:	0501                	addi	a0,a0,0
     3b4:	09030307          	.4byte	0x9030307
     3b8:	0002                	c.slli64	zero
     3ba:	0501                	addi	a0,a0,0
     3bc:	030e                	slli	t1,t1,0x3
     3be:	0902                	c.slli64	s2
     3c0:	0012                	c.slli	zero,0x4
     3c2:	0501                	addi	a0,a0,0
     3c4:	0305                	addi	t1,t1,1
     3c6:	0900                	addi	s0,sp,144
     3c8:	0004                	.2byte	0x4
     3ca:	0501                	addi	a0,a0,0
     3cc:	0029                	c.nop	10
     3ce:	0402                	c.slli64	s0
     3d0:	09000303          	lb	t1,144(zero) # 90 <_prog_start-0x7fffff70>
     3d4:	0002                	c.slli64	zero
     3d6:	0501                	addi	a0,a0,0
     3d8:	001f 0402 0303      	.byte	0x1f, 0x00, 0x02, 0x04, 0x03, 0x03
     3de:	0900                	addi	s0,sp,144
     3e0:	000c                	.2byte	0xc
     3e2:	0501                	addi	a0,a0,0
     3e4:	04020017          	auipc	zero,0x4020
     3e8:	0301                	addi	t1,t1,0
     3ea:	0900                	addi	s0,sp,144
     3ec:	000a                	c.slli	zero,0x2
     3ee:	0501                	addi	a0,a0,0
     3f0:	0308                	addi	a0,sp,384
     3f2:	0901                	addi	s2,s2,0
     3f4:	000e                	c.slli	zero,0x3
     3f6:	0501                	addi	a0,a0,0
     3f8:	0306                	slli	t1,t1,0x1
     3fa:	0901                	addi	s2,s2,0
     3fc:	0008                	.2byte	0x8
     3fe:	0301                	addi	t1,t1,0
     400:	0901                	addi	s2,s2,0
     402:	0008                	.2byte	0x8
     404:	0501                	addi	a0,a0,0
     406:	0903030f          	.4byte	0x903030f
     40a:	0002                	c.slli64	zero
     40c:	0501                	addi	a0,a0,0
     40e:	0306                	slli	t1,t1,0x1
     410:	0900                	addi	s0,sp,144
     412:	0006                	c.slli	zero,0x1
     414:	0501                	addi	a0,a0,0
     416:	0402002f          	.4byte	0x402002f
     41a:	09000303          	lb	t1,144(zero) # 90 <_prog_start-0x7fffff70>
     41e:	0002                	c.slli64	zero
     420:	0501                	addi	a0,a0,0
     422:	002d                	c.nop	11
     424:	0402                	c.slli64	s0
     426:	09000303          	lb	t1,144(zero) # 90 <_prog_start-0x7fffff70>
     42a:	0008                	.2byte	0x8
     42c:	0501                	addi	a0,a0,0
     42e:	0029                	c.nop	10
     430:	0402                	c.slli64	s0
     432:	09000303          	lb	t1,144(zero) # 90 <_prog_start-0x7fffff70>
     436:	0008                	.2byte	0x8
     438:	0501                	addi	a0,a0,0
     43a:	001f 0402 0303      	.byte	0x1f, 0x00, 0x02, 0x04, 0x03, 0x03
     440:	0900                	addi	s0,sp,144
     442:	000c                	.2byte	0xc
     444:	0501                	addi	a0,a0,0
     446:	0019                	c.nop	6
     448:	0402                	c.slli64	s0
     44a:	0301                	addi	t1,t1,0
     44c:	0900                	addi	s0,sp,144
     44e:	000a                	c.slli	zero,0x2
     450:	0501                	addi	a0,a0,0
     452:	0316                	slli	t1,t1,0x5
     454:	0901                	addi	s2,s2,0
     456:	000a                	c.slli	zero,0x2
     458:	0501                	addi	a0,a0,0
     45a:	0312                	slli	t1,t1,0x4
     45c:	0900                	addi	s0,sp,144
     45e:	000e                	c.slli	zero,0x3
     460:	0501                	addi	a0,a0,0
     462:	030c                	addi	a1,sp,384
     464:	0900                	addi	s0,sp,144
     466:	000c                	.2byte	0xc
     468:	0501                	addi	a0,a0,0
     46a:	0308                	addi	a0,sp,384
     46c:	0901                	addi	s2,s2,0
     46e:	0004                	.2byte	0x4
     470:	0501                	addi	a0,a0,0
     472:	030d                	addi	t1,t1,3
     474:	097d                	addi	s2,s2,31
     476:	0010                	.2byte	0x10
     478:	0501                	addi	a0,a0,0
     47a:	030e                	slli	t1,t1,0x3
     47c:	0905                	addi	s2,s2,1
     47e:	0008                	.2byte	0x8
     480:	0501                	addi	a0,a0,0
     482:	0305                	addi	t1,t1,1
     484:	0900                	addi	s0,sp,144
     486:	0004                	.2byte	0x4
     488:	0501                	addi	a0,a0,0
     48a:	0025                	c.nop	9
     48c:	0402                	c.slli64	s0
     48e:	09000303          	lb	t1,144(zero) # 90 <_prog_start-0x7fffff70>
     492:	0002                	c.slli64	zero
     494:	0501                	addi	a0,a0,0
     496:	0021                	c.nop	8
     498:	0402                	c.slli64	s0
     49a:	09000303          	lb	t1,144(zero) # 90 <_prog_start-0x7fffff70>
     49e:	0012                	c.slli	zero,0x4
     4a0:	0501                	addi	a0,a0,0
     4a2:	0016                	c.slli	zero,0x5
     4a4:	0402                	c.slli64	s0
     4a6:	0301                	addi	t1,t1,0
     4a8:	0900                	addi	s0,sp,144
     4aa:	000a                	c.slli	zero,0x2
     4ac:	0501                	addi	a0,a0,0
     4ae:	001a                	c.slli	zero,0x6
     4b0:	0402                	c.slli64	s0
     4b2:	0301                	addi	t1,t1,0
     4b4:	0900                	addi	s0,sp,144
     4b6:	000c                	.2byte	0xc
     4b8:	0501                	addi	a0,a0,0
     4ba:	0305                	addi	t1,t1,1
     4bc:	0901                	addi	s2,s2,0
     4be:	0002                	c.slli64	zero
     4c0:	0501                	addi	a0,a0,0
     4c2:	000d                	c.nop	3
     4c4:	0402                	c.slli64	s0
     4c6:	0301                	addi	t1,t1,0
     4c8:	00020903          	lb	s2,0(tp) # 0 <_prog_start-0x80000000>
     4cc:	0501                	addi	a0,a0,0
     4ce:	0308                	addi	a0,sp,384
     4d0:	0905                	addi	s2,s2,1
     4d2:	0008                	.2byte	0x8
     4d4:	0301                	addi	t1,t1,0
     4d6:	0901                	addi	s2,s2,0
     4d8:	000a                	c.slli	zero,0x2
     4da:	0301                	addi	t1,t1,0
     4dc:	0901                	addi	s2,s2,0
     4de:	0012                	c.slli	zero,0x4
     4e0:	0301                	addi	t1,t1,0
     4e2:	0902                	c.slli64	s2
     4e4:	000a                	c.slli	zero,0x2
     4e6:	0501                	addi	a0,a0,0
     4e8:	0316                	slli	t1,t1,0x5
     4ea:	0901                	addi	s2,s2,0
     4ec:	0012                	c.slli	zero,0x4
     4ee:	0001                	nop
     4f0:	0402                	c.slli64	s0
     4f2:	0601                	addi	a2,a2,0
     4f4:	0a090003          	lb	zero,160(s2)
     4f8:	0100                	addi	s0,sp,128
     4fa:	0200                	addi	s0,sp,256
     4fc:	0204                	addi	s1,sp,256
     4fe:	04090003          	lb	zero,64(s2)
     502:	0100                	addi	s0,sp,128
     504:	0805                	addi	a6,a6,1
     506:	0200                	addi	s0,sp,256
     508:	0404                	addi	s1,sp,512
     50a:	0306                	slli	t1,t1,0x1
     50c:	0900                	addi	s0,sp,144
     50e:	0004                	.2byte	0x4
     510:	0501                	addi	a0,a0,0
     512:	0005                	c.nop	1
     514:	0402                	c.slli64	s0
     516:	0304                	addi	s1,sp,384
     518:	0902                	c.slli64	s2
     51a:	0004                	.2byte	0x4
     51c:	0501                	addi	a0,a0,0
     51e:	030d                	addi	t1,t1,3
     520:	0902                	c.slli64	s2
     522:	0002                	c.slli64	zero
     524:	0501                	addi	a0,a0,0
     526:	0308                	addi	a0,sp,384
     528:	0900                	addi	s0,sp,144
     52a:	0010                	.2byte	0x10
     52c:	0501                	addi	a0,a0,0
     52e:	0306                	slli	t1,t1,0x1
     530:	0901                	addi	s2,s2,0
     532:	0006                	c.slli	zero,0x1
     534:	0501                	addi	a0,a0,0
     536:	0019                	c.nop	6
     538:	0402                	c.slli64	s0
     53a:	0301                	addi	t1,t1,0
     53c:	0900                	addi	s0,sp,144
     53e:	000a                	c.slli	zero,0x2
     540:	0501                	addi	a0,a0,0
     542:	0006                	c.slli	zero,0x1
     544:	0402                	c.slli64	s0
     546:	0301                	addi	t1,t1,0
     548:	0900                	addi	s0,sp,144
     54a:	0008                	.2byte	0x8
     54c:	0501                	addi	a0,a0,0
     54e:	04020027          	.4byte	0x4020027
     552:	0302                	c.slli64	t1
     554:	0900                	addi	s0,sp,144
     556:	000a                	c.slli	zero,0x2
     558:	0501                	addi	a0,a0,0
     55a:	0006                	c.slli	zero,0x1
     55c:	0402                	c.slli64	s0
     55e:	0302                	c.slli64	t1
     560:	0900                	addi	s0,sp,144
     562:	0008                	.2byte	0x8
     564:	0001                	nop
     566:	0402                	c.slli64	s0
     568:	0604                	addi	s1,sp,768
     56a:	08090003          	lb	zero,128(s2)
     56e:	0100                	addi	s0,sp,128
     570:	1605                	addi	a2,a2,-31
     572:	0200                	addi	s0,sp,256
     574:	0404                	addi	s1,sp,512
     576:	0306                	slli	t1,t1,0x1
     578:	097d                	addi	s2,s2,31
     57a:	0006                	c.slli	zero,0x1
     57c:	0501                	addi	a0,a0,0
     57e:	000e                	c.slli	zero,0x3
     580:	0402                	c.slli64	s0
     582:	0301                	addi	t1,t1,0
     584:	0900                	addi	s0,sp,144
     586:	000a                	c.slli	zero,0x2
     588:	0501                	addi	a0,a0,0
     58a:	0305                	addi	t1,t1,1
     58c:	0905                	addi	s2,s2,1
     58e:	0008                	.2byte	0x8
     590:	0301                	addi	t1,t1,0
     592:	00020903          	lb	s2,0(tp) # 0 <_prog_start-0x80000000>
     596:	0301                	addi	t1,t1,0
     598:	0901                	addi	s2,s2,0
     59a:	0014                	.2byte	0x14
     59c:	0501                	addi	a0,a0,0
     59e:	0902030b          	.4byte	0x902030b
     5a2:	0002                	c.slli64	zero
     5a4:	0501                	addi	a0,a0,0
     5a6:	0305                	addi	t1,t1,1
     5a8:	0900                	addi	s0,sp,144
     5aa:	000e                	c.slli	zero,0x3
     5ac:	0301                	addi	t1,t1,0
     5ae:	0901                	addi	s2,s2,0
     5b0:	000a                	c.slli	zero,0x2
     5b2:	0501                	addi	a0,a0,0
     5b4:	030e                	slli	t1,t1,0x3
     5b6:	0902                	c.slli64	s2
     5b8:	0002                	c.slli64	zero
     5ba:	0501                	addi	a0,a0,0
     5bc:	030c                	addi	a1,sp,384
     5be:	0901                	addi	s2,s2,0
     5c0:	0004                	.2byte	0x4
     5c2:	0301                	addi	t1,t1,0
     5c4:	0901                	addi	s2,s2,0
     5c6:	0004                	.2byte	0x4
     5c8:	0501                	addi	a0,a0,0
     5ca:	030d                	addi	t1,t1,3
     5cc:	0901                	addi	s2,s2,0
     5ce:	0006                	c.slli	zero,0x1
     5d0:	0501                	addi	a0,a0,0
     5d2:	030e                	slli	t1,t1,0x3
     5d4:	0901                	addi	s2,s2,0
     5d6:	0010                	.2byte	0x10
     5d8:	0501                	addi	a0,a0,0
     5da:	0304                	addi	s1,sp,384
     5dc:	0902                	c.slli64	s2
     5de:	0008                	.2byte	0x8
     5e0:	0501                	addi	a0,a0,0
     5e2:	0312                	slli	t1,t1,0x4
     5e4:	0a097fbb          	.4byte	0xa097fbb
     5e8:	0100                	addi	s0,sp,128
     5ea:	0c05                	addi	s8,s8,1
     5ec:	0c090003          	lb	zero,192(s2)
     5f0:	0100                	addi	s0,sp,128
     5f2:	1605                	addi	a2,a2,-31
     5f4:	08090003          	lb	zero,128(s2)
     5f8:	0100                	addi	s0,sp,128
     5fa:	0105                	addi	sp,sp,1
     5fc:	0900c903          	lbu	s2,144(ra)
     600:	000c                	.2byte	0xc
     602:	0901                	addi	s2,s2,0
     604:	000c                	.2byte	0xc
     606:	0100                	addi	s0,sp,128
     608:	e101                	bnez	a0,608 <_prog_start-0x7ffff9f8>
     60a:	000a                	c.slli	zero,0x2
     60c:	0500                	addi	s0,sp,640
     60e:	0800                	addi	s0,sp,16
     610:	4900                	lw	s0,16(a0)
     612:	0000                	unimp
     614:	0100                	addi	s0,sp,128
     616:	0101                	addi	sp,sp,0
     618:	000d0efb          	.4byte	0xd0efb
     61c:	0101                	addi	sp,sp,0
     61e:	0101                	addi	sp,sp,0
     620:	0000                	unimp
     622:	0100                	addi	s0,sp,128
     624:	0000                	unimp
     626:	0101                	addi	sp,sp,0
     628:	1f01                	addi	t5,t5,-32
     62a:	0005                	c.nop	1
     62c:	0000                	unimp
     62e:	3a00                	.2byte	0x3a00
     630:	0000                	unimp
     632:	7600                	ld	s0,40(a2)
     634:	0001                	nop
     636:	dc00                	sw	s0,56(s0)
     638:	0001                	nop
     63a:	c700                	sw	s0,8(a4)
     63c:	0000                	unimp
     63e:	0200                	addi	s0,sp,256
     640:	1f01                	addi	t5,t5,-32
     642:	0f02                	c.slli64	t5
     644:	b305                	j	364 <_prog_start-0x7ffffc9c>
     646:	0002                	c.slli64	zero
     648:	0100                	addi	s0,sp,128
     64a:	000002b3          	add	t0,zero,zero
     64e:	5101                	li	sp,-32
     650:	0002                	c.slli64	zero
     652:	0200                	addi	s0,sp,256
     654:	0262                	slli	tp,tp,0x18
     656:	0000                	unimp
     658:	00023e03          	ld	t3,0(tp) # 0 <_prog_start-0x80000000>
     65c:	0400                	addi	s0,sp,512
     65e:	2405                	addiw	s0,s0,1
     660:	0900                	addi	s0,sp,144
     662:	2e02                	.2byte	0x2e02
     664:	0005                	c.nop	1
     666:	0080                	addi	s0,sp,64
     668:	0000                	unimp
     66a:	0300                	addi	s0,sp,384
     66c:	011f 0505 0103      	.byte	0x1f, 0x01, 0x05, 0x05, 0x03, 0x01
     672:	0a09                	addi	s4,s4,2
     674:	0100                	addi	s0,sp,128
     676:	3705                	addiw	a4,a4,-31
     678:	08090003          	lb	zero,128(s2)
     67c:	0100                	addi	s0,sp,128
     67e:	0505                	addi	a0,a0,1
     680:	04090103          	lb	sp,64(s2)
     684:	0100                	addi	s0,sp,128
     686:	3805                	addiw	a6,a6,-31
     688:	08090003          	lb	zero,128(s2)
     68c:	0100                	addi	s0,sp,128
     68e:	3205                	addiw	tp,tp,-31 # ffffffffffffffe1 <hash+0xffffffff7fffe7d9>
     690:	04090103          	lb	sp,64(s2)
     694:	0100                	addi	s0,sp,128
     696:	0d05                	addi	s10,s10,1
     698:	08090103          	lb	sp,128(s2)
     69c:	0100                	addi	s0,sp,128
     69e:	0505                	addi	a0,a0,1
     6a0:	04090003          	lb	zero,64(s2)
     6a4:	0100                	addi	s0,sp,128
     6a6:	1e05                	addi	t3,t3,-31
     6a8:	0200                	addi	s0,sp,256
     6aa:	0304                	addi	s1,sp,384
     6ac:	02090003          	lb	zero,32(s2)
     6b0:	0100                	addi	s0,sp,128
     6b2:	1605                	addi	a2,a2,-31
     6b4:	0200                	addi	s0,sp,256
     6b6:	0104                	addi	s1,sp,128
     6b8:	0a090003          	lb	zero,160(s2)
     6bc:	0100                	addi	s0,sp,128
     6be:	3205                	addiw	tp,tp,-31 # ffffffffffffffe1 <hash+0xffffffff7fffe7d9>
     6c0:	10090103          	lb	sp,256(s2)
     6c4:	0100                	addi	s0,sp,128
     6c6:	0105                	addi	sp,sp,1
     6c8:	08090103          	lb	sp,128(s2)
     6cc:	0100                	addi	s0,sp,128
     6ce:	4205                	li	tp,1
     6d0:	08090203          	lb	tp,128(s2)
     6d4:	0100                	addi	s0,sp,128
     6d6:	0505                	addi	a0,a0,1
     6d8:	12090103          	lb	sp,288(s2)
     6dc:	0100                	addi	s0,sp,128
     6de:	3105                	addiw	sp,sp,-31
     6e0:	08090003          	lb	zero,128(s2)
     6e4:	0100                	addi	s0,sp,128
     6e6:	0505                	addi	a0,a0,1
     6e8:	06090103          	lb	sp,96(s2)
     6ec:	0100                	addi	s0,sp,128
     6ee:	3505                	addiw	a0,a0,-31
     6f0:	06090003          	lb	zero,96(s2)
     6f4:	0100                	addi	s0,sp,128
     6f6:	0105                	addi	sp,sp,1
     6f8:	06090103          	lb	sp,96(s2)
     6fc:	0100                	addi	s0,sp,128
     6fe:	5105                	li	sp,-31
     700:	08090203          	lb	tp,128(s2)
     704:	0100                	addi	s0,sp,128
     706:	0b05                	addi	s6,s6,1
     708:	18090203          	lb	tp,384(s2)
     70c:	0100                	addi	s0,sp,128
     70e:	1c05                	addi	s8,s8,-31
     710:	0200                	addi	s0,sp,256
     712:	0104                	addi	s1,sp,128
     714:	06090003          	lb	zero,96(s2)
     718:	0100                	addi	s0,sp,128
     71a:	0b05                	addi	s6,s6,1
     71c:	08090103          	lb	sp,128(s2)
     720:	0100                	addi	s0,sp,128
     722:	1c05                	addi	s8,s8,-31
     724:	0200                	addi	s0,sp,256
     726:	0104                	addi	s1,sp,128
     728:	0a090003          	lb	zero,160(s2)
     72c:	0100                	addi	s0,sp,128
     72e:	0b05                	addi	s6,s6,1
     730:	08090103          	lb	sp,128(s2)
     734:	0100                	addi	s0,sp,128
     736:	1c05                	addi	s8,s8,-31
     738:	0200                	addi	s0,sp,256
     73a:	0104                	addi	s1,sp,128
     73c:	0a090003          	lb	zero,160(s2)
     740:	0100                	addi	s0,sp,128
     742:	0b05                	addi	s6,s6,1
     744:	08090103          	lb	sp,128(s2)
     748:	0100                	addi	s0,sp,128
     74a:	1c05                	addi	s8,s8,-31
     74c:	0200                	addi	s0,sp,256
     74e:	0104                	addi	s1,sp,128
     750:	0a090003          	lb	zero,160(s2)
     754:	0100                	addi	s0,sp,128
     756:	0b05                	addi	s6,s6,1
     758:	08090103          	lb	sp,128(s2)
     75c:	0100                	addi	s0,sp,128
     75e:	1c05                	addi	s8,s8,-31
     760:	0200                	addi	s0,sp,256
     762:	0104                	addi	s1,sp,128
     764:	0a090003          	lb	zero,160(s2)
     768:	0100                	addi	s0,sp,128
     76a:	08090103          	lb	sp,128(s2)
     76e:	0100                	addi	s0,sp,128
     770:	0e05                	addi	t3,t3,1
     772:	06090203          	lb	tp,96(s2)
     776:	0100                	addi	s0,sp,128
     778:	0505                	addi	a0,a0,1
     77a:	04090003          	lb	zero,64(s2)
     77e:	0100                	addi	s0,sp,128
     780:	0905                	addi	s2,s2,1
     782:	02090103          	lb	sp,32(s2)
     786:	0100                	addi	s0,sp,128
     788:	3b05                	addiw	s6,s6,-31
     78a:	08090003          	lb	zero,128(s2)
     78e:	0100                	addi	s0,sp,128
     790:	1205                	addi	tp,tp,-31 # ffffffffffffffe1 <hash+0xffffffff7fffe7d9>
     792:	04090103          	lb	sp,64(s2)
     796:	0100                	addi	s0,sp,128
     798:	0905                	addi	s2,s2,1
     79a:	12090003          	lb	zero,288(s2)
     79e:	0100                	addi	s0,sp,128
     7a0:	1205                	addi	tp,tp,-31 # ffffffffffffffe1 <hash+0xffffffff7fffe7d9>
     7a2:	02090103          	lb	sp,32(s2)
     7a6:	0100                	addi	s0,sp,128
     7a8:	1505                	addi	a0,a0,-31
     7aa:	0200                	addi	s0,sp,256
     7ac:	0104                	addi	s1,sp,128
     7ae:	02090003          	lb	zero,32(s2)
     7b2:	0100                	addi	s0,sp,128
     7b4:	1305                	addi	t1,t1,-31
     7b6:	0200                	addi	s0,sp,256
     7b8:	0104                	addi	s1,sp,128
     7ba:	0a090003          	lb	zero,160(s2)
     7be:	0100                	addi	s0,sp,128
     7c0:	4b05                	li	s6,1
     7c2:	0200                	addi	s0,sp,256
     7c4:	0204                	addi	s1,sp,256
     7c6:	02090103          	lb	sp,32(s2)
     7ca:	0100                	addi	s0,sp,128
     7cc:	0d05                	addi	s10,s10,1
     7ce:	0200                	addi	s0,sp,256
     7d0:	0204                	addi	s1,sp,256
     7d2:	0c090003          	lb	zero,192(s2)
     7d6:	0100                	addi	s0,sp,128
     7d8:	4b05                	li	s6,1
     7da:	0200                	addi	s0,sp,256
     7dc:	0204                	addi	s1,sp,256
     7de:	06090003          	lb	zero,96(s2)
     7e2:	0100                	addi	s0,sp,128
     7e4:	4505                	li	a0,1
     7e6:	0200                	addi	s0,sp,256
     7e8:	0204                	addi	s1,sp,256
     7ea:	02090003          	lb	zero,32(s2)
     7ee:	0100                	addi	s0,sp,128
     7f0:	0d05                	addi	s10,s10,1
     7f2:	0200                	addi	s0,sp,256
     7f4:	0204                	addi	s1,sp,256
     7f6:	02090103          	lb	sp,32(s2)
     7fa:	0100                	addi	s0,sp,128
     7fc:	4505                	li	a0,1
     7fe:	0200                	addi	s0,sp,256
     800:	0204                	addi	s1,sp,256
     802:	06090003          	lb	zero,96(s2)
     806:	0100                	addi	s0,sp,128
     808:	0d05                	addi	s10,s10,1
     80a:	0200                	addi	s0,sp,256
     80c:	0204                	addi	s1,sp,256
     80e:	04090103          	lb	sp,64(s2)
     812:	0100                	addi	s0,sp,128
     814:	4505                	li	a0,1
     816:	0200                	addi	s0,sp,256
     818:	0204                	addi	s1,sp,256
     81a:	06090003          	lb	zero,96(s2)
     81e:	0100                	addi	s0,sp,128
     820:	3105                	addiw	sp,sp,-31
     822:	0200                	addi	s0,sp,256
     824:	0204                	addi	s1,sp,256
     826:	04097c03          	.4byte	0x4097c03
     82a:	0100                	addi	s0,sp,128
     82c:	2605                	addiw	a2,a2,1
     82e:	0200                	addi	s0,sp,256
     830:	0104                	addi	s1,sp,128
     832:	0a090003          	lb	zero,160(s2)
     836:	0100                	addi	s0,sp,128
     838:	2905                	addiw	s2,s2,1
     83a:	0200                	addi	s0,sp,256
     83c:	0104                	addi	s1,sp,128
     83e:	08090003          	lb	zero,128(s2)
     842:	0100                	addi	s0,sp,128
     844:	2205                	addiw	tp,tp,1 # 1 <_prog_start-0x7fffffff>
     846:	0200                	addi	s0,sp,256
     848:	0104                	addi	s1,sp,128
     84a:	0c090003          	lb	zero,192(s2)
     84e:	0100                	addi	s0,sp,128
     850:	0905                	addi	s2,s2,1
     852:	0200                	addi	s0,sp,256
     854:	0204                	addi	s1,sp,256
     856:	0a090603          	lb	a2,160(s2)
     85a:	0100                	addi	s0,sp,128
     85c:	3c05                	addiw	s8,s8,-31
     85e:	0200                	addi	s0,sp,256
     860:	0204                	addi	s1,sp,256
     862:	08090003          	lb	zero,128(s2)
     866:	0100                	addi	s0,sp,128
     868:	2d05                	addiw	s10,s10,1
     86a:	0200                	addi	s0,sp,256
     86c:	0204                	addi	s1,sp,256
     86e:	04097803          	.4byte	0x4097803
     872:	0100                	addi	s0,sp,128
     874:	1f05                	addi	t5,t5,-31
     876:	0200                	addi	s0,sp,256
     878:	0104                	addi	s1,sp,128
     87a:	0a090003          	lb	zero,160(s2)
     87e:	0100                	addi	s0,sp,128
     880:	2405                	addiw	s0,s0,1
     882:	0200                	addi	s0,sp,256
     884:	0104                	addi	s1,sp,128
     886:	0a090003          	lb	zero,160(s2)
     88a:	0100                	addi	s0,sp,128
     88c:	1705                	addi	a4,a4,-31
     88e:	0200                	addi	s0,sp,256
     890:	0104                	addi	s1,sp,128
     892:	0c090003          	lb	zero,192(s2)
     896:	0100                	addi	s0,sp,128
     898:	0105                	addi	sp,sp,1
     89a:	0a090a03          	lb	s4,160(s2)
     89e:	0100                	addi	s0,sp,128
     8a0:	5605                	li	a2,-31
     8a2:	0a090303          	lb	t1,160(s2)
     8a6:	0100                	addi	s0,sp,128
     8a8:	0c05                	addi	s8,s8,1
     8aa:	18090203          	lb	tp,384(s2)
     8ae:	0100                	addi	s0,sp,128
     8b0:	1d05                	addi	s10,s10,-31
     8b2:	0200                	addi	s0,sp,256
     8b4:	0104                	addi	s1,sp,128
     8b6:	06090003          	lb	zero,96(s2)
     8ba:	0100                	addi	s0,sp,128
     8bc:	0c05                	addi	s8,s8,1
     8be:	08090103          	lb	sp,128(s2)
     8c2:	0100                	addi	s0,sp,128
     8c4:	1d05                	addi	s10,s10,-31
     8c6:	0200                	addi	s0,sp,256
     8c8:	0104                	addi	s1,sp,128
     8ca:	0a090003          	lb	zero,160(s2)
     8ce:	0100                	addi	s0,sp,128
     8d0:	0c05                	addi	s8,s8,1
     8d2:	08090103          	lb	sp,128(s2)
     8d6:	0100                	addi	s0,sp,128
     8d8:	1d05                	addi	s10,s10,-31
     8da:	0200                	addi	s0,sp,256
     8dc:	0104                	addi	s1,sp,128
     8de:	0a090003          	lb	zero,160(s2)
     8e2:	0100                	addi	s0,sp,128
     8e4:	0c05                	addi	s8,s8,1
     8e6:	08090103          	lb	sp,128(s2)
     8ea:	0100                	addi	s0,sp,128
     8ec:	1d05                	addi	s10,s10,-31
     8ee:	0200                	addi	s0,sp,256
     8f0:	0104                	addi	s1,sp,128
     8f2:	0a090003          	lb	zero,160(s2)
     8f6:	0100                	addi	s0,sp,128
     8f8:	0c05                	addi	s8,s8,1
     8fa:	08090103          	lb	sp,128(s2)
     8fe:	0100                	addi	s0,sp,128
     900:	1d05                	addi	s10,s10,-31
     902:	0200                	addi	s0,sp,256
     904:	0104                	addi	s1,sp,128
     906:	0a090003          	lb	zero,160(s2)
     90a:	0100                	addi	s0,sp,128
     90c:	08090103          	lb	sp,128(s2)
     910:	0100                	addi	s0,sp,128
     912:	0405                	addi	s0,s0,1
     914:	06090203          	lb	tp,96(s2)
     918:	0100                	addi	s0,sp,128
     91a:	3605                	addiw	a2,a2,-31
     91c:	08090003          	lb	zero,128(s2)
     920:	0100                	addi	s0,sp,128
     922:	1705                	addi	a4,a4,-31
     924:	04090103          	lb	sp,64(s2)
     928:	0100                	addi	s0,sp,128
     92a:	1c05                	addi	s8,s8,-31
     92c:	0a090003          	lb	zero,160(s2)
     930:	0100                	addi	s0,sp,128
     932:	0d05                	addi	s10,s10,1
     934:	0a090003          	lb	zero,160(s2)
     938:	0100                	addi	s0,sp,128
     93a:	0405                	addi	s0,s0,1
     93c:	0c090003          	lb	zero,192(s2)
     940:	0100                	addi	s0,sp,128
     942:	0d05                	addi	s10,s10,1
     944:	02090103          	lb	sp,32(s2)
     948:	0100                	addi	s0,sp,128
     94a:	1005                	c.nop	-31
     94c:	0200                	addi	s0,sp,256
     94e:	0104                	addi	s1,sp,128
     950:	02090003          	lb	zero,32(s2)
     954:	0100                	addi	s0,sp,128
     956:	0e05                	addi	t3,t3,1
     958:	0200                	addi	s0,sp,256
     95a:	0104                	addi	s1,sp,128
     95c:	0a090003          	lb	zero,160(s2)
     960:	0100                	addi	s0,sp,128
     962:	4605                	li	a2,1
     964:	0200                	addi	s0,sp,256
     966:	0204                	addi	s1,sp,256
     968:	02090203          	lb	tp,32(s2)
     96c:	0100                	addi	s0,sp,128
     96e:	0805                	addi	a6,a6,1
     970:	0200                	addi	s0,sp,256
     972:	0204                	addi	s1,sp,256
     974:	0c090003          	lb	zero,192(s2)
     978:	0100                	addi	s0,sp,128
     97a:	4605                	li	a2,1
     97c:	0200                	addi	s0,sp,256
     97e:	0204                	addi	s1,sp,256
     980:	06090003          	lb	zero,96(s2)
     984:	0100                	addi	s0,sp,128
     986:	4005                	c.li	zero,1
     988:	0200                	addi	s0,sp,256
     98a:	0204                	addi	s1,sp,256
     98c:	02090003          	lb	zero,32(s2)
     990:	0100                	addi	s0,sp,128
     992:	0805                	addi	a6,a6,1
     994:	0200                	addi	s0,sp,256
     996:	0204                	addi	s1,sp,256
     998:	02090103          	lb	sp,32(s2)
     99c:	0100                	addi	s0,sp,128
     99e:	4005                	c.li	zero,1
     9a0:	0200                	addi	s0,sp,256
     9a2:	0204                	addi	s1,sp,256
     9a4:	06090003          	lb	zero,96(s2)
     9a8:	0100                	addi	s0,sp,128
     9aa:	0805                	addi	a6,a6,1
     9ac:	0200                	addi	s0,sp,256
     9ae:	0204                	addi	s1,sp,256
     9b0:	04090103          	lb	sp,64(s2)
     9b4:	0100                	addi	s0,sp,128
     9b6:	4005                	c.li	zero,1
     9b8:	0200                	addi	s0,sp,256
     9ba:	0204                	addi	s1,sp,256
     9bc:	06090003          	lb	zero,96(s2)
     9c0:	0100                	addi	s0,sp,128
     9c2:	3d05                	addiw	s10,s10,-31
     9c4:	0200                	addi	s0,sp,256
     9c6:	0204                	addi	s1,sp,256
     9c8:	04097b03          	.4byte	0x4097b03
     9cc:	0100                	addi	s0,sp,128
     9ce:	3405                	addiw	s0,s0,-31
     9d0:	0200                	addi	s0,sp,256
     9d2:	0104                	addi	s1,sp,128
     9d4:	0a090003          	lb	zero,160(s2)
     9d8:	0100                	addi	s0,sp,128
     9da:	2d05                	addiw	s10,s10,1
     9dc:	0200                	addi	s0,sp,256
     9de:	0104                	addi	s1,sp,128
     9e0:	0c090003          	lb	zero,192(s2)
     9e4:	0100                	addi	s0,sp,128
     9e6:	0405                	addi	s0,s0,1
     9e8:	0a090703          	lb	a4,160(s2)
     9ec:	0100                	addi	s0,sp,128
     9ee:	3705                	addiw	a4,a4,-31
     9f0:	08090003          	lb	zero,128(s2)
     9f4:	0100                	addi	s0,sp,128
     9f6:	0105                	addi	sp,sp,1
     9f8:	04090103          	lb	sp,64(s2)
     9fc:	0100                	addi	s0,sp,128
     9fe:	4205                	li	tp,1
     a00:	08090203          	lb	tp,128(s2)
     a04:	0100                	addi	s0,sp,128
     a06:	0905                	addi	s2,s2,1
     a08:	14090103          	lb	sp,320(s2)
     a0c:	0100                	addi	s0,sp,128
     a0e:	0c05                	addi	s8,s8,1
     a10:	0200                	addi	s0,sp,256
     a12:	0104                	addi	s1,sp,128
     a14:	02090003          	lb	zero,32(s2)
     a18:	0100                	addi	s0,sp,128
     a1a:	0a05                	addi	s4,s4,1
     a1c:	0200                	addi	s0,sp,256
     a1e:	0104                	addi	s1,sp,128
     a20:	0a090003          	lb	zero,160(s2)
     a24:	0100                	addi	s0,sp,128
     a26:	0d05                	addi	s10,s10,1
     a28:	02090103          	lb	sp,32(s2)
     a2c:	0100                	addi	s0,sp,128
     a2e:	0405                	addi	s0,s0,1
     a30:	04090003          	lb	zero,64(s2)
     a34:	0100                	addi	s0,sp,128
     a36:	0905                	addi	s2,s2,1
     a38:	02090103          	lb	sp,32(s2)
     a3c:	0100                	addi	s0,sp,128
     a3e:	4005                	c.li	zero,1
     a40:	08090003          	lb	zero,128(s2)
     a44:	0100                	addi	s0,sp,128
     a46:	0905                	addi	s2,s2,1
     a48:	04090103          	lb	sp,64(s2)
     a4c:	0100                	addi	s0,sp,128
     a4e:	4005                	c.li	zero,1
     a50:	08090003          	lb	zero,128(s2)
     a54:	0100                	addi	s0,sp,128
     a56:	0e05                	addi	t3,t3,1
     a58:	04090103          	lb	sp,64(s2)
     a5c:	0100                	addi	s0,sp,128
     a5e:	1105                	addi	sp,sp,-31
     a60:	0200                	addi	s0,sp,256
     a62:	0104                	addi	s1,sp,128
     a64:	02090003          	lb	zero,32(s2)
     a68:	0100                	addi	s0,sp,128
     a6a:	0f05                	addi	t5,t5,1
     a6c:	0200                	addi	s0,sp,256
     a6e:	0104                	addi	s1,sp,128
     a70:	0a090003          	lb	zero,160(s2)
     a74:	0100                	addi	s0,sp,128
     a76:	1305                	addi	t1,t1,-31
     a78:	0200                	addi	s0,sp,256
     a7a:	0204                	addi	s1,sp,256
     a7c:	02090103          	lb	sp,32(s2)
     a80:	0100                	addi	s0,sp,128
     a82:	0d05                	addi	s10,s10,1
     a84:	0200                	addi	s0,sp,256
     a86:	0204                	addi	s1,sp,256
     a88:	08090003          	lb	zero,128(s2)
     a8c:	0100                	addi	s0,sp,128
     a8e:	1305                	addi	t1,t1,-31
     a90:	0200                	addi	s0,sp,256
     a92:	0204                	addi	s1,sp,256
     a94:	0c090003          	lb	zero,192(s2)
     a98:	0100                	addi	s0,sp,128
     a9a:	1105                	addi	sp,sp,-31
     a9c:	0200                	addi	s0,sp,256
     a9e:	0204                	addi	s1,sp,256
     aa0:	02090003          	lb	zero,32(s2)
     aa4:	0100                	addi	s0,sp,128
     aa6:	1e05                	addi	t3,t3,-31
     aa8:	0200                	addi	s0,sp,256
     aaa:	0204                	addi	s1,sp,256
     aac:	02097c03          	.4byte	0x2097c03
     ab0:	0100                	addi	s0,sp,128
     ab2:	1605                	addi	a2,a2,-31
     ab4:	0200                	addi	s0,sp,256
     ab6:	0104                	addi	s1,sp,128
     ab8:	0a090003          	lb	zero,160(s2)
     abc:	0100                	addi	s0,sp,128
     abe:	0405                	addi	s0,s0,1
     ac0:	12090603          	lb	a2,288(s2)
     ac4:	0100                	addi	s0,sp,128
     ac6:	3705                	addiw	a4,a4,-31
     ac8:	08090003          	lb	zero,128(s2)
     acc:	0100                	addi	s0,sp,128
     ace:	0105                	addi	sp,sp,1
     ad0:	04090103          	lb	sp,64(s2)
     ad4:	0100                	addi	s0,sp,128
     ad6:	2805                	addiw	a6,a6,1
     ad8:	08090203          	lb	tp,128(s2)
     adc:	0100                	addi	s0,sp,128
     ade:	0505                	addi	a0,a0,1
     ae0:	0a090103          	lb	sp,160(s2)
     ae4:	0100                	addi	s0,sp,128
     ae6:	3605                	addiw	a2,a2,-31
     ae8:	08090003          	lb	zero,128(s2)
     aec:	0100                	addi	s0,sp,128
     aee:	0505                	addi	a0,a0,1
     af0:	04090103          	lb	sp,64(s2)
     af4:	0100                	addi	s0,sp,128
     af6:	3605                	addiw	a2,a2,-31
     af8:	08090003          	lb	zero,128(s2)
     afc:	0100                	addi	s0,sp,128
     afe:	0105                	addi	sp,sp,1
     b00:	04090103          	lb	sp,64(s2)
     b04:	0100                	addi	s0,sp,128
     b06:	2905                	addiw	s2,s2,1
     b08:	08090203          	lb	tp,128(s2)
     b0c:	0100                	addi	s0,sp,128
     b0e:	0505                	addi	a0,a0,1
     b10:	0a090103          	lb	sp,160(s2)
     b14:	0100                	addi	s0,sp,128
     b16:	3805                	addiw	a6,a6,-31
     b18:	08090003          	lb	zero,128(s2)
     b1c:	0100                	addi	s0,sp,128
     b1e:	0105                	addi	sp,sp,1
     b20:	04090103          	lb	sp,64(s2)
     b24:	0100                	addi	s0,sp,128
     b26:	2305                	addiw	t1,t1,1
     b28:	08090c03          	lb	s8,128(s2)
     b2c:	0100                	addi	s0,sp,128
     b2e:	0305                	addi	t1,t1,1
     b30:	12090103          	lb	sp,288(s2)
     b34:	0100                	addi	s0,sp,128
     b36:	2005                	.2byte	0x2005
     b38:	06090003          	lb	zero,96(s2)
     b3c:	0100                	addi	s0,sp,128
     b3e:	0305                	addi	t1,t1,1
     b40:	04090403          	lb	s0,64(s2)
     b44:	0100                	addi	s0,sp,128
     b46:	0c090103          	lb	sp,192(s2)
     b4a:	0100                	addi	s0,sp,128
     b4c:	0c090103          	lb	sp,192(s2)
     b50:	0100                	addi	s0,sp,128
     b52:	0c090203          	lb	tp,192(s2)
     b56:	0100                	addi	s0,sp,128
     b58:	0b05                	addi	s6,s6,1
     b5a:	0c090103          	lb	sp,192(s2)
     b5e:	0100                	addi	s0,sp,128
     b60:	0305                	addi	t1,t1,1
     b62:	04090003          	lb	zero,64(s2)
     b66:	0100                	addi	s0,sp,128
     b68:	0605                	addi	a2,a2,1
     b6a:	0200                	addi	s0,sp,256
     b6c:	0304                	addi	s1,sp,384
     b6e:	02090103          	lb	sp,32(s2)
     b72:	0100                	addi	s0,sp,128
     b74:	1b05                	addi	s6,s6,-31
     b76:	0200                	addi	s0,sp,256
     b78:	0304                	addi	s1,sp,384
     b7a:	26097f03          	.4byte	0x26097f03
     b7e:	0100                	addi	s0,sp,128
     b80:	1405                	addi	s0,s0,-31
     b82:	0200                	addi	s0,sp,256
     b84:	0104                	addi	s1,sp,128
     b86:	0a090003          	lb	zero,160(s2)
     b8a:	0100                	addi	s0,sp,128
     b8c:	0705                	addi	a4,a4,1
     b8e:	0e090503          	lb	a0,224(s2)
     b92:	0100                	addi	s0,sp,128
     b94:	0305                	addi	t1,t1,1
     b96:	08090203          	lb	tp,128(s2)
     b9a:	0100                	addi	s0,sp,128
     b9c:	0c090103          	lb	sp,192(s2)
     ba0:	0100                	addi	s0,sp,128
     ba2:	0c090103          	lb	sp,192(s2)
     ba6:	0100                	addi	s0,sp,128
     ba8:	0805                	addi	a6,a6,1
     baa:	0c090203          	lb	tp,192(s2)
     bae:	0100                	addi	s0,sp,128
     bb0:	0c05                	addi	s8,s8,1
     bb2:	04090103          	lb	sp,64(s2)
     bb6:	0100                	addi	s0,sp,128
     bb8:	0805                	addi	a6,a6,1
     bba:	06090103          	lb	sp,96(s2)
     bbe:	0100                	addi	s0,sp,128
     bc0:	0305                	addi	t1,t1,1
     bc2:	06090103          	lb	sp,96(s2)
     bc6:	0100                	addi	s0,sp,128
     bc8:	10090103          	lb	sp,256(s2)
     bcc:	0100                	addi	s0,sp,128
     bce:	0c090103          	lb	sp,192(s2)
     bd2:	0100                	addi	s0,sp,128
     bd4:	1e090103          	lb	sp,480(s2)
     bd8:	0100                	addi	s0,sp,128
     bda:	0b05                	addi	s6,s6,1
     bdc:	0c090203          	lb	tp,192(s2)
     be0:	0100                	addi	s0,sp,128
     be2:	0505                	addi	a0,a0,1
     be4:	0c090003          	lb	zero,192(s2)
     be8:	0100                	addi	s0,sp,128
     bea:	0a090103          	lb	sp,160(s2)
     bee:	0100                	addi	s0,sp,128
     bf0:	24090203          	lb	tp,576(s2)
     bf4:	0100                	addi	s0,sp,128
     bf6:	0305                	addi	t1,t1,1
     bf8:	24090303          	lb	t1,576(s2)
     bfc:	0100                	addi	s0,sp,128
     bfe:	20090103          	lb	sp,512(s2)
     c02:	0100                	addi	s0,sp,128
     c04:	0b05                	addi	s6,s6,1
     c06:	0c090103          	lb	sp,192(s2)
     c0a:	0100                	addi	s0,sp,128
     c0c:	0305                	addi	t1,t1,1
     c0e:	04090003          	lb	zero,64(s2)
     c12:	0100                	addi	s0,sp,128
     c14:	0605                	addi	a2,a2,1
     c16:	0200                	addi	s0,sp,256
     c18:	0304                	addi	s1,sp,384
     c1a:	02090103          	lb	sp,32(s2)
     c1e:	0100                	addi	s0,sp,128
     c20:	2105                	addiw	sp,sp,1
     c22:	0200                	addi	s0,sp,256
     c24:	0304                	addi	s1,sp,384
     c26:	26097f03          	.4byte	0x26097f03
     c2a:	0100                	addi	s0,sp,128
     c2c:	1405                	addi	s0,s0,-31
     c2e:	0200                	addi	s0,sp,256
     c30:	0104                	addi	s1,sp,128
     c32:	0a090003          	lb	zero,160(s2)
     c36:	0100                	addi	s0,sp,128
     c38:	0305                	addi	t1,t1,1
     c3a:	12090303          	lb	t1,288(s2)
     c3e:	0100                	addi	s0,sp,128
     c40:	0505                	addi	a0,a0,1
     c42:	10090103          	lb	sp,256(s2)
     c46:	0100                	addi	s0,sp,128
     c48:	0305                	addi	t1,t1,1
     c4a:	0c090203          	lb	tp,192(s2)
     c4e:	0100                	addi	s0,sp,128
     c50:	0c090103          	lb	sp,192(s2)
     c54:	0100                	addi	s0,sp,128
     c56:	0c090103          	lb	sp,192(s2)
     c5a:	0100                	addi	s0,sp,128
     c5c:	0805                	addi	a6,a6,1
     c5e:	0c090103          	lb	sp,192(s2)
     c62:	0100                	addi	s0,sp,128
     c64:	0c05                	addi	s8,s8,1
     c66:	06090103          	lb	sp,96(s2)
     c6a:	0100                	addi	s0,sp,128
     c6c:	0805                	addi	a6,a6,1
     c6e:	06090103          	lb	sp,96(s2)
     c72:	0100                	addi	s0,sp,128
     c74:	0305                	addi	t1,t1,1
     c76:	06090103          	lb	sp,96(s2)
     c7a:	0100                	addi	s0,sp,128
     c7c:	10090103          	lb	sp,256(s2)
     c80:	0100                	addi	s0,sp,128
     c82:	0c090103          	lb	sp,192(s2)
     c86:	0100                	addi	s0,sp,128
     c88:	1e090103          	lb	sp,480(s2)
     c8c:	0100                	addi	s0,sp,128
     c8e:	0b05                	addi	s6,s6,1
     c90:	0c090203          	lb	tp,192(s2)
     c94:	0100                	addi	s0,sp,128
     c96:	0505                	addi	a0,a0,1
     c98:	0c090003          	lb	zero,192(s2)
     c9c:	0100                	addi	s0,sp,128
     c9e:	0a090103          	lb	sp,160(s2)
     ca2:	0100                	addi	s0,sp,128
     ca4:	24090203          	lb	tp,576(s2)
     ca8:	0100                	addi	s0,sp,128
     caa:	0305                	addi	t1,t1,1
     cac:	24090203          	lb	tp,576(s2)
     cb0:	0100                	addi	s0,sp,128
     cb2:	20090103          	lb	sp,512(s2)
     cb6:	0100                	addi	s0,sp,128
     cb8:	0b05                	addi	s6,s6,1
     cba:	0c090103          	lb	sp,192(s2)
     cbe:	0100                	addi	s0,sp,128
     cc0:	0305                	addi	t1,t1,1
     cc2:	04090003          	lb	zero,64(s2)
     cc6:	0100                	addi	s0,sp,128
     cc8:	0605                	addi	a2,a2,1
     cca:	0200                	addi	s0,sp,256
     ccc:	0304                	addi	s1,sp,384
     cce:	02090103          	lb	sp,32(s2)
     cd2:	0100                	addi	s0,sp,128
     cd4:	2105                	addiw	sp,sp,1
     cd6:	0200                	addi	s0,sp,256
     cd8:	0304                	addi	s1,sp,384
     cda:	26097f03          	.4byte	0x26097f03
     cde:	0100                	addi	s0,sp,128
     ce0:	1405                	addi	s0,s0,-31
     ce2:	0200                	addi	s0,sp,256
     ce4:	0104                	addi	s1,sp,128
     ce6:	0a090003          	lb	zero,160(s2)
     cea:	0100                	addi	s0,sp,128
     cec:	0305                	addi	t1,t1,1
     cee:	12090303          	lb	t1,288(s2)
     cf2:	0100                	addi	s0,sp,128
     cf4:	0505                	addi	a0,a0,1
     cf6:	10090103          	lb	sp,256(s2)
     cfa:	0100                	addi	s0,sp,128
     cfc:	0305                	addi	t1,t1,1
     cfe:	0c090203          	lb	tp,192(s2)
     d02:	0100                	addi	s0,sp,128
     d04:	0c090103          	lb	sp,192(s2)
     d08:	0100                	addi	s0,sp,128
     d0a:	0c090103          	lb	sp,192(s2)
     d0e:	0100                	addi	s0,sp,128
     d10:	0805                	addi	a6,a6,1
     d12:	0c090103          	lb	sp,192(s2)
     d16:	0100                	addi	s0,sp,128
     d18:	0c05                	addi	s8,s8,1
     d1a:	06090103          	lb	sp,96(s2)
     d1e:	0100                	addi	s0,sp,128
     d20:	0805                	addi	a6,a6,1
     d22:	06090103          	lb	sp,96(s2)
     d26:	0100                	addi	s0,sp,128
     d28:	0305                	addi	t1,t1,1
     d2a:	06090103          	lb	sp,96(s2)
     d2e:	0100                	addi	s0,sp,128
     d30:	10090103          	lb	sp,256(s2)
     d34:	0100                	addi	s0,sp,128
     d36:	0c090103          	lb	sp,192(s2)
     d3a:	0100                	addi	s0,sp,128
     d3c:	1e090103          	lb	sp,480(s2)
     d40:	0100                	addi	s0,sp,128
     d42:	0b05                	addi	s6,s6,1
     d44:	0c090203          	lb	tp,192(s2)
     d48:	0100                	addi	s0,sp,128
     d4a:	0505                	addi	a0,a0,1
     d4c:	0c090003          	lb	zero,192(s2)
     d50:	0100                	addi	s0,sp,128
     d52:	0a090103          	lb	sp,160(s2)
     d56:	0100                	addi	s0,sp,128
     d58:	24090203          	lb	tp,576(s2)
     d5c:	0100                	addi	s0,sp,128
     d5e:	0305                	addi	t1,t1,1
     d60:	24090203          	lb	tp,576(s2)
     d64:	0100                	addi	s0,sp,128
     d66:	20090103          	lb	sp,512(s2)
     d6a:	0100                	addi	s0,sp,128
     d6c:	0b05                	addi	s6,s6,1
     d6e:	0c090103          	lb	sp,192(s2)
     d72:	0100                	addi	s0,sp,128
     d74:	0305                	addi	t1,t1,1
     d76:	04090003          	lb	zero,64(s2)
     d7a:	0100                	addi	s0,sp,128
     d7c:	0605                	addi	a2,a2,1
     d7e:	0200                	addi	s0,sp,256
     d80:	0304                	addi	s1,sp,384
     d82:	02090103          	lb	sp,32(s2)
     d86:	0100                	addi	s0,sp,128
     d88:	2105                	addiw	sp,sp,1
     d8a:	0200                	addi	s0,sp,256
     d8c:	0304                	addi	s1,sp,384
     d8e:	26097f03          	.4byte	0x26097f03
     d92:	0100                	addi	s0,sp,128
     d94:	1405                	addi	s0,s0,-31
     d96:	0200                	addi	s0,sp,256
     d98:	0104                	addi	s1,sp,128
     d9a:	0a090003          	lb	zero,160(s2)
     d9e:	0100                	addi	s0,sp,128
     da0:	0305                	addi	t1,t1,1
     da2:	12090303          	lb	t1,288(s2)
     da6:	0100                	addi	s0,sp,128
     da8:	10090103          	lb	sp,256(s2)
     dac:	0100                	addi	s0,sp,128
     dae:	0c090203          	lb	tp,192(s2)
     db2:	0100                	addi	s0,sp,128
     db4:	0c090103          	lb	sp,192(s2)
     db8:	0100                	addi	s0,sp,128
     dba:	0c090103          	lb	sp,192(s2)
     dbe:	0100                	addi	s0,sp,128
     dc0:	0805                	addi	a6,a6,1
     dc2:	0c090103          	lb	sp,192(s2)
     dc6:	0100                	addi	s0,sp,128
     dc8:	0c05                	addi	s8,s8,1
     dca:	06090103          	lb	sp,96(s2)
     dce:	0100                	addi	s0,sp,128
     dd0:	0805                	addi	a6,a6,1
     dd2:	06090103          	lb	sp,96(s2)
     dd6:	0100                	addi	s0,sp,128
     dd8:	0305                	addi	t1,t1,1
     dda:	06090103          	lb	sp,96(s2)
     dde:	0100                	addi	s0,sp,128
     de0:	10090103          	lb	sp,256(s2)
     de4:	0100                	addi	s0,sp,128
     de6:	0c090103          	lb	sp,192(s2)
     dea:	0100                	addi	s0,sp,128
     dec:	1e090103          	lb	sp,480(s2)
     df0:	0100                	addi	s0,sp,128
     df2:	0b05                	addi	s6,s6,1
     df4:	0c090203          	lb	tp,192(s2)
     df8:	0100                	addi	s0,sp,128
     dfa:	0505                	addi	a0,a0,1
     dfc:	0c090003          	lb	zero,192(s2)
     e00:	0100                	addi	s0,sp,128
     e02:	0a090103          	lb	sp,160(s2)
     e06:	0100                	addi	s0,sp,128
     e08:	24090203          	lb	tp,576(s2)
     e0c:	0100                	addi	s0,sp,128
     e0e:	0305                	addi	t1,t1,1
     e10:	24090303          	lb	t1,576(s2)
     e14:	0100                	addi	s0,sp,128
     e16:	20090103          	lb	sp,512(s2)
     e1a:	0100                	addi	s0,sp,128
     e1c:	0b05                	addi	s6,s6,1
     e1e:	0c090103          	lb	sp,192(s2)
     e22:	0100                	addi	s0,sp,128
     e24:	0305                	addi	t1,t1,1
     e26:	04090003          	lb	zero,64(s2)
     e2a:	0100                	addi	s0,sp,128
     e2c:	0605                	addi	a2,a2,1
     e2e:	0200                	addi	s0,sp,256
     e30:	0304                	addi	s1,sp,384
     e32:	02090103          	lb	sp,32(s2)
     e36:	0100                	addi	s0,sp,128
     e38:	2105                	addiw	sp,sp,1
     e3a:	0200                	addi	s0,sp,256
     e3c:	0304                	addi	s1,sp,384
     e3e:	26097f03          	.4byte	0x26097f03
     e42:	0100                	addi	s0,sp,128
     e44:	1405                	addi	s0,s0,-31
     e46:	0200                	addi	s0,sp,256
     e48:	0104                	addi	s1,sp,128
     e4a:	0a090003          	lb	zero,160(s2)
     e4e:	0100                	addi	s0,sp,128
     e50:	0305                	addi	t1,t1,1
     e52:	12090303          	lb	t1,288(s2)
     e56:	0100                	addi	s0,sp,128
     e58:	10090203          	lb	tp,256(s2)
     e5c:	0100                	addi	s0,sp,128
     e5e:	10090103          	lb	sp,256(s2)
     e62:	0100                	addi	s0,sp,128
     e64:	20090103          	lb	sp,512(s2)
     e68:	0100                	addi	s0,sp,128
     e6a:	0b05                	addi	s6,s6,1
     e6c:	0c090103          	lb	sp,192(s2)
     e70:	0100                	addi	s0,sp,128
     e72:	0305                	addi	t1,t1,1
     e74:	04090003          	lb	zero,64(s2)
     e78:	0100                	addi	s0,sp,128
     e7a:	0605                	addi	a2,a2,1
     e7c:	0200                	addi	s0,sp,256
     e7e:	0304                	addi	s1,sp,384
     e80:	02090103          	lb	sp,32(s2)
     e84:	0100                	addi	s0,sp,128
     e86:	2105                	addiw	sp,sp,1
     e88:	0200                	addi	s0,sp,256
     e8a:	0304                	addi	s1,sp,384
     e8c:	26097f03          	.4byte	0x26097f03
     e90:	0100                	addi	s0,sp,128
     e92:	1405                	addi	s0,s0,-31
     e94:	0200                	addi	s0,sp,256
     e96:	0104                	addi	s1,sp,128
     e98:	0a090003          	lb	zero,160(s2)
     e9c:	0100                	addi	s0,sp,128
     e9e:	0305                	addi	t1,t1,1
     ea0:	12090303          	lb	t1,288(s2)
     ea4:	0100                	addi	s0,sp,128
     ea6:	10090203          	lb	tp,256(s2)
     eaa:	0100                	addi	s0,sp,128
     eac:	10090103          	lb	sp,256(s2)
     eb0:	0100                	addi	s0,sp,128
     eb2:	20090103          	lb	sp,512(s2)
     eb6:	0100                	addi	s0,sp,128
     eb8:	0b05                	addi	s6,s6,1
     eba:	0c090103          	lb	sp,192(s2)
     ebe:	0100                	addi	s0,sp,128
     ec0:	0305                	addi	t1,t1,1
     ec2:	04090003          	lb	zero,64(s2)
     ec6:	0100                	addi	s0,sp,128
     ec8:	0605                	addi	a2,a2,1
     eca:	0200                	addi	s0,sp,256
     ecc:	0304                	addi	s1,sp,384
     ece:	02090103          	lb	sp,32(s2)
     ed2:	0100                	addi	s0,sp,128
     ed4:	2105                	addiw	sp,sp,1
     ed6:	0200                	addi	s0,sp,256
     ed8:	0304                	addi	s1,sp,384
     eda:	26097f03          	.4byte	0x26097f03
     ede:	0100                	addi	s0,sp,128
     ee0:	1405                	addi	s0,s0,-31
     ee2:	0200                	addi	s0,sp,256
     ee4:	0104                	addi	s1,sp,128
     ee6:	0a090003          	lb	zero,160(s2)
     eea:	0100                	addi	s0,sp,128
     eec:	0305                	addi	t1,t1,1
     eee:	12090303          	lb	t1,288(s2)
     ef2:	0100                	addi	s0,sp,128
     ef4:	10090203          	lb	tp,256(s2)
     ef8:	0100                	addi	s0,sp,128
     efa:	10090103          	lb	sp,256(s2)
     efe:	0100                	addi	s0,sp,128
     f00:	20090103          	lb	sp,512(s2)
     f04:	0100                	addi	s0,sp,128
     f06:	0b05                	addi	s6,s6,1
     f08:	0c090103          	lb	sp,192(s2)
     f0c:	0100                	addi	s0,sp,128
     f0e:	0305                	addi	t1,t1,1
     f10:	04090003          	lb	zero,64(s2)
     f14:	0100                	addi	s0,sp,128
     f16:	0605                	addi	a2,a2,1
     f18:	0200                	addi	s0,sp,256
     f1a:	0304                	addi	s1,sp,384
     f1c:	02090103          	lb	sp,32(s2)
     f20:	0100                	addi	s0,sp,128
     f22:	2105                	addiw	sp,sp,1
     f24:	0200                	addi	s0,sp,256
     f26:	0304                	addi	s1,sp,384
     f28:	26097f03          	.4byte	0x26097f03
     f2c:	0100                	addi	s0,sp,128
     f2e:	1405                	addi	s0,s0,-31
     f30:	0200                	addi	s0,sp,256
     f32:	0104                	addi	s1,sp,128
     f34:	0a090003          	lb	zero,160(s2)
     f38:	0100                	addi	s0,sp,128
     f3a:	0305                	addi	t1,t1,1
     f3c:	12090303          	lb	t1,288(s2)
     f40:	0100                	addi	s0,sp,128
     f42:	10090103          	lb	sp,256(s2)
     f46:	0100                	addi	s0,sp,128
     f48:	0c090203          	lb	tp,192(s2)
     f4c:	0100                	addi	s0,sp,128
     f4e:	0c090103          	lb	sp,192(s2)
     f52:	0100                	addi	s0,sp,128
     f54:	0c090103          	lb	sp,192(s2)
     f58:	0100                	addi	s0,sp,128
     f5a:	0805                	addi	a6,a6,1
     f5c:	0c090103          	lb	sp,192(s2)
     f60:	0100                	addi	s0,sp,128
     f62:	0c05                	addi	s8,s8,1
     f64:	06090103          	lb	sp,96(s2)
     f68:	0100                	addi	s0,sp,128
     f6a:	0805                	addi	a6,a6,1
     f6c:	06090103          	lb	sp,96(s2)
     f70:	0100                	addi	s0,sp,128
     f72:	0305                	addi	t1,t1,1
     f74:	06090103          	lb	sp,96(s2)
     f78:	0100                	addi	s0,sp,128
     f7a:	10090103          	lb	sp,256(s2)
     f7e:	0100                	addi	s0,sp,128
     f80:	0c090103          	lb	sp,192(s2)
     f84:	0100                	addi	s0,sp,128
     f86:	1e090103          	lb	sp,480(s2)
     f8a:	0100                	addi	s0,sp,128
     f8c:	0b05                	addi	s6,s6,1
     f8e:	0c090203          	lb	tp,192(s2)
     f92:	0100                	addi	s0,sp,128
     f94:	0505                	addi	a0,a0,1
     f96:	0c090003          	lb	zero,192(s2)
     f9a:	0100                	addi	s0,sp,128
     f9c:	0a090103          	lb	sp,160(s2)
     fa0:	0100                	addi	s0,sp,128
     fa2:	24090203          	lb	tp,576(s2)
     fa6:	0100                	addi	s0,sp,128
     fa8:	0305                	addi	t1,t1,1
     faa:	24090303          	lb	t1,576(s2)
     fae:	0100                	addi	s0,sp,128
     fb0:	20090103          	lb	sp,512(s2)
     fb4:	0100                	addi	s0,sp,128
     fb6:	0b05                	addi	s6,s6,1
     fb8:	0c090103          	lb	sp,192(s2)
     fbc:	0100                	addi	s0,sp,128
     fbe:	0305                	addi	t1,t1,1
     fc0:	04090003          	lb	zero,64(s2)
     fc4:	0100                	addi	s0,sp,128
     fc6:	0605                	addi	a2,a2,1
     fc8:	0200                	addi	s0,sp,256
     fca:	0304                	addi	s1,sp,384
     fcc:	02090103          	lb	sp,32(s2)
     fd0:	0100                	addi	s0,sp,128
     fd2:	2105                	addiw	sp,sp,1
     fd4:	0200                	addi	s0,sp,256
     fd6:	0304                	addi	s1,sp,384
     fd8:	26097f03          	.4byte	0x26097f03
     fdc:	0100                	addi	s0,sp,128
     fde:	1405                	addi	s0,s0,-31
     fe0:	0200                	addi	s0,sp,256
     fe2:	0104                	addi	s1,sp,128
     fe4:	0a090003          	lb	zero,160(s2)
     fe8:	0100                	addi	s0,sp,128
     fea:	0305                	addi	t1,t1,1
     fec:	12090303          	lb	t1,288(s2)
     ff0:	0100                	addi	s0,sp,128
     ff2:	10090203          	lb	tp,256(s2)
     ff6:	0100                	addi	s0,sp,128
     ff8:	10090103          	lb	sp,256(s2)
     ffc:	0100                	addi	s0,sp,128
     ffe:	20090103          	lb	sp,512(s2)
    1002:	0100                	addi	s0,sp,128
    1004:	0b05                	addi	s6,s6,1
    1006:	0c090103          	lb	sp,192(s2)
    100a:	0100                	addi	s0,sp,128
    100c:	0305                	addi	t1,t1,1
    100e:	04090003          	lb	zero,64(s2)
    1012:	0100                	addi	s0,sp,128
    1014:	0605                	addi	a2,a2,1
    1016:	0200                	addi	s0,sp,256
    1018:	0304                	addi	s1,sp,384
    101a:	02090103          	lb	sp,32(s2)
    101e:	0100                	addi	s0,sp,128
    1020:	2105                	addiw	sp,sp,1
    1022:	0200                	addi	s0,sp,256
    1024:	0304                	addi	s1,sp,384
    1026:	26097f03          	.4byte	0x26097f03
    102a:	0100                	addi	s0,sp,128
    102c:	1405                	addi	s0,s0,-31
    102e:	0200                	addi	s0,sp,256
    1030:	0104                	addi	s1,sp,128
    1032:	0a090003          	lb	zero,160(s2)
    1036:	0100                	addi	s0,sp,128
    1038:	0305                	addi	t1,t1,1
    103a:	12090303          	lb	t1,288(s2)
    103e:	0100                	addi	s0,sp,128
    1040:	10090203          	lb	tp,256(s2)
    1044:	0100                	addi	s0,sp,128
    1046:	10090103          	lb	sp,256(s2)
    104a:	0100                	addi	s0,sp,128
    104c:	20090103          	lb	sp,512(s2)
    1050:	0100                	addi	s0,sp,128
    1052:	0b05                	addi	s6,s6,1
    1054:	0c090103          	lb	sp,192(s2)
    1058:	0100                	addi	s0,sp,128
    105a:	0305                	addi	t1,t1,1
    105c:	04090003          	lb	zero,64(s2)
    1060:	0100                	addi	s0,sp,128
    1062:	0605                	addi	a2,a2,1
    1064:	0200                	addi	s0,sp,256
    1066:	0304                	addi	s1,sp,384
    1068:	02090103          	lb	sp,32(s2)
    106c:	0100                	addi	s0,sp,128
    106e:	2105                	addiw	sp,sp,1
    1070:	0200                	addi	s0,sp,256
    1072:	0304                	addi	s1,sp,384
    1074:	26097f03          	.4byte	0x26097f03
    1078:	0100                	addi	s0,sp,128
    107a:	1405                	addi	s0,s0,-31
    107c:	0200                	addi	s0,sp,256
    107e:	0104                	addi	s1,sp,128
    1080:	0a090003          	lb	zero,160(s2)
    1084:	0100                	addi	s0,sp,128
    1086:	0305                	addi	t1,t1,1
    1088:	12090303          	lb	t1,288(s2)
    108c:	0100                	addi	s0,sp,128
    108e:	10090203          	lb	tp,256(s2)
    1092:	0100                	addi	s0,sp,128
    1094:	10090103          	lb	sp,256(s2)
    1098:	0100                	addi	s0,sp,128
    109a:	20090103          	lb	sp,512(s2)
    109e:	0100                	addi	s0,sp,128
    10a0:	0b05                	addi	s6,s6,1
    10a2:	0c090103          	lb	sp,192(s2)
    10a6:	0100                	addi	s0,sp,128
    10a8:	0305                	addi	t1,t1,1
    10aa:	04090003          	lb	zero,64(s2)
    10ae:	0100                	addi	s0,sp,128
    10b0:	0605                	addi	a2,a2,1
    10b2:	0200                	addi	s0,sp,256
    10b4:	0304                	addi	s1,sp,384
    10b6:	02090103          	lb	sp,32(s2)
    10ba:	0100                	addi	s0,sp,128
    10bc:	2105                	addiw	sp,sp,1
    10be:	0200                	addi	s0,sp,256
    10c0:	0304                	addi	s1,sp,384
    10c2:	26097f03          	.4byte	0x26097f03
    10c6:	0100                	addi	s0,sp,128
    10c8:	1405                	addi	s0,s0,-31
    10ca:	0200                	addi	s0,sp,256
    10cc:	0104                	addi	s1,sp,128
    10ce:	0a090003          	lb	zero,160(s2)
    10d2:	0100                	addi	s0,sp,128
    10d4:	0305                	addi	t1,t1,1
    10d6:	12090303          	lb	t1,288(s2)
    10da:	0100                	addi	s0,sp,128
    10dc:	0905                	addi	s2,s2,1
    10de:	0200                	addi	s0,sp,256
    10e0:	0104                	addi	s1,sp,128
    10e2:	10090203          	lb	tp,256(s2)
    10e6:	0100                	addi	s0,sp,128
    10e8:	0409                	addi	s0,s0,2
    10ea:	0000                	unimp
    10ec:	0101                	addi	sp,sp,0

Disassembly of section .debug_line_str:

0000000000000000 <.debug_line_str>:
   0:	6d6f682f          	.4byte	0x6d6f682f
   4:	2f65                	addiw	t5,t5,25
   6:	7564                	ld	s1,232(a0)
   8:	75687463          	bgeu	a6,s6,750 <_prog_start-0x7ffff8b0>
   c:	6e61                	lui	t3,0x18
   e:	4349522f          	.4byte	0x4349522f
  12:	75545653          	.4byte	0x75545653
  16:	6f74                	ld	a3,216(a4)
  18:	6972                	ld	s2,280(sp)
  1a:	6c61                	lui	s8,0x18
  1c:	5349522f          	.4byte	0x5349522f
  20:	75545643          	.4byte	0x75545643
  24:	6f74                	ld	a3,216(a4)
  26:	6972                	ld	s2,280(sp)
  28:	6c61                	lui	s8,0x18
  2a:	6770662f          	.4byte	0x6770662f
  2e:	2f61                	addiw	t5,t5,24
  30:	4b2f7773          	csrrci	a4,0x4b2,30
  34:	4345                	li	t1,17
  36:	004b4143          	.4byte	0x4b4143
  3a:	6d6f682f          	.4byte	0x6d6f682f
  3e:	2f65                	addiw	t5,t5,25
  40:	7564                	ld	s1,232(a0)
  42:	75687463          	bgeu	a6,s6,78a <_prog_start-0x7ffff876>
  46:	6e61                	lui	t3,0x18
  48:	4349522f          	.4byte	0x4349522f
  4c:	75545653          	.4byte	0x75545653
  50:	6f74                	ld	a3,216(a4)
  52:	6972                	ld	s2,280(sp)
  54:	6c61                	lui	s8,0x18
  56:	5349522f          	.4byte	0x5349522f
  5a:	75545643          	.4byte	0x75545643
  5e:	6f74                	ld	a3,216(a4)
  60:	6972                	ld	s2,280(sp)
  62:	6c61                	lui	s8,0x18
  64:	6770662f          	.4byte	0x6770662f
  68:	2f61                	addiw	t5,t5,24
  6a:	4b2f7773          	csrrci	a4,0x4b2,30
  6e:	4345                	li	t1,17
  70:	2f4b4143          	.4byte	0x2f4b4143
  74:	00637273          	csrrci	tp,0x6,6
  78:	30747263          	bgeu	s0,t2,37c <_prog_start-0x7ffffc84>
  7c:	532e                	lw	t1,232(sp)
  7e:	2f00                	.2byte	0x2f00
  80:	6f68                	ld	a0,216(a4)
  82:	656d                	lui	a0,0x1b
  84:	6375642f          	.4byte	0x6375642f
  88:	6874                	ld	a3,208(s0)
  8a:	6175                	addi	sp,sp,368
  8c:	2f6e                	.2byte	0x2f6e
  8e:	4952                	lw	s2,20(sp)
  90:	54565343          	.4byte	0x54565343
  94:	7475                	lui	s0,0xffffd
  96:	6169726f          	jal	tp,976ac <_prog_start-0x7ff68954>
  9a:	2f6c                	.2byte	0x2f6c
  9c:	4952                	lw	s2,20(sp)
  9e:	54564353          	.4byte	0x54564353
  a2:	7475                	lui	s0,0xffffd
  a4:	6169726f          	jal	tp,976ba <_prog_start-0x7ff68946>
  a8:	2f6c                	.2byte	0x2f6c
  aa:	7066                	.2byte	0x7066
  ac:	732f6167          	.4byte	0x732f6167
  b0:	454b2f77          	.4byte	0x454b2f77
  b4:	4b414343          	.4byte	0x4b414343
  b8:	6372732f          	.4byte	0x6372732f
  bc:	72706b2f          	.4byte	0x72706b2f
  c0:	6e69                	lui	t3,0x1a
  c2:	6674                	ld	a3,200(a2)
  c4:	632e                	ld	t1,200(sp)
  c6:	2f00                	.2byte	0x2f00
  c8:	6f68                	ld	a0,216(a4)
  ca:	656d                	lui	a0,0x1b
  cc:	6375642f          	.4byte	0x6375642f
  d0:	6874                	ld	a3,208(s0)
  d2:	6175                	addi	sp,sp,368
  d4:	2f6e                	.2byte	0x2f6e
  d6:	4952                	lw	s2,20(sp)
  d8:	54565343          	.4byte	0x54565343
  dc:	7475                	lui	s0,0xffffd
  de:	6169726f          	jal	tp,976f4 <_prog_start-0x7ff6890c>
  e2:	2f6c                	.2byte	0x2f6c
  e4:	4952                	lw	s2,20(sp)
  e6:	54564353          	.4byte	0x54564353
  ea:	7475                	lui	s0,0xffffd
  ec:	6169726f          	jal	tp,97702 <_prog_start-0x7ff688fe>
  f0:	2f6c                	.2byte	0x2f6c
  f2:	7066                	.2byte	0x7066
  f4:	732f6167          	.4byte	0x732f6167
  f8:	454b2f77          	.4byte	0x454b2f77
  fc:	4b414343          	.4byte	0x4b414343
 100:	636e692f          	.4byte	0x636e692f
 104:	756c                	ld	a1,232(a0)
 106:	6564                	ld	s1,200(a0)
 108:	2f00                	.2byte	0x2f00
 10a:	6f68                	ld	a0,216(a4)
 10c:	656d                	lui	a0,0x1b
 10e:	6375642f          	.4byte	0x6375642f
 112:	6874                	ld	a3,208(s0)
 114:	6175                	addi	sp,sp,368
 116:	2f6e                	.2byte	0x2f6e
 118:	4952                	lw	s2,20(sp)
 11a:	54565343          	.4byte	0x54565343
 11e:	7475                	lui	s0,0xffffd
 120:	6169726f          	jal	tp,97736 <_prog_start-0x7ff688ca>
 124:	2f6c                	.2byte	0x2f6c
 126:	4952                	lw	s2,20(sp)
 128:	54564353          	.4byte	0x54564353
 12c:	7475                	lui	s0,0xffffd
 12e:	6169726f          	jal	tp,97744 <_prog_start-0x7ff688bc>
 132:	2f6c                	.2byte	0x2f6c
 134:	632e                	ld	t1,200(sp)
 136:	61646e6f          	jal	t3,4674c <_prog_start-0x7ffb98b4>
 13a:	652d                	lui	a0,0xb
 13c:	766e                	ld	a2,248(sp)
 13e:	7369722f          	.4byte	0x7369722f
 142:	742d7663          	bgeu	s10,sp,88e <_prog_start-0x7ffff772>
 146:	736c6f6f          	jal	t5,c687c <_prog_start-0x7ff39784>
 14a:	62696c2f          	.4byte	0x62696c2f
 14e:	6363672f          	.4byte	0x6363672f
 152:	7369722f          	.4byte	0x7369722f
 156:	34367663          	bgeu	a2,gp,4a2 <_prog_start-0x7ffffb5e>
 15a:	752d                	lui	a0,0xfffeb
 15c:	6b6e                	ld	s6,216(sp)
 15e:	6f6e                	ld	t5,216(sp)
 160:	652d6e77          	.4byte	0x652d6e77
 164:	666c                	ld	a1,200(a2)
 166:	2e32312f          	.4byte	0x2e32312f
 16a:	2e32                	.2byte	0x2e32
 16c:	2f30                	.2byte	0x2f30
 16e:	6e69                	lui	t3,0x1a
 170:	64756c63          	bltu	a0,t2,7c8 <_prog_start-0x7ffff838>
 174:	0065                	c.nop	25
 176:	6d6f682f          	.4byte	0x6d6f682f
 17a:	2f65                	addiw	t5,t5,25
 17c:	7564                	ld	s1,232(a0)
 17e:	75687463          	bgeu	a6,s6,8c6 <_prog_start-0x7ffff73a>
 182:	6e61                	lui	t3,0x18
 184:	4349522f          	.4byte	0x4349522f
 188:	75545653          	.4byte	0x75545653
 18c:	6f74                	ld	a3,216(a4)
 18e:	6972                	ld	s2,280(sp)
 190:	6c61                	lui	s8,0x18
 192:	5349522f          	.4byte	0x5349522f
 196:	75545643          	.4byte	0x75545643
 19a:	6f74                	ld	a3,216(a4)
 19c:	6972                	ld	s2,280(sp)
 19e:	6c61                	lui	s8,0x18
 1a0:	6f632e2f          	.4byte	0x6f632e2f
 1a4:	646e                	ld	s0,216(sp)
 1a6:	2d61                	addiw	s10,s10,24
 1a8:	6e65                	lui	t3,0x19
 1aa:	2f76                	.2byte	0x2f76
 1ac:	6972                	ld	s2,280(sp)
 1ae:	2d766373          	csrrsi	t1,0x2d7,12
 1b2:	6f74                	ld	a3,216(a4)
 1b4:	2f736c6f          	jal	s8,36caa <_prog_start-0x7ffc9356>
 1b8:	6972                	ld	s2,280(sp)
 1ba:	36766373          	csrrsi	t1,0x367,12
 1be:	2d34                	.2byte	0x2d34
 1c0:	6e75                	lui	t3,0x1d
 1c2:	776f6e6b          	.4byte	0x776f6e6b
 1c6:	2d6e                	.2byte	0x2d6e
 1c8:	6c65                	lui	s8,0x19
 1ca:	2f66                	.2byte	0x2f66
 1cc:	6e69                	lui	t3,0x1a
 1ce:	64756c63          	bltu	a0,t2,826 <_prog_start-0x7ffff7da>
 1d2:	2f65                	addiw	t5,t5,25
 1d4:	616d                	addi	sp,sp,240
 1d6:	6e696863          	bltu	s2,t1,8c6 <_prog_start-0x7ffff73a>
 1da:	0065                	c.nop	25
 1dc:	6d6f682f          	.4byte	0x6d6f682f
 1e0:	2f65                	addiw	t5,t5,25
 1e2:	7564                	ld	s1,232(a0)
 1e4:	75687463          	bgeu	a6,s6,92c <_prog_start-0x7ffff6d4>
 1e8:	6e61                	lui	t3,0x18
 1ea:	4349522f          	.4byte	0x4349522f
 1ee:	75545653          	.4byte	0x75545653
 1f2:	6f74                	ld	a3,216(a4)
 1f4:	6972                	ld	s2,280(sp)
 1f6:	6c61                	lui	s8,0x18
 1f8:	5349522f          	.4byte	0x5349522f
 1fc:	75545643          	.4byte	0x75545643
 200:	6f74                	ld	a3,216(a4)
 202:	6972                	ld	s2,280(sp)
 204:	6c61                	lui	s8,0x18
 206:	6f632e2f          	.4byte	0x6f632e2f
 20a:	646e                	ld	s0,216(sp)
 20c:	2d61                	addiw	s10,s10,24
 20e:	6e65                	lui	t3,0x19
 210:	2f76                	.2byte	0x2f76
 212:	6972                	ld	s2,280(sp)
 214:	2d766373          	csrrsi	t1,0x2d7,12
 218:	6f74                	ld	a3,216(a4)
 21a:	2f736c6f          	jal	s8,36d10 <_prog_start-0x7ffc92f0>
 21e:	6972                	ld	s2,280(sp)
 220:	36766373          	csrrsi	t1,0x367,12
 224:	2d34                	.2byte	0x2d34
 226:	6e75                	lui	t3,0x1d
 228:	776f6e6b          	.4byte	0x776f6e6b
 22c:	2d6e                	.2byte	0x2d6e
 22e:	6c65                	lui	s8,0x19
 230:	2f66                	.2byte	0x2f66
 232:	6e69                	lui	t3,0x1a
 234:	64756c63          	bltu	a0,t2,88c <_prog_start-0x7ffff774>
 238:	2f65                	addiw	t5,t5,25
 23a:	00737973          	csrrci	s2,0x7,6
 23e:	6972706b          	.4byte	0x6972706b
 242:	746e                	ld	s0,248(sp)
 244:	2e66                	.2byte	0x2e66
 246:	0068                	addi	a0,sp,12
 248:	61647473          	csrrci	s0,0x616,8
 24c:	6772                	ld	a4,280(sp)
 24e:	682e                	ld	a6,200(sp)
 250:	5f00                	lw	s0,56(a4)
 252:	6564                	ld	s1,200(a0)
 254:	6166                	ld	sp,88(sp)
 256:	6c75                	lui	s8,0x1d
 258:	5f74                	lw	a3,124(a4)
 25a:	7974                	ld	a3,240(a0)
 25c:	6570                	ld	a2,200(a0)
 25e:	00682e73          	csrrs	t3,0x6,a6
 262:	735f 6474 6e69      	.byte	0x5f, 0x73, 0x74, 0x64, 0x69, 0x6e
 268:	2e74                	.2byte	0x2e74
 26a:	0068                	addi	a0,sp,12
 26c:	64647473          	csrrci	s0,0x646,8
 270:	6665                	lui	a2,0x19
 272:	682e                	ld	a6,200(sp)
 274:	2f00                	.2byte	0x2f00
 276:	6f68                	ld	a0,216(a4)
 278:	656d                	lui	a0,0x1b
 27a:	6375642f          	.4byte	0x6375642f
 27e:	6874                	ld	a3,208(s0)
 280:	6175                	addi	sp,sp,368
 282:	2f6e                	.2byte	0x2f6e
 284:	4952                	lw	s2,20(sp)
 286:	54565343          	.4byte	0x54565343
 28a:	7475                	lui	s0,0xffffd
 28c:	6169726f          	jal	tp,978a2 <_prog_start-0x7ff6875e>
 290:	2f6c                	.2byte	0x2f6c
 292:	4952                	lw	s2,20(sp)
 294:	54564353          	.4byte	0x54564353
 298:	7475                	lui	s0,0xffffd
 29a:	6169726f          	jal	tp,978b0 <_prog_start-0x7ff68750>
 29e:	2f6c                	.2byte	0x2f6c
 2a0:	7066                	.2byte	0x7066
 2a2:	732f6167          	.4byte	0x732f6167
 2a6:	454b2f77          	.4byte	0x454b2f77
 2aa:	4b414343          	.4byte	0x4b414343
 2ae:	6372732f          	.4byte	0x6372732f
 2b2:	69616d2f          	.4byte	0x69616d2f
 2b6:	2e6e                	.2byte	0x2e6e
 2b8:	63 00             	Address 0x00000000000002b8 is out of bounds.


Disassembly of section .debug_info:

0000000000000000 <.debug_info>:
   0:	0024                	addi	s1,sp,8
   2:	0000                	unimp
   4:	0005                	c.nop	1
   6:	0801                	addi	a6,a6,0
   8:	0000                	unimp
   a:	0000                	unimp
   c:	0001                	nop
   e:	0000                	unimp
  10:	0000                	unimp
  12:	0000                	unimp
  14:	0080                	addi	s0,sp,64
  16:	0000                	unimp
  18:	3c00                	.2byte	0x3c00
  1a:	0000                	unimp
  1c:	0000                	unimp
  1e:	0045                	c.nop	17
  20:	0000                	unimp
  22:	007f                	.2byte	0x7f
  24:	0000                	unimp
  26:	8001                	c.srli64	s0
  28:	0484                	addi	s1,sp,576
  2a:	0000                	unimp
  2c:	0005                	c.nop	1
  2e:	0801                	addi	a6,a6,0
  30:	0014                	.2byte	0x14
  32:	0000                	unimp
  34:	540d                	li	s0,-29
  36:	0001                	nop
  38:	1d00                	addi	s0,sp,688
  3a:	007f                	.2byte	0x7f
  3c:	0000                	unimp
  3e:	0000                	unimp
  40:	0000                	unimp
  42:	0038                	addi	a4,sp,8
  44:	8000                	.2byte	0x8000
  46:	0000                	unimp
  48:	0000                	unimp
  4a:	04f6                	slli	s1,s1,0x1d
  4c:	0000                	unimp
  4e:	0000                	unimp
  50:	0000                	unimp
  52:	0084                	addi	s1,sp,64
  54:	0000                	unimp
  56:	0000c603          	lbu	a2,0(ra)
  5a:	0300                	addi	s0,sp,384
  5c:	1b28                	addi	a0,sp,440
  5e:	003a                	c.slli	zero,0xe
  60:	0000                	unimp
  62:	080e                	slli	a6,a6,0x3
  64:	009a                	slli	ra,ra,0x6
  66:	0000                	unimp
  68:	0000cd03          	lbu	s10,0(ra)
  6c:	0300                	addi	s0,sp,384
  6e:	002e1863          	bne	t3,sp,7e <_prog_start-0x7fffff82>
  72:	0000                	unimp
  74:	0102                	c.slli64	sp
  76:	d706                	sw	ra,172(sp)
  78:	0000                	unimp
  7a:	0200                	addi	s0,sp,256
  7c:	0801                	addi	a6,a6,0
  7e:	00d5                	addi	ra,ra,21
  80:	0000                	unimp
  82:	0202                	c.slli64	tp
  84:	2605                	addiw	a2,a2,1 # 19001 <_prog_start-0x7ffe6fff>
  86:	0001                	nop
  88:	0200                	addi	s0,sp,256
  8a:	0702                	c.slli64	a4
  8c:	000000e3          	beqz	zero,88c <_prog_start-0x7ffff774>
  90:	0000ac03          	lw	s8,0(ra)
  94:	0400                	addi	s0,sp,512
  96:	184d                	addi	a6,a6,-13
  98:	0074                	addi	a3,sp,12
  9a:	0000                	unimp
  9c:	6905040f          	.4byte	0x6905040f
  a0:	746e                	ld	s0,248(sp)
  a2:	0300                	addi	s0,sp,384
  a4:	000000fb          	.4byte	0xfb
  a8:	4f04                	lw	s1,24(a4)
  aa:	8719                	srai	a4,a4,0x6
  ac:	0000                	unimp
  ae:	0200                	addi	s0,sp,256
  b0:	0704                	addi	s1,sp,896
  b2:	024c                	addi	a1,sp,260
  b4:	0000                	unimp
  b6:	0802                	c.slli64	a6
  b8:	1d05                	addi	s10,s10,-31
  ba:	0001                	nop
  bc:	0200                	addi	s0,sp,256
  be:	0708                	addi	a0,sp,896
  c0:	00000247          	.4byte	0x247
  c4:	0000ae03          	lw	t3,0(ra)
  c8:	0500                	addi	s0,sp,640
  ca:	132c                	addi	a1,sp,424
  cc:	0068                	addi	a0,sp,12
  ce:	0000                	unimp
  d0:	0000fd03          	.4byte	0xfd03
  d4:	0500                	addi	s0,sp,640
  d6:	1430                	addi	a2,sp,552
  d8:	0000007b          	.4byte	0x7b
  dc:	a810                	.2byte	0xa810
  de:	0000                	unimp
  e0:	0700                	addi	s0,sp,896
  e2:	00000137          	lui	sp,0x0
  e6:	1301                	addi	t1,t1,-32
  e8:	d422                	sw	s0,40(sp)
  ea:	0000                	unimp
  ec:	0900                	addi	s0,sp,144
  ee:	00144003          	lbu	zero,1(s0) # ffffffffffffd001 <hash+0xffffffff7fffb7f9>
  f2:	0080                	addi	s0,sp,64
  f4:	0000                	unimp
  f6:	0800                	addi	s0,sp,16
  f8:	00b4                	addi	a3,sp,72
  fa:	0000                	unimp
  fc:	cf09                	beqz	a4,116 <_prog_start-0x7ffffeea>
  fe:	0000                	unimp
 100:	0300                	addi	s0,sp,384
 102:	00000093          	li	ra,0
 106:	d606                	sw	ra,44(sp)
 108:	00009517          	auipc	a0,0x9
 10c:	0200                	addi	s0,sp,256
 10e:	0508                	addi	a0,sp,640
 110:	0118                	addi	a4,sp,128
 112:	0000                	unimp
 114:	1002                	c.slli	zero,0x20
 116:	3c04                	.2byte	0x3c04
 118:	0001                	nop
 11a:	0a00                	addi	s0,sp,272
 11c:	00be                	slli	ra,ra,0xf
 11e:	0000                	unimp
 120:	9228                	.2byte	0x9228
 122:	0001                	nop
 124:	0080                	addi	s0,sp,64
 126:	0000                	unimp
 128:	9c00                	.2byte	0x9c00
 12a:	00000003          	lb	zero,0(zero) # 0 <_prog_start-0x80000000>
 12e:	0000                	unimp
 130:	0100                	addi	s0,sp,128
 132:	f19c                	sd	a5,32(a1)
 134:	0002                	c.slli64	zero
 136:	0500                	addi	s0,sp,640
 138:	6d66                	ld	s10,88(sp)
 13a:	0074                	addi	a3,sp,12
 13c:	2802                	.2byte	0x2802
 13e:	f11a                	sd	t1,160(sp)
 140:	0002                	c.slli64	zero
 142:	0300                	addi	s0,sp,384
 144:	e891                	bnez	s1,158 <_prog_start-0x7ffffea8>
 146:	117d                	addi	sp,sp,-1
 148:	7601                	lui	a2,0xfffe0
 14a:	006c                	addi	a1,sp,12
 14c:	2a02                	.2byte	0x2a02
 14e:	400a                	.2byte	0x400a
 150:	0000                	unimp
 152:	0300                	addi	s0,sp,384
 154:	d891                	beqz	s1,68 <_prog_start-0x7fffff98>
 156:	077e                	slli	a4,a4,0x1f
 158:	0106                	slli	sp,sp,0x1
 15a:	0000                	unimp
 15c:	2b02                	.2byte	0x2b02
 15e:	00030207          	.4byte	0x30207
 162:	0300                	addi	s0,sp,384
 164:	af91                	j	8b8 <_prog_start-0x7ffff748>
 166:	077f                	.2byte	0x77f
 168:	00b6                	slli	ra,ra,0xd
 16a:	0000                	unimp
 16c:	2b02                	.2byte	0x2b02
 16e:	0212                	slli	tp,tp,0x4
 170:	03000003          	lb	zero,48(zero) # 30 <_prog_start-0x7fffffd0>
 174:	ae91                	j	4c8 <_prog_start-0x7ffffb38>
 176:	077f                	.2byte	0x77f
 178:	0000008b          	.4byte	0x8b
 17c:	2b02                	.2byte	0x2b02
 17e:	0003021b          	sext.w	tp,t1
 182:	0300                	addi	s0,sp,384
 184:	ad91                	j	7d8 <_prog_start-0x7ffff828>
 186:	017f                	.2byte	0x17f
 188:	2c020063          	beqz	tp,448 <_prog_start-0x7ffffbb8>
 18c:	0002f607          	.4byte	0x2f607
 190:	0300                	addi	s0,sp,384
 192:	ef91                	bnez	a5,1ae <_prog_start-0x7ffffe52>
 194:	067e                	slli	a2,a2,0x1f
 196:	0218                	addi	a4,sp,256
 198:	8000                	.2byte	0x8000
 19a:	0000                	unimp
 19c:	0000                	unimp
 19e:	02ba                	slli	t0,t0,0xe
 1a0:	0000                	unimp
 1a2:	0000                	unimp
 1a4:	0000                	unimp
 1a6:	6e01                	.2byte	0x6e01
 1a8:	0200                	addi	s0,sp,256
 1aa:	1336                	slli	t1,t1,0x2d
 1ac:	0095                	addi	ra,ra,5
 1ae:	0000                	unimp
 1b0:	7fa09103          	lh	sp,2042(ra)
 1b4:	6301                	.2byte	0x6301
 1b6:	0200                	addi	s0,sp,256
 1b8:	0a38                	addi	a4,sp,280
 1ba:	0309                	addi	t1,t1,2
 1bc:	0000                	unimp
 1be:	7e989103          	lh	sp,2025(a7)
 1c2:	2a04                	.2byte	0x2a04
 1c4:	0002                	c.slli64	zero
 1c6:	0080                	addi	s0,sp,64
 1c8:	0000                	unimp
 1ca:	2c00                	.2byte	0x2c00
 1cc:	0000                	unimp
 1ce:	0000                	unimp
 1d0:	0000                	unimp
 1d2:	be00                	.2byte	0xbe00
 1d4:	0001                	nop
 1d6:	0100                	addi	s0,sp,128
 1d8:	0069                	c.nop	26
 1da:	3902                	.2byte	0x3902
 1dc:	740e                	ld	s0,224(sp)
 1de:	0000                	unimp
 1e0:	0300                	addi	s0,sp,384
 1e2:	9c91                	subw	s1,s1,a2
 1e4:	007f                	.2byte	0x7f
 1e6:	6604                	ld	s1,8(a2)
 1e8:	0002                	c.slli64	zero
 1ea:	0080                	addi	s0,sp,64
 1ec:	0000                	unimp
 1ee:	3a00                	.2byte	0x3a00
 1f0:	0000                	unimp
 1f2:	0000                	unimp
 1f4:	0000                	unimp
 1f6:	e200                	sd	s0,0(a2)
 1f8:	0001                	nop
 1fa:	0100                	addi	s0,sp,128
 1fc:	0069                	c.nop	26
 1fe:	3f02                	.2byte	0x3f02
 200:	0000740f          	.4byte	0x740f
 204:	0300                	addi	s0,sp,384
 206:	9891                	andi	s1,s1,-28
 208:	007f                	.2byte	0x7f
 20a:	ce04                	sw	s1,24(a2)
 20c:	0002                	c.slli64	zero
 20e:	0080                	addi	s0,sp,64
 210:	0000                	unimp
 212:	3000                	.2byte	0x3000
 214:	0000                	unimp
 216:	0000                	unimp
 218:	0000                	unimp
 21a:	0600                	addi	s0,sp,768
 21c:	0002                	c.slli64	zero
 21e:	0100                	addi	s0,sp,128
 220:	0069                	c.nop	26
 222:	4302                	lw	t1,0(sp)
 224:	740e                	ld	s0,224(sp)
 226:	0000                	unimp
 228:	0300                	addi	s0,sp,384
 22a:	9491                	srai	s1,s1,0x24
 22c:	007f                	.2byte	0x7f
 22e:	0004                	.2byte	0x4
 230:	00800003          	lb	zero,8(zero) # 8 <_prog_start-0x7ffffff8>
 234:	0000                	unimp
 236:	ee00                	sd	s0,24(a2)
 238:	0000                	unimp
 23a:	0000                	unimp
 23c:	0000                	unimp
 23e:	a100                	.2byte	0xa100
 240:	0002                	c.slli64	zero
 242:	0100                	addi	s0,sp,128
 244:	006e                	c.slli	zero,0x1b
 246:	4602                	lw	a2,0(sp)
 248:	8712                	mv	a4,tp
 24a:	0000                	unimp
 24c:	0300                	addi	s0,sp,384
 24e:	9091                	srli	s1,s1,0x24
 250:	017f                	.2byte	0x17f
 252:	02003163          	.4byte	0x2003163
 256:	0a48                	addi	a0,sp,276
 258:	0319                	addi	t1,t1,6
 25a:	0000                	unimp
 25c:	7df89103          	lh	sp,2015(a7)
 260:	1204                	addi	s1,sp,288
 262:	00800003          	lb	zero,8(zero) # 8 <_prog_start-0x7ffffff8>
 266:	0000                	unimp
 268:	2a00                	.2byte	0x2a00
 26a:	0000                	unimp
 26c:	0000                	unimp
 26e:	0000                	unimp
 270:	5c00                	lw	s0,56(s0)
 272:	0002                	c.slli64	zero
 274:	0100                	addi	s0,sp,128
 276:	0069                	c.nop	26
 278:	4902                	lw	s2,0(sp)
 27a:	740e                	ld	s0,224(sp)
 27c:	0000                	unimp
 27e:	0300                	addi	s0,sp,384
 280:	8c91                	sub	s1,s1,a2
 282:	007f                	.2byte	0x7f
 284:	4e04                	lw	s1,24(a2)
 286:	00800003          	lb	zero,8(zero) # 8 <_prog_start-0x7ffffff8>
 28a:	0000                	unimp
 28c:	3800                	.2byte	0x3800
 28e:	0000                	unimp
 290:	0000                	unimp
 292:	0000                	unimp
 294:	8000                	.2byte	0x8000
 296:	0002                	c.slli64	zero
 298:	0100                	addi	s0,sp,128
 29a:	0069                	c.nop	26
 29c:	4f02                	lw	t5,0(sp)
 29e:	0000740f          	.4byte	0x740f
 2a2:	0300                	addi	s0,sp,384
 2a4:	8891                	andi	s1,s1,4
 2a6:	007f                	.2byte	0x7f
 2a8:	bc06                	.2byte	0xbc06
 2aa:	00800003          	lb	zero,8(zero) # 8 <_prog_start-0x7ffffff8>
 2ae:	0000                	unimp
 2b0:	3000                	.2byte	0x3000
 2b2:	0000                	unimp
 2b4:	0000                	unimp
 2b6:	0000                	unimp
 2b8:	0100                	addi	s0,sp,128
 2ba:	0069                	c.nop	26
 2bc:	5302                	lw	t1,32(sp)
 2be:	740e                	ld	s0,224(sp)
 2c0:	0000                	unimp
 2c2:	0300                	addi	s0,sp,384
 2c4:	8491                	srai	s1,s1,0x4
 2c6:	007f                	.2byte	0x7f
 2c8:	0600                	addi	s0,sp,768
 2ca:	03f6                	slli	t2,t2,0x1d
 2cc:	8000                	.2byte	0x8000
 2ce:	0000                	unimp
 2d0:	0000                	unimp
 2d2:	00ac                	addi	a1,sp,72
 2d4:	0000                	unimp
 2d6:	0000                	unimp
 2d8:	0000                	unimp
 2da:	6e01                	.2byte	0x6e01
 2dc:	0200                	addi	s0,sp,256
 2de:	135a                	slli	t1,t1,0x36
 2e0:	0095                	addi	ra,ra,5
 2e2:	0000                	unimp
 2e4:	7ef89103          	lh	sp,2031(a7)
 2e8:	6901                	.2byte	0x6901
 2ea:	0200                	addi	s0,sp,256
 2ec:	008e0a5b          	.4byte	0x8e0a5b
 2f0:	0000                	unimp
 2f2:	7ef09103          	lh	sp,2031(ra)
 2f6:	4606                	lw	a2,64(sp)
 2f8:	0004                	.2byte	0x4
 2fa:	0080                	addi	s0,sp,64
 2fc:	0000                	unimp
 2fe:	4800                	lw	s0,16(s0)
 300:	0000                	unimp
 302:	0000                	unimp
 304:	0000                	unimp
 306:	0100                	addi	s0,sp,128
 308:	0064                	addi	s1,sp,12
 30a:	6402                	ld	s0,0(sp)
 30c:	00008e0b          	.4byte	0x8e0b
 310:	0300                	addi	s0,sp,384
 312:	e091                	bnez	s1,316 <_prog_start-0x7ffffcea>
 314:	007e                	c.slli	zero,0x1f
 316:	0000                	unimp
 318:	0800                	addi	s0,sp,16
 31a:	02fd                	addi	t0,t0,31
 31c:	0000                	unimp
 31e:	0102                	c.slli64	sp
 320:	de08                	sw	a0,56(a2)
 322:	0000                	unimp
 324:	0900                	addi	s0,sp,144
 326:	02f6                	slli	t0,t0,0x1d
 328:	0000                	unimp
 32a:	0102                	c.slli64	sp
 32c:	4e02                	lw	t3,0(sp)
 32e:	0001                	nop
 330:	0b00                	addi	s0,sp,400
 332:	02f6                	slli	t0,t0,0x1d
 334:	0000                	unimp
 336:	0319                	addi	t1,t1,6
 338:	0000                	unimp
 33a:	950c                	.2byte	0x950c
 33c:	0000                	unimp
 33e:	3f00                	.2byte	0x3f00
 340:	0b00                	addi	s0,sp,400
 342:	02f6                	slli	t0,t0,0x1d
 344:	0000                	unimp
 346:	0329                	addi	t1,t1,10
 348:	0000                	unimp
 34a:	950c                	.2byte	0x950c
 34c:	0000                	unimp
 34e:	1f00                	addi	s0,sp,944
 350:	0a00                	addi	s0,sp,272
 352:	0131                	addi	sp,sp,12
 354:	0000                	unimp
 356:	6821                	lui	a6,0x8
 358:	0001                	nop
 35a:	0080                	addi	s0,sp,64
 35c:	0000                	unimp
 35e:	2a00                	.2byte	0x2a00
 360:	0000                	unimp
 362:	0000                	unimp
 364:	0000                	unimp
 366:	0100                	addi	s0,sp,128
 368:	539c                	lw	a5,32(a5)
 36a:	05000003          	lb	zero,80(zero) # 50 <_prog_start-0x7fffffb0>
 36e:	21020073          	.4byte	0x21020073
 372:	f118                	sd	a4,32(a0)
 374:	0002                	c.slli64	zero
 376:	0200                	addi	s0,sp,256
 378:	6891                	lui	a7,0x4
 37a:	1200                	addi	s0,sp,288
 37c:	0130                	addi	a2,sp,136
 37e:	0000                	unimp
 380:	1a02                	slli	s4,s4,0x20
 382:	2414                	.2byte	0x2414
 384:	0001                	nop
 386:	0080                	addi	s0,sp,64
 388:	0000                	unimp
 38a:	4400                	lw	s0,8(s0)
 38c:	0000                	unimp
 38e:	0000                	unimp
 390:	0000                	unimp
 392:	0100                	addi	s0,sp,128
 394:	8c9c                	.2byte	0x8c9c
 396:	05000003          	lb	zero,80(zero) # 50 <_prog_start-0x7fffffb0>
 39a:	1a020073          	.4byte	0x1a020073
 39e:	0002f127          	.4byte	0x2f127
 3a2:	0200                	addi	s0,sp,256
 3a4:	5891                	li	a7,-28
 3a6:	6301                	.2byte	0x6301
 3a8:	0200                	addi	s0,sp,256
 3aa:	071c                	addi	a5,sp,896
 3ac:	02f6                	slli	t0,t0,0x1d
 3ae:	0000                	unimp
 3b0:	9102                	jalr	sp
 3b2:	1013006f          	j	30cb2 <_prog_start-0x7ffcf34e>
 3b6:	0001                	nop
 3b8:	0200                	addi	s0,sp,256
 3ba:	0437070b          	.4byte	0x437070b
 3be:	0000                	unimp
 3c0:	0076                	c.slli	zero,0x1d
 3c2:	8000                	.2byte	0x8000
 3c4:	0000                	unimp
 3c6:	0000                	unimp
 3c8:	00ae                	slli	ra,ra,0xb
 3ca:	0000                	unimp
 3cc:	0000                	unimp
 3ce:	0000                	unimp
 3d0:	9c01                	subw	s0,s0,s0
 3d2:	00000437          	lui	s0,0x0
 3d6:	f614                	sd	a3,40(a2)
 3d8:	0000                	unimp
 3da:	0200                	addi	s0,sp,256
 3dc:	0437150b          	.4byte	0x437150b
 3e0:	0000                	unimp
 3e2:	9102                	jalr	sp
 3e4:	0548                	addi	a0,sp,644
 3e6:	00637273          	csrrci	tp,0x6,6
 3ea:	0b02                	c.slli64	s6
 3ec:	00043927          	.4byte	0x43927
 3f0:	0200                	addi	s0,sp,256
 3f2:	4091                	li	ra,4
 3f4:	6e05                	lui	t3,0x1
 3f6:	0200                	addi	s0,sp,256
 3f8:	00d9330b          	.4byte	0xd9330b
 3fc:	0000                	unimp
 3fe:	7fb89103          	lh	sp,2043(a7) # 47fb <_prog_start-0x7fffb805>
 402:	6401                	.2byte	0x6401
 404:	0200                	addi	s0,sp,256
 406:	0b0c                	addi	a1,sp,400
 408:	0000043f 01589102 	.8byte	0x15891020000043f
 410:	0d020073          	.4byte	0xd020073
 414:	f111                	bnez	a0,318 <_prog_start-0x7ffffce8>
 416:	0002                	c.slli64	zero
 418:	0200                	addi	s0,sp,256
 41a:	5091                	li	ra,-28
 41c:	a404                	.2byte	0xa404
 41e:	0000                	unimp
 420:	0080                	addi	s0,sp,64
 422:	0000                	unimp
 424:	3a00                	.2byte	0x3a00
 426:	0000                	unimp
 428:	0000                	unimp
 42a:	0000                	unimp
 42c:	1700                	addi	s0,sp,928
 42e:	0004                	.2byte	0x4
 430:	0100                	addi	s0,sp,128
 432:	0069                	c.nop	26
 434:	0f02                	c.slli64	t5
 436:	d915                	beqz	a0,36a <_prog_start-0x7ffffc96>
 438:	0000                	unimp
 43a:	0200                	addi	s0,sp,256
 43c:	6891                	lui	a7,0x4
 43e:	0600                	addi	s0,sp,768
 440:	00de                	slli	ra,ra,0x17
 442:	8000                	.2byte	0x8000
 444:	0000                	unimp
 446:	0000                	unimp
 448:	003a                	c.slli	zero,0xe
 44a:	0000                	unimp
 44c:	0000                	unimp
 44e:	0000                	unimp
 450:	6901                	.2byte	0x6901
 452:	0200                	addi	s0,sp,256
 454:	00d91513          	slli	a0,s2,0xd
 458:	0000                	unimp
 45a:	9102                	jalr	sp
 45c:	0060                	addi	s0,sp,12
 45e:	1500                	addi	s0,sp,672
 460:	0808                	addi	a0,sp,16
 462:	043e                	slli	s0,s0,0xf
 464:	0000                	unimp
 466:	0816                	slli	a6,a6,0x5
 468:	02f6                	slli	t0,t0,0x1d
 46a:	0000                	unimp
 46c:	00014817          	auipc	a6,0x14
 470:	0100                	addi	s0,sp,128
 472:	1415                	addi	s0,s0,-27 # ffffffffffffffe5 <hash+0xffffffff7fffe7dd>
 474:	0038                	addi	a4,sp,8
 476:	8000                	.2byte	0x8000
 478:	0000                	unimp
 47a:	0000                	unimp
 47c:	003e                	c.slli	zero,0xf
 47e:	0000                	unimp
 480:	0000                	unimp
 482:	0000                	unimp
 484:	9c01                	subw	s0,s0,s0
 486:	6305                	lui	t1,0x1
 488:	0100                	addi	s0,sp,128
 48a:	1f15                	addi	t5,t5,-27
 48c:	02f6                	slli	t0,t0,0x1d
 48e:	0000                	unimp
 490:	9102                	jalr	sp
 492:	015f 7874 0100      	.byte	0x5f, 0x01, 0x74, 0x78, 0x00, 0x01
 498:	00cf1517          	auipc	a0,0xcf1
 49c:	0000                	unimp
 49e:	9102                	jalr	sp
 4a0:	0168                	addi	a0,sp,140
 4a2:	0072                	c.slli	zero,0x1c
 4a4:	1901                	addi	s2,s2,-32
 4a6:	9c0a                	add	s8,s8,sp
 4a8:	0000                	unimp
 4aa:	0200                	addi	s0,sp,256
 4ac:	6491                	lui	s1,0x4
 4ae:	0000                	unimp
 4b0:	05f5                	addi	a1,a1,29
 4b2:	0000                	unimp
 4b4:	0005                	c.nop	1
 4b6:	0801                	addi	a6,a6,0 # 1446c <_prog_start-0x7ffebb94>
 4b8:	00000153          	.4byte	0x153
 4bc:	5410                	lw	a2,40(s0)
 4be:	0001                	nop
 4c0:	1d00                	addi	s0,sp,688
 4c2:	0275                	addi	tp,tp,29 # 1d <_prog_start-0x7fffffe3>
 4c4:	0000                	unimp
 4c6:	0000                	unimp
 4c8:	0000                	unimp
 4ca:	052e                	slli	a0,a0,0xb
 4cc:	8000                	.2byte	0x8000
 4ce:	0000                	unimp
 4d0:	0000                	unimp
 4d2:	0ecc                	addi	a1,sp,852
 4d4:	0000                	unimp
 4d6:	0000                	unimp
 4d8:	0000                	unimp
 4da:	0609                	addi	a2,a2,2 # fffffffffffe0002 <hash+0xffffffff7ffde7fa>
 4dc:	0000                	unimp
 4de:	d7060103          	lb	sp,-656(a2)
 4e2:	0000                	unimp
 4e4:	0300                	addi	s0,sp,384
 4e6:	0801                	addi	a6,a6,0
 4e8:	00d5                	addi	ra,ra,21
 4ea:	0000                	unimp
 4ec:	26050203          	lb	tp,608(a0) # cf16f8 <_prog_start-0x7f30e908>
 4f0:	0001                	nop
 4f2:	0300                	addi	s0,sp,384
 4f4:	0702                	c.slli64	a4
 4f6:	000000e3          	beqz	zero,cf6 <_prog_start-0x7ffff30a>
 4fa:	0411                	addi	s0,s0,4
 4fc:	6905                	lui	s2,0x1
 4fe:	746e                	ld	s0,248(sp)
 500:	0900                	addi	s0,sp,144
 502:	000000fb          	.4byte	0xfb
 506:	4f02                	lw	t5,0(sp)
 508:	5d19                	li	s10,-26
 50a:	0000                	unimp
 50c:	0300                	addi	s0,sp,384
 50e:	0704                	addi	s1,sp,896
 510:	024c                	addi	a1,sp,260
 512:	0000                	unimp
 514:	1d050803          	lb	a6,464(a0)
 518:	0001                	nop
 51a:	0900                	addi	s0,sp,144
 51c:	0294                	addi	a3,sp,320
 51e:	0000                	unimp
 520:	6902                	ld	s2,0(sp)
 522:	7719                	lui	a4,0xfffe6
 524:	0000                	unimp
 526:	0300                	addi	s0,sp,384
 528:	0708                	addi	a0,sp,896
 52a:	00000247          	.4byte	0x247
 52e:	18050803          	lb	a6,384(a0)
 532:	0001                	nop
 534:	0300                	addi	s0,sp,384
 536:	0410                	addi	a2,sp,512
 538:	013c                	addi	a5,sp,136
 53a:	0000                	unimp
 53c:	0812                	slli	a6,a6,0x4
 53e:	9308                	.2byte	0x9308
 540:	0000                	unimp
 542:	0300                	addi	s0,sp,384
 544:	0801                	addi	a6,a6,0
 546:	00de                	slli	ra,ra,0x17
 548:	0000                	unimp
 54a:	930d                	srli	a4,a4,0x23
 54c:	0000                	unimp
 54e:	0800                	addi	s0,sp,16
 550:	009a                	slli	ra,ra,0x6
 552:	0000                	unimp
 554:	42070803          	lb	a6,1056(a4) # fffffffffffe6420 <hash+0xffffffff7ffe4c18>
 558:	0002                	c.slli64	zero
 55a:	0900                	addi	s0,sp,144
 55c:	00fd                	addi	ra,ra,31
 55e:	0000                	unimp
 560:	51143003          	ld	zero,1297(s0)
 564:	0000                	unimp
 566:	1300                	addi	s0,sp,416
 568:	000000ab          	.4byte	0xab
 56c:	9609                	srai	a2,a2,0x22
 56e:	0002                	c.slli64	zero
 570:	0300                	addi	s0,sp,384
 572:	143c                	addi	a5,sp,552
 574:	0000006b          	.4byte	0x6b
 578:	3705                	addiw	a4,a4,-31
 57a:	0001                	nop
 57c:	0400                	addi	s0,sp,512
 57e:	00e32213          	slti	tp,t1,14
 582:	0000                	unimp
 584:	0309                	addi	t1,t1,2 # 1002 <_prog_start-0x7fffeffe>
 586:	1448                	addi	a0,sp,548
 588:	8000                	.2byte	0x8000
 58a:	0000                	unimp
 58c:	0000                	unimp
 58e:	b708                	.2byte	0xb708
 590:	0000                	unimp
 592:	0d00                	addi	s0,sp,656
 594:	00de                	slli	ra,ra,0x17
 596:	0000                	unimp
 598:	bc0e                	.2byte	0xbc0e
 59a:	0000                	unimp
 59c:	f800                	sd	s0,48(s0)
 59e:	0000                	unimp
 5a0:	0f00                	addi	s0,sp,912
 5a2:	00000077          	.4byte	0x77
 5a6:	0018                	.2byte	0x18
 5a8:	820c                	.2byte	0x820c
 5aa:	0002                	c.slli64	zero
 5ac:	6c00                	ld	s0,24(s0)
 5ae:	00e8                	addi	a0,sp,76
 5b0:	0000                	unimp
 5b2:	0309                	addi	t1,t1,2
 5b4:	1450                	addi	a2,sp,548
 5b6:	8000                	.2byte	0x8000
 5b8:	0000                	unimp
 5ba:	0000                	unimp
 5bc:	bc0e                	.2byte	0xbc0e
 5be:	0000                	unimp
 5c0:	1c00                	addi	s0,sp,560
 5c2:	0001                	nop
 5c4:	0f00                	addi	s0,sp,912
 5c6:	00000077          	.4byte	0x77
 5ca:	0014                	.2byte	0x14
 5cc:	630c                	ld	a1,0(a4)
 5ce:	0002                	c.slli64	zero
 5d0:	7200                	ld	s0,32(a2)
 5d2:	010c                	addi	a1,sp,128
 5d4:	0000                	unimp
 5d6:	0309                	addi	t1,t1,2
 5d8:	1808                	addi	a0,sp,48
 5da:	8000                	.2byte	0x8000
 5dc:	0000                	unimp
 5de:	0000                	unimp
 5e0:	9f0c                	.2byte	0x9f0c
 5e2:	0002                	c.slli64	zero
 5e4:	7300                	ld	s0,32(a4)
 5e6:	00bc                	addi	a5,sp,72
 5e8:	0000                	unimp
 5ea:	0309                	addi	t1,t1,2
 5ec:	1518                	addi	a4,sp,672
 5ee:	8000                	.2byte	0x8000
 5f0:	0000                	unimp
 5f2:	0000                	unimp
 5f4:	be14                	.2byte	0xbe14
 5f6:	0000                	unimp
 5f8:	0400                	addi	s0,sp,512
 5fa:	01570d27          	.4byte	0x1570d27
 5fe:	0000                	unimp
 600:	9f15                	subw	a4,a4,a3
 602:	0000                	unimp
 604:	1600                	addi	s0,sp,800
 606:	1700                	addi	s0,sp,928
 608:	023d                	addi	tp,tp,15 # f <_prog_start-0x7ffffff1>
 60a:	0000                	unimp
 60c:	7501                	lui	a0,0xfffe0
 60e:	4a05                	li	s4,1
 610:	0000                	unimp
 612:	e200                	sd	s0,0(a2)
 614:	0008                	.2byte	0x8
 616:	0080                	addi	s0,sp,64
 618:	0000                	unimp
 61a:	1800                	addi	s0,sp,48
 61c:	0000000b          	.4byte	0xb
 620:	0000                	unimp
 622:	0100                	addi	s0,sp,128
 624:	839c                	.2byte	0x839c
 626:	01000003          	lb	zero,16(zero) # 10 <_prog_start-0x7ffffff0>
 62a:	00000213          	li	tp,0
 62e:	0e75                	addi	t3,t3,29 # 101d <_prog_start-0x7fffefe3>
 630:	004a                	c.slli	zero,0x12
 632:	0000                	unimp
 634:	7fac9103          	lh	sp,2042(s9)
 638:	8f01                	sub	a4,a4,s0
 63a:	0002                	c.slli64	zero
 63c:	7500                	ld	s0,40(a0)
 63e:	831d                	srli	a4,a4,0x7
 640:	03000003          	lb	zero,48(zero) # 30 <_prog_start-0x7fffffd0>
 644:	a091                	j	688 <_prog_start-0x7ffff978>
 646:	187f                	.2byte	0x187f
 648:	01d6                	slli	gp,gp,0x15
 64a:	0000                	unimp
 64c:	7701                	lui	a4,0xfffe0
 64e:	0000770f          	.4byte	0x770f
 652:	1900                	addi	s0,sp,176
 654:	6e65                	lui	t3,0x19
 656:	0064                	addi	s1,sp,12
 658:	7701                	lui	a4,0xfffe0
 65a:	7716                	ld	a4,352(sp)
 65c:	0000                	unimp
 65e:	0500                	addi	s0,sp,640
 660:	0259                	addi	tp,tp,22 # 16 <_prog_start-0x7fffffea>
 662:	0000                	unimp
 664:	8301                	c.srli64	a4
 666:	00004a07          	.4byte	0x4a07
 66a:	0300                	addi	s0,sp,384
 66c:	b091                	j	fffffffffffffeb0 <hash+0xffffffff7fffe6a8>
 66e:	057f                	.2byte	0x57f
 670:	025e                	slli	tp,tp,0x17
 672:	0000                	unimp
 674:	8301                	c.srli64	a4
 676:	4a0d                	li	s4,3
 678:	0000                	unimp
 67a:	0300                	addi	s0,sp,384
 67c:	b891                	j	fffffffffffffed0 <hash+0xffffffff7fffe6c8>
 67e:	027f                	.2byte	0x27f
 680:	656c                	ld	a1,200(a0)
 682:	006e                	c.slli	zero,0x1b
 684:	0784                	addi	s1,sp,960
 686:	004a                	c.slli	zero,0x12
 688:	0000                	unimp
 68a:	7fbc9103          	lh	sp,2043(s9)
 68e:	6805                	lui	a6,0x1
 690:	0002                	c.slli64	zero
 692:	0100                	addi	s0,sp,128
 694:	0785                	addi	a5,a5,1
 696:	004a                	c.slli	zero,0x12
 698:	0000                	unimp
 69a:	7fb49103          	lh	sp,2043(s1) # 47fb <_prog_start-0x7fffb805>
 69e:	2e04                	.2byte	0x2e04
 6a0:	0009                	c.nop	2
 6a2:	0080                	addi	s0,sp,64
 6a4:	0000                	unimp
 6a6:	4400                	lw	s0,8(s0)
 6a8:	0000                	unimp
 6aa:	0000                	unimp
 6ac:	0000                	unimp
 6ae:	1000                	addi	s0,sp,32
 6b0:	0002                	c.slli64	zero
 6b2:	0200                	addi	s0,sp,256
 6b4:	0069                	c.nop	26
 6b6:	0b7f                	.2byte	0xb7f
 6b8:	004a                	c.slli	zero,0x12
 6ba:	0000                	unimp
 6bc:	9102                	jalr	sp
 6be:	006c                	addi	a1,sp,12
 6c0:	7e04                	ld	s1,56(a2)
 6c2:	000a                	c.slli	zero,0x2
 6c4:	0080                	addi	s0,sp,64
 6c6:	0000                	unimp
 6c8:	4800                	lw	s0,16(s0)
 6ca:	0000                	unimp
 6cc:	0000                	unimp
 6ce:	0000                	unimp
 6d0:	3200                	.2byte	0x3200
 6d2:	0002                	c.slli64	zero
 6d4:	0200                	addi	s0,sp,256
 6d6:	0069                	c.nop	26
 6d8:	0b9a                	slli	s7,s7,0x6
 6da:	004a                	c.slli	zero,0x12
 6dc:	0000                	unimp
 6de:	9102                	jalr	sp
 6e0:	0068                	addi	a0,sp,12
 6e2:	e804                	sd	s1,16(s0)
 6e4:	0080000b          	.4byte	0x80000b
 6e8:	0000                	unimp
 6ea:	4800                	lw	s0,16(s0)
 6ec:	0000                	unimp
 6ee:	0000                	unimp
 6f0:	0000                	unimp
 6f2:	5400                	lw	s0,40(s0)
 6f4:	0002                	c.slli64	zero
 6f6:	0200                	addi	s0,sp,256
 6f8:	0069                	c.nop	26
 6fa:	0bb2                	slli	s7,s7,0xc
 6fc:	004a                	c.slli	zero,0x12
 6fe:	0000                	unimp
 700:	9102                	jalr	sp
 702:	0064                	addi	s1,sp,12
 704:	5204                	lw	s1,32(a2)
 706:	000d                	c.nop	3
 708:	0080                	addi	s0,sp,64
 70a:	0000                	unimp
 70c:	4800                	lw	s0,16(s0)
 70e:	0000                	unimp
 710:	0000                	unimp
 712:	0000                	unimp
 714:	7600                	ld	s0,40(a2)
 716:	0002                	c.slli64	zero
 718:	0200                	addi	s0,sp,256
 71a:	0069                	c.nop	26
 71c:	0bca                	slli	s7,s7,0x12
 71e:	004a                	c.slli	zero,0x12
 720:	0000                	unimp
 722:	9102                	jalr	sp
 724:	0060                	addi	s0,sp,12
 726:	bc04                	.2byte	0xbc04
 728:	000e                	c.slli	zero,0x3
 72a:	0080                	addi	s0,sp,64
 72c:	0000                	unimp
 72e:	4800                	lw	s0,16(s0)
 730:	0000                	unimp
 732:	0000                	unimp
 734:	0000                	unimp
 736:	9800                	.2byte	0x9800
 738:	0002                	c.slli64	zero
 73a:	0200                	addi	s0,sp,256
 73c:	0069                	c.nop	26
 73e:	004a0be3          	beq	s4,tp,f54 <_prog_start-0x7ffff0ac>
 742:	0000                	unimp
 744:	9102                	jalr	sp
 746:	005c                	addi	a5,sp,4
 748:	5004                	lw	s1,32(s0)
 74a:	0080000f          	fence	unknown,i
 74e:	0000                	unimp
 750:	4800                	lw	s0,16(s0)
 752:	0000                	unimp
 754:	0000                	unimp
 756:	0000                	unimp
 758:	ba00                	.2byte	0xba00
 75a:	0002                	c.slli64	zero
 75c:	0200                	addi	s0,sp,256
 75e:	0069                	c.nop	26
 760:	004a0beb          	.4byte	0x4a0beb
 764:	0000                	unimp
 766:	9102                	jalr	sp
 768:	0058                	addi	a4,sp,4
 76a:	e404                	sd	s1,8(s0)
 76c:	0080000f          	fence	unknown,i
 770:	0000                	unimp
 772:	4800                	lw	s0,16(s0)
 774:	0000                	unimp
 776:	0000                	unimp
 778:	0000                	unimp
 77a:	dc00                	sw	s0,56(s0)
 77c:	0002                	c.slli64	zero
 77e:	0200                	addi	s0,sp,256
 780:	0069                	c.nop	26
 782:	004a0bf3          	.4byte	0x4a0bf3
 786:	0000                	unimp
 788:	9102                	jalr	sp
 78a:	0054                	addi	a3,sp,4
 78c:	7804                	ld	s1,48(s0)
 78e:	0010                	.2byte	0x10
 790:	0080                	addi	s0,sp,64
 792:	0000                	unimp
 794:	4800                	lw	s0,16(s0)
 796:	0000                	unimp
 798:	0000                	unimp
 79a:	0000                	unimp
 79c:	fe00                	sd	s0,56(a2)
 79e:	0002                	c.slli64	zero
 7a0:	0200                	addi	s0,sp,256
 7a2:	0069                	c.nop	26
 7a4:	004a0bfb          	.4byte	0x4a0bfb
 7a8:	0000                	unimp
 7aa:	9102                	jalr	sp
 7ac:	0050                	addi	a2,sp,4
 7ae:	e204                	sd	s1,0(a2)
 7b0:	0011                	c.nop	4
 7b2:	0080                	addi	s0,sp,64
 7b4:	0000                	unimp
 7b6:	4800                	lw	s0,16(s0)
 7b8:	0000                	unimp
 7ba:	0000                	unimp
 7bc:	0000                	unimp
 7be:	2000                	.2byte	0x2000
 7c0:	0a000003          	lb	zero,160(zero) # a0 <_prog_start-0x7fffff60>
 7c4:	0069                	c.nop	26
 7c6:	0114                	addi	a3,sp,128
 7c8:	004a                	c.slli	zero,0x12
 7ca:	0000                	unimp
 7cc:	9102                	jalr	sp
 7ce:	004c                	addi	a1,sp,4
 7d0:	7604                	ld	s1,40(a2)
 7d2:	0012                	c.slli	zero,0x4
 7d4:	0080                	addi	s0,sp,64
 7d6:	0000                	unimp
 7d8:	4800                	lw	s0,16(s0)
 7da:	0000                	unimp
 7dc:	0000                	unimp
 7de:	0000                	unimp
 7e0:	4200                	lw	s0,0(a2)
 7e2:	0a000003          	lb	zero,160(zero) # a0 <_prog_start-0x7fffff60>
 7e6:	0069                	c.nop	26
 7e8:	011c                	addi	a5,sp,128
 7ea:	004a                	c.slli	zero,0x12
 7ec:	0000                	unimp
 7ee:	9102                	jalr	sp
 7f0:	0048                	addi	a0,sp,4
 7f2:	0a04                	addi	s1,sp,272
 7f4:	00800013          	li	zero,8
 7f8:	0000                	unimp
 7fa:	4800                	lw	s0,16(s0)
 7fc:	0000                	unimp
 7fe:	0000                	unimp
 800:	0000                	unimp
 802:	6400                	ld	s0,8(s0)
 804:	0a000003          	lb	zero,160(zero) # a0 <_prog_start-0x7fffff60>
 808:	0069                	c.nop	26
 80a:	0124                	addi	s1,sp,136
 80c:	004a                	c.slli	zero,0x12
 80e:	0000                	unimp
 810:	9102                	jalr	sp
 812:	0044                	addi	s1,sp,4
 814:	9e06                	add	t3,t3,ra
 816:	00800013          	li	zero,8
 81a:	0000                	unimp
 81c:	4800                	lw	s0,16(s0)
 81e:	0000                	unimp
 820:	0000                	unimp
 822:	0000                	unimp
 824:	0a00                	addi	s0,sp,272
 826:	0069                	c.nop	26
 828:	012c                	addi	a1,sp,136
 82a:	004a                	c.slli	zero,0x12
 82c:	0000                	unimp
 82e:	9102                	jalr	sp
 830:	0040                	addi	s0,sp,4
 832:	0800                	addi	s0,sp,16
 834:	008e                	slli	ra,ra,0x3
 836:	0000                	unimp
 838:	0001f307          	.4byte	0x1f307
 83c:	6700                	ld	s0,8(a4)
 83e:	08c4                	addi	s1,sp,84
 840:	8000                	.2byte	0x8000
 842:	0000                	unimp
 844:	0000                	unimp
 846:	001e                	c.slli	zero,0x7
 848:	0000                	unimp
 84a:	0000                	unimp
 84c:	0000                	unimp
 84e:	9c01                	subw	s0,s0,s0
 850:	000003b3          	add	t2,zero,zero
 854:	9f01                	subw	a4,a4,s0
 856:	0002                	c.slli64	zero
 858:	6700                	ld	s0,8(a4)
 85a:	8c1e                	mv	s8,t2
 85c:	0000                	unimp
 85e:	0200                	addi	s0,sp,256
 860:	6891                	lui	a7,0x4
 862:	0700                	addi	s0,sp,896
 864:	021a                	slli	tp,tp,0x6
 866:	0000                	unimp
 868:	9a62                	add	s4,s4,s8
 86a:	0008                	.2byte	0x8
 86c:	0080                	addi	s0,sp,64
 86e:	0000                	unimp
 870:	2a00                	.2byte	0x2a00
 872:	0000                	unimp
 874:	0000                	unimp
 876:	0000                	unimp
 878:	0100                	addi	s0,sp,128
 87a:	de9c                	sw	a5,56(a3)
 87c:	01000003          	lb	zero,16(zero) # 10 <_prog_start-0x7ffffff0>
 880:	029f 0000 1d62      	.byte	0x9f, 0x02, 0x00, 0x00, 0x62, 0x1d
 886:	008c                	addi	a1,sp,64
 888:	0000                	unimp
 88a:	9102                	jalr	sp
 88c:	0068                	addi	a0,sp,12
 88e:	00027107          	.4byte	0x27107
 892:	5700                	lw	s0,40(a4)
 894:	0804                	addi	s1,sp,16
 896:	8000                	.2byte	0x8000
 898:	0000                	unimp
 89a:	0000                	unimp
 89c:	0096                	slli	ra,ra,0x5
 89e:	0000                	unimp
 8a0:	0000                	unimp
 8a2:	0000                	unimp
 8a4:	9c01                	subw	s0,s0,s0
 8a6:	00000443          	.4byte	0x443
 8aa:	9f01                	subw	a4,a4,s0
 8ac:	0002                	c.slli64	zero
 8ae:	5700                	lw	s0,40(a4)
 8b0:	8c1d                	sub	s0,s0,a5
 8b2:	0000                	unimp
 8b4:	0200                	addi	s0,sp,256
 8b6:	5891                	li	a7,-28
 8b8:	6301                	.2byte	0x6301
 8ba:	0002                	c.slli64	zero
 8bc:	5700                	lw	s0,40(a4)
 8be:	00044333          	xor	t1,s0,zero
 8c2:	0200                	addi	s0,sp,256
 8c4:	5091                	li	ra,-28
 8c6:	6e656c0b          	.4byte	0x6e656c0b
 8ca:	5700                	lw	s0,40(a4)
 8cc:	4a3d                	li	s4,15
 8ce:	0000                	unimp
 8d0:	0200                	addi	s0,sp,256
 8d2:	4c91                	li	s9,4
 8d4:	2606                	.2byte	0x2606
 8d6:	0008                	.2byte	0x8
 8d8:	0080                	addi	s0,sp,64
 8da:	0000                	unimp
 8dc:	6000                	ld	s0,0(s0)
 8de:	0000                	unimp
 8e0:	0000                	unimp
 8e2:	0000                	unimp
 8e4:	0200                	addi	s0,sp,256
 8e6:	0069                	c.nop	26
 8e8:	0d59                	addi	s10,s10,22
 8ea:	004a                	c.slli	zero,0x12
 8ec:	0000                	unimp
 8ee:	9102                	jalr	sp
 8f0:	006c                	addi	a1,sp,12
 8f2:	0800                	addi	s0,sp,16
 8f4:	00bc                	addi	a5,sp,72
 8f6:	0000                	unimp
 8f8:	0001dc07          	.4byte	0x1dc07
 8fc:	4300                	lw	s0,0(a4)
 8fe:	06f6                	slli	a3,a3,0x1d
 900:	8000                	.2byte	0x8000
 902:	0000                	unimp
 904:	0000                	unimp
 906:	010e                	slli	sp,sp,0x3
 908:	0000                	unimp
 90a:	0000                	unimp
 90c:	0000                	unimp
 90e:	9c01                	subw	s0,s0,s0
 910:	04ca                	slli	s1,s1,0x12
 912:	0000                	unimp
 914:	9f01                	subw	a4,a4,s0
 916:	0002                	c.slli64	zero
 918:	4300                	lw	s0,0(a4)
 91a:	00008c23          	sb	zero,24(ra)
 91e:	0200                	addi	s0,sp,256
 920:	5891                	li	a7,-28
 922:	5e01                	li	t3,-32
 924:	0002                	c.slli64	zero
 926:	4300                	lw	s0,0(a4)
 928:	bc38                	.2byte	0xbc38
 92a:	0000                	unimp
 92c:	0200                	addi	s0,sp,256
 92e:	5091                	li	ra,-28
 930:	7d01                	lui	s10,0xfffe0
 932:	0002                	c.slli64	zero
 934:	4300                	lw	s0,0(a4)
 936:	4348                	lw	a0,4(a4)
 938:	0004                	.2byte	0x4
 93a:	0200                	addi	s0,sp,256
 93c:	4891                	li	a7,4
 93e:	6e656c0b          	.4byte	0x6e656c0b
 942:	4300                	lw	s0,0(a4)
 944:	4a52                	lw	s4,20(sp)
 946:	0000                	unimp
 948:	0200                	addi	s0,sp,256
 94a:	4491                	li	s1,4
 94c:	5905                	li	s2,-31
 94e:	0002                	c.slli64	zero
 950:	0100                	addi	s0,sp,128
 952:	0944                	addi	s1,sp,148
 954:	004a                	c.slli	zero,0x12
 956:	0000                	unimp
 958:	9102                	jalr	sp
 95a:	066c                	addi	a1,sp,780
 95c:	0776                	slli	a4,a4,0x1d
 95e:	8000                	.2byte	0x8000
 960:	0000                	unimp
 962:	0000                	unimp
 964:	007a                	c.slli	zero,0x1e
 966:	0000                	unimp
 968:	0000                	unimp
 96a:	0000                	unimp
 96c:	6902                	ld	s2,0(sp)
 96e:	4d00                	lw	s0,24(a0)
 970:	4a0d                	li	s4,3
 972:	0000                	unimp
 974:	0200                	addi	s0,sp,256
 976:	6891                	lui	a7,0x4
 978:	0000                	unimp
 97a:	00022b07          	.4byte	0x22b07
 97e:	2d00                	.2byte	0x2d00
 980:	05bc                	addi	a5,sp,712
 982:	8000                	.2byte	0x8000
 984:	0000                	unimp
 986:	0000                	unimp
 988:	013a                	slli	sp,sp,0xe
 98a:	0000                	unimp
 98c:	0000                	unimp
 98e:	0000                	unimp
 990:	9c01                	subw	s0,s0,s0
 992:	056a                	slli	a0,a0,0x1a
 994:	0000                	unimp
 996:	9f01                	subw	a4,a4,s0
 998:	0002                	c.slli64	zero
 99a:	2d00                	.2byte	0x2d00
 99c:	8c1e                	mv	s8,t2
 99e:	0000                	unimp
 9a0:	0200                	addi	s0,sp,256
 9a2:	5891                	li	a7,-28
 9a4:	5e01                	li	t3,-32
 9a6:	0002                	c.slli64	zero
 9a8:	2d00                	.2byte	0x2d00
 9aa:	0000bc33          	sltu	s8,ra,zero
 9ae:	0200                	addi	s0,sp,256
 9b0:	5091                	li	ra,-28
 9b2:	7d01                	lui	s10,0xfffe0
 9b4:	0002                	c.slli64	zero
 9b6:	2d00                	.2byte	0x2d00
 9b8:	00044343          	.4byte	0x44343
 9bc:	0200                	addi	s0,sp,256
 9be:	4891                	li	a7,4
 9c0:	6e656c0b          	.4byte	0x6e656c0b
 9c4:	2d00                	.2byte	0x2d00
 9c6:	4a4d                	li	s4,19
 9c8:	0000                	unimp
 9ca:	0200                	addi	s0,sp,256
 9cc:	4491                	li	s1,4
 9ce:	5905                	li	s2,-31
 9d0:	0002                	c.slli64	zero
 9d2:	0100                	addi	s0,sp,128
 9d4:	082e                	slli	a6,a6,0xb
 9d6:	004a                	c.slli	zero,0x12
 9d8:	0000                	unimp
 9da:	9102                	jalr	sp
 9dc:	066c                	addi	a1,sp,780
 9de:	0630                	addi	a2,sp,776
 9e0:	8000                	.2byte	0x8000
 9e2:	0000                	unimp
 9e4:	0000                	unimp
 9e6:	00bc                	addi	a5,sp,72
 9e8:	0000                	unimp
 9ea:	0000                	unimp
 9ec:	0000                	unimp
 9ee:	6a02                	ld	s4,0(sp)
 9f0:	3600                	.2byte	0x3600
 9f2:	4a0e                	lw	s4,192(sp)
 9f4:	0000                	unimp
 9f6:	0200                	addi	s0,sp,256
 9f8:	6891                	lui	a7,0x4
 9fa:	4206                	lw	tp,64(sp)
 9fc:	0006                	c.slli	zero,0x1
 9fe:	0080                	addi	s0,sp,64
 a00:	0000                	unimp
 a02:	7400                	ld	s0,40(s0)
 a04:	0000                	unimp
 a06:	0000                	unimp
 a08:	0000                	unimp
 a0a:	0200                	addi	s0,sp,256
 a0c:	0069                	c.nop	26
 a0e:	1238                	addi	a4,sp,296
 a10:	004a                	c.slli	zero,0x12
 a12:	0000                	unimp
 a14:	9102                	jalr	sp
 a16:	0064                	addi	s1,sp,12
 a18:	0000                	unimp
 a1a:	00020507          	.4byte	0x20507
 a1e:	2800                	.2byte	0x2800
 a20:	0588                	addi	a0,sp,704
 a22:	8000                	.2byte	0x8000
 a24:	0000                	unimp
 a26:	0000                	unimp
 a28:	0034                	addi	a3,sp,8
 a2a:	0000                	unimp
 a2c:	0000                	unimp
 a2e:	0000                	unimp
 a30:	9c01                	subw	s0,s0,s0
 a32:	05b1                	addi	a1,a1,12
 a34:	0000                	unimp
 a36:	9f01                	subw	a4,a4,s0
 a38:	0002                	c.slli64	zero
 a3a:	2800                	.2byte	0x2800
 a3c:	8c1a                	mv	s8,t1
 a3e:	0000                	unimp
 a40:	0200                	addi	s0,sp,256
 a42:	6891                	lui	a7,0x4
 a44:	5e01                	li	t3,-32
 a46:	0002                	c.slli64	zero
 a48:	2800                	.2byte	0x2800
 a4a:	0000bc2f          	amoadd.d	s8,zero,(ra)
 a4e:	0200                	addi	s0,sp,256
 a50:	6091                	lui	ra,0x4
 a52:	6e656c0b          	.4byte	0x6e656c0b
 a56:	2800                	.2byte	0x2800
 a58:	bc3e                	.2byte	0xbc3e
 a5a:	0000                	unimp
 a5c:	0200                	addi	s0,sp,256
 a5e:	5891                	li	a7,-28
 a60:	1a00                	addi	s0,sp,304
 a62:	01c9                	addi	gp,gp,18
 a64:	0000                	unimp
 a66:	2001                	.2byte	0x2001
 a68:	2e06                	.2byte	0x2e06
 a6a:	0005                	c.nop	1
 a6c:	0080                	addi	s0,sp,64
 a6e:	0000                	unimp
 a70:	5a00                	lw	s0,48(a2)
 a72:	0000                	unimp
 a74:	0000                	unimp
 a76:	0000                	unimp
 a78:	0100                	addi	s0,sp,128
 a7a:	019c                	addi	a5,sp,192
 a7c:	029f 0000 1920      	.byte	0x9f, 0x02, 0x00, 0x00, 0x20, 0x19
 a82:	008c                	addi	a1,sp,64
 a84:	0000                	unimp
 a86:	9102                	jalr	sp
 a88:	0658                	addi	a4,sp,772
 a8a:	0558                	addi	a4,sp,644
 a8c:	8000                	.2byte	0x8000
 a8e:	0000                	unimp
 a90:	0000                	unimp
 a92:	0020                	addi	s0,sp,8
 a94:	0000                	unimp
 a96:	0000                	unimp
 a98:	0000                	unimp
 a9a:	6902                	ld	s2,0(sp)
 a9c:	2400                	.2byte	0x2400
 a9e:	4a0d                	li	s4,3
 aa0:	0000                	unimp
 aa2:	0200                	addi	s0,sp,256
 aa4:	6c91                	lui	s9,0x4
 aa6:	0000                	unimp
	...

Disassembly of section .debug_abbrev:

0000000000000000 <.debug_abbrev>:
   0:	1101                	addi	sp,sp,-32
   2:	1000                	addi	s0,sp,32
   4:	12011117          	auipc	sp,0x12011
   8:	1b0e030f          	.4byte	0x1b0e030f
   c:	250e                	.2byte	0x250e
   e:	130e                	slli	t1,t1,0x23
  10:	0005                	c.nop	1
  12:	0000                	unimp
  14:	3401                	addiw	s0,s0,-32
  16:	0300                	addi	s0,sp,384
  18:	3a08                	.2byte	0x3a08
  1a:	390b3b0b          	.4byte	0x390b3b0b
  1e:	0213490b          	.4byte	0x213490b
  22:	0018                	.2byte	0x18
  24:	0200                	addi	s0,sp,256
  26:	0024                	addi	s1,sp,8
  28:	0b3e0b0b          	.4byte	0xb3e0b0b
  2c:	00000e03          	lb	t3,0(zero) # 0 <_prog_start-0x80000000>
  30:	03001603          	lh	a2,48(zero) # 30 <_prog_start-0x7fffffd0>
  34:	3a0e                	.2byte	0x3a0e
  36:	390b3b0b          	.4byte	0x390b3b0b
  3a:	0013490b          	.4byte	0x13490b
  3e:	0400                	addi	s0,sp,512
  40:	0111010b          	.4byte	0x111010b
  44:	0712                	slli	a4,a4,0x4
  46:	1301                	addi	t1,t1,-32
  48:	0000                	unimp
  4a:	0505                	addi	a0,a0,1 # fffffffffffe0001 <hash+0xffffffff7ffde7f9>
  4c:	0300                	addi	s0,sp,384
  4e:	3a08                	.2byte	0x3a08
  50:	390b3b0b          	.4byte	0x390b3b0b
  54:	0213490b          	.4byte	0x213490b
  58:	0018                	.2byte	0x18
  5a:	0600                	addi	s0,sp,768
  5c:	0111010b          	.4byte	0x111010b
  60:	0712                	slli	a4,a4,0x4
  62:	0000                	unimp
  64:	03003407          	.4byte	0x3003407
  68:	3a0e                	.2byte	0x3a0e
  6a:	390b3b0b          	.4byte	0x390b3b0b
  6e:	0213490b          	.4byte	0x213490b
  72:	0018                	.2byte	0x18
  74:	0800                	addi	s0,sp,16
  76:	210b000f          	.4byte	0x210b000f
  7a:	4908                	lw	a0,16(a0)
  7c:	09000013          	li	zero,144
  80:	0026                	c.slli	zero,0x9
  82:	1349                	addi	t1,t1,-14
  84:	0000                	unimp
  86:	2e0a                	.2byte	0x2e0a
  88:	3f01                	addiw	t5,t5,-32
  8a:	0319                	addi	t1,t1,6
  8c:	3a0e                	.2byte	0x3a0e
  8e:	0221                	addi	tp,tp,8 # 8 <_prog_start-0x7ffffff8>
  90:	21390b3b          	.4byte	0x21390b3b
  94:	2706                	.2byte	0x2706
  96:	1119                	addi	sp,sp,-26 # 12010fea <_prog_start-0x6dfef016>
  98:	1201                	addi	tp,tp,-32 # ffffffffffffffe0 <hash+0xffffffff7fffe7d8>
  9a:	7c184007          	.4byte	0x7c184007
  9e:	0119                	addi	sp,sp,6
  a0:	0b000013          	li	zero,176
  a4:	0101                	addi	sp,sp,0
  a6:	1349                	addi	t1,t1,-14
  a8:	1301                	addi	t1,t1,-32
  aa:	0000                	unimp
  ac:	210c                	.2byte	0x210c
  ae:	4900                	lw	s0,16(a0)
  b0:	000b2f13          	slti	t5,s6,0
  b4:	0d00                	addi	s0,sp,656
  b6:	0111                	addi	sp,sp,4
  b8:	0e25                	addi	t3,t3,9 # 19009 <_prog_start-0x7ffe6ff7>
  ba:	1f030b13          	addi	s6,t1,496
  be:	01111f1b          	slliw	t5,sp,0x11
  c2:	0712                	slli	a4,a4,0x4
  c4:	1710                	addi	a2,sp,928
  c6:	0000                	unimp
  c8:	0f0e                	slli	t5,t5,0x3
  ca:	0b00                	addi	s0,sp,400
  cc:	000e030b          	.4byte	0xe030b
  d0:	0f00                	addi	s0,sp,912
  d2:	0024                	addi	s1,sp,8
  d4:	0b3e0b0b          	.4byte	0xb3e0b0b
  d8:	00000803          	lb	a6,0(zero) # 0 <_prog_start-0x80000000>
  dc:	3510                	.2byte	0x3510
  de:	4900                	lw	s0,16(a0)
  e0:	11000013          	li	zero,272
  e4:	0018                	.2byte	0x18
  e6:	0000                	unimp
  e8:	2e12                	.2byte	0x2e12
  ea:	0301                	addi	t1,t1,0
  ec:	3a0e                	.2byte	0x3a0e
  ee:	390b3b0b          	.4byte	0x390b3b0b
  f2:	1119270b          	.4byte	0x1119270b
  f6:	1201                	addi	tp,tp,-32 # ffffffffffffffe0 <hash+0xffffffff7fffe7d8>
  f8:	7c184007          	.4byte	0x7c184007
  fc:	0119                	addi	sp,sp,6
  fe:	13000013          	li	zero,304
 102:	012e                	slli	sp,sp,0xb
 104:	0e03193f 0b3b0b3a 	.8byte	0xb3b0b3a0e03193f
 10c:	0b39                	addi	s6,s6,14
 10e:	13491927          	.4byte	0x13491927
 112:	0111                	addi	sp,sp,4
 114:	0712                	slli	a4,a4,0x4
 116:	1840                	addi	s0,sp,52
 118:	197a                	slli	s2,s2,0x3e
 11a:	1301                	addi	t1,t1,-32
 11c:	0000                	unimp
 11e:	0514                	addi	a3,sp,640
 120:	0300                	addi	s0,sp,384
 122:	3a0e                	.2byte	0x3a0e
 124:	390b3b0b          	.4byte	0x390b3b0b
 128:	0213490b          	.4byte	0x213490b
 12c:	0018                	.2byte	0x18
 12e:	1500                	addi	s0,sp,672
 130:	0b0b000f          	.4byte	0xb0b000f
 134:	0000                	unimp
 136:	2616                	.2byte	0x2616
 138:	0000                	unimp
 13a:	1700                	addi	s0,sp,928
 13c:	012e                	slli	sp,sp,0xb
 13e:	0b3a0e03          	lb	t3,179(s4)
 142:	0b390b3b          	.4byte	0xb390b3b
 146:	01111927          	.4byte	0x1111927
 14a:	0712                	slli	a4,a4,0x4
 14c:	1840                	addi	s0,sp,52
 14e:	197a                	slli	s2,s2,0x3e
 150:	0000                	unimp
 152:	0100                	addi	s0,sp,128
 154:	0005                	c.nop	1
 156:	213a0e03          	lb	t3,531(s4)
 15a:	3b01                	addiw	s6,s6,-32
 15c:	490b390b          	.4byte	0x490b390b
 160:	00180213          	addi	tp,a6,1 # 1001 <_prog_start-0x7fffefff>
 164:	0200                	addi	s0,sp,256
 166:	0034                	addi	a3,sp,8
 168:	213a0803          	lb	a6,531(s4)
 16c:	3b01                	addiw	s6,s6,-32
 16e:	490b390b          	.4byte	0x490b390b
 172:	00180213          	addi	tp,a6,1
 176:	0300                	addi	s0,sp,384
 178:	0024                	addi	s1,sp,8
 17a:	0b3e0b0b          	.4byte	0xb3e0b0b
 17e:	00000e03          	lb	t3,0(zero) # 0 <_prog_start-0x80000000>
 182:	0b04                	addi	s1,sp,400
 184:	1101                	addi	sp,sp,-32
 186:	1201                	addi	tp,tp,-32 # ffffffffffffffe0 <hash+0xffffffff7fffe7d8>
 188:	00130107          	.4byte	0x130107
 18c:	0500                	addi	s0,sp,640
 18e:	0034                	addi	a3,sp,8
 190:	0b3a0e03          	lb	t3,179(s4)
 194:	0b390b3b          	.4byte	0xb390b3b
 198:	1349                	addi	t1,t1,-14
 19a:	1802                	slli	a6,a6,0x20
 19c:	0000                	unimp
 19e:	0b06                	slli	s6,s6,0x1
 1a0:	1101                	addi	sp,sp,-32
 1a2:	1201                	addi	tp,tp,-32 # ffffffffffffffe0 <hash+0xffffffff7fffe7d8>
 1a4:	07000007          	.4byte	0x7000007
 1a8:	012e                	slli	sp,sp,0xb
 1aa:	0e03193f 3b01213a 	.8byte	0x3b01213a0e03193f
 1b2:	0621390b          	.4byte	0x621390b
 1b6:	01111927          	.4byte	0x1111927
 1ba:	0712                	slli	a4,a4,0x4
 1bc:	1840                	addi	s0,sp,52
 1be:	197a                	slli	s2,s2,0x3e
 1c0:	1301                	addi	t1,t1,-32
 1c2:	0000                	unimp
 1c4:	0f08                	addi	a0,sp,912
 1c6:	0b00                	addi	s0,sp,400
 1c8:	0821                	addi	a6,a6,8
 1ca:	1349                	addi	t1,t1,-14
 1cc:	0000                	unimp
 1ce:	1609                	addi	a2,a2,-30
 1d0:	0300                	addi	s0,sp,384
 1d2:	3a0e                	.2byte	0x3a0e
 1d4:	390b3b0b          	.4byte	0x390b3b0b
 1d8:	0013490b          	.4byte	0x13490b
 1dc:	0a00                	addi	s0,sp,272
 1de:	0034                	addi	a3,sp,8
 1e0:	213a0803          	lb	a6,531(s4)
 1e4:	3b01                	addiw	s6,s6,-32
 1e6:	3905                	addiw	s2,s2,-31 # fe1 <_prog_start-0x7ffff01f>
 1e8:	0b21                	addi	s6,s6,8
 1ea:	1349                	addi	t1,t1,-14
 1ec:	1802                	slli	a6,a6,0x20
 1ee:	0000                	unimp
 1f0:	0300050b          	.4byte	0x300050b
 1f4:	3a08                	.2byte	0x3a08
 1f6:	0121                	addi	sp,sp,8
 1f8:	0b390b3b          	.4byte	0xb390b3b
 1fc:	1349                	addi	t1,t1,-14
 1fe:	1802                	slli	a6,a6,0x20
 200:	0000                	unimp
 202:	340c                	.2byte	0x340c
 204:	0300                	addi	s0,sp,384
 206:	3a0e                	.2byte	0x3a0e
 208:	0121                	addi	sp,sp,8
 20a:	21390b3b          	.4byte	0x21390b3b
 20e:	490a                	lw	s2,128(sp)
 210:	02193f13          	sltiu	t5,s2,33
 214:	0018                	.2byte	0x18
 216:	0d00                	addi	s0,sp,656
 218:	0026                	c.slli	zero,0x9
 21a:	1349                	addi	t1,t1,-14
 21c:	0000                	unimp
 21e:	010e                	slli	sp,sp,0x3
 220:	4901                	li	s2,0
 222:	00130113          	addi	sp,t1,1
 226:	0f00                	addi	s0,sp,912
 228:	0021                	c.nop	8
 22a:	1349                	addi	t1,t1,-14
 22c:	00000b2f          	.4byte	0xb2f
 230:	1110                	addi	a2,sp,160
 232:	2501                	sext.w	a0,a0
 234:	130e                	slli	t1,t1,0x23
 236:	1b1f030b          	.4byte	0x1b1f030b
 23a:	111f 1201 1007      	.byte	0x1f, 0x11, 0x01, 0x12, 0x07, 0x10
 240:	11000017          	auipc	zero,0x11000
 244:	0024                	addi	s1,sp,8
 246:	0b3e0b0b          	.4byte	0xb3e0b0b
 24a:	00000803          	lb	a6,0(zero) # 0 <_prog_start-0x80000000>
 24e:	0f12                	slli	t5,t5,0x4
 250:	0b00                	addi	s0,sp,400
 252:	1300000b          	.4byte	0x1300000b
 256:	0035                	c.nop	13
 258:	1349                	addi	t1,t1,-14
 25a:	0000                	unimp
 25c:	2e14                	.2byte	0x2e14
 25e:	3f01                	addiw	t5,t5,-32
 260:	0319                	addi	t1,t1,6
 262:	3a0e                	.2byte	0x3a0e
 264:	390b3b0b          	.4byte	0x390b3b0b
 268:	3c19270b          	.4byte	0x3c19270b
 26c:	0119                	addi	sp,sp,6
 26e:	15000013          	li	zero,336
 272:	0005                	c.nop	1
 274:	1349                	addi	t1,t1,-14
 276:	0000                	unimp
 278:	1816                	slli	a6,a6,0x25
 27a:	0000                	unimp
 27c:	1700                	addi	s0,sp,928
 27e:	012e                	slli	sp,sp,0xb
 280:	0e03193f 0b3b0b3a 	.8byte	0xb3b0b3a0e03193f
 288:	0b39                	addi	s6,s6,14
 28a:	13491927          	.4byte	0x13491927
 28e:	0111                	addi	sp,sp,4
 290:	0712                	slli	a4,a4,0x4
 292:	1840                	addi	s0,sp,52
 294:	197c                	addi	a5,sp,188
 296:	1301                	addi	t1,t1,-32
 298:	0000                	unimp
 29a:	3418                	.2byte	0x3418
 29c:	0300                	addi	s0,sp,384
 29e:	3a0e                	.2byte	0x3a0e
 2a0:	390b3b0b          	.4byte	0x390b3b0b
 2a4:	0013490b          	.4byte	0x13490b
 2a8:	1900                	addi	s0,sp,176
 2aa:	0034                	addi	a3,sp,8
 2ac:	0b3a0803          	lb	a6,179(s4)
 2b0:	0b390b3b          	.4byte	0xb390b3b
 2b4:	1349                	addi	t1,t1,-14
 2b6:	0000                	unimp
 2b8:	2e1a                	.2byte	0x2e1a
 2ba:	3f01                	addiw	t5,t5,-32
 2bc:	0319                	addi	t1,t1,6
 2be:	3a0e                	.2byte	0x3a0e
 2c0:	390b3b0b          	.4byte	0x390b3b0b
 2c4:	1119270b          	.4byte	0x1119270b
 2c8:	1201                	addi	tp,tp,-32 # ffffffffffffffe0 <hash+0xffffffff7fffe7d8>
 2ca:	7a184007          	.4byte	0x7a184007
 2ce:	0019                	c.nop	6
	...

Disassembly of section .debug_aranges:

0000000000000000 <.debug_aranges>:
   0:	002c                	addi	a1,sp,8
   2:	0000                	unimp
   4:	0002                	c.slli64	zero
   6:	0000                	unimp
   8:	0000                	unimp
   a:	0008                	.2byte	0x8
   c:	0000                	unimp
   e:	0000                	unimp
  10:	0000                	unimp
  12:	8000                	.2byte	0x8000
  14:	0000                	unimp
  16:	0000                	unimp
  18:	0038                	addi	a4,sp,8
	...
  2e:	0000                	unimp
  30:	002c                	addi	a1,sp,8
  32:	0000                	unimp
  34:	0002                	c.slli64	zero
  36:	0028                	addi	a0,sp,8
  38:	0000                	unimp
  3a:	0008                	.2byte	0x8
  3c:	0000                	unimp
  3e:	0000                	unimp
  40:	0038                	addi	a4,sp,8
  42:	8000                	.2byte	0x8000
  44:	0000                	unimp
  46:	0000                	unimp
  48:	04f6                	slli	s1,s1,0x1d
	...
  5e:	0000                	unimp
  60:	002c                	addi	a1,sp,8
  62:	0000                	unimp
  64:	0002                	c.slli64	zero
  66:	04b0                	addi	a2,sp,584
  68:	0000                	unimp
  6a:	0008                	.2byte	0x8
  6c:	0000                	unimp
  6e:	0000                	unimp
  70:	052e                	slli	a0,a0,0xb
  72:	8000                	.2byte	0x8000
  74:	0000                	unimp
  76:	0000                	unimp
  78:	0ecc                	addi	a1,sp,852
	...

Disassembly of section .debug_str:

0000000000000000 <.debug_str>:
   0:	6d6f682f          	.4byte	0x6d6f682f
   4:	2f65                	addiw	t5,t5,25
   6:	7564                	ld	s1,232(a0)
   8:	75687463          	bgeu	a6,s6,750 <_prog_start-0x7ffff8b0>
   c:	6e61                	lui	t3,0x18
   e:	4349522f          	.4byte	0x4349522f
  12:	75545653          	.4byte	0x75545653
  16:	6f74                	ld	a3,216(a4)
  18:	6972                	ld	s2,280(sp)
  1a:	6c61                	lui	s8,0x18
  1c:	5349522f          	.4byte	0x5349522f
  20:	75545643          	.4byte	0x75545643
  24:	6f74                	ld	a3,216(a4)
  26:	6972                	ld	s2,280(sp)
  28:	6c61                	lui	s8,0x18
  2a:	6770662f          	.4byte	0x6770662f
  2e:	2f61                	addiw	t5,t5,24
  30:	4b2f7773          	csrrci	a4,0x4b2,30
  34:	4345                	li	t1,17
  36:	2f4b4143          	.4byte	0x2f4b4143
  3a:	2f637273          	csrrci	tp,0x2f6,6
  3e:	30747263          	bgeu	s0,t2,342 <_prog_start-0x7ffffcbe>
  42:	532e                	lw	t1,232(sp)
  44:	2f00                	.2byte	0x2f00
  46:	6f68                	ld	a0,216(a4)
  48:	656d                	lui	a0,0x1b
  4a:	6375642f          	.4byte	0x6375642f
  4e:	6874                	ld	a3,208(s0)
  50:	6175                	addi	sp,sp,368
  52:	2f6e                	.2byte	0x2f6e
  54:	4952                	lw	s2,20(sp)
  56:	54565343          	.4byte	0x54565343
  5a:	7475                	lui	s0,0xffffd
  5c:	6169726f          	jal	tp,97672 <_prog_start-0x7ff6898e>
  60:	2f6c                	.2byte	0x2f6c
  62:	4952                	lw	s2,20(sp)
  64:	54564353          	.4byte	0x54564353
  68:	7475                	lui	s0,0xffffd
  6a:	6169726f          	jal	tp,97680 <_prog_start-0x7ff68980>
  6e:	2f6c                	.2byte	0x2f6c
  70:	7066                	.2byte	0x7066
  72:	732f6167          	.4byte	0x732f6167
  76:	454b2f77          	.4byte	0x454b2f77
  7a:	4b414343          	.4byte	0x4b414343
  7e:	4700                	lw	s0,8(a4)
  80:	554e                	lw	a0,240(sp)
  82:	4120                	lw	s0,64(a0)
  84:	2e322053          	.4byte	0x2e322053
  88:	69003933          	.4byte	0x69003933
  8c:	68635f73          	csrrwi	t5,0x686,6
  90:	7261                	lui	tp,0xffff8
  92:	7300                	ld	s0,32(a4)
  94:	7a69                	lui	s4,0xffffa
  96:	5f65                	li	t5,-7
  98:	0074                	addi	a3,sp,12
  9a:	5f5f 7562 6c69      	.byte	0x5f, 0x5f, 0x62, 0x75, 0x69, 0x6c
  a0:	6974                	ld	a3,208(a0)
  a2:	5f6e                	lw	t5,248(sp)
  a4:	6176                	ld	sp,344(sp)
  a6:	6c5f 7369 0074      	.byte	0x5f, 0x6c, 0x69, 0x73, 0x74, 0x00
  ac:	5f5f 6e69 3374      	.byte	0x5f, 0x5f, 0x69, 0x6e, 0x74, 0x33
  b2:	5f32                	lw	t5,44(sp)
  b4:	0074                	addi	a3,sp,12
  b6:	7369                	lui	t1,0xffffa
  b8:	6c5f 6e6f 0067      	.byte	0x5f, 0x6c, 0x6f, 0x6e, 0x67, 0x00
  be:	6972706b          	.4byte	0x6972706b
  c2:	746e                	ld	s0,248(sp)
  c4:	0066                	c.slli	zero,0x19
  c6:	5f5f 6e67 6375      	.byte	0x5f, 0x5f, 0x67, 0x6e, 0x75, 0x63
  cc:	765f 5f61 696c      	.byte	0x5f, 0x76, 0x61, 0x5f, 0x6c, 0x69
  d2:	75007473          	csrrci	s0,0x750,0
  d6:	736e                	ld	t1,248(sp)
  d8:	6769                	lui	a4,0x1a
  da:	656e                	ld	a0,216(sp)
  dc:	2064                	.2byte	0x2064
  de:	72616863          	bltu	sp,t1,80e <_prog_start-0x7ffff7f2>
  e2:	7300                	ld	s0,32(a4)
  e4:	6f68                	ld	a0,216(a4)
  e6:	7472                	ld	s0,312(sp)
  e8:	7520                	ld	s0,104(a0)
  ea:	736e                	ld	t1,248(sp)
  ec:	6769                	lui	a4,0x1a
  ee:	656e                	ld	a0,216(sp)
  f0:	2064                	.2byte	0x2064
  f2:	6e69                	lui	t3,0x1a
  f4:	0074                	addi	a3,sp,12
  f6:	6564                	ld	s1,200(a0)
  f8:	5f007473          	csrrci	s0,0x5f0,0
  fc:	755f 6e69 3374      	.byte	0x5f, 0x75, 0x69, 0x6e, 0x74, 0x33
 102:	5f32                	lw	t5,44(sp)
 104:	0074                	addi	a3,sp,12
 106:	7369                	lui	t1,0xffffa
 108:	665f 726f 616d      	.byte	0x5f, 0x66, 0x6f, 0x72, 0x6d, 0x61
 10e:	0074                	addi	a3,sp,12
 110:	656d                	lui	a0,0x1b
 112:	6d6d                	lui	s10,0x1b
 114:	0065766f          	jal	a2,5711a <_prog_start-0x7ffa8ee6>
 118:	6f6c                	ld	a1,216(a4)
 11a:	676e                	ld	a4,216(sp)
 11c:	6c20                	ld	s0,88(s0)
 11e:	20676e6f          	jal	t3,76324 <_prog_start-0x7ff89cdc>
 122:	6e69                	lui	t3,0x1a
 124:	0074                	addi	a3,sp,12
 126:	726f6873          	csrrsi	a6,mhpmevent6h,30
 12a:	2074                	.2byte	0x2074
 12c:	6e69                	lui	t3,0x1a
 12e:	0074                	addi	a3,sp,12
 130:	6b5f 7570 7374      	.byte	0x5f, 0x6b, 0x70, 0x75, 0x74, 0x73
 136:	7500                	ld	s0,40(a0)
 138:	7261                	lui	tp,0xffff8
 13a:	0074                	addi	a3,sp,12
 13c:	6f6c                	ld	a1,216(a4)
 13e:	676e                	ld	a4,216(sp)
 140:	6420                	ld	s0,72(s0)
 142:	6c62756f          	jal	a0,27808 <_prog_start-0x7ffd87f8>
 146:	0065                	c.nop	25
 148:	7475706b          	.4byte	0x7475706b
 14c:	425f0063          	beq	t5,t0,56c <_prog_start-0x7ffffa94>
 150:	006c6f6f          	jal	t5,c6156 <_prog_start-0x7ff39eaa>
 154:	20554e47          	.4byte	0x20554e47
 158:	20313143          	.4byte	0x20313143
 15c:	3231                	addiw	tp,tp,-20 # ffffffffffff7fec <hash+0xffffffff7fff67e4>
 15e:	322e                	.2byte	0x322e
 160:	302e                	.2byte	0x302e
 162:	2d20                	.2byte	0x2d20
 164:	636d                	lui	t1,0x1b
 166:	6f6d                	lui	t5,0x1b
 168:	6564                	ld	s1,200(a0)
 16a:	3d6c                	.2byte	0x3d6c
 16c:	656d                	lui	a0,0x1b
 16e:	6164                	ld	s1,192(a0)
 170:	796e                	ld	s2,248(sp)
 172:	2d20                	.2byte	0x2d20
 174:	616d                	addi	sp,sp,240
 176:	6962                	ld	s2,24(sp)
 178:	6c3d                	lui	s8,0xf
 17a:	3670                	.2byte	0x3670
 17c:	2034                	.2byte	0x2034
 17e:	6d2d                	lui	s10,0xb
 180:	7574                	ld	a3,232(a0)
 182:	656e                	ld	a0,216(sp)
 184:	723d                	lui	tp,0xfffef
 186:	656b636f          	jal	t1,b67dc <_prog_start-0x7ff49824>
 18a:	2074                	.2byte	0x2074
 18c:	6d2d                	lui	s10,0xb
 18e:	7369                	lui	t1,0xffffa
 190:	2d61                	addiw	s10,s10,24 # b018 <_prog_start-0x7fff4fe8>
 192:	63657073          	csrci	0x636,10
 196:	323d                	addiw	tp,tp,-17 # fffffffffffeefef <hash+0xffffffff7ffed7e7>
 198:	322e                	.2byte	0x322e
 19a:	2d20                	.2byte	0x2d20
 19c:	616d                	addi	sp,sp,240
 19e:	6372                	ld	t1,280(sp)
 1a0:	3d68                	.2byte	0x3d68
 1a2:	7672                	ld	a2,312(sp)
 1a4:	3436                	.2byte	0x3436
 1a6:	6d69                	lui	s10,0x1a
 1a8:	6361                	lui	t1,0x18
 1aa:	2d20                	.2byte	0x2d20
 1ac:	4f2d2067          	.4byte	0x4f2d2067
 1b0:	2030                	.2byte	0x2030
 1b2:	732d                	lui	t1,0xfffeb
 1b4:	6474                	ld	a3,200(s0)
 1b6:	673d                	lui	a4,0xf
 1b8:	756e                	ld	a0,248(sp)
 1ba:	3131                	addiw	sp,sp,-20
 1bc:	2d20                	.2byte	0x2d20
 1be:	6e66                	ld	t3,88(sp)
 1c0:	6f632d6f          	jal	s10,328b6 <_prog_start-0x7ffcd74a>
 1c4:	6d6d                	lui	s10,0x1b
 1c6:	6b006e6f          	jal	t3,6876 <_prog_start-0x7fff978a>
 1ca:	6365                	lui	t1,0x19
 1cc:	5f6b6163          	bltu	s6,s6,7ae <_prog_start-0x7ffff852>
 1d0:	6572                	ld	a0,280(sp)
 1d2:	00746573          	csrrsi	a0,0x7,8
 1d6:	72617473          	csrrci	s0,mhpmevent6h,2
 1da:	0074                	addi	a3,sp,12
 1dc:	6363656b          	.4byte	0x6363656b
 1e0:	6b61                	lui	s6,0x18
 1e2:	775f 6972 6574      	.byte	0x5f, 0x77, 0x72, 0x69, 0x74, 0x65
 1e8:	6c5f 7361 5f74      	.byte	0x5f, 0x6c, 0x61, 0x73, 0x74, 0x5f
 1ee:	6164                	ld	s1,192(a0)
 1f0:	6174                	ld	a3,192(a0)
 1f2:	6b00                	ld	s0,16(a4)
 1f4:	6365                	lui	t1,0x19
 1f6:	5f6b6163          	bltu	s6,s6,7d8 <_prog_start-0x7ffff828>
 1fa:	6168                	ld	a0,192(a0)
 1fc:	615f6873          	csrrsi	a6,htimedeltah,30
 200:	6e696167          	.4byte	0x6e696167
 204:	6b00                	ld	s0,16(a4)
 206:	6365                	lui	t1,0x19
 208:	5f6b6163          	bltu	s6,s6,7ea <_prog_start-0x7ffff816>
 20c:	666e6f63          	bltu	t3,t1,88a <_prog_start-0x7ffff776>
 210:	6769                	lui	a4,0x1a
 212:	6800                	ld	s0,16(s0)
 214:	7261                	lui	tp,0xffff8
 216:	6974                	ld	a3,208(a0)
 218:	0064                	addi	s1,sp,12
 21a:	6363656b          	.4byte	0x6363656b
 21e:	6b61                	lui	s6,0x18
 220:	725f 6165 5f64      	.byte	0x5f, 0x72, 0x65, 0x61, 0x64, 0x5f
 226:	6f64                	ld	s1,216(a4)
 228:	656e                	ld	a0,216(sp)
 22a:	6b00                	ld	s0,16(a4)
 22c:	6365                	lui	t1,0x19
 22e:	5f6b6163          	bltu	s6,s6,810 <_prog_start-0x7ffff7f0>
 232:	74697277          	.4byte	0x74697277
 236:	5f65                	li	t5,-7
 238:	6164                	ld	s1,192(a0)
 23a:	6174                	ld	a3,192(a0)
 23c:	6d00                	ld	s0,24(a0)
 23e:	6961                	lui	s2,0x18
 240:	006e                	c.slli	zero,0x1b
 242:	6f6c                	ld	a1,216(a4)
 244:	676e                	ld	a4,216(sp)
 246:	6c20                	ld	s0,88(s0)
 248:	20676e6f          	jal	t3,7644e <_prog_start-0x7ff89bb2>
 24c:	6e75                	lui	t3,0x1d
 24e:	6e676973          	csrrsi	s2,0x6e6,14
 252:	6465                	lui	s0,0x19
 254:	6920                	ld	s0,80(a0)
 256:	746e                	ld	s0,248(sp)
 258:	6c00                	ld	s0,24(s0)
 25a:	6e69                	lui	t3,0x1a
 25c:	0065                	c.nop	25
 25e:	6f6d                	lui	t5,0x1b
 260:	6564                	ld	s1,200(a0)
 262:	6800                	ld	s0,16(s0)
 264:	7361                	lui	t1,0xffff8
 266:	0068                	addi	a0,sp,12
 268:	6168                	ld	a0,192(a0)
 26a:	6c5f6873          	csrrsi	a6,0x6c5,30
 26e:	6e65                	lui	t3,0x19
 270:	6b00                	ld	s0,16(a4)
 272:	6365                	lui	t1,0x19
 274:	5f6b6163          	bltu	s6,s6,856 <_prog_start-0x7ffff7aa>
 278:	6572                	ld	a0,280(sp)
 27a:	6461                	lui	s0,0x18
 27c:	645f 7461 0061      	.byte	0x5f, 0x64, 0x61, 0x74, 0x61, 0x00
 282:	6e69                	lui	t3,0x1a
 284:	7570                	ld	a2,232(a0)
 286:	5f74                	lw	a3,124(a4)
 288:	6363656b          	.4byte	0x6363656b
 28c:	6b61                	lui	s6,0x18
 28e:	6100                	ld	s0,0(a0)
 290:	6772                	ld	a4,280(sp)
 292:	0076                	c.slli	zero,0x1d
 294:	5f5f 6975 746e      	.byte	0x5f, 0x5f, 0x75, 0x69, 0x6e, 0x74
 29a:	3436                	.2byte	0x3436
 29c:	745f 6b00 6365      	.byte	0x5f, 0x74, 0x00, 0x6b, 0x65, 0x63
 2a2:	436b6163          	bltu	s6,s6,6c4 <_prog_start-0x7ffff93c>
 2a6:	7274                	ld	a3,224(a2)
 2a8:	006c                	addi	a1,sp,12

Disassembly of section .debug_frame:

0000000000000000 <.debug_frame>:
   0:	000c                	.2byte	0xc
   2:	0000                	unimp
   4:	ffff                	.2byte	0xffff
   6:	ffff                	.2byte	0xffff
   8:	7c010003          	lb	zero,1984(sp)
   c:	0d01                	addi	s10,s10,0 # 1b000 <_prog_start-0x7ffe5000>
   e:	0002                	c.slli64	zero
  10:	002c                	addi	a1,sp,8
  12:	0000                	unimp
  14:	0000                	unimp
  16:	0000                	unimp
  18:	0038                	addi	a4,sp,8
  1a:	8000                	.2byte	0x8000
  1c:	0000                	unimp
  1e:	0000                	unimp
  20:	003e                	c.slli	zero,0xf
  22:	0000                	unimp
  24:	0000                	unimp
  26:	0000                	unimp
  28:	0e42                	slli	t3,t3,0x10
  2a:	4230                	lw	a2,64(a2)
  2c:	0288                	addi	a0,sp,320
  2e:	0c42                	slli	s8,s8,0x10
  30:	0008                	.2byte	0x8
  32:	c874                	sw	a3,84(s0)
  34:	020c                	addi	a1,sp,256
  36:	4230                	lw	a2,64(a2)
  38:	000e                	c.slli	zero,0x3
  3a:	0000                	unimp
  3c:	0000                	unimp
  3e:	0000                	unimp
  40:	002c                	addi	a1,sp,8
  42:	0000                	unimp
  44:	0000                	unimp
  46:	0000                	unimp
  48:	0076                	c.slli	zero,0x1d
  4a:	8000                	.2byte	0x8000
  4c:	0000                	unimp
  4e:	0000                	unimp
  50:	00ae                	slli	ra,ra,0xb
  52:	0000                	unimp
  54:	0000                	unimp
  56:	0000                	unimp
  58:	0e42                	slli	t3,t3,0x10
  5a:	4250                	lw	a2,4(a2)
  5c:	0288                	addi	a0,sp,320
  5e:	0c42                	slli	s8,s8,0x10
  60:	0008                	.2byte	0x8
  62:	a402                	.2byte	0xa402
  64:	0cc8                	addi	a0,sp,596
  66:	5002                	.2byte	0x5002
  68:	0e42                	slli	t3,t3,0x10
  6a:	0000                	unimp
  6c:	0000                	unimp
  6e:	0000                	unimp
  70:	002c                	addi	a1,sp,8
  72:	0000                	unimp
  74:	0000                	unimp
  76:	0000                	unimp
  78:	0124                	addi	s1,sp,136
  7a:	8000                	.2byte	0x8000
  7c:	0000                	unimp
  7e:	0000                	unimp
  80:	0044                	addi	s1,sp,4
  82:	0000                	unimp
  84:	0000                	unimp
  86:	0000                	unimp
  88:	0e42                	slli	t3,t3,0x10
  8a:	4430                	lw	a2,72(s0)
  8c:	0281                	addi	t0,t0,0
  8e:	0488                	addi	a0,sp,576
  90:	0c42                	slli	s8,s8,0x10
  92:	0008                	.2byte	0x8
  94:	c176                	sw	t4,128(sp)
  96:	c842                	sw	a6,16(sp)
  98:	020c                	addi	a1,sp,256
  9a:	4230                	lw	a2,64(a2)
  9c:	000e                	c.slli	zero,0x3
  9e:	0000                	unimp
  a0:	002c                	addi	a1,sp,8
  a2:	0000                	unimp
  a4:	0000                	unimp
  a6:	0000                	unimp
  a8:	0168                	addi	a0,sp,140
  aa:	8000                	.2byte	0x8000
  ac:	0000                	unimp
  ae:	0000                	unimp
  b0:	002a                	c.slli	zero,0xa
  b2:	0000                	unimp
  b4:	0000                	unimp
  b6:	0000                	unimp
  b8:	0e42                	slli	t3,t3,0x10
  ba:	4420                	lw	s0,72(s0)
  bc:	0281                	addi	t0,t0,0
  be:	0488                	addi	a0,sp,576
  c0:	0c42                	slli	s8,s8,0x10
  c2:	0008                	.2byte	0x8
  c4:	c15c                	sw	a5,4(a0)
  c6:	c842                	sw	a6,16(sp)
  c8:	020c                	addi	a1,sp,256
  ca:	4220                	lw	s0,64(a2)
  cc:	000e                	c.slli	zero,0x3
  ce:	0000                	unimp
  d0:	0034                	addi	a3,sp,8
  d2:	0000                	unimp
  d4:	0000                	unimp
  d6:	0000                	unimp
  d8:	0192                	slli	gp,gp,0x4
  da:	8000                	.2byte	0x8000
  dc:	0000                	unimp
  de:	0000                	unimp
  e0:	039c                	addi	a5,sp,448
  e2:	0000                	unimp
  e4:	0000                	unimp
  e6:	0000                	unimp
  e8:	0e42                	slli	t3,t3,0x10
  ea:	02a0                	addi	s0,sp,328
  ec:	8144                	.2byte	0x8144
  ee:	8812                	mv	a6,tp
  f0:	4214                	lw	a3,0(a2)
  f2:	080c                	addi	a1,sp,16
  f4:	0340                	addi	s0,sp,388
  f6:	038e                	slli	t2,t2,0x3
  f8:	42c1                	li	t0,16
  fa:	0cc8                	addi	a0,sp,596
  fc:	a002                	.2byte	0xa002
  fe:	4202                	lw	tp,0(sp)
 100:	000e                	c.slli	zero,0x3
 102:	0000                	unimp
 104:	0000                	unimp
 106:	0000                	unimp
 108:	000c                	.2byte	0xc
 10a:	0000                	unimp
 10c:	ffff                	.2byte	0xffff
 10e:	ffff                	.2byte	0xffff
 110:	7c010003          	lb	zero,1984(sp)
 114:	0d01                	addi	s10,s10,0
 116:	0002                	c.slli64	zero
 118:	002c                	addi	a1,sp,8
 11a:	0000                	unimp
 11c:	0108                	addi	a0,sp,128
 11e:	0000                	unimp
 120:	052e                	slli	a0,a0,0xb
 122:	8000                	.2byte	0x8000
 124:	0000                	unimp
 126:	0000                	unimp
 128:	005a                	c.slli	zero,0x16
 12a:	0000                	unimp
 12c:	0000                	unimp
 12e:	0000                	unimp
 130:	0e42                	slli	t3,t3,0x10
 132:	4230                	lw	a2,64(a2)
 134:	0288                	addi	a0,sp,320
 136:	0c42                	slli	s8,s8,0x10
 138:	0008                	.2byte	0x8
 13a:	5002                	.2byte	0x5002
 13c:	0cc8                	addi	a0,sp,596
 13e:	3002                	.2byte	0x3002
 140:	0e42                	slli	t3,t3,0x10
 142:	0000                	unimp
 144:	0000                	unimp
 146:	0000                	unimp
 148:	002c                	addi	a1,sp,8
 14a:	0000                	unimp
 14c:	0108                	addi	a0,sp,128
 14e:	0000                	unimp
 150:	0588                	addi	a0,sp,704
 152:	8000                	.2byte	0x8000
 154:	0000                	unimp
 156:	0000                	unimp
 158:	0034                	addi	a3,sp,8
 15a:	0000                	unimp
 15c:	0000                	unimp
 15e:	0000                	unimp
 160:	0e42                	slli	t3,t3,0x10
 162:	4230                	lw	a2,64(a2)
 164:	0288                	addi	a0,sp,320
 166:	0c42                	slli	s8,s8,0x10
 168:	0008                	.2byte	0x8
 16a:	c86a                	sw	s10,16(sp)
 16c:	020c                	addi	a1,sp,256
 16e:	4230                	lw	a2,64(a2)
 170:	000e                	c.slli	zero,0x3
 172:	0000                	unimp
 174:	0000                	unimp
 176:	0000                	unimp
 178:	002c                	addi	a1,sp,8
 17a:	0000                	unimp
 17c:	0108                	addi	a0,sp,128
 17e:	0000                	unimp
 180:	05bc                	addi	a5,sp,712
 182:	8000                	.2byte	0x8000
 184:	0000                	unimp
 186:	0000                	unimp
 188:	013a                	slli	sp,sp,0xe
 18a:	0000                	unimp
 18c:	0000                	unimp
 18e:	0000                	unimp
 190:	0e42                	slli	t3,t3,0x10
 192:	4240                	lw	s0,4(a2)
 194:	0288                	addi	a0,sp,320
 196:	0c42                	slli	s8,s8,0x10
 198:	0008                	.2byte	0x8
 19a:	c8013003          	ld	zero,-896(sp)
 19e:	020c                	addi	a1,sp,256
 1a0:	4240                	lw	s0,4(a2)
 1a2:	000e                	c.slli	zero,0x3
 1a4:	0000                	unimp
 1a6:	0000                	unimp
 1a8:	002c                	addi	a1,sp,8
 1aa:	0000                	unimp
 1ac:	0108                	addi	a0,sp,128
 1ae:	0000                	unimp
 1b0:	06f6                	slli	a3,a3,0x1d
 1b2:	8000                	.2byte	0x8000
 1b4:	0000                	unimp
 1b6:	0000                	unimp
 1b8:	010e                	slli	sp,sp,0x3
 1ba:	0000                	unimp
 1bc:	0000                	unimp
 1be:	0000                	unimp
 1c0:	0e42                	slli	t3,t3,0x10
 1c2:	4240                	lw	s0,4(a2)
 1c4:	0288                	addi	a0,sp,320
 1c6:	0c42                	slli	s8,s8,0x10
 1c8:	0008                	.2byte	0x8
 1ca:	c8010403          	lb	s0,-896(sp)
 1ce:	020c                	addi	a1,sp,256
 1d0:	4240                	lw	s0,4(a2)
 1d2:	000e                	c.slli	zero,0x3
 1d4:	0000                	unimp
 1d6:	0000                	unimp
 1d8:	002c                	addi	a1,sp,8
 1da:	0000                	unimp
 1dc:	0108                	addi	a0,sp,128
 1de:	0000                	unimp
 1e0:	0804                	addi	s1,sp,16
 1e2:	8000                	.2byte	0x8000
 1e4:	0000                	unimp
 1e6:	0000                	unimp
 1e8:	0096                	slli	ra,ra,0x5
 1ea:	0000                	unimp
 1ec:	0000                	unimp
 1ee:	0000                	unimp
 1f0:	0e42                	slli	t3,t3,0x10
 1f2:	4240                	lw	s0,4(a2)
 1f4:	0288                	addi	a0,sp,320
 1f6:	0c42                	slli	s8,s8,0x10
 1f8:	0008                	.2byte	0x8
 1fa:	8c02                	jr	s8
 1fc:	0cc8                	addi	a0,sp,596
 1fe:	4002                	.2byte	0x4002
 200:	0e42                	slli	t3,t3,0x10
 202:	0000                	unimp
 204:	0000                	unimp
 206:	0000                	unimp
 208:	002c                	addi	a1,sp,8
 20a:	0000                	unimp
 20c:	0108                	addi	a0,sp,128
 20e:	0000                	unimp
 210:	089a                	slli	a7,a7,0x6
 212:	8000                	.2byte	0x8000
 214:	0000                	unimp
 216:	0000                	unimp
 218:	002a                	c.slli	zero,0xa
 21a:	0000                	unimp
 21c:	0000                	unimp
 21e:	0000                	unimp
 220:	0e42                	slli	t3,t3,0x10
 222:	4220                	lw	s0,64(a2)
 224:	0288                	addi	a0,sp,320
 226:	0c42                	slli	s8,s8,0x10
 228:	0008                	.2byte	0x8
 22a:	c860                	sw	s0,84(s0)
 22c:	020c                	addi	a1,sp,256
 22e:	4220                	lw	s0,64(a2)
 230:	000e                	c.slli	zero,0x3
 232:	0000                	unimp
 234:	0000                	unimp
 236:	0000                	unimp
 238:	002c                	addi	a1,sp,8
 23a:	0000                	unimp
 23c:	0108                	addi	a0,sp,128
 23e:	0000                	unimp
 240:	08c4                	addi	s1,sp,84
 242:	8000                	.2byte	0x8000
 244:	0000                	unimp
 246:	0000                	unimp
 248:	001e                	c.slli	zero,0x7
 24a:	0000                	unimp
 24c:	0000                	unimp
 24e:	0000                	unimp
 250:	0e42                	slli	t3,t3,0x10
 252:	4220                	lw	s0,64(a2)
 254:	0288                	addi	a0,sp,320
 256:	0c42                	slli	s8,s8,0x10
 258:	0008                	.2byte	0x8
 25a:	c854                	sw	a3,20(s0)
 25c:	020c                	addi	a1,sp,256
 25e:	4220                	lw	s0,64(a2)
 260:	000e                	c.slli	zero,0x3
 262:	0000                	unimp
 264:	0000                	unimp
 266:	0000                	unimp
 268:	0024                	addi	s1,sp,8
 26a:	0000                	unimp
 26c:	0108                	addi	a0,sp,128
 26e:	0000                	unimp
 270:	08e2                	slli	a7,a7,0x18
 272:	8000                	.2byte	0x8000
 274:	0000                	unimp
 276:	0000                	unimp
 278:	0b18                	addi	a4,sp,400
 27a:	0000                	unimp
 27c:	0000                	unimp
 27e:	0000                	unimp
 280:	0e42                	slli	t3,t3,0x10
 282:	4460                	lw	s0,76(s0)
 284:	0281                	addi	t0,t0,0
 286:	0488                	addi	a0,sp,576
 288:	0c42                	slli	s8,s8,0x10
 28a:	0008                	.2byte	0x8
 28c:	0000                	unimp
	...
