
/home/hungthoik24/RISCVTutorial/fpga/sw/ascon/build/main.elf:     file format elf32-littleriscv


Disassembly of section .text:

80000000 <_prog_start>:
  .section .text.init
  .option norvc
  .globl _prog_start
_prog_start:
  // perform boot if hart_0, otherwise sleep
  csrr s0, mhartid
80000000:	f1402473          	csrr	s0,mhartid
  bne s0, zero, _stop
80000004:	02041063          	bnez	s0,80000024 <_stop>
  csrw mie, s2
80000008:	30491073          	csrw	mie,s2
  li sp, (PAYLOAD_DEST + 0x3ff0)
8000000c:	80004137          	lui	sp,0x80004
80000010:	ff010113          	addi	sp,sp,-16 # 80003ff0 <_ram_end+0xffff3ff0>
  csrr a0, mhartid
80000014:	f1402573          	csrr	a0,mhartid
  call main
80000018:	0db000ef          	jal	ra,800008f2 <main>
  li s1, MEMORY_MEM_ADDR
8000001c:	800004b7          	lui	s1,0x80000
  jr s1
80000020:	00048067          	jr	s1 # 80000000 <_ram_end+0xffff0000>

80000024 <_stop>:
_stop:
  wfi
80000024:	10500073          	wfi

80000028 <_loopback>:
_loopback:
  j _loopback
80000028:	0000006f          	j	80000028 <_loopback>

8000002c <read_hash>:
 * puts bytes 8w..8w+3 in the lower half and 8w+4..8w+7 in the upper.
 */
static void read_hash(uint8_t *dst, uint32_t len)
{
	for (uint32_t w = 0; w * 8 < len; w++) {
		le32_store_at(dst, w * 8,     len, REG32(ASCON_HASH + (2 * w + 1) * 4));
8000002c:	64008eb7          	lui	t4,0x64008
80000030:	044e8f13          	addi	t5,t4,68 # 64008044 <_available_heap+0x63ffaedc>
{
80000034:	4e11                	li	t3,4
	for (uint32_t w = 0; w * 8 < len; w++) {
80000036:	4601                	li	a2,0
	for (uint32_t i = 0; i < 4; i++)
80000038:	02000693          	li	a3,32
		le32_store_at(dst, w * 8 + 4, len, REG32(ASCON_HASH + (2 * w) * 4));
8000003c:	040e8e93          	addi	t4,t4,64
		le32_store_at(dst, w * 8,     len, REG32(ASCON_HASH + (2 * w + 1) * 4));
80000040:	01e607b3          	add	a5,a2,t5
80000044:	0007a303          	lw	t1,0(a5)
80000048:	8732                	mv	a4,a2
8000004a:	4781                	li	a5,0
			base[idx + i] = (uint8_t)(v >> (8 * i));
8000004c:	00f358b3          	srl	a7,t1,a5
80000050:	00e50833          	add	a6,a0,a4
	for (uint32_t i = 0; i < 4; i++)
80000054:	07a1                	addi	a5,a5,8
		if (idx + i < len)
80000056:	00b77463          	bgeu	a4,a1,8000005e <read_hash+0x32>
			base[idx + i] = (uint8_t)(v >> (8 * i));
8000005a:	01180023          	sb	a7,0(a6)
	for (uint32_t i = 0; i < 4; i++)
8000005e:	0705                	addi	a4,a4,1
80000060:	fed796e3          	bne	a5,a3,8000004c <read_hash+0x20>
		le32_store_at(dst, w * 8 + 4, len, REG32(ASCON_HASH + (2 * w) * 4));
80000064:	01d607b3          	add	a5,a2,t4
80000068:	0007a303          	lw	t1,0(a5)
8000006c:	8772                	mv	a4,t3
8000006e:	4781                	li	a5,0
			base[idx + i] = (uint8_t)(v >> (8 * i));
80000070:	00f358b3          	srl	a7,t1,a5
80000074:	00e50833          	add	a6,a0,a4
	for (uint32_t i = 0; i < 4; i++)
80000078:	07a1                	addi	a5,a5,8
		if (idx + i < len)
8000007a:	00b77463          	bgeu	a4,a1,80000082 <read_hash+0x56>
			base[idx + i] = (uint8_t)(v >> (8 * i));
8000007e:	01180023          	sb	a7,0(a6)
	for (uint32_t i = 0; i < 4; i++)
80000082:	0705                	addi	a4,a4,1
80000084:	fed796e3          	bne	a5,a3,80000070 <read_hash+0x44>
	for (uint32_t w = 0; w * 8 < len; w++) {
80000088:	0621                	addi	a2,a2,8
8000008a:	0e21                	addi	t3,t3,8
8000008c:	fab66ae3          	bltu	a2,a1,80000040 <read_hash+0x14>
	}
}
80000090:	8082                	ret

80000092 <read_out_buf>:

/* Same layout for the wrapper's captured output buffer. */
static void read_out_buf(uint8_t *dst, uint32_t len)
{
	for (uint32_t w = 0; w * 8 < len; w++) {
80000092:	c1bd                	beqz	a1,800000f8 <read_out_buf+0x66>
		le32_store_at(dst, w * 8,     len, REG32(ASCON_OUT + (2 * w + 1) * 4));
80000094:	64008eb7          	lui	t4,0x64008
80000098:	104e8f13          	addi	t5,t4,260 # 64008104 <_available_heap+0x63ffaf9c>
	for (uint32_t w = 0; w * 8 < len; w++) {
8000009c:	4e11                	li	t3,4
8000009e:	4601                	li	a2,0
	for (uint32_t i = 0; i < 4; i++)
800000a0:	02000693          	li	a3,32
		le32_store_at(dst, w * 8 + 4, len, REG32(ASCON_OUT + (2 * w) * 4));
800000a4:	100e8e93          	addi	t4,t4,256
		le32_store_at(dst, w * 8,     len, REG32(ASCON_OUT + (2 * w + 1) * 4));
800000a8:	01e607b3          	add	a5,a2,t5
800000ac:	0007a303          	lw	t1,0(a5)
800000b0:	8732                	mv	a4,a2
800000b2:	4781                	li	a5,0
			base[idx + i] = (uint8_t)(v >> (8 * i));
800000b4:	00f358b3          	srl	a7,t1,a5
800000b8:	00e50833          	add	a6,a0,a4
	for (uint32_t i = 0; i < 4; i++)
800000bc:	07a1                	addi	a5,a5,8
		if (idx + i < len)
800000be:	00b77463          	bgeu	a4,a1,800000c6 <read_out_buf+0x34>
			base[idx + i] = (uint8_t)(v >> (8 * i));
800000c2:	01180023          	sb	a7,0(a6)
	for (uint32_t i = 0; i < 4; i++)
800000c6:	0705                	addi	a4,a4,1
800000c8:	fed796e3          	bne	a5,a3,800000b4 <read_out_buf+0x22>
		le32_store_at(dst, w * 8 + 4, len, REG32(ASCON_OUT + (2 * w) * 4));
800000cc:	01d607b3          	add	a5,a2,t4
800000d0:	0007a303          	lw	t1,0(a5)
800000d4:	8772                	mv	a4,t3
800000d6:	4781                	li	a5,0
			base[idx + i] = (uint8_t)(v >> (8 * i));
800000d8:	00f358b3          	srl	a7,t1,a5
800000dc:	00e50833          	add	a6,a0,a4
	for (uint32_t i = 0; i < 4; i++)
800000e0:	07a1                	addi	a5,a5,8
		if (idx + i < len)
800000e2:	00b77463          	bgeu	a4,a1,800000ea <read_out_buf+0x58>
			base[idx + i] = (uint8_t)(v >> (8 * i));
800000e6:	01180023          	sb	a7,0(a6)
	for (uint32_t i = 0; i < 4; i++)
800000ea:	0705                	addi	a4,a4,1
800000ec:	fed796e3          	bne	a5,a3,800000d8 <read_out_buf+0x46>
	for (uint32_t w = 0; w * 8 < len; w++) {
800000f0:	0621                	addi	a2,a2,8
800000f2:	0e21                	addi	t3,t3,8
800000f4:	fab66ae3          	bltu	a2,a1,800000a8 <read_out_buf+0x16>
	}
}
800000f8:	8082                	ret

800000fa <feed_word>:
	while (((REG32(ASCON_STATUS) & mask) != 0u) != (want != 0u))
800000fa:	000318b7          	lui	a7,0x31
800000fe:	d4088893          	addi	a7,a7,-704 # 30d40 <_available_heap+0x23bd8>
80000102:	64008337          	lui	t1,0x64008
80000106:	a019                	j	8000010c <feed_word+0x12>
		if (--n == 0)
80000108:	08088463          	beqz	a7,80000190 <feed_word+0x96>
	while (((REG32(ASCON_STATUS) & mask) != 0u) != (want != 0u))
8000010c:	00c32803          	lw	a6,12(t1) # 6400800c <_available_heap+0x63ffaea4>
		if (--n == 0)
80000110:	18fd                	addi	a7,a7,-1
	while (((REG32(ASCON_STATUS) & mask) != 0u) != (want != 0u))
80000112:	00487813          	andi	a6,a6,4
80000116:	fe0809e3          	beqz	a6,80000108 <feed_word+0xe>
8000011a:	882e                	mv	a6,a1
8000011c:	4881                	li	a7,0
8000011e:	4e01                	li	t3,0
	for (uint32_t i = 0; i < 4; i++)
80000120:	02000e93          	li	t4,32
			v |= (uint32_t)base[idx + i] << (8 * i);
80000124:	01050333          	add	t1,a0,a6
		if (idx + i < len)
80000128:	00c87863          	bgeu	a6,a2,80000138 <feed_word+0x3e>
			v |= (uint32_t)base[idx + i] << (8 * i);
8000012c:	00034303          	lbu	t1,0(t1)
80000130:	01131333          	sll	t1,t1,a7
80000134:	006e6e33          	or	t3,t3,t1
	for (uint32_t i = 0; i < 4; i++)
80000138:	08a1                	addi	a7,a7,8
8000013a:	0805                	addi	a6,a6,1
8000013c:	ffd894e3          	bne	a7,t4,80000124 <feed_word+0x2a>
	REG32(ASCON_IN_LO) = le32_at(base, idx, len);
80000140:	64008837          	lui	a6,0x64008
80000144:	01c82a23          	sw	t3,20(a6) # 64008014 <_available_heap+0x63ffaeac>
	REG32(ASCON_IN_HI) = le32_at(base, idx + 4, len);
80000148:	0591                	addi	a1,a1,4
8000014a:	4801                	li	a6,0
	uint32_t v = 0;
8000014c:	4301                	li	t1,0
	for (uint32_t i = 0; i < 4; i++)
8000014e:	02000e13          	li	t3,32
			v |= (uint32_t)base[idx + i] << (8 * i);
80000152:	00b508b3          	add	a7,a0,a1
		if (idx + i < len)
80000156:	00c5f863          	bgeu	a1,a2,80000166 <feed_word+0x6c>
			v |= (uint32_t)base[idx + i] << (8 * i);
8000015a:	0008c883          	lbu	a7,0(a7)
8000015e:	010898b3          	sll	a7,a7,a6
80000162:	01136333          	or	t1,t1,a7
	for (uint32_t i = 0; i < 4; i++)
80000166:	0821                	addi	a6,a6,8
80000168:	0585                	addi	a1,a1,1
8000016a:	ffc814e3          	bne	a6,t3,80000152 <feed_word+0x58>
	                     | ((uint32_t)(last != 0) << 1)
8000016e:	0016b693          	seqz	a3,a3
80000172:	40d006b3          	neg	a3,a3
	                     | ((last_bytes & 0xFu) << 2)
80000176:	070a                	slli	a4,a4,0x2
	                     | ((uint32_t)(last != 0) << 1)
80000178:	9af9                	andi	a3,a3,-2
	                     | ((uint32_t)(phase_sel != 0) << 6);
8000017a:	079a                	slli	a5,a5,0x6
	REG32(ASCON_IN_HI) = le32_at(base, idx + 4, len);
8000017c:	64008637          	lui	a2,0x64008
	                     | ((uint32_t)(last != 0) << 1)
80000180:	068d                	addi	a3,a3,3
	                     | ((uint32_t)(phase_sel != 0) << 6);
80000182:	8fd9                	or	a5,a5,a4
	REG32(ASCON_IN_HI) = le32_at(base, idx + 4, len);
80000184:	00662c23          	sw	t1,24(a2) # 64008018 <_available_heap+0x63ffaeb0>
	                     | ((uint32_t)(phase_sel != 0) << 6);
80000188:	8fd5                	or	a5,a5,a3
	REG32(ASCON_IN_CTRL) = 1u
8000018a:	ce5c                	sw	a5,28(a2)
8000018c:	4501                	li	a0,0
8000018e:	8082                	ret
		return rc;
80000190:	557d                	li	a0,-1
}
80000192:	8082                	ret

80000194 <feed_phase>:
	if (len == 0)
80000194:	c1d9                	beqz	a1,8000021a <feed_phase+0x86>
{
80000196:	7179                	addi	sp,sp,-48
80000198:	d422                	sw	s0,40(sp)
8000019a:	d226                	sw	s1,36(sp)
8000019c:	d04a                	sw	s2,32(sp)
8000019e:	ce4e                	sw	s3,28(sp)
800001a0:	cc52                	sw	s4,24(sp)
800001a2:	ca56                	sw	s5,20(sp)
800001a4:	c85a                	sw	s6,16(sp)
800001a6:	c65e                	sw	s7,12(sp)
800001a8:	d606                	sw	ra,44(sp)
800001aa:	8b2e                	mv	s6,a1
800001ac:	89aa                	mv	s3,a0
800001ae:	8a32                	mv	s4,a2
800001b0:	842e                	mv	s0,a1
	uint32_t idx = 0;
800001b2:	4b81                	li	s7,0
	for (uint32_t off = 0; off < len; off += 8, idx++) {
800001b4:	4481                	li	s1,0
		if (!last)
800001b6:	4921                	li	s2,8
			lb = len % 16u;   /* 0 here means "block fills the rate" */
800001b8:	00f5fa93          	andi	s5,a1,15
800001bc:	a005                	j	800001dc <feed_phase+0x48>
		int phase = aead ? (int)(idx & 1u) : 0;
800001be:	4781                	li	a5,0
		if (!last)
800001c0:	8722                	mv	a4,s0
800001c2:	00897363          	bgeu	s2,s0,800001c8 <feed_phase+0x34>
			lb = 0;
800001c6:	4701                	li	a4,0
		rc = feed_word(base, off, len, last, lb, phase);
800001c8:	85a6                	mv	a1,s1
800001ca:	865a                	mv	a2,s6
800001cc:	854e                	mv	a0,s3
800001ce:	3735                	jal	800000fa <feed_word>
	for (uint32_t off = 0; off < len; off += 8, idx++) {
800001d0:	04a1                	addi	s1,s1,8
		if (rc != ASCON_OK)
800001d2:	e90d                	bnez	a0,80000204 <feed_phase+0x70>
	for (uint32_t off = 0; off < len; off += 8, idx++) {
800001d4:	0b85                	addi	s7,s7,1
800001d6:	1461                	addi	s0,s0,-8
800001d8:	0364f663          	bgeu	s1,s6,80000204 <feed_phase+0x70>
			lb = len % 16u;   /* 0 here means "block fills the rate" */
800001dc:	00893733          	sltu	a4,s2,s0
800001e0:	00174713          	xori	a4,a4,1
800001e4:	40e00733          	neg	a4,a4
		int last = (left <= 8);
800001e8:	00943693          	sltiu	a3,s0,9
		int phase = aead ? (int)(idx & 1u) : 0;
800001ec:	fc0a09e3          	beqz	s4,800001be <feed_phase+0x2a>
		rc = feed_word(base, off, len, last, lb, phase);
800001f0:	85a6                	mv	a1,s1
			lb = len % 16u;   /* 0 here means "block fills the rate" */
800001f2:	00eaf733          	and	a4,s5,a4
		int phase = aead ? (int)(idx & 1u) : 0;
800001f6:	001bf793          	andi	a5,s7,1
		rc = feed_word(base, off, len, last, lb, phase);
800001fa:	865a                	mv	a2,s6
800001fc:	854e                	mv	a0,s3
800001fe:	3df5                	jal	800000fa <feed_word>
	for (uint32_t off = 0; off < len; off += 8, idx++) {
80000200:	04a1                	addi	s1,s1,8
		if (rc != ASCON_OK)
80000202:	d969                	beqz	a0,800001d4 <feed_phase+0x40>
}
80000204:	50b2                	lw	ra,44(sp)
80000206:	5422                	lw	s0,40(sp)
80000208:	5492                	lw	s1,36(sp)
8000020a:	5902                	lw	s2,32(sp)
8000020c:	49f2                	lw	s3,28(sp)
8000020e:	4a62                	lw	s4,24(sp)
80000210:	4ad2                	lw	s5,20(sp)
80000212:	4b42                	lw	s6,16(sp)
80000214:	4bb2                	lw	s7,12(sp)
80000216:	6145                	addi	sp,sp,48
80000218:	8082                	ret
		return feed_word(base, 0, 0, 1, 0, 0);
8000021a:	4781                	li	a5,0
8000021c:	4701                	li	a4,0
8000021e:	4685                	li	a3,1
80000220:	4601                	li	a2,0
80000222:	bde1                	j	800000fa <feed_word>

80000224 <xof_common>:

static int xof_common(uint32_t mode,
                      const uint8_t *z, uint32_t z_len,
                      const uint8_t *msg, uint32_t msg_len,
                      uint8_t *out, uint32_t out_len)
{
80000224:	7179                	addi	sp,sp,-48
80000226:	ce4e                	sw	s3,28(sp)
	int rc;

	if (out_len == 0 || (out_len % 8) != 0 || out_len > ASCON_MAX_OUT)
80000228:	fff80893          	addi	a7,a6,-1
{
8000022c:	89c2                	mv	s3,a6
8000022e:	d606                	sw	ra,44(sp)
80000230:	d422                	sw	s0,40(sp)
80000232:	d226                	sw	s1,36(sp)
80000234:	d04a                	sw	s2,32(sp)
80000236:	cc52                	sw	s4,24(sp)
80000238:	ca56                	sw	s5,20(sp)
8000023a:	c85a                	sw	s6,16(sp)
	if (out_len == 0 || (out_len % 8) != 0 || out_len > ASCON_MAX_OUT)
8000023c:	07f00813          	li	a6,127
80000240:	11186363          	bltu	a6,a7,80000346 <xof_common+0x122>
80000244:	843e                	mv	s0,a5
80000246:	0079f793          	andi	a5,s3,7
8000024a:	0e079e63          	bnez	a5,80000346 <xof_common+0x122>
	REG32(ASCON_MODE) = mode;
8000024e:	640087b7          	lui	a5,0x64008
80000252:	c3c8                	sw	a0,4(a5)
80000254:	893a                	mv	s2,a4
		return ASCON_EINVAL;

	rc = start_op(mode, out_len / 8);
80000256:	0039d713          	srli	a4,s3,0x3
	REG32(ASCON_OUT_LEN) = out_blocks;
8000025a:	c798                	sw	a4,8(a5)
}
8000025c:	00031337          	lui	t1,0x31
	REG32(ASCON_CTRL) = 1;
80000260:	4705                	li	a4,1
80000262:	8b2e                	mv	s6,a1
80000264:	8ab2                	mv	s5,a2
80000266:	84b6                	mv	s1,a3
80000268:	c398                	sw	a4,0(a5)
}
8000026a:	d4030313          	addi	t1,t1,-704 # 30d40 <_available_heap+0x23bd8>
8000026e:	a019                	j	80000274 <xof_common+0x50>
		if (--n == 0)
80000270:	0c030963          	beqz	t1,80000342 <xof_common+0x11e>
	while (((REG32(ASCON_STATUS) & mask) != 0u) != (want != 0u))
80000274:	00c7a883          	lw	a7,12(a5) # 6400800c <_available_heap+0x63ffaea4>
		if (--n == 0)
80000278:	137d                	addi	t1,t1,-1
	while (((REG32(ASCON_STATUS) & mask) != 0u) != (want != 0u))
8000027a:	0018f893          	andi	a7,a7,1
8000027e:	fe0899e3          	bnez	a7,80000270 <xof_common+0x4c>
	if (rc != ASCON_OK)
		return rc;

	if (mode == ASCON_MODE_CXOF) {
80000282:	4791                	li	a5,4
80000284:	06f51b63          	bne	a0,a5,800002fa <xof_common+0xd6>
		/* CXOF absorbs the customization string first, introduced by one
		 * word carrying its length in BITS, then ends that phase and waits
		 * for the engine to fold it in before the message starts. */
		uint8_t zbits[8];
		uint64_t bits = (uint64_t)z_len * 8u;
80000288:	01dade13          	srli	t3,s5,0x1d
8000028c:	003a9513          	slli	a0,s5,0x3

		for (int i = 0; i < 8; i++)
80000290:	0038                	addi	a4,sp,8
			zbits[i] = (uint8_t)(bits >> (8 * i));
80000292:	001e1593          	slli	a1,t3,0x1
80000296:	467d                	li	a2,31
		for (int i = 0; i < 8; i++)
80000298:	04000813          	li	a6,64
			zbits[i] = (uint8_t)(bits >> (8 * i));
8000029c:	41160333          	sub	t1,a2,a7
800002a0:	011557b3          	srl	a5,a0,a7
800002a4:	00659333          	sll	t1,a1,t1
800002a8:	fe088693          	addi	a3,a7,-32
800002ac:	00f367b3          	or	a5,t1,a5
800002b0:	0006c463          	bltz	a3,800002b8 <xof_common+0x94>
800002b4:	00de57b3          	srl	a5,t3,a3
800002b8:	00f70023          	sb	a5,0(a4)
		for (int i = 0; i < 8; i++)
800002bc:	08a1                	addi	a7,a7,8
800002be:	0705                	addi	a4,a4,1
800002c0:	fd089ee3          	bne	a7,a6,8000029c <xof_common+0x78>

		rc = feed_word(zbits, 0, 8, 0, 0, 0);
800002c4:	4781                	li	a5,0
800002c6:	4701                	li	a4,0
800002c8:	4681                	li	a3,0
800002ca:	4621                	li	a2,8
800002cc:	4581                	li	a1,0
800002ce:	0028                	addi	a0,sp,8
800002d0:	352d                	jal	800000fa <feed_word>
800002d2:	8a2a                	mv	s4,a0
		if (rc != ASCON_OK)
800002d4:	ed21                	bnez	a0,8000032c <xof_common+0x108>
			return rc;

		rc = feed_phase(z, z_len, 0);
800002d6:	4601                	li	a2,0
800002d8:	85d6                	mv	a1,s5
800002da:	855a                	mv	a0,s6
800002dc:	3d65                	jal	80000194 <feed_phase>
800002de:	8a2a                	mv	s4,a0
		if (rc != ASCON_OK)
800002e0:	e531                	bnez	a0,8000032c <xof_common+0x108>
800002e2:	00031737          	lui	a4,0x31
800002e6:	d4070713          	addi	a4,a4,-704 # 30d40 <_available_heap+0x23bd8>
	while (((REG32(ASCON_STATUS) & mask) != 0u) != (want != 0u))
800002ea:	640086b7          	lui	a3,0x64008
800002ee:	a011                	j	800002f2 <xof_common+0xce>
		if (--n == 0)
800002f0:	cb29                	beqz	a4,80000342 <xof_common+0x11e>
	while (((REG32(ASCON_STATUS) & mask) != 0u) != (want != 0u))
800002f2:	46dc                	lw	a5,12(a3)
		if (--n == 0)
800002f4:	177d                	addi	a4,a4,-1
	while (((REG32(ASCON_STATUS) & mask) != 0u) != (want != 0u))
800002f6:	8b85                	andi	a5,a5,1
800002f8:	ffe5                	bnez	a5,800002f0 <xof_common+0xcc>
		rc = wait_not_busy();
		if (rc != ASCON_OK)
			return rc;
	}

	rc = feed_phase(msg, msg_len, 0);
800002fa:	4601                	li	a2,0
800002fc:	85ca                	mv	a1,s2
800002fe:	8526                	mv	a0,s1
80000300:	3d51                	jal	80000194 <feed_phase>
80000302:	8a2a                	mv	s4,a0
	if (rc != ASCON_OK)
80000304:	e505                	bnez	a0,8000032c <xof_common+0x108>
80000306:	000316b7          	lui	a3,0x31
8000030a:	d4068693          	addi	a3,a3,-704 # 30d40 <_available_heap+0x23bd8>
	while (((REG32(ASCON_STATUS) & mask) != 0u) != (want != 0u))
8000030e:	640087b7          	lui	a5,0x64008
80000312:	a011                	j	80000316 <xof_common+0xf2>
		if (--n == 0)
80000314:	c69d                	beqz	a3,80000342 <xof_common+0x11e>
	while (((REG32(ASCON_STATUS) & mask) != 0u) != (want != 0u))
80000316:	47d8                	lw	a4,12(a5)
		if (--n == 0)
80000318:	16fd                	addi	a3,a3,-1
	while (((REG32(ASCON_STATUS) & mask) != 0u) != (want != 0u))
8000031a:	8b09                	andi	a4,a4,2
8000031c:	df65                	beqz	a4,80000314 <xof_common+0xf0>

	rc = wait_done();
	if (rc != ASCON_OK)
		return rc;

	if (REG32(ASCON_STATUS) & ASCON_ST_OUT_OVERFLOW)
8000031e:	47dc                	lw	a5,12(a5)
80000320:	0207f793          	andi	a5,a5,32
80000324:	e38d                	bnez	a5,80000346 <xof_common+0x122>
		return ASCON_EINVAL;

	read_out_buf(out, out_len);
80000326:	85ce                	mv	a1,s3
80000328:	8522                	mv	a0,s0
8000032a:	33a5                	jal	80000092 <read_out_buf>
	return ASCON_OK;
}
8000032c:	50b2                	lw	ra,44(sp)
8000032e:	5422                	lw	s0,40(sp)
80000330:	5492                	lw	s1,36(sp)
80000332:	5902                	lw	s2,32(sp)
80000334:	49f2                	lw	s3,28(sp)
80000336:	4ad2                	lw	s5,20(sp)
80000338:	4b42                	lw	s6,16(sp)
8000033a:	8552                	mv	a0,s4
8000033c:	4a62                	lw	s4,24(sp)
8000033e:	6145                	addi	sp,sp,48
80000340:	8082                	ret
			return rc;
80000342:	5a7d                	li	s4,-1
80000344:	b7e5                	j	8000032c <xof_common+0x108>
		return ASCON_EINVAL;
80000346:	5a79                	li	s4,-2
80000348:	b7d5                	j	8000032c <xof_common+0x108>

8000034a <aead_run.part.0>:
 * start, before any AD. Domain separation between the AD and message phases
 * happens automatically when AD is present; with an empty AD the engine needs
 * an explicit phase_sel pulse instead, which is what the ad_len == 0 branch
 * below does.
 */
static int aead_run(uint32_t mode,
8000034a:	7179                	addi	sp,sp,-48
8000034c:	d422                	sw	s0,40(sp)
8000034e:	d226                	sw	s1,36(sp)
80000350:	ca56                	sw	s5,20(sp)
80000352:	c85a                	sw	s6,16(sp)
80000354:	c65e                	sw	s7,12(sp)
80000356:	8b32                	mv	s6,a2
80000358:	8bae                	mv	s7,a1
8000035a:	8ab6                	mv	s5,a3
8000035c:	84ba                	mv	s1,a4
8000035e:	843e                	mv	s0,a5
	 * ready handshake pace the transfer. */
	start_op_raw(mode, 0);

	/* Key then nonce, two 64-bit words each, no last_block marking. */
	for (uint32_t w = 0; w < 2; w++) {
		rc = feed_word(key, w * 8, ASCON_AEAD_KEY_LEN, 0, 0, 0);
80000360:	4701                	li	a4,0
80000362:	4781                	li	a5,0
80000364:	4681                	li	a3,0
80000366:	4641                	li	a2,16
80000368:	4581                	li	a1,0
static int aead_run(uint32_t mode,
8000036a:	d04a                	sw	s2,32(sp)
8000036c:	ce4e                	sw	s3,28(sp)
8000036e:	cc52                	sw	s4,24(sp)
80000370:	c462                	sw	s8,8(sp)
80000372:	d606                	sw	ra,44(sp)
80000374:	8c2a                	mv	s8,a0
80000376:	89c2                	mv	s3,a6
80000378:	8946                	mv	s2,a7
		rc = feed_word(key, w * 8, ASCON_AEAD_KEY_LEN, 0, 0, 0);
8000037a:	3341                	jal	800000fa <feed_word>
8000037c:	8a2a                	mv	s4,a0
		if (rc != ASCON_OK)
8000037e:	e169                	bnez	a0,80000440 <aead_run.part.0+0xf6>
		rc = feed_word(key, w * 8, ASCON_AEAD_KEY_LEN, 0, 0, 0);
80000380:	4781                	li	a5,0
80000382:	4701                	li	a4,0
80000384:	4681                	li	a3,0
80000386:	4641                	li	a2,16
80000388:	45a1                	li	a1,8
8000038a:	8562                	mv	a0,s8
8000038c:	33bd                	jal	800000fa <feed_word>
8000038e:	8a2a                	mv	s4,a0
		if (rc != ASCON_OK)
80000390:	e945                	bnez	a0,80000440 <aead_run.part.0+0xf6>
			return rc;
	}
	for (uint32_t w = 0; w < 2; w++) {
		rc = feed_word(npub, w * 8, ASCON_AEAD_NPUB_LEN, 0, 0, 0);
80000392:	4781                	li	a5,0
80000394:	4701                	li	a4,0
80000396:	4681                	li	a3,0
80000398:	4641                	li	a2,16
8000039a:	4581                	li	a1,0
8000039c:	855e                	mv	a0,s7
8000039e:	3bb1                	jal	800000fa <feed_word>
800003a0:	8a2a                	mv	s4,a0
		if (rc != ASCON_OK)
800003a2:	ed59                	bnez	a0,80000440 <aead_run.part.0+0xf6>
		rc = feed_word(npub, w * 8, ASCON_AEAD_NPUB_LEN, 0, 0, 0);
800003a4:	4781                	li	a5,0
800003a6:	4701                	li	a4,0
800003a8:	4681                	li	a3,0
800003aa:	4641                	li	a2,16
800003ac:	45a1                	li	a1,8
800003ae:	855e                	mv	a0,s7
800003b0:	33a9                	jal	800000fa <feed_word>
800003b2:	8a2a                	mv	s4,a0
		if (rc != ASCON_OK)
800003b4:	e551                	bnez	a0,80000440 <aead_run.part.0+0xf6>
800003b6:	00031e37          	lui	t3,0x31
800003ba:	d40e0e13          	addi	t3,t3,-704 # 30d40 <_available_heap+0x23bd8>
	while (((REG32(ASCON_STATUS) & mask) != 0u) != (want != 0u))
800003be:	640087b7          	lui	a5,0x64008
800003c2:	a019                	j	800003c8 <aead_run.part.0+0x7e>
		if (--n == 0)
800003c4:	0a0e0663          	beqz	t3,80000470 <aead_run.part.0+0x126>
	while (((REG32(ASCON_STATUS) & mask) != 0u) != (want != 0u))
800003c8:	00c7a303          	lw	t1,12(a5) # 6400800c <_available_heap+0x63ffaea4>
		if (--n == 0)
800003cc:	1e7d                	addi	t3,t3,-1
	while (((REG32(ASCON_STATUS) & mask) != 0u) != (want != 0u))
800003ce:	00137313          	andi	t1,t1,1
800003d2:	fe0319e3          	bnez	t1,800003c4 <aead_run.part.0+0x7a>

	rc = wait_not_busy();
	if (rc != ASCON_OK)
		return rc;

	if (ad_len) {
800003d6:	080a9263          	bnez	s5,8000045a <aead_run.part.0+0x110>
		if (rc != ASCON_OK)
			return rc;
	} else {
		/* No AD: raise phase_sel so the engine performs domain separation
		 * on an empty associated-data phase. */
		REG32(ASCON_IN_CTRL) = (1u << 6);
800003da:	04000713          	li	a4,64
800003de:	cfd8                	sw	a4,28(a5)
	while (((REG32(ASCON_STATUS) & mask) != 0u) != (want != 0u))
800003e0:	00031737          	lui	a4,0x31
800003e4:	d4070713          	addi	a4,a4,-704 # 30d40 <_available_heap+0x23bd8>
800003e8:	640086b7          	lui	a3,0x64008
800003ec:	a011                	j	800003f0 <aead_run.part.0+0xa6>
		if (--n == 0)
800003ee:	c349                	beqz	a4,80000470 <aead_run.part.0+0x126>
	while (((REG32(ASCON_STATUS) & mask) != 0u) != (want != 0u))
800003f0:	46dc                	lw	a5,12(a3)
		if (--n == 0)
800003f2:	177d                	addi	a4,a4,-1
	while (((REG32(ASCON_STATUS) & mask) != 0u) != (want != 0u))
800003f4:	8b85                	andi	a5,a5,1
800003f6:	ffe5                	bnez	a5,800003ee <aead_run.part.0+0xa4>
		rc = wait_not_busy();
		if (rc != ASCON_OK)
			return rc;
		REG32(ASCON_IN_CTRL) = 0;
800003f8:	0006ae23          	sw	zero,28(a3) # 6400801c <_available_heap+0x63ffaeb4>
	while (((REG32(ASCON_STATUS) & mask) != 0u) != (want != 0u))
800003fc:	00031637          	lui	a2,0x31
80000400:	d4060613          	addi	a2,a2,-704 # 30d40 <_available_heap+0x23bd8>
80000404:	640087b7          	lui	a5,0x64008
80000408:	a011                	j	8000040c <aead_run.part.0+0xc2>
		if (--n == 0)
8000040a:	c23d                	beqz	a2,80000470 <aead_run.part.0+0x126>
	while (((REG32(ASCON_STATUS) & mask) != 0u) != (want != 0u))
8000040c:	47d4                	lw	a3,12(a5)
		if (--n == 0)
8000040e:	167d                	addi	a2,a2,-1
	while (((REG32(ASCON_STATUS) & mask) != 0u) != (want != 0u))
80000410:	8a85                	andi	a3,a3,1
80000412:	fee5                	bnez	a3,8000040a <aead_run.part.0+0xc0>

	rc = wait_not_busy();
	if (rc != ASCON_OK)
		return rc;

	rc = feed_phase(in, in_len, 1);
80000414:	4605                	li	a2,1
80000416:	85a2                	mv	a1,s0
80000418:	8526                	mv	a0,s1
8000041a:	3bad                	jal	80000194 <feed_phase>
8000041c:	8a2a                	mv	s4,a0
	if (rc != ASCON_OK)
8000041e:	e10d                	bnez	a0,80000440 <aead_run.part.0+0xf6>
80000420:	00031737          	lui	a4,0x31
80000424:	d4070713          	addi	a4,a4,-704 # 30d40 <_available_heap+0x23bd8>
	while (((REG32(ASCON_STATUS) & mask) != 0u) != (want != 0u))
80000428:	640086b7          	lui	a3,0x64008
8000042c:	a011                	j	80000430 <aead_run.part.0+0xe6>
		if (--n == 0)
8000042e:	c329                	beqz	a4,80000470 <aead_run.part.0+0x126>
	while (((REG32(ASCON_STATUS) & mask) != 0u) != (want != 0u))
80000430:	46dc                	lw	a5,12(a3)
		if (--n == 0)
80000432:	177d                	addi	a4,a4,-1
	while (((REG32(ASCON_STATUS) & mask) != 0u) != (want != 0u))
80000434:	8b89                	andi	a5,a5,2
80000436:	dfe5                	beqz	a5,8000042e <aead_run.part.0+0xe4>

	rc = wait_done();
	if (rc != ASCON_OK)
		return rc;

	if (in_len)
80000438:	e805                	bnez	s0,80000468 <aead_run.part.0+0x11e>
		read_out_buf(out, in_len);

	/* The tag occupies hash_o[255:128], i.e. the first two 64-bit words. */
	read_hash(tag, ASCON_AEAD_TAG_LEN);
8000043a:	45c1                	li	a1,16
8000043c:	854a                	mv	a0,s2
8000043e:	36fd                	jal	8000002c <read_hash>
	return ASCON_OK;
}
80000440:	50b2                	lw	ra,44(sp)
80000442:	5422                	lw	s0,40(sp)
80000444:	5492                	lw	s1,36(sp)
80000446:	5902                	lw	s2,32(sp)
80000448:	49f2                	lw	s3,28(sp)
8000044a:	4ad2                	lw	s5,20(sp)
8000044c:	4b42                	lw	s6,16(sp)
8000044e:	4bb2                	lw	s7,12(sp)
80000450:	4c22                	lw	s8,8(sp)
80000452:	8552                	mv	a0,s4
80000454:	4a62                	lw	s4,24(sp)
80000456:	6145                	addi	sp,sp,48
80000458:	8082                	ret
		rc = feed_phase(ad, ad_len, 1);
8000045a:	4605                	li	a2,1
8000045c:	85d6                	mv	a1,s5
8000045e:	855a                	mv	a0,s6
80000460:	3b15                	jal	80000194 <feed_phase>
80000462:	8a2a                	mv	s4,a0
		if (rc != ASCON_OK)
80000464:	dd41                	beqz	a0,800003fc <aead_run.part.0+0xb2>
80000466:	bfe9                	j	80000440 <aead_run.part.0+0xf6>
		read_out_buf(out, in_len);
80000468:	85a2                	mv	a1,s0
8000046a:	854e                	mv	a0,s3
8000046c:	311d                	jal	80000092 <read_out_buf>
8000046e:	b7f1                	j	8000043a <aead_run.part.0+0xf0>
		return rc;
80000470:	5a7d                	li	s4,-1
80000472:	b7f9                	j	80000440 <aead_run.part.0+0xf6>

80000474 <ascon_hash256>:
{
80000474:	1141                	addi	sp,sp,-16
80000476:	c226                	sw	s1,4(sp)
80000478:	c606                	sw	ra,12(sp)
8000047a:	c422                	sw	s0,8(sp)
	REG32(ASCON_MODE) = mode;
8000047c:	640087b7          	lui	a5,0x64008
80000480:	4709                	li	a4,2
80000482:	c3d8                	sw	a4,4(a5)
	REG32(ASCON_OUT_LEN) = out_blocks;
80000484:	4711                	li	a4,4
80000486:	c798                	sw	a4,8(a5)
	REG32(ASCON_CTRL) = 1;
80000488:	4705                	li	a4,1
8000048a:	c398                	sw	a4,0(a5)
}
8000048c:	00031737          	lui	a4,0x31
{
80000490:	84b2                	mv	s1,a2
}
80000492:	d4070713          	addi	a4,a4,-704 # 30d40 <_available_heap+0x23bd8>
	while (((REG32(ASCON_STATUS) & mask) != 0u) != (want != 0u))
80000496:	640086b7          	lui	a3,0x64008
}
8000049a:	a011                	j	8000049e <ascon_hash256+0x2a>
		if (--n == 0)
8000049c:	cf1d                	beqz	a4,800004da <ascon_hash256+0x66>
	while (((REG32(ASCON_STATUS) & mask) != 0u) != (want != 0u))
8000049e:	46dc                	lw	a5,12(a3)
		if (--n == 0)
800004a0:	177d                	addi	a4,a4,-1
	while (((REG32(ASCON_STATUS) & mask) != 0u) != (want != 0u))
800004a2:	8b85                	andi	a5,a5,1
800004a4:	ffe5                	bnez	a5,8000049c <ascon_hash256+0x28>
	rc = feed_phase(msg, msg_len, 0);
800004a6:	4601                	li	a2,0
800004a8:	31f5                	jal	80000194 <feed_phase>
800004aa:	842a                	mv	s0,a0
	if (rc != ASCON_OK)
800004ac:	e10d                	bnez	a0,800004ce <ascon_hash256+0x5a>
800004ae:	00031737          	lui	a4,0x31
800004b2:	d4070713          	addi	a4,a4,-704 # 30d40 <_available_heap+0x23bd8>
	while (((REG32(ASCON_STATUS) & mask) != 0u) != (want != 0u))
800004b6:	640086b7          	lui	a3,0x64008
800004ba:	a011                	j	800004be <ascon_hash256+0x4a>
		if (--n == 0)
800004bc:	cf19                	beqz	a4,800004da <ascon_hash256+0x66>
	while (((REG32(ASCON_STATUS) & mask) != 0u) != (want != 0u))
800004be:	46dc                	lw	a5,12(a3)
		if (--n == 0)
800004c0:	177d                	addi	a4,a4,-1
	while (((REG32(ASCON_STATUS) & mask) != 0u) != (want != 0u))
800004c2:	8b89                	andi	a5,a5,2
800004c4:	dfe5                	beqz	a5,800004bc <ascon_hash256+0x48>
	read_hash(md, ASCON_HASH256_LEN);
800004c6:	02000593          	li	a1,32
800004ca:	8526                	mv	a0,s1
800004cc:	3685                	jal	8000002c <read_hash>
}
800004ce:	40b2                	lw	ra,12(sp)
800004d0:	8522                	mv	a0,s0
800004d2:	4422                	lw	s0,8(sp)
800004d4:	4492                	lw	s1,4(sp)
800004d6:	0141                	addi	sp,sp,16
800004d8:	8082                	ret
		return rc;
800004da:	547d                	li	s0,-1
800004dc:	bfcd                	j	800004ce <ascon_hash256+0x5a>

800004de <ascon_xof128>:
{
800004de:	872e                	mv	a4,a1
800004e0:	87b2                	mv	a5,a2
	return xof_common(ASCON_MODE_XOF, (const uint8_t *)0, 0, msg, msg_len, out, out_len);
800004e2:	8836                	mv	a6,a3
800004e4:	4601                	li	a2,0
800004e6:	86aa                	mv	a3,a0
800004e8:	4581                	li	a1,0
800004ea:	450d                	li	a0,3
800004ec:	bb25                	j	80000224 <xof_common>

800004ee <ascon_cxof128>:
	return xof_common(ASCON_MODE_CXOF, z, z_len, msg, msg_len, out, out_len);
800004ee:	883e                	mv	a6,a5
800004f0:	87ba                	mv	a5,a4
800004f2:	8736                	mv	a4,a3
800004f4:	86b2                	mv	a3,a2
800004f6:	862e                	mv	a2,a1
800004f8:	85aa                	mv	a1,a0
800004fa:	4511                	li	a0,4
800004fc:	b325                	j	80000224 <xof_common>

800004fe <ascon_aead128_encrypt>:
	if (in_len > ASCON_MAX_OUT)
800004fe:	08000313          	li	t1,128
80000502:	00f36c63          	bltu	t1,a5,8000051a <ascon_aead128_encrypt+0x1c>
	REG32(ASCON_MODE) = mode;
80000506:	64008337          	lui	t1,0x64008
8000050a:	00032223          	sw	zero,4(t1) # 64008004 <_available_heap+0x63ffae9c>
	REG32(ASCON_OUT_LEN) = out_blocks;
8000050e:	00032423          	sw	zero,8(t1)
	REG32(ASCON_CTRL) = 1;
80000512:	4e05                	li	t3,1
80000514:	01c32023          	sw	t3,0(t1)
	for (uint32_t w = 0; w < 2; w++) {
80000518:	bd0d                	j	8000034a <aead_run.part.0>
                          const uint8_t *ad, uint32_t ad_len,
                          const uint8_t *pt, uint32_t pt_len,
                          uint8_t *ct, uint8_t tag[ASCON_AEAD_TAG_LEN])
{
	return aead_run(ASCON_MODE_ENC, key, npub, ad, ad_len, pt, pt_len, ct, tag);
}
8000051a:	5579                	li	a0,-2
8000051c:	8082                	ret

8000051e <ascon_aead128_decrypt>:
int ascon_aead128_decrypt(const uint8_t key[ASCON_AEAD_KEY_LEN],
                          const uint8_t npub[ASCON_AEAD_NPUB_LEN],
                          const uint8_t *ad, uint32_t ad_len,
                          const uint8_t *ct, uint32_t ct_len,
                          uint8_t *pt, const uint8_t tag[ASCON_AEAD_TAG_LEN])
{
8000051e:	1101                	addi	sp,sp,-32
80000520:	ca26                	sw	s1,20(sp)
80000522:	c84a                	sw	s2,16(sp)
80000524:	84c2                	mv	s1,a6
80000526:	ce06                	sw	ra,28(sp)
80000528:	cc22                	sw	s0,24(sp)
8000052a:	893e                	mv	s2,a5
	for (uint32_t i = 0; i < 4; i++)
8000052c:	4301                	li	t1,0
	uint32_t v = 0;
8000052e:	4e81                	li	t4,0
	for (uint32_t i = 0; i < 4; i++)
80000530:	4811                	li	a6,4
			v |= (uint32_t)base[idx + i] << (8 * i);
80000532:	006887b3          	add	a5,a7,t1
80000536:	0007ce03          	lbu	t3,0(a5) # 64008000 <_available_heap+0x63ffae98>
8000053a:	00331793          	slli	a5,t1,0x3
	for (uint32_t i = 0; i < 4; i++)
8000053e:	0305                	addi	t1,t1,1
			v |= (uint32_t)base[idx + i] << (8 * i);
80000540:	00fe1e33          	sll	t3,t3,a5
80000544:	01ceeeb3          	or	t4,t4,t3
	for (uint32_t i = 0; i < 4; i++)
80000548:	ff0315e3          	bne	t1,a6,80000532 <ascon_aead128_decrypt+0x14>
		REG32(ASCON_EXP_TAG + (2 * w + 1) * 4) =
8000054c:	64008437          	lui	s0,0x64008
80000550:	03d42223          	sw	t4,36(s0) # 64008024 <_available_heap+0x63ffaebc>
			v |= (uint32_t)base[idx + i] << (8 * i);
80000554:	0058c803          	lbu	a6,5(a7)
80000558:	0068c303          	lbu	t1,6(a7)
8000055c:	0048ce03          	lbu	t3,4(a7)
80000560:	0078c783          	lbu	a5,7(a7)
80000564:	0342                	slli	t1,t1,0x10
80000566:	0822                	slli	a6,a6,0x8
80000568:	00686833          	or	a6,a6,t1
8000056c:	01c86833          	or	a6,a6,t3
80000570:	07e2                	slli	a5,a5,0x18
80000572:	0107e7b3          	or	a5,a5,a6
		REG32(ASCON_EXP_TAG + (2 * w) * 4) =
80000576:	d01c                	sw	a5,32(s0)
			v |= (uint32_t)base[idx + i] << (8 * i);
80000578:	0098c303          	lbu	t1,9(a7)
8000057c:	00a8c803          	lbu	a6,10(a7)
80000580:	0088ce03          	lbu	t3,8(a7)
80000584:	00b8c783          	lbu	a5,11(a7)
80000588:	0842                	slli	a6,a6,0x10
8000058a:	0322                	slli	t1,t1,0x8
8000058c:	01036333          	or	t1,t1,a6
80000590:	01c36333          	or	t1,t1,t3
80000594:	07e2                	slli	a5,a5,0x18
80000596:	0067e7b3          	or	a5,a5,t1
		REG32(ASCON_EXP_TAG + (2 * w + 1) * 4) =
8000059a:	d45c                	sw	a5,44(s0)
			v |= (uint32_t)base[idx + i] << (8 * i);
8000059c:	00e8c803          	lbu	a6,14(a7)
800005a0:	00d8c303          	lbu	t1,13(a7)
800005a4:	00c8ce03          	lbu	t3,12(a7)
800005a8:	00f8c783          	lbu	a5,15(a7)
800005ac:	0842                	slli	a6,a6,0x10
800005ae:	00831893          	slli	a7,t1,0x8
800005b2:	0108e8b3          	or	a7,a7,a6
800005b6:	01c8e8b3          	or	a7,a7,t3
800005ba:	07e2                	slli	a5,a5,0x18
800005bc:	0117e7b3          	or	a5,a5,a7
		REG32(ASCON_EXP_TAG + (2 * w) * 4) =
800005c0:	d41c                	sw	a5,40(s0)
	if (in_len > ASCON_MAX_OUT)
800005c2:	08000793          	li	a5,128
800005c6:	0327e563          	bltu	a5,s2,800005f0 <ascon_aead128_decrypt+0xd2>
	REG32(ASCON_MODE) = mode;
800005ca:	4785                	li	a5,1
800005cc:	c05c                	sw	a5,4(s0)
	REG32(ASCON_OUT_LEN) = out_blocks;
800005ce:	00042423          	sw	zero,8(s0)
	REG32(ASCON_CTRL) = 1;
800005d2:	c01c                	sw	a5,0(s0)
	for (uint32_t w = 0; w < 2; w++) {
800005d4:	888a                	mv	a7,sp
800005d6:	8826                	mv	a6,s1
800005d8:	87ca                	mv	a5,s2
800005da:	3b85                	jal	8000034a <aead_run.part.0>
	/* The engine verifies the tag itself, so hand it the expected value
	 * before starting and read auth_fail afterwards. */
	write_exp_tag(tag);

	rc = aead_run(ASCON_MODE_DEC, key, npub, ad, ad_len, ct, ct_len, pt, computed);
	if (rc != ASCON_OK)
800005dc:	e501                	bnez	a0,800005e4 <ascon_aead128_decrypt+0xc6>
		return rc;

	if (REG32(ASCON_STATUS) & ASCON_ST_AUTH_FAIL) {
800005de:	445c                	lw	a5,12(s0)
800005e0:	8bc1                	andi	a5,a5,16
800005e2:	eb89                	bnez	a5,800005f4 <ascon_aead128_decrypt+0xd6>
			pt[i] = 0;
		return ASCON_EAUTH;
	}

	return ASCON_OK;
}
800005e4:	40f2                	lw	ra,28(sp)
800005e6:	4462                	lw	s0,24(sp)
800005e8:	44d2                	lw	s1,20(sp)
800005ea:	4942                	lw	s2,16(sp)
800005ec:	6105                	addi	sp,sp,32
800005ee:	8082                	ret
		return ASCON_EINVAL;
800005f0:	5579                	li	a0,-2
800005f2:	bfcd                	j	800005e4 <ascon_aead128_decrypt+0xc6>
		for (uint32_t i = 0; i < ct_len; i++)
800005f4:	012487b3          	add	a5,s1,s2
800005f8:	00090763          	beqz	s2,80000606 <ascon_aead128_decrypt+0xe8>
			pt[i] = 0;
800005fc:	00048023          	sb	zero,0(s1)
		for (uint32_t i = 0; i < ct_len; i++)
80000600:	0485                	addi	s1,s1,1
80000602:	fef49de3          	bne	s1,a5,800005fc <ascon_aead128_decrypt+0xde>
		return ASCON_EAUTH;
80000606:	5575                	li	a0,-3
80000608:	bff1                	j	800005e4 <ascon_aead128_decrypt+0xc6>

8000060a <kprintf>:
	kputc('\r');
	kputc('\n');
}

void kprintf(const char *fmt, ...)
{
8000060a:	7159                	addi	sp,sp,-112

	va_start(vl, fmt);
	is_format = false;
	is_long = false;
	is_char = false;
	while ((c = *fmt++) != '\0') {
8000060c:	00054303          	lbu	t1,0(a0)
{
80000610:	d2be                	sw	a5,100(sp)
	va_start(vl, fmt);
80000612:	08dc                	addi	a5,sp,84
{
80000614:	caae                	sw	a1,84(sp)
80000616:	ccb2                	sw	a2,88(sp)
80000618:	ceb6                	sw	a3,92(sp)
8000061a:	d0ba                	sw	a4,96(sp)
8000061c:	d4c2                	sw	a6,104(sp)
8000061e:	d6c6                	sw	a7,108(sp)
	va_start(vl, fmt);
80000620:	c63e                	sw	a5,12(sp)
	while ((c = *fmt++) != '\0') {
80000622:	04030d63          	beqz	t1,8000067c <kprintf+0x72>
80000626:	0505                	addi	a0,a0,1
80000628:	4701                	li	a4,0
8000062a:	4681                	li	a3,0
				break;
			}
			is_format = false;
			is_long = false;
			is_char = false;
		} else if (c == '%') {
8000062c:	02500e13          	li	t3,37
{
	volatile uint32_t *tx = &REG32(uart, UART_REG_TXFIFO);
#ifdef __riscv_atomic
	int32_t r;
	do {
		__asm__ __volatile__ (
80000630:	640005b7          	lui	a1,0x64000
			switch (c) {
80000634:	48d5                	li	a7,21
80000636:	00000817          	auipc	a6,0x0
8000063a:	58a80813          	addi	a6,a6,1418 # 80000bc0 <ad+0x8>
		if (is_format) {
8000063e:	cef1                	beqz	a3,8000071a <kprintf+0x110>
			switch (c) {
80000640:	f9d30313          	addi	t1,t1,-99
80000644:	0ff37313          	zext.b	t1,t1
80000648:	0268e363          	bltu	a7,t1,8000066e <kprintf+0x64>
8000064c:	00231793          	slli	a5,t1,0x2
80000650:	97c2                	add	a5,a5,a6
80000652:	439c                	lw	a5,0(a5)
80000654:	97c2                	add	a5,a5,a6
80000656:	8782                	jr	a5
				kputc(va_arg(vl, int));
80000658:	46b2                	lw	a3,12(sp)
8000065a:	640007b7          	lui	a5,0x64000
8000065e:	0006c703          	lbu	a4,0(a3) # 64008000 <_available_heap+0x63ffae98>
80000662:	0691                	addi	a3,a3,4
80000664:	c636                	sw	a3,12(sp)
80000666:	40e7a6af          	amoor.w	a3,a4,(a5)
			"amoor.w %0, %2, %1\n"
			: "=r" (r), "+A" (*tx)
			: "r" (c));
	} while (r < 0);
8000066a:	fe06cee3          	bltz	a3,80000666 <kprintf+0x5c>
			is_char = false;
8000066e:	4701                	li	a4,0
			is_format = false;
80000670:	4681                	li	a3,0
	while ((c = *fmt++) != '\0') {
80000672:	00054303          	lbu	t1,0(a0)
80000676:	0505                	addi	a0,a0,1
80000678:	fc0313e3          	bnez	t1,8000063e <kprintf+0x34>
		} else {
			kputc(c);
		}
	}
	va_end(vl);
}
8000067c:	6165                	addi	sp,sp,112
8000067e:	8082                	ret
					n = va_arg(vl, unsigned int);
80000680:	47b2                	lw	a5,12(sp)
					i = is_char ? 4 : (sizeof(unsigned int) << 3) - 4;
80000682:	00e03633          	snez	a2,a4
80000686:	40c00633          	neg	a2,a2
					n = va_arg(vl, unsigned int);
8000068a:	0007af83          	lw	t6,0(a5) # 64000000 <_available_heap+0x63ff2e98>
					i = is_char ? 4 : (sizeof(unsigned int) << 3) - 4;
8000068e:	9a21                	andi	a2,a2,-24
					n = va_arg(vl, unsigned int);
80000690:	0791                	addi	a5,a5,4
80000692:	c63e                	sw	a5,12(sp)
					i = is_char ? 4 : (sizeof(unsigned int) << 3) - 4;
80000694:	0671                	addi	a2,a2,28
					kputc(d < 10 ? '0' + d : 'a' + d - 10);
80000696:	4f25                	li	t5,9
		__asm__ __volatile__ (
80000698:	640007b7          	lui	a5,0x64000
				for (; i >= 0; i -= 4) {
8000069c:	5ef1                	li	t4,-4
					d = (n >> i) & 0xF;
8000069e:	00cfd733          	srl	a4,t6,a2
					kputc(d < 10 ? '0' + d : 'a' + d - 10);
800006a2:	00f77313          	andi	t1,a4,15
800006a6:	05730713          	addi	a4,t1,87
800006aa:	006f6463          	bltu	t5,t1,800006b2 <kprintf+0xa8>
800006ae:	03030713          	addi	a4,t1,48
800006b2:	40e7a6af          	amoor.w	a3,a4,(a5)
	} while (r < 0);
800006b6:	fe06cee3          	bltz	a3,800006b2 <kprintf+0xa8>
				for (; i >= 0; i -= 4) {
800006ba:	1671                	addi	a2,a2,-4
800006bc:	ffd611e3          	bne	a2,t4,8000069e <kprintf+0x94>
800006c0:	b77d                	j	8000066e <kprintf+0x64>
				_kputs(va_arg(vl, const char *));
800006c2:	47b2                	lw	a5,12(sp)
800006c4:	4390                	lw	a2,0(a5)
800006c6:	0791                	addi	a5,a5,4 # 64000004 <_available_heap+0x63ff2e9c>
800006c8:	c63e                	sw	a5,12(sp)
	for (; (c = *s) != '\0'; s++)
800006ca:	00064703          	lbu	a4,0(a2)
800006ce:	d345                	beqz	a4,8000066e <kprintf+0x64>
		__asm__ __volatile__ (
800006d0:	640007b7          	lui	a5,0x64000
800006d4:	40e7a6af          	amoor.w	a3,a4,(a5)
	} while (r < 0);
800006d8:	fe06cee3          	bltz	a3,800006d4 <kprintf+0xca>
800006dc:	00164703          	lbu	a4,1(a2)
800006e0:	0605                	addi	a2,a2,1
800006e2:	fb6d                	bnez	a4,800006d4 <kprintf+0xca>
800006e4:	b769                	j	8000066e <kprintf+0x64>
				n = va_arg(vl, unsigned long);
800006e6:	47b2                	lw	a5,12(sp)
800006e8:	0810                	addi	a2,sp,16
800006ea:	0898                	addi	a4,sp,80
800006ec:	0007a303          	lw	t1,0(a5) # 64000000 <_available_heap+0x63ff2e98>
800006f0:	0791                	addi	a5,a5,4
800006f2:	c63e                	sw	a5,12(sp)
800006f4:	87b2                	mv	a5,a2
				for (int i = 0; i < 64; i ++) c[i] = 0;
800006f6:	0007a023          	sw	zero,0(a5)
800006fa:	0791                	addi	a5,a5,4
800006fc:	fef71de3          	bne	a4,a5,800006f6 <kprintf+0xec>
				if (n == 0) {
80000700:	02031a63          	bnez	t1,80000734 <kprintf+0x12a>
		__asm__ __volatile__ (
80000704:	640007b7          	lui	a5,0x64000
80000708:	03000713          	li	a4,48
8000070c:	40e7a6af          	amoor.w	a3,a4,(a5)
	} while (r < 0);
80000710:	fe06cee3          	bltz	a3,8000070c <kprintf+0x102>
80000714:	bfa9                	j	8000066e <kprintf+0x64>
				is_char = true;
80000716:	8736                	mv	a4,a3
80000718:	bfa9                	j	80000672 <kprintf+0x68>
		} else if (c == '%') {
8000071a:	01c31463          	bne	t1,t3,80000722 <kprintf+0x118>
			is_format = true;
8000071e:	4685                	li	a3,1
80000720:	bf89                	j	80000672 <kprintf+0x68>
		__asm__ __volatile__ (
80000722:	4065a7af          	amoor.w	a5,t1,(a1)
	} while (r < 0);
80000726:	f407d6e3          	bgez	a5,80000672 <kprintf+0x68>
		__asm__ __volatile__ (
8000072a:	4065a7af          	amoor.w	a5,t1,(a1)
	} while (r < 0);
8000072e:	fe07cae3          	bltz	a5,80000722 <kprintf+0x118>
80000732:	b781                	j	80000672 <kprintf+0x68>
					c[0] = '0' + (n%10);
80000734:	4ea9                	li	t4,10
				for (;n != 0;) {
80000736:	4f25                	li	t5,9
					for (int i = 63; i > 0; i--) c[i] = c[i-1];
80000738:	04e10793          	addi	a5,sp,78
8000073c:	0007c683          	lbu	a3,0(a5) # 64000000 <_available_heap+0x63ff2e98>
80000740:	873e                	mv	a4,a5
80000742:	17fd                	addi	a5,a5,-1
80000744:	00d78123          	sb	a3,2(a5)
80000748:	fee61ae3          	bne	a2,a4,8000073c <kprintf+0x132>
					c[0] = '0' + (n%10);
8000074c:	03d37733          	remu	a4,t1,t4
80000750:	03070713          	addi	a4,a4,48
80000754:	00e10823          	sb	a4,16(sp)
					n = n / 10;
80000758:	03d357b3          	divu	a5,t1,t4
				for (;n != 0;) {
8000075c:	006f7463          	bgeu	t5,t1,80000764 <kprintf+0x15a>
					n = n / 10;
80000760:	833e                	mv	t1,a5
80000762:	bfd9                	j	80000738 <kprintf+0x12e>
80000764:	01110613          	addi	a2,sp,17
		__asm__ __volatile__ (
80000768:	640007b7          	lui	a5,0x64000
8000076c:	40e7a6af          	amoor.w	a3,a4,(a5)
	} while (r < 0);
80000770:	fe06cee3          	bltz	a3,8000076c <kprintf+0x162>
				for (int i = 0; c[i] != 0; i++) kputc(c[i]);
80000774:	00064703          	lbu	a4,0(a2)
80000778:	0605                	addi	a2,a2,1
8000077a:	fb6d                	bnez	a4,8000076c <kprintf+0x162>
8000077c:	bdcd                	j	8000066e <kprintf+0x64>

8000077e <rfc_hexdump>:
{
	kprintf("%hx", (unsigned int)v);
}

static void rfc_hexdump(const uint8_t *b, uint32_t len)
{
8000077e:	7139                	addi	sp,sp,-64
80000780:	d84a                	sw	s2,48(sp)
80000782:	d64e                	sw	s3,44(sp)
80000784:	d452                	sw	s4,40(sp)
80000786:	d256                	sw	s5,36(sp)
80000788:	ce5e                	sw	s7,28(sp)
8000078a:	cc62                	sw	s8,24(sp)
8000078c:	ca66                	sw	s9,20(sp)
8000078e:	c86a                	sw	s10,16(sp)
80000790:	de06                	sw	ra,60(sp)
80000792:	dc22                	sw	s0,56(sp)
80000794:	da26                	sw	s1,52(sp)
80000796:	d05a                	sw	s6,32(sp)
80000798:	c66e                	sw	s11,12(sp)
8000079a:	8d2e                	mv	s10,a1
8000079c:	892a                	mv	s2,a0
	for (uint32_t off = 0; off < len; off += 16) {
8000079e:	4c81                	li	s9,0
		uint32_t n = len - off < 16 ? len - off : 16;
800007a0:	4a41                	li	s4,16
	kprintf("%hx", (unsigned int)v);
800007a2:	00000997          	auipc	s3,0x0
800007a6:	47698993          	addi	s3,s3,1142 # 80000c18 <ad+0x60>
		for (uint32_t i = 0; i < 16; i++) {
			if (i < n) {
				print_hex_byte(b[off + i]);
				kprintf(" ");
			} else {
				kprintf("   ");
800007aa:	00000c17          	auipc	s8,0x0
800007ae:	47ac0c13          	addi	s8,s8,1146 # 80000c24 <ad+0x6c>
				kprintf(" ");
800007b2:	00000a97          	auipc	s5,0x0
800007b6:	46ea8a93          	addi	s5,s5,1134 # 80000c20 <ad+0x68>
		}

		kprintf(" ");
		for (uint32_t i = 0; i < n; i++) {
			uint8_t c = b[off + i];
			kprintf("%c", (c >= 0x20 && c < 0x7f) ? (char)c : '.');
800007ba:	00000b97          	auipc	s7,0x0
800007be:	46eb8b93          	addi	s7,s7,1134 # 80000c28 <ad+0x70>
		uint32_t n = len - off < 16 ? len - off : 16;
800007c2:	419d04b3          	sub	s1,s10,s9
800007c6:	009a7363          	bgeu	s4,s1,800007cc <rfc_hexdump+0x4e>
800007ca:	44c1                	li	s1,16
	kprintf("%hx", (unsigned int)v);
800007cc:	4581                	li	a1,0
800007ce:	854e                	mv	a0,s3
800007d0:	3d2d                	jal	8000060a <kprintf>
800007d2:	85e6                	mv	a1,s9
800007d4:	854e                	mv	a0,s3
800007d6:	3d15                	jal	8000060a <kprintf>
		kprintf("  ");
800007d8:	00000517          	auipc	a0,0x0
800007dc:	44450513          	addi	a0,a0,1092 # 80000c1c <ad+0x64>
800007e0:	352d                	jal	8000060a <kprintf>
		for (uint32_t i = 0; i < 16; i++) {
800007e2:	4401                	li	s0,0
800007e4:	a809                	j	800007f6 <rfc_hexdump+0x78>
	kprintf("%hx", (unsigned int)v);
800007e6:	0007c583          	lbu	a1,0(a5) # 64000000 <_available_heap+0x63ff2e98>
		for (uint32_t i = 0; i < 16; i++) {
800007ea:	0405                	addi	s0,s0,1
	kprintf("%hx", (unsigned int)v);
800007ec:	3d39                	jal	8000060a <kprintf>
				kprintf(" ");
800007ee:	8556                	mv	a0,s5
800007f0:	3d29                	jal	8000060a <kprintf>
		for (uint32_t i = 0; i < 16; i++) {
800007f2:	01440c63          	beq	s0,s4,8000080a <rfc_hexdump+0x8c>
				print_hex_byte(b[off + i]);
800007f6:	008907b3          	add	a5,s2,s0
	kprintf("%hx", (unsigned int)v);
800007fa:	854e                	mv	a0,s3
			if (i < n) {
800007fc:	fe9465e3          	bltu	s0,s1,800007e6 <rfc_hexdump+0x68>
				kprintf("   ");
80000800:	8562                	mv	a0,s8
		for (uint32_t i = 0; i < 16; i++) {
80000802:	0405                	addi	s0,s0,1
				kprintf("   ");
80000804:	3519                	jal	8000060a <kprintf>
		for (uint32_t i = 0; i < 16; i++) {
80000806:	ff4418e3          	bne	s0,s4,800007f6 <rfc_hexdump+0x78>
		kprintf(" ");
8000080a:	8556                	mv	a0,s5
8000080c:	3bfd                	jal	8000060a <kprintf>
		for (uint32_t i = 0; i < n; i++) {
8000080e:	059d0063          	beq	s10,s9,8000084e <rfc_hexdump+0xd0>
80000812:	94ca                	add	s1,s1,s2
80000814:	8dca                	mv	s11,s2
			kprintf("%c", (c >= 0x20 && c < 0x7f) ? (char)c : '.');
80000816:	05e00b13          	li	s6,94
			uint8_t c = b[off + i];
8000081a:	000dc583          	lbu	a1,0(s11)
			kprintf("%c", (c >= 0x20 && c < 0x7f) ? (char)c : '.');
8000081e:	855e                	mv	a0,s7
		for (uint32_t i = 0; i < n; i++) {
80000820:	0d85                	addi	s11,s11,1
			kprintf("%c", (c >= 0x20 && c < 0x7f) ? (char)c : '.');
80000822:	fe058713          	addi	a4,a1,-32 # 63ffffe0 <_available_heap+0x63ff2e78>
80000826:	0ff77713          	zext.b	a4,a4
8000082a:	00eb7463          	bgeu	s6,a4,80000832 <rfc_hexdump+0xb4>
8000082e:	02e00593          	li	a1,46
80000832:	3be1                	jal	8000060a <kprintf>
		for (uint32_t i = 0; i < n; i++) {
80000834:	ffb493e3          	bne	s1,s11,8000081a <rfc_hexdump+0x9c>
		}
		kprintf("\r\n");
80000838:	00000517          	auipc	a0,0x0
8000083c:	52050513          	addi	a0,a0,1312 # 80000d58 <ad+0x1a0>
	for (uint32_t off = 0; off < len; off += 16) {
80000840:	0cc1                	addi	s9,s9,16
		kprintf("\r\n");
80000842:	33e1                	jal	8000060a <kprintf>
	for (uint32_t off = 0; off < len; off += 16) {
80000844:	0941                	addi	s2,s2,16
80000846:	03acf763          	bgeu	s9,s10,80000874 <rfc_hexdump+0xf6>
8000084a:	8ca2                	mv	s9,s0
8000084c:	bf9d                	j	800007c2 <rfc_hexdump+0x44>
	}
}
8000084e:	5462                	lw	s0,56(sp)
80000850:	50f2                	lw	ra,60(sp)
80000852:	54d2                	lw	s1,52(sp)
80000854:	5942                	lw	s2,48(sp)
80000856:	59b2                	lw	s3,44(sp)
80000858:	5a22                	lw	s4,40(sp)
8000085a:	5a92                	lw	s5,36(sp)
8000085c:	5b02                	lw	s6,32(sp)
8000085e:	4bf2                	lw	s7,28(sp)
80000860:	4c62                	lw	s8,24(sp)
80000862:	4cd2                	lw	s9,20(sp)
80000864:	4d42                	lw	s10,16(sp)
80000866:	4db2                	lw	s11,12(sp)
		kprintf("\r\n");
80000868:	00000517          	auipc	a0,0x0
8000086c:	4f050513          	addi	a0,a0,1264 # 80000d58 <ad+0x1a0>
}
80000870:	6121                	addi	sp,sp,64
		kprintf("\r\n");
80000872:	bb61                	j	8000060a <kprintf>
}
80000874:	50f2                	lw	ra,60(sp)
80000876:	5462                	lw	s0,56(sp)
80000878:	54d2                	lw	s1,52(sp)
8000087a:	5942                	lw	s2,48(sp)
8000087c:	59b2                	lw	s3,44(sp)
8000087e:	5a22                	lw	s4,40(sp)
80000880:	5a92                	lw	s5,36(sp)
80000882:	5b02                	lw	s6,32(sp)
80000884:	4bf2                	lw	s7,28(sp)
80000886:	4c62                	lw	s8,24(sp)
80000888:	4cd2                	lw	s9,20(sp)
8000088a:	4d42                	lw	s10,16(sp)
8000088c:	4db2                	lw	s11,12(sp)
8000088e:	6121                	addi	sp,sp,64
80000890:	8082                	ret

80000892 <rfc_tag.constprop.0>:

static void rfc_tag(const uint8_t *b, uint32_t len)
80000892:	1101                	addi	sp,sp,-32
80000894:	cc22                	sw	s0,24(sp)
80000896:	ca26                	sw	s1,20(sp)
80000898:	c84a                	sw	s2,16(sp)
8000089a:	c64e                	sw	s3,12(sp)
8000089c:	c452                	sw	s4,8(sp)
8000089e:	ce06                	sw	ra,28(sp)
	kprintf("%hx", (unsigned int)v);
800008a0:	00054583          	lbu	a1,0(a0)
static void rfc_tag(const uint8_t *b, uint32_t len)
800008a4:	84aa                	mv	s1,a0
	kprintf("%hx", (unsigned int)v);
800008a6:	00000517          	auipc	a0,0x0
800008aa:	37250513          	addi	a0,a0,882 # 80000c18 <ad+0x60>
{
	for (uint32_t i = 0; i < len; i++) {
800008ae:	4405                	li	s0,1
	kprintf("%hx", (unsigned int)v);
800008b0:	3ba9                	jal	8000060a <kprintf>
		if (i) kprintf(":");
800008b2:	00000a17          	auipc	s4,0x0
800008b6:	37aa0a13          	addi	s4,s4,890 # 80000c2c <ad+0x74>
	kprintf("%hx", (unsigned int)v);
800008ba:	00000997          	auipc	s3,0x0
800008be:	35e98993          	addi	s3,s3,862 # 80000c18 <ad+0x60>
	for (uint32_t i = 0; i < len; i++) {
800008c2:	4941                	li	s2,16
		if (i) kprintf(":");
800008c4:	8552                	mv	a0,s4
800008c6:	3391                	jal	8000060a <kprintf>
		print_hex_byte(b[i]);
800008c8:	008487b3          	add	a5,s1,s0
	kprintf("%hx", (unsigned int)v);
800008cc:	0007c583          	lbu	a1,0(a5)
	for (uint32_t i = 0; i < len; i++) {
800008d0:	0405                	addi	s0,s0,1
	kprintf("%hx", (unsigned int)v);
800008d2:	854e                	mv	a0,s3
800008d4:	3b1d                	jal	8000060a <kprintf>
	for (uint32_t i = 0; i < len; i++) {
800008d6:	ff2417e3          	bne	s0,s2,800008c4 <rfc_tag.constprop.0+0x32>
	}
	kprintf("\r\n");
}
800008da:	4462                	lw	s0,24(sp)
800008dc:	40f2                	lw	ra,28(sp)
800008de:	44d2                	lw	s1,20(sp)
800008e0:	4942                	lw	s2,16(sp)
800008e2:	49b2                	lw	s3,12(sp)
800008e4:	4a22                	lw	s4,8(sp)
	kprintf("\r\n");
800008e6:	00000517          	auipc	a0,0x0
800008ea:	47250513          	addi	a0,a0,1138 # 80000d58 <ad+0x1a0>
}
800008ee:	6105                	addi	sp,sp,32
	kprintf("\r\n");
800008f0:	bb29                	j	8000060a <kprintf>

800008f2 <main>:
static const uint32_t z_len   = 7;

/* ------------------------------------------------------------------------- */

int main(int hartid, char **argv)
{
800008f2:	7111                	addi	sp,sp,-256
800008f4:	df86                	sw	ra,252(sp)
	uint8_t ct[64];
	uint8_t pt[64];
	uint8_t tag[ASCON_AEAD_TAG_LEN];
	int rc;

	REG32(uart, UART_REG_TXCTRL) = UART_TXEN;
800008f6:	640007b7          	lui	a5,0x64000
800008fa:	4705                	li	a4,1
800008fc:	c798                	sw	a4,8(a5)

	kprintf("\r\nASCON -- NIST SP 800-232\r\n");
800008fe:	00000517          	auipc	a0,0x0
80000902:	33250513          	addi	a0,a0,818 # 80000c30 <ad+0x78>
80000906:	3311                	jal	8000060a <kprintf>
	kprintf("ascon_engine_std @ 0x64008000, Arty 100T\r\n");
80000908:	00000517          	auipc	a0,0x0
8000090c:	34850513          	addi	a0,a0,840 # 80000c50 <ad+0x98>
80000910:	39ed                	jal	8000060a <kprintf>
	kprintf("Input: TRAN HUNG THOI\r\n");
80000912:	00000517          	auipc	a0,0x0
80000916:	36a50513          	addi	a0,a0,874 # 80000c7c <ad+0xc4>
8000091a:	39c5                	jal	8000060a <kprintf>

	/* ---- Ascon-Hash256 ----------------------------------------------- */
	kprintf("\r\n=== Ascon-Hash256 ===\r\n");
8000091c:	00000517          	auipc	a0,0x0
80000920:	37850513          	addi	a0,a0,888 # 80000c94 <ad+0xdc>
80000924:	31dd                	jal	8000060a <kprintf>
	kprintf("Message:\r\n");
80000926:	00000517          	auipc	a0,0x0
8000092a:	38a50513          	addi	a0,a0,906 # 80000cb0 <ad+0xf8>
8000092e:	39f1                	jal	8000060a <kprintf>
	rfc_hexdump(name, name_len);
80000930:	45b9                	li	a1,14
80000932:	00000517          	auipc	a0,0x0
80000936:	55650513          	addi	a0,a0,1366 # 80000e88 <name>
8000093a:	3591                	jal	8000077e <rfc_hexdump>

	rc = ascon_hash256(name, name_len, md);
8000093c:	0810                	addi	a2,sp,16
8000093e:	45b9                	li	a1,14
80000940:	00000517          	auipc	a0,0x0
80000944:	54850513          	addi	a0,a0,1352 # 80000e88 <name>
80000948:	3635                	jal	80000474 <ascon_hash256>
	if (rc == ASCON_OK) {
8000094a:	1e051063          	bnez	a0,80000b2a <main+0x238>
		kprintf("Digest (32 bytes):\r\n");
8000094e:	00000517          	auipc	a0,0x0
80000952:	36e50513          	addi	a0,a0,878 # 80000cbc <ad+0x104>
80000956:	3955                	jal	8000060a <kprintf>
		rfc_hexdump(md, ASCON_HASH256_LEN);
80000958:	02000593          	li	a1,32
8000095c:	0808                	addi	a0,sp,16
8000095e:	3505                	jal	8000077e <rfc_hexdump>
	} else {
		kprintf("Hash256 FAILED\r\n");
	}

	/* ---- Ascon-XOF128 ------------------------------------------------ */
	kprintf("\r\n=== Ascon-XOF128 ===\r\n");
80000960:	00000517          	auipc	a0,0x0
80000964:	38850513          	addi	a0,a0,904 # 80000ce8 <ad+0x130>
80000968:	314d                	jal	8000060a <kprintf>
	kprintf("Message:\r\n");
8000096a:	00000517          	auipc	a0,0x0
8000096e:	34650513          	addi	a0,a0,838 # 80000cb0 <ad+0xf8>
80000972:	3961                	jal	8000060a <kprintf>
	rfc_hexdump(name, name_len);
80000974:	45b9                	li	a1,14
80000976:	00000517          	auipc	a0,0x0
8000097a:	51250513          	addi	a0,a0,1298 # 80000e88 <name>
8000097e:	3501                	jal	8000077e <rfc_hexdump>

	rc = ascon_xof128(name, name_len, xof_out, 32);
80000980:	02000693          	li	a3,32
80000984:	1810                	addi	a2,sp,48
80000986:	45b9                	li	a1,14
80000988:	00000517          	auipc	a0,0x0
8000098c:	50050513          	addi	a0,a0,1280 # 80000e88 <name>
80000990:	36b9                	jal	800004de <ascon_xof128>
	if (rc == ASCON_OK) {
80000992:	1c051363          	bnez	a0,80000b58 <main+0x266>
		kprintf("Output (32 bytes):\r\n");
80000996:	00000517          	auipc	a0,0x0
8000099a:	36e50513          	addi	a0,a0,878 # 80000d04 <ad+0x14c>
8000099e:	31b5                	jal	8000060a <kprintf>
		rfc_hexdump(xof_out, 32);
800009a0:	02000593          	li	a1,32
800009a4:	1808                	addi	a0,sp,48
800009a6:	3be1                	jal	8000077e <rfc_hexdump>
	} else {
		kprintf("XOF128 FAILED\r\n");
	}

	/* ---- Ascon-CXOF128 ----------------------------------------------- */
	kprintf("\r\n=== Ascon-CXOF128 ===\r\n");
800009a8:	00000517          	auipc	a0,0x0
800009ac:	38450513          	addi	a0,a0,900 # 80000d2c <ad+0x174>
800009b0:	39a9                	jal	8000060a <kprintf>
	kprintf("Customization Z:\r\n");
800009b2:	00000517          	auipc	a0,0x0
800009b6:	39650513          	addi	a0,a0,918 # 80000d48 <ad+0x190>
800009ba:	3981                	jal	8000060a <kprintf>
	rfc_hexdump(z, z_len);
800009bc:	459d                	li	a1,7
800009be:	00000517          	auipc	a0,0x0
800009c2:	1f250513          	addi	a0,a0,498 # 80000bb0 <z>
800009c6:	3b65                	jal	8000077e <rfc_hexdump>
	kprintf("Message:\r\n");
800009c8:	00000517          	auipc	a0,0x0
800009cc:	2e850513          	addi	a0,a0,744 # 80000cb0 <ad+0xf8>
800009d0:	392d                	jal	8000060a <kprintf>
	rfc_hexdump(name, name_len);
800009d2:	45b9                	li	a1,14
800009d4:	00000517          	auipc	a0,0x0
800009d8:	4b450513          	addi	a0,a0,1204 # 80000e88 <name>
800009dc:	334d                	jal	8000077e <rfc_hexdump>

	rc = ascon_cxof128(z, z_len, name, name_len, cxof_out, 32);
800009de:	02000793          	li	a5,32
800009e2:	0898                	addi	a4,sp,80
800009e4:	46b9                	li	a3,14
800009e6:	00000617          	auipc	a2,0x0
800009ea:	4a260613          	addi	a2,a2,1186 # 80000e88 <name>
800009ee:	459d                	li	a1,7
800009f0:	00000517          	auipc	a0,0x0
800009f4:	1c050513          	addi	a0,a0,448 # 80000bb0 <z>
800009f8:	3cdd                	jal	800004ee <ascon_cxof128>
	if (rc == ASCON_OK) {
800009fa:	14051963          	bnez	a0,80000b4c <main+0x25a>
		kprintf("Output (32 bytes):\r\n");
800009fe:	00000517          	auipc	a0,0x0
80000a02:	30650513          	addi	a0,a0,774 # 80000d04 <ad+0x14c>
80000a06:	3111                	jal	8000060a <kprintf>
		rfc_hexdump(cxof_out, 32);
80000a08:	02000593          	li	a1,32
80000a0c:	0888                	addi	a0,sp,80
80000a0e:	3b85                	jal	8000077e <rfc_hexdump>
	} else {
		kprintf("CXOF128 FAILED\r\n");
	}

	/* ---- Ascon-AEAD128 encrypt --------------------------------------- */
	kprintf("\r\n=== Ascon-AEAD128 encrypt ===\r\n");
80000a10:	00000517          	auipc	a0,0x0
80000a14:	36050513          	addi	a0,a0,864 # 80000d70 <ad+0x1b8>
80000a18:	3ecd                	jal	8000060a <kprintf>
	kprintf("Key:\r\n");
80000a1a:	00000517          	auipc	a0,0x0
80000a1e:	37a50513          	addi	a0,a0,890 # 80000d94 <ad+0x1dc>
80000a22:	36e5                	jal	8000060a <kprintf>
	rfc_hexdump(key, 16);
80000a24:	45c1                	li	a1,16
80000a26:	00000517          	auipc	a0,0x0
80000a2a:	45250513          	addi	a0,a0,1106 # 80000e78 <key>
80000a2e:	3b81                	jal	8000077e <rfc_hexdump>
	kprintf("Nonce:\r\n");
80000a30:	00000517          	auipc	a0,0x0
80000a34:	36c50513          	addi	a0,a0,876 # 80000d9c <ad+0x1e4>
80000a38:	3ec9                	jal	8000060a <kprintf>
	rfc_hexdump(npub, 16);
80000a3a:	45c1                	li	a1,16
80000a3c:	00000517          	auipc	a0,0x0
80000a40:	42c50513          	addi	a0,a0,1068 # 80000e68 <npub>
80000a44:	3b2d                	jal	8000077e <rfc_hexdump>
	kprintf("Associated Data:\r\n");
80000a46:	00000517          	auipc	a0,0x0
80000a4a:	36250513          	addi	a0,a0,866 # 80000da8 <ad+0x1f0>
80000a4e:	3e75                	jal	8000060a <kprintf>
	rfc_hexdump(ad, ad_len);
80000a50:	45a1                	li	a1,8
80000a52:	00000517          	auipc	a0,0x0
80000a56:	16650513          	addi	a0,a0,358 # 80000bb8 <ad>
80000a5a:	3315                	jal	8000077e <rfc_hexdump>
	kprintf("Plaintext:\r\n");
80000a5c:	00000517          	auipc	a0,0x0
80000a60:	36050513          	addi	a0,a0,864 # 80000dbc <ad+0x204>
80000a64:	365d                	jal	8000060a <kprintf>
	rfc_hexdump(name, name_len);
80000a66:	45b9                	li	a1,14
80000a68:	00000517          	auipc	a0,0x0
80000a6c:	42050513          	addi	a0,a0,1056 # 80000e88 <name>
80000a70:	3339                	jal	8000077e <rfc_hexdump>

	rc = ascon_aead128_encrypt(key, npub, ad, ad_len,
80000a72:	888a                	mv	a7,sp
80000a74:	07010813          	addi	a6,sp,112
80000a78:	47b9                	li	a5,14
80000a7a:	00000717          	auipc	a4,0x0
80000a7e:	40e70713          	addi	a4,a4,1038 # 80000e88 <name>
80000a82:	46a1                	li	a3,8
80000a84:	00000617          	auipc	a2,0x0
80000a88:	13460613          	addi	a2,a2,308 # 80000bb8 <ad>
80000a8c:	00000597          	auipc	a1,0x0
80000a90:	3dc58593          	addi	a1,a1,988 # 80000e68 <npub>
80000a94:	00000517          	auipc	a0,0x0
80000a98:	3e450513          	addi	a0,a0,996 # 80000e78 <key>
80000a9c:	348d                	jal	800004fe <ascon_aead128_encrypt>
	                           name, name_len, ct, tag);
	if (rc == ASCON_OK) {
80000a9e:	ed41                	bnez	a0,80000b36 <main+0x244>
		kprintf("Ciphertext:\r\n");
80000aa0:	00000517          	auipc	a0,0x0
80000aa4:	32c50513          	addi	a0,a0,812 # 80000dcc <ad+0x214>
80000aa8:	368d                	jal	8000060a <kprintf>
		rfc_hexdump(ct, name_len);
80000aaa:	45b9                	li	a1,14
80000aac:	1888                	addi	a0,sp,112
80000aae:	39c1                	jal	8000077e <rfc_hexdump>
		kprintf("Tag:\r\n");
80000ab0:	00000517          	auipc	a0,0x0
80000ab4:	32c50513          	addi	a0,a0,812 # 80000ddc <ad+0x224>
80000ab8:	3e89                	jal	8000060a <kprintf>
		rfc_tag(tag, ASCON_AEAD_TAG_LEN);
80000aba:	850a                	mv	a0,sp
80000abc:	3bd9                	jal	80000892 <rfc_tag.constprop.0>

		/* ---- Ascon-AEAD128 decrypt ---------------------------------- */
		kprintf("\r\n=== Ascon-AEAD128 decrypt ===\r\n");
80000abe:	00000517          	auipc	a0,0x0
80000ac2:	32650513          	addi	a0,a0,806 # 80000de4 <ad+0x22c>
80000ac6:	3691                	jal	8000060a <kprintf>
		kprintf("Ciphertext:\r\n");
80000ac8:	00000517          	auipc	a0,0x0
80000acc:	30450513          	addi	a0,a0,772 # 80000dcc <ad+0x214>
80000ad0:	3e2d                	jal	8000060a <kprintf>
		rfc_hexdump(ct, name_len);
80000ad2:	45b9                	li	a1,14
80000ad4:	1888                	addi	a0,sp,112
80000ad6:	3165                	jal	8000077e <rfc_hexdump>
		kprintf("Tag:\r\n");
80000ad8:	00000517          	auipc	a0,0x0
80000adc:	30450513          	addi	a0,a0,772 # 80000ddc <ad+0x224>
80000ae0:	362d                	jal	8000060a <kprintf>
		rfc_tag(tag, ASCON_AEAD_TAG_LEN);
80000ae2:	850a                	mv	a0,sp
80000ae4:	337d                	jal	80000892 <rfc_tag.constprop.0>

		rc = ascon_aead128_decrypt(key, npub, ad, ad_len,
80000ae6:	888a                	mv	a7,sp
80000ae8:	0b010813          	addi	a6,sp,176
80000aec:	47b9                	li	a5,14
80000aee:	1898                	addi	a4,sp,112
80000af0:	46a1                	li	a3,8
80000af2:	00000617          	auipc	a2,0x0
80000af6:	0c660613          	addi	a2,a2,198 # 80000bb8 <ad>
80000afa:	00000597          	auipc	a1,0x0
80000afe:	36e58593          	addi	a1,a1,878 # 80000e68 <npub>
80000b02:	00000517          	auipc	a0,0x0
80000b06:	37650513          	addi	a0,a0,886 # 80000e78 <key>
80000b0a:	3c11                	jal	8000051e <ascon_aead128_decrypt>
		                           ct, name_len, pt, tag);
		if (rc == ASCON_OK) {
80000b0c:	ed21                	bnez	a0,80000b64 <main+0x272>
			kprintf("Plaintext recovered:\r\n");
80000b0e:	00000517          	auipc	a0,0x0
80000b12:	2fa50513          	addi	a0,a0,762 # 80000e08 <ad+0x250>
80000b16:	3cd5                	jal	8000060a <kprintf>
			rfc_hexdump(pt, name_len);
80000b18:	1908                	addi	a0,sp,176
80000b1a:	45b9                	li	a1,14
80000b1c:	318d                	jal	8000077e <rfc_hexdump>
			kprintf("Authentication: OK\r\n");
80000b1e:	00000517          	auipc	a0,0x0
80000b22:	30250513          	addi	a0,a0,770 # 80000e20 <ad+0x268>
80000b26:	34d5                	jal	8000060a <kprintf>
80000b28:	a821                	j	80000b40 <main+0x24e>
		kprintf("Hash256 FAILED\r\n");
80000b2a:	00000517          	auipc	a0,0x0
80000b2e:	1aa50513          	addi	a0,a0,426 # 80000cd4 <ad+0x11c>
80000b32:	3ce1                	jal	8000060a <kprintf>
80000b34:	b535                	j	80000960 <main+0x6e>
		} else {
			kprintf("AUTH FAILED\r\n");
		}
	} else {
		kprintf("Encrypt FAILED\r\n");
80000b36:	00000517          	auipc	a0,0x0
80000b3a:	31250513          	addi	a0,a0,786 # 80000e48 <ad+0x290>
80000b3e:	34f1                	jal	8000060a <kprintf>
	}

	kprintf("\r\nDone.\r\n");
80000b40:	00000517          	auipc	a0,0x0
80000b44:	31c50513          	addi	a0,a0,796 # 80000e5c <ad+0x2a4>
80000b48:	34c9                	jal	8000060a <kprintf>
	for (;;)
80000b4a:	a001                	j	80000b4a <main+0x258>
		kprintf("CXOF128 FAILED\r\n");
80000b4c:	00000517          	auipc	a0,0x0
80000b50:	21050513          	addi	a0,a0,528 # 80000d5c <ad+0x1a4>
80000b54:	3c5d                	jal	8000060a <kprintf>
80000b56:	bd6d                	j	80000a10 <main+0x11e>
		kprintf("XOF128 FAILED\r\n");
80000b58:	00000517          	auipc	a0,0x0
80000b5c:	1c450513          	addi	a0,a0,452 # 80000d1c <ad+0x164>
80000b60:	346d                	jal	8000060a <kprintf>
80000b62:	b599                	j	800009a8 <main+0xb6>
			kprintf("AUTH FAILED\r\n");
80000b64:	00000517          	auipc	a0,0x0
80000b68:	2d450513          	addi	a0,a0,724 # 80000e38 <ad+0x280>
80000b6c:	3c79                	jal	8000060a <kprintf>
80000b6e:	bfc9                	j	80000b40 <main+0x24e>
	...

Disassembly of section .srodata:

80000bb0 <z>:
static const uint8_t z[]     = "student";
80000bb0:	64757473          	csrrci	s0,0x647,10
80000bb4:	6e65                	lui	t3,0x19
80000bb6:	0074                	addi	a3,sp,12

80000bb8 <ad>:
static const uint8_t ad[]    = { 0x4B,0x32,0x34,0x00,0x00,0x00,0x00,0x00 };
80000bb8:	0034324b          	.4byte	0x34324b
80000bbc:	0000                	unimp
	...

Disassembly of section .rodata:

80000bc0 <npub-0x2a8>:
80000bc0:	fa98                	.2byte	0xfa98
80000bc2:	ffff                	.2byte	0xffff
80000bc4:	faae                	.2byte	0xfaae
80000bc6:	ffff                	.2byte	0xffff
80000bc8:	faae                	.2byte	0xfaae
80000bca:	ffff                	.2byte	0xffff
80000bcc:	faae                	.2byte	0xfaae
80000bce:	ffff                	.2byte	0xffff
80000bd0:	faae                	.2byte	0xfaae
80000bd2:	ffff                	.2byte	0xffff
80000bd4:	fb56                	.2byte	0xfb56
80000bd6:	ffff                	.2byte	0xffff
80000bd8:	faae                	.2byte	0xfaae
80000bda:	ffff                	.2byte	0xffff
80000bdc:	faae                	.2byte	0xfaae
80000bde:	ffff                	.2byte	0xffff
80000be0:	faae                	.2byte	0xfaae
80000be2:	ffff                	.2byte	0xffff
80000be4:	fb26                	.2byte	0xfb26
80000be6:	ffff                	.2byte	0xffff
80000be8:	faae                	.2byte	0xfaae
80000bea:	ffff                	.2byte	0xffff
80000bec:	faae                	.2byte	0xfaae
80000bee:	ffff                	.2byte	0xffff
80000bf0:	faae                	.2byte	0xfaae
80000bf2:	ffff                	.2byte	0xffff
80000bf4:	faae                	.2byte	0xfaae
80000bf6:	ffff                	.2byte	0xffff
80000bf8:	faae                	.2byte	0xfaae
80000bfa:	ffff                	.2byte	0xffff
80000bfc:	faae                	.2byte	0xfaae
80000bfe:	ffff                	.2byte	0xffff
80000c00:	fb02                	.2byte	0xfb02
80000c02:	ffff                	.2byte	0xffff
80000c04:	faae                	.2byte	0xfaae
80000c06:	ffff                	.2byte	0xffff
80000c08:	faae                	.2byte	0xfaae
80000c0a:	ffff                	.2byte	0xffff
80000c0c:	faae                	.2byte	0xfaae
80000c0e:	ffff                	.2byte	0xffff
80000c10:	faae                	.2byte	0xfaae
80000c12:	ffff                	.2byte	0xffff
80000c14:	fac0                	.2byte	0xfac0
80000c16:	ffff                	.2byte	0xffff
80000c18:	6825                	lui	a6,0x9
80000c1a:	0078                	addi	a4,sp,12
80000c1c:	2020                	.2byte	0x2020
80000c1e:	0000                	unimp
80000c20:	0020                	addi	s0,sp,8
80000c22:	0000                	unimp
80000c24:	2020                	.2byte	0x2020
80000c26:	0020                	addi	s0,sp,8
80000c28:	6325                	lui	t1,0x9
80000c2a:	0000                	unimp
80000c2c:	003a                	c.slli	zero,0xe
80000c2e:	0000                	unimp
80000c30:	0a0d                	addi	s4,s4,3
80000c32:	5341                	li	t1,-16
80000c34:	204e4f43          	.4byte	0x204e4f43
80000c38:	2d2d                	jal	80001272 <_end+0x3da>
80000c3a:	4e20                	lw	s0,88(a2)
80000c3c:	5349                	li	t1,-14
80000c3e:	2054                	.2byte	0x2054
80000c40:	38205053          	.4byte	0x38205053
80000c44:	3030                	.2byte	0x3030
80000c46:	322d                	jal	80000570 <ascon_aead128_decrypt+0x52>
80000c48:	0a0d3233          	.4byte	0xa0d3233
80000c4c:	0000                	unimp
80000c4e:	0000                	unimp
80000c50:	7361                	lui	t1,0xffff8
80000c52:	5f6e6f63          	bltu	t3,s6,80001250 <_end+0x3b8>
80000c56:	6e65                	lui	t3,0x19
80000c58:	656e6967          	.4byte	0x656e6967
80000c5c:	735f 6474 4020      	.byte	0x5f, 0x73, 0x74, 0x64, 0x20, 0x40
80000c62:	3020                	.2byte	0x3020
80000c64:	3678                	.2byte	0x3678
80000c66:	3034                	.2byte	0x3034
80000c68:	3830                	.2byte	0x3830
80000c6a:	3030                	.2byte	0x3030
80000c6c:	2c30                	.2byte	0x2c30
80000c6e:	4120                	lw	s0,64(a0)
80000c70:	7472                	.2byte	0x7472
80000c72:	2079                	jal	80000d00 <ad+0x148>
80000c74:	3031                	jal	80000480 <ascon_hash256+0xc>
80000c76:	5430                	lw	a2,104(s0)
80000c78:	0a0d                	addi	s4,s4,3
80000c7a:	0000                	unimp
80000c7c:	6e49                	lui	t3,0x12
80000c7e:	7570                	.2byte	0x7570
80000c80:	3a74                	.2byte	0x3a74
80000c82:	5420                	lw	s0,104(s0)
80000c84:	4152                	lw	sp,20(sp)
80000c86:	204e                	.2byte	0x204e
80000c88:	5548                	lw	a0,44(a0)
80000c8a:	474e                	lw	a4,208(sp)
80000c8c:	5420                	lw	s0,104(s0)
80000c8e:	4f48                	lw	a0,28(a4)
80000c90:	0d49                	addi	s10,s10,18
80000c92:	000a                	c.slli	zero,0x2
80000c94:	0a0d                	addi	s4,s4,3
80000c96:	3d3d                	jal	80000ad4 <main+0x1e2>
80000c98:	203d                	jal	80000cc6 <ad+0x10e>
80000c9a:	7341                	lui	t1,0xffff0
80000c9c:	2d6e6f63          	bltu	t3,s6,80000f7a <_end+0xe2>
80000ca0:	6148                	.2byte	0x6148
80000ca2:	35326873          	csrrsi	a6,0x353,4
80000ca6:	2036                	.2byte	0x2036
80000ca8:	3d3d                	jal	80000ae6 <main+0x1f4>
80000caa:	0d3d                	addi	s10,s10,15
80000cac:	000a                	c.slli	zero,0x2
80000cae:	0000                	unimp
80000cb0:	654d                	lui	a0,0x13
80000cb2:	67617373          	csrrci	t1,0x676,2
80000cb6:	3a65                	jal	8000066e <kprintf+0x64>
80000cb8:	0a0d                	addi	s4,s4,3
80000cba:	0000                	unimp
80000cbc:	6944                	.2byte	0x6944
80000cbe:	74736567          	.4byte	0x74736567
80000cc2:	2820                	.2byte	0x2820
80000cc4:	62203233          	.4byte	0x62203233
80000cc8:	7479                	lui	s0,0xffffe
80000cca:	7365                	lui	t1,0xffff9
80000ccc:	3a29                	jal	800005e6 <ascon_aead128_decrypt+0xc8>
80000cce:	0a0d                	addi	s4,s4,3
80000cd0:	0000                	unimp
80000cd2:	0000                	unimp
80000cd4:	6148                	.2byte	0x6148
80000cd6:	35326873          	csrrsi	a6,0x353,4
80000cda:	2036                	.2byte	0x2036
80000cdc:	4146                	lw	sp,80(sp)
80000cde:	4c49                	li	s8,18
80000ce0:	4445                	li	s0,17
80000ce2:	0a0d                	addi	s4,s4,3
80000ce4:	0000                	unimp
80000ce6:	0000                	unimp
80000ce8:	0a0d                	addi	s4,s4,3
80000cea:	3d3d                	jal	80000b28 <main+0x236>
80000cec:	203d                	jal	80000d1a <ad+0x162>
80000cee:	7341                	lui	t1,0xffff0
80000cf0:	2d6e6f63          	bltu	t3,s6,80000fce <_end+0x136>
80000cf4:	4f58                	lw	a4,28(a4)
80000cf6:	3146                	.2byte	0x3146
80000cf8:	3832                	.2byte	0x3832
80000cfa:	3d20                	.2byte	0x3d20
80000cfc:	3d3d                	jal	80000b3a <main+0x248>
80000cfe:	0a0d                	addi	s4,s4,3
80000d00:	0000                	unimp
80000d02:	0000                	unimp
80000d04:	7074754f          	.4byte	0x7074754f
80000d08:	7475                	lui	s0,0xffffd
80000d0a:	2820                	.2byte	0x2820
80000d0c:	62203233          	.4byte	0x62203233
80000d10:	7479                	lui	s0,0xffffe
80000d12:	7365                	lui	t1,0xffff9
80000d14:	3a29                	jal	8000062e <kprintf+0x24>
80000d16:	0a0d                	addi	s4,s4,3
80000d18:	0000                	unimp
80000d1a:	0000                	unimp
80000d1c:	4f58                	lw	a4,28(a4)
80000d1e:	3146                	.2byte	0x3146
80000d20:	3832                	.2byte	0x3832
80000d22:	4620                	lw	s0,72(a2)
80000d24:	4941                	li	s2,16
80000d26:	454c                	lw	a1,12(a0)
80000d28:	0d44                	addi	s1,sp,660
80000d2a:	000a                	c.slli	zero,0x2
80000d2c:	0a0d                	addi	s4,s4,3
80000d2e:	3d3d                	jal	80000b6c <main+0x27a>
80000d30:	203d                	jal	80000d5e <ad+0x1a6>
80000d32:	7341                	lui	t1,0xffff0
80000d34:	2d6e6f63          	bltu	t3,s6,80001012 <_end+0x17a>
80000d38:	464f5843          	.4byte	0x464f5843
80000d3c:	3231                	jal	80000648 <kprintf+0x3e>
80000d3e:	2038                	.2byte	0x2038
80000d40:	3d3d                	jal	80000b7e <main+0x28c>
80000d42:	0d3d                	addi	s10,s10,15
80000d44:	000a                	c.slli	zero,0x2
80000d46:	0000                	unimp
80000d48:	74737543          	.4byte	0x74737543
80000d4c:	7a696d6f          	jal	s10,800974f2 <_ram_end+0x874f2>
80000d50:	7461                	lui	s0,0xffff8
80000d52:	6f69                	lui	t5,0x1a
80000d54:	206e                	.2byte	0x206e
80000d56:	3a5a                	.2byte	0x3a5a
80000d58:	0a0d                	addi	s4,s4,3
80000d5a:	0000                	unimp
80000d5c:	464f5843          	.4byte	0x464f5843
80000d60:	3231                	jal	8000066c <kprintf+0x62>
80000d62:	2038                	.2byte	0x2038
80000d64:	4146                	lw	sp,80(sp)
80000d66:	4c49                	li	s8,18
80000d68:	4445                	li	s0,17
80000d6a:	0a0d                	addi	s4,s4,3
80000d6c:	0000                	unimp
80000d6e:	0000                	unimp
80000d70:	0a0d                	addi	s4,s4,3
80000d72:	3d3d                	jal	80000bb0 <z>
80000d74:	203d                	jal	80000da2 <ad+0x1ea>
80000d76:	7341                	lui	t1,0xffff0
80000d78:	2d6e6f63          	bltu	t3,s6,80001056 <_end+0x1be>
80000d7c:	4541                	li	a0,16
80000d7e:	4441                	li	s0,16
80000d80:	3231                	jal	8000068c <kprintf+0x82>
80000d82:	2038                	.2byte	0x2038
80000d84:	6e65                	lui	t3,0x19
80000d86:	70797263          	bgeu	s2,t2,8000148a <_end+0x5f2>
80000d8a:	2074                	.2byte	0x2074
80000d8c:	3d3d                	jal	80000bca <ad+0x12>
80000d8e:	0d3d                	addi	s10,s10,15
80000d90:	000a                	c.slli	zero,0x2
80000d92:	0000                	unimp
80000d94:	3a79654b          	.4byte	0x3a79654b
80000d98:	0a0d                	addi	s4,s4,3
80000d9a:	0000                	unimp
80000d9c:	6f4e                	.2byte	0x6f4e
80000d9e:	636e                	.2byte	0x636e
80000da0:	3a65                	jal	80000758 <kprintf+0x14e>
80000da2:	0a0d                	addi	s4,s4,3
80000da4:	0000                	unimp
80000da6:	0000                	unimp
80000da8:	7341                	lui	t1,0xffff0
80000daa:	69636f73          	csrrsi	t5,0x696,6
80000dae:	7461                	lui	s0,0xffff8
80000db0:	6465                	lui	s0,0x19
80000db2:	4420                	lw	s0,72(s0)
80000db4:	7461                	lui	s0,0xffff8
80000db6:	3a61                	jal	8000074e <kprintf+0x144>
80000db8:	0a0d                	addi	s4,s4,3
80000dba:	0000                	unimp
80000dbc:	6c50                	.2byte	0x6c50
80000dbe:	6961                	lui	s2,0x18
80000dc0:	746e                	.2byte	0x746e
80000dc2:	7865                	lui	a6,0xffff9
80000dc4:	3a74                	.2byte	0x3a74
80000dc6:	0a0d                	addi	s4,s4,3
80000dc8:	0000                	unimp
80000dca:	0000                	unimp
80000dcc:	68706943          	.4byte	0x68706943
80000dd0:	7265                	lui	tp,0xffff9
80000dd2:	6574                	.2byte	0x6574
80000dd4:	7478                	.2byte	0x7478
80000dd6:	0d3a                	slli	s10,s10,0xe
80000dd8:	000a                	c.slli	zero,0x2
80000dda:	0000                	unimp
80000ddc:	6154                	.2byte	0x6154
80000dde:	0a0d3a67          	.4byte	0xa0d3a67
80000de2:	0000                	unimp
80000de4:	0a0d                	addi	s4,s4,3
80000de6:	3d3d                	jal	80000c24 <ad+0x6c>
80000de8:	203d                	jal	80000e16 <ad+0x25e>
80000dea:	7341                	lui	t1,0xffff0
80000dec:	2d6e6f63          	bltu	t3,s6,800010ca <_end+0x232>
80000df0:	4541                	li	a0,16
80000df2:	4441                	li	s0,16
80000df4:	3231                	jal	80000700 <kprintf+0xf6>
80000df6:	2038                	.2byte	0x2038
80000df8:	6564                	.2byte	0x6564
80000dfa:	70797263          	bgeu	s2,t2,800014fe <_end+0x666>
80000dfe:	2074                	.2byte	0x2074
80000e00:	3d3d                	jal	80000c3e <ad+0x86>
80000e02:	0d3d                	addi	s10,s10,15
80000e04:	000a                	c.slli	zero,0x2
80000e06:	0000                	unimp
80000e08:	6c50                	.2byte	0x6c50
80000e0a:	6961                	lui	s2,0x18
80000e0c:	746e                	.2byte	0x746e
80000e0e:	7865                	lui	a6,0xffff9
80000e10:	2074                	.2byte	0x2074
80000e12:	6572                	.2byte	0x6572
80000e14:	65766f63          	bltu	a2,s7,80001472 <_end+0x5da>
80000e18:	6572                	.2byte	0x6572
80000e1a:	3a64                	.2byte	0x3a64
80000e1c:	0a0d                	addi	s4,s4,3
80000e1e:	0000                	unimp
80000e20:	7541                	lui	a0,0xffff0
80000e22:	6874                	.2byte	0x6874
80000e24:	6e65                	lui	t3,0x19
80000e26:	6974                	.2byte	0x6974
80000e28:	69746163          	bltu	s0,s7,800014aa <_end+0x612>
80000e2c:	203a6e6f          	jal	t3,800a782e <_ram_end+0x9782e>
80000e30:	0a0d4b4f          	.4byte	0xa0d4b4f
80000e34:	0000                	unimp
80000e36:	0000                	unimp
80000e38:	5541                	li	a0,-16
80000e3a:	4854                	lw	a3,20(s0)
80000e3c:	4620                	lw	s0,72(a2)
80000e3e:	4941                	li	s2,16
80000e40:	454c                	lw	a1,12(a0)
80000e42:	0d44                	addi	s1,sp,660
80000e44:	000a                	c.slli	zero,0x2
80000e46:	0000                	unimp
80000e48:	6e45                	lui	t3,0x11
80000e4a:	70797263          	bgeu	s2,t2,8000154e <_end+0x6b6>
80000e4e:	2074                	.2byte	0x2074
80000e50:	4146                	lw	sp,80(sp)
80000e52:	4c49                	li	s8,18
80000e54:	4445                	li	s0,17
80000e56:	0a0d                	addi	s4,s4,3
80000e58:	0000                	unimp
80000e5a:	0000                	unimp
80000e5c:	0a0d                	addi	s4,s4,3
80000e5e:	6f44                	.2byte	0x6f44
80000e60:	656e                	.2byte	0x656e
80000e62:	0d2e                	slli	s10,s10,0xb
80000e64:	000a                	c.slli	zero,0x2
	...

80000e68 <npub>:
static const uint8_t npub[16] = {
80000e68:	1100                	addi	s0,sp,160
80000e6a:	3322                	.2byte	0x3322
80000e6c:	5544                	lw	s1,44(a0)
80000e6e:	7766                	.2byte	0x7766
80000e70:	9988                	.2byte	0x9988
80000e72:	bbaa                	.2byte	0xbbaa
80000e74:	ddcc                	sw	a1,60(a1)
80000e76:	ffee                	.2byte	0xffee

80000e78 <key>:
static const uint8_t key[16] = {
80000e78:	0100                	addi	s0,sp,128
80000e7a:	0302                	c.slli64	t1
80000e7c:	0504                	addi	s1,sp,640
80000e7e:	0706                	slli	a4,a4,0x1
80000e80:	0908                	addi	a0,sp,144
80000e82:	0b0a                	slli	s6,s6,0x2
80000e84:	0d0c                	addi	a1,sp,656
80000e86:	0f0e                	slli	t5,t5,0x3

80000e88 <name>:
static const uint8_t name[]    = "TRAN HUNG THOI";
80000e88:	5254                	lw	a3,36(a2)
80000e8a:	4e41                	li	t3,16
80000e8c:	4820                	lw	s0,80(s0)
80000e8e:	4e55                	li	t3,21
80000e90:	48542047          	.4byte	0x48542047
80000e94:	4f 49 00            	Address 0x0000000080000e94 is out of bounds.


Disassembly of section .riscv.attributes:

00000000 <.riscv.attributes>:
   0:	2e41                	jal	390 <_program_size-0xb08>
   2:	0000                	unimp
   4:	7200                	.2byte	0x7200
   6:	7369                	lui	t1,0xffffa
   8:	01007663          	bgeu	zero,a6,14 <_program_size-0xe84>
   c:	0024                	addi	s1,sp,8
   e:	0000                	unimp
  10:	1004                	addi	s1,sp,32
  12:	7205                	lui	tp,0xfffe1
  14:	3376                	.2byte	0x3376
  16:	6932                	.2byte	0x6932
  18:	7032                	.2byte	0x7032
  1a:	5f30                	lw	a2,120(a4)
  1c:	326d                	jal	fffff9c6 <_ram_end+0x7ffef9c6>
  1e:	3070                	.2byte	0x3070
  20:	615f 7032 5f30      	.byte	0x5f, 0x61, 0x32, 0x70, 0x30, 0x5f
  26:	30703263          	.4byte	0x30703263
  2a:	0800                	addi	s0,sp,16
  2c:	0a01                	addi	s4,s4,0
  2e:	0b              	Address 0x000000000000002e is out of bounds.


Disassembly of section .comment:

00000000 <.comment>:
   0:	3a434347          	.4byte	0x3a434347
   4:	2820                	.2byte	0x2820
   6:	65653267          	.4byte	0x65653267
   a:	6535                	lui	a0,0xd
   c:	3334                	.2byte	0x3334
   e:	3030                	.2byte	0x3030
  10:	3831                	jal	fffff82c <_ram_end+0x7ffef82c>
  12:	2029                	jal	1c <_program_size-0xe7c>
  14:	3231                	jal	fffff920 <_ram_end+0x7ffef920>
  16:	322e                	.2byte	0x322e
  18:	302e                	.2byte	0x302e
	...

Disassembly of section .debug_line:

00000000 <.debug_line>:
       0:	007c                	addi	a5,sp,12
       2:	0000                	unimp
       4:	0005                	c.nop	1
       6:	0004                	.2byte	0x4
       8:	002e                	c.slli	zero,0xb
       a:	0000                	unimp
       c:	0101                	addi	sp,sp,0
       e:	fb01                	bnez	a4,ffffff1e <_ram_end+0x7ffeff1e>
      10:	0d0e                	slli	s10,s10,0x3
      12:	0100                	addi	s0,sp,128
      14:	0101                	addi	sp,sp,0
      16:	0001                	nop
      18:	0000                	unimp
      1a:	0001                	nop
      1c:	0100                	addi	s0,sp,128
      1e:	0101                	addi	sp,sp,0
      20:	021f 0000 0000      	.byte	0x1f, 0x02, 0x00, 0x00, 0x00, 0x00
      26:	002e                	c.slli	zero,0xb
      28:	0000                	unimp
      2a:	0102                	c.slli64	sp
      2c:	021f 020f 0060      	.byte	0x1f, 0x02, 0x0f, 0x02, 0x60, 0x00
      32:	0000                	unimp
      34:	6001                	.2byte	0x6001
      36:	0000                	unimp
      38:	0100                	addi	s0,sp,128
      3a:	0500                	addi	s0,sp,640
      3c:	0002                	c.slli64	zero
      3e:	0000                	unimp
      40:	0380                	addi	s0,sp,448
      42:	010a                	slli	sp,sp,0x2
      44:	04090103          	lb	sp,64(s2) # 18040 <_available_heap+0xaed8>
      48:	0100                	addi	s0,sp,128
      4a:	04090103          	lb	sp,64(s2)
      4e:	0100                	addi	s0,sp,128
      50:	04090103          	lb	sp,64(s2)
      54:	0100                	addi	s0,sp,128
      56:	08090103          	lb	sp,128(s2)
      5a:	0100                	addi	s0,sp,128
      5c:	04090103          	lb	sp,64(s2)
      60:	0100                	addi	s0,sp,128
      62:	04090103          	lb	sp,64(s2)
      66:	0100                	addi	s0,sp,128
      68:	04090103          	lb	sp,64(s2)
      6c:	0100                	addi	s0,sp,128
      6e:	04090203          	lb	tp,64(s2)
      72:	0100                	addi	s0,sp,128
      74:	04090203          	lb	tp,64(s2)
      78:	0100                	addi	s0,sp,128
      7a:	0409                	addi	s0,s0,2 # ffff8002 <_ram_end+0x7ffe8002>
      7c:	0000                	unimp
      7e:	0101                	addi	sp,sp,0
      80:	1419                	addi	s0,s0,-26
      82:	0000                	unimp
      84:	0005                	c.nop	1
      86:	0004                	.2byte	0x4
      88:	0040                	addi	s0,sp,4
      8a:	0000                	unimp
      8c:	0101                	addi	sp,sp,0
      8e:	fb01                	bnez	a4,ffffff9e <_ram_end+0x7ffeff9e>
      90:	0d0e                	slli	s10,s10,0x3
      92:	0100                	addi	s0,sp,128
      94:	0101                	addi	sp,sp,0
      96:	0001                	nop
      98:	0000                	unimp
      9a:	0001                	nop
      9c:	0100                	addi	s0,sp,128
      9e:	0101                	addi	sp,sp,0
      a0:	041f 0000 0000      	.byte	0x1f, 0x04, 0x00, 0x00, 0x00, 0x00
      a6:	002e                	c.slli	zero,0xb
      a8:	0000                	unimp
      aa:	00a1                	addi	ra,ra,8
      ac:	0000                	unimp
      ae:	00fc                	addi	a5,sp,76
      b0:	0000                	unimp
      b2:	0102                	c.slli64	sp
      b4:	021f 040f 0099      	.byte	0x1f, 0x02, 0x0f, 0x04, 0x99, 0x00
      ba:	0000                	unimp
      bc:	9901                	andi	a0,a0,-32
      be:	0000                	unimp
      c0:	0100                	addi	s0,sp,128
      c2:	00000153          	.4byte	0x153
      c6:	6402                	.2byte	0x6402
      c8:	0001                	nop
      ca:	0300                	addi	s0,sp,384
      cc:	0105                	addi	sp,sp,1
      ce:	0500                	addi	s0,sp,640
      d0:	2c02                	.2byte	0x2c02
      d2:	0000                	unimp
      d4:	0380                	addi	s0,sp,448
      d6:	01a4                	addi	s1,sp,200
      d8:	0501                	addi	a0,a0,0 # d000 <_stack_size+0xb000>
      da:	0302                	c.slli64	t1
      dc:	0901                	addi	s2,s2,0
      de:	0000                	unimp
      e0:	0501                	addi	a0,a0,0
      e2:	09000307          	.4byte	0x9000307
      e6:	0000                	unimp
      e8:	0501                	addi	a0,a0,0
      ea:	031d                	addi	t1,t1,7 # ffffa007 <_ram_end+0x7ffea007>
      ec:	0900                	addi	s0,sp,144
      ee:	0000                	unimp
      f0:	0501                	addi	a0,a0,0
      f2:	0626                	slli	a2,a2,0x9
      f4:	00090103          	lb	sp,0(s2)
      f8:	0100                	addi	s0,sp,128
      fa:	0105                	addi	sp,sp,1
      fc:	08097e03          	.4byte	0x8097e03
     100:	0100                	addi	s0,sp,128
     102:	1905                	addi	s2,s2,-31
     104:	02090103          	lb	sp,32(s2)
     108:	0100                	addi	s0,sp,128
     10a:	097eff03          	.4byte	0x97eff03
     10e:	0002                	c.slli64	zero
     110:	0501                	addi	a0,a0,0
     112:	0326                	slli	t1,t1,0x9
     114:	04090183          	lb	gp,64(s2)
     118:	0100                	addi	s0,sp,128
     11a:	0305                	addi	t1,t1,1
     11c:	0200                	addi	s0,sp,256
     11e:	0304                	addi	s1,sp,384
     120:	0306                	slli	t1,t1,0x1
     122:	097f                	.2byte	0x97f
     124:	0004                	.2byte	0x4
     126:	0501                	addi	a0,a0,0
     128:	0026                	c.slli	zero,0x9
     12a:	0402                	c.slli64	s0
     12c:	00030603          	lb	a2,0(t1)
     130:	0009                	c.nop	2
     132:	0100                	addi	s0,sp,128
     134:	0305                	addi	t1,t1,1
     136:	0200                	addi	s0,sp,256
     138:	0304                	addi	s1,sp,384
     13a:	04090003          	lb	zero,64(s2)
     13e:	0100                	addi	s0,sp,128
     140:	0205                	addi	tp,tp,1 # fffe1001 <_ram_end+0x7ffd1001>
     142:	0200                	addi	s0,sp,256
     144:	0304                	addi	s1,sp,384
     146:	0306                	slli	t1,t1,0x1
     148:	7efe                	.2byte	0x7efe
     14a:	0409                	addi	s0,s0,2
     14c:	0100                	addi	s0,sp,128
     14e:	0705                	addi	a4,a4,1
     150:	0200                	addi	s0,sp,256
     152:	0304                	addi	s1,sp,384
     154:	00090003          	lb	zero,0(s2)
     158:	0100                	addi	s0,sp,128
     15a:	1905                	addi	s2,s2,-31
     15c:	0200                	addi	s0,sp,256
     15e:	0304                	addi	s1,sp,384
     160:	00090003          	lb	zero,0(s2)
     164:	0100                	addi	s0,sp,128
     166:	0305                	addi	t1,t1,1
     168:	0200                	addi	s0,sp,256
     16a:	0304                	addi	s1,sp,384
     16c:	0306                	slli	t1,t1,0x1
     16e:	0182                	c.slli64	gp
     170:	0009                	c.nop	2
     172:	0100                	addi	s0,sp,128
     174:	0306                	slli	t1,t1,0x1
     176:	7eff                	.2byte	0x7eff
     178:	0409                	addi	s0,s0,2
     17a:	0100                	addi	s0,sp,128
     17c:	0405                	addi	s0,s0,1
     17e:	00090103          	lb	sp,0(s2)
     182:	0100                	addi	s0,sp,128
     184:	1f05                	addi	t5,t5,-31 # 19fe1 <_available_heap+0xce79>
     186:	00097e03          	.4byte	0x97e03
     18a:	0100                	addi	s0,sp,128
     18c:	1905                	addi	s2,s2,-31
     18e:	00090003          	lb	zero,0(s2)
     192:	0100                	addi	s0,sp,128
     194:	2005                	jal	1b4 <_program_size-0xce4>
     196:	0306                	slli	t1,t1,0x1
     198:	0902                	c.slli64	s2
     19a:	0000                	unimp
     19c:	0501                	addi	a0,a0,0
     19e:	0312                	slli	t1,t1,0x4
     1a0:	0900                	addi	s0,sp,144
     1a2:	0004                	.2byte	0x4
     1a4:	0501                	addi	a0,a0,0
     1a6:	0319                	addi	t1,t1,6
     1a8:	097e                	slli	s2,s2,0x1f
     1aa:	0004                	.2byte	0x4
     1ac:	0501                	addi	a0,a0,0
     1ae:	0306                	slli	t1,t1,0x1
     1b0:	0901                	addi	s2,s2,0
     1b2:	0002                	c.slli64	zero
     1b4:	0501                	addi	a0,a0,0
     1b6:	0314                	addi	a3,sp,384
     1b8:	0901                	addi	s2,s2,0
     1ba:	0004                	.2byte	0x4
     1bc:	0501                	addi	a0,a0,0
     1be:	0319                	addi	t1,t1,6
     1c0:	097e                	slli	s2,s2,0x1f
     1c2:	0004                	.2byte	0x4
     1c4:	0501                	addi	a0,a0,0
     1c6:	04020003          	lb	zero,64(tp) # 40 <_program_size-0xe58>
     1ca:	83030603          	lb	a2,-2000(t1)
     1ce:	0901                	addi	s2,s2,0
     1d0:	0006                	c.slli	zero,0x1
     1d2:	0501                	addi	a0,a0,0
     1d4:	0026                	c.slli	zero,0x9
     1d6:	0402                	c.slli64	s0
     1d8:	00030603          	lb	a2,0(t1)
     1dc:	0009                	c.nop	2
     1de:	0100                	addi	s0,sp,128
     1e0:	0305                	addi	t1,t1,1
     1e2:	0200                	addi	s0,sp,256
     1e4:	0304                	addi	s1,sp,384
     1e6:	04090003          	lb	zero,64(s2)
     1ea:	0100                	addi	s0,sp,128
     1ec:	1905                	addi	s2,s2,-31
     1ee:	0200                	addi	s0,sp,256
     1f0:	0304                	addi	s1,sp,384
     1f2:	0306                	slli	t1,t1,0x1
     1f4:	7efd                	lui	t4,0xfffff
     1f6:	0409                	addi	s0,s0,2
     1f8:	0100                	addi	s0,sp,128
     1fa:	0305                	addi	t1,t1,1
     1fc:	0200                	addi	s0,sp,256
     1fe:	0304                	addi	s1,sp,384
     200:	0306                	slli	t1,t1,0x1
     202:	00090183          	lb	gp,0(s2)
     206:	0100                	addi	s0,sp,128
     208:	0306                	slli	t1,t1,0x1
     20a:	7efe                	.2byte	0x7efe
     20c:	0409                	addi	s0,s0,2
     20e:	0100                	addi	s0,sp,128
     210:	0405                	addi	s0,s0,1
     212:	00090103          	lb	sp,0(s2)
     216:	0100                	addi	s0,sp,128
     218:	1f05                	addi	t5,t5,-31
     21a:	00097e03          	.4byte	0x97e03
     21e:	0100                	addi	s0,sp,128
     220:	1905                	addi	s2,s2,-31
     222:	00090003          	lb	zero,0(s2)
     226:	0100                	addi	s0,sp,128
     228:	2005                	jal	248 <_program_size-0xc50>
     22a:	0306                	slli	t1,t1,0x1
     22c:	0902                	c.slli64	s2
     22e:	0000                	unimp
     230:	0501                	addi	a0,a0,0
     232:	0312                	slli	t1,t1,0x4
     234:	0900                	addi	s0,sp,144
     236:	0004                	.2byte	0x4
     238:	0501                	addi	a0,a0,0
     23a:	0319                	addi	t1,t1,6
     23c:	097e                	slli	s2,s2,0x1f
     23e:	0004                	.2byte	0x4
     240:	0501                	addi	a0,a0,0
     242:	0306                	slli	t1,t1,0x1
     244:	0901                	addi	s2,s2,0
     246:	0002                	c.slli64	zero
     248:	0501                	addi	a0,a0,0
     24a:	0314                	addi	a3,sp,384
     24c:	0901                	addi	s2,s2,0
     24e:	0004                	.2byte	0x4
     250:	0501                	addi	a0,a0,0
     252:	0319                	addi	t1,t1,6
     254:	097e                	slli	s2,s2,0x1f
     256:	0004                	.2byte	0x4
     258:	0501                	addi	a0,a0,0
     25a:	0025                	c.nop	9
     25c:	0402                	c.slli64	s0
     25e:	81030603          	lb	a2,-2032(t1)
     262:	0901                	addi	s2,s2,0
     264:	0006                	c.slli	zero,0x1
     266:	0501                	addi	a0,a0,0
     268:	001d                	c.nop	7
     26a:	0402                	c.slli64	s0
     26c:	09000303          	lb	t1,144(zero) # 90 <_program_size-0xe08>
     270:	0000                	unimp
     272:	0501                	addi	a0,a0,0
     274:	0019                	c.nop	6
     276:	0402                	c.slli64	s0
     278:	00030603          	lb	a2,0(t1)
     27c:	0009                	c.nop	2
     27e:	0100                	addi	s0,sp,128
     280:	1d05                	addi	s10,s10,-31
     282:	0200                	addi	s0,sp,256
     284:	0304                	addi	s1,sp,384
     286:	02090003          	lb	zero,32(s2)
     28a:	0100                	addi	s0,sp,128
     28c:	0105                	addi	sp,sp,1
     28e:	06090403          	lb	s0,96(s2)
     292:	0100                	addi	s0,sp,128
     294:	0209                	addi	tp,tp,2 # 2 <_program_size-0xe96>
     296:	0000                	unimp
     298:	0101                	addi	sp,sp,0
     29a:	0105                	addi	sp,sp,1
     29c:	0500                	addi	s0,sp,640
     29e:	9202                	jalr	tp
     2a0:	0000                	unimp
     2a2:	0380                	addi	s0,sp,448
     2a4:	01ad                	addi	gp,gp,11
     2a6:	0501                	addi	a0,a0,0
     2a8:	0302                	c.slli64	t1
     2aa:	0901                	addi	s2,s2,0
     2ac:	0000                	unimp
     2ae:	0501                	addi	a0,a0,0
     2b0:	09000307          	.4byte	0x9000307
     2b4:	0000                	unimp
     2b6:	0501                	addi	a0,a0,0
     2b8:	031d                	addi	t1,t1,7
     2ba:	0900                	addi	s0,sp,144
     2bc:	0000                	unimp
     2be:	0501                	addi	a0,a0,0
     2c0:	0626                	slli	a2,a2,0x9
     2c2:	02090103          	lb	sp,32(s2)
     2c6:	0100                	addi	s0,sp,128
     2c8:	1d05                	addi	s10,s10,-31
     2ca:	08097f03          	.4byte	0x8097f03
     2ce:	0100                	addi	s0,sp,128
     2d0:	1905                	addi	s2,s2,-31
     2d2:	02090003          	lb	zero,32(s2)
     2d6:	0100                	addi	s0,sp,128
     2d8:	097ef603          	.4byte	0x97ef603
     2dc:	0002                	c.slli64	zero
     2de:	0501                	addi	a0,a0,0
     2e0:	0326                	slli	t1,t1,0x9
     2e2:	018c                	addi	a1,sp,192
     2e4:	0409                	addi	s0,s0,2
     2e6:	0100                	addi	s0,sp,128
     2e8:	0305                	addi	t1,t1,1
     2ea:	0200                	addi	s0,sp,256
     2ec:	0304                	addi	s1,sp,384
     2ee:	0306                	slli	t1,t1,0x1
     2f0:	097f                	.2byte	0x97f
     2f2:	0004                	.2byte	0x4
     2f4:	0501                	addi	a0,a0,0
     2f6:	0026                	c.slli	zero,0x9
     2f8:	0402                	c.slli64	s0
     2fa:	00030603          	lb	a2,0(t1)
     2fe:	0009                	c.nop	2
     300:	0100                	addi	s0,sp,128
     302:	0305                	addi	t1,t1,1
     304:	0200                	addi	s0,sp,256
     306:	0304                	addi	s1,sp,384
     308:	04090003          	lb	zero,64(s2)
     30c:	0100                	addi	s0,sp,128
     30e:	0205                	addi	tp,tp,1 # 1 <_program_size-0xe97>
     310:	0200                	addi	s0,sp,256
     312:	0304                	addi	s1,sp,384
     314:	0306                	slli	t1,t1,0x1
     316:	7ef5                	lui	t4,0xffffd
     318:	0409                	addi	s0,s0,2
     31a:	0100                	addi	s0,sp,128
     31c:	0705                	addi	a4,a4,1
     31e:	0200                	addi	s0,sp,256
     320:	0304                	addi	s1,sp,384
     322:	00090003          	lb	zero,0(s2)
     326:	0100                	addi	s0,sp,128
     328:	1905                	addi	s2,s2,-31
     32a:	0200                	addi	s0,sp,256
     32c:	0304                	addi	s1,sp,384
     32e:	00090003          	lb	zero,0(s2)
     332:	0100                	addi	s0,sp,128
     334:	0305                	addi	t1,t1,1
     336:	0200                	addi	s0,sp,256
     338:	0304                	addi	s1,sp,384
     33a:	0306                	slli	t1,t1,0x1
     33c:	0009018b          	.4byte	0x9018b
     340:	0100                	addi	s0,sp,128
     342:	0306                	slli	t1,t1,0x1
     344:	7ef6                	.2byte	0x7ef6
     346:	0409                	addi	s0,s0,2
     348:	0100                	addi	s0,sp,128
     34a:	0405                	addi	s0,s0,1
     34c:	00090103          	lb	sp,0(s2)
     350:	0100                	addi	s0,sp,128
     352:	1f05                	addi	t5,t5,-31
     354:	00097e03          	.4byte	0x97e03
     358:	0100                	addi	s0,sp,128
     35a:	1905                	addi	s2,s2,-31
     35c:	00090003          	lb	zero,0(s2)
     360:	0100                	addi	s0,sp,128
     362:	2005                	jal	382 <_program_size-0xb16>
     364:	0306                	slli	t1,t1,0x1
     366:	0902                	c.slli64	s2
     368:	0000                	unimp
     36a:	0501                	addi	a0,a0,0
     36c:	0312                	slli	t1,t1,0x4
     36e:	0900                	addi	s0,sp,144
     370:	0004                	.2byte	0x4
     372:	0501                	addi	a0,a0,0
     374:	0319                	addi	t1,t1,6
     376:	097e                	slli	s2,s2,0x1f
     378:	0004                	.2byte	0x4
     37a:	0501                	addi	a0,a0,0
     37c:	0306                	slli	t1,t1,0x1
     37e:	0901                	addi	s2,s2,0
     380:	0002                	c.slli64	zero
     382:	0501                	addi	a0,a0,0
     384:	0314                	addi	a3,sp,384
     386:	0901                	addi	s2,s2,0
     388:	0004                	.2byte	0x4
     38a:	0501                	addi	a0,a0,0
     38c:	0319                	addi	t1,t1,6
     38e:	097e                	slli	s2,s2,0x1f
     390:	0004                	.2byte	0x4
     392:	0501                	addi	a0,a0,0
     394:	04020003          	lb	zero,64(tp) # 40 <_program_size-0xe58>
     398:	8c030603          	lb	a2,-1856(t1)
     39c:	0901                	addi	s2,s2,0
     39e:	0006                	c.slli	zero,0x1
     3a0:	0501                	addi	a0,a0,0
     3a2:	0026                	c.slli	zero,0x9
     3a4:	0402                	c.slli64	s0
     3a6:	00030603          	lb	a2,0(t1)
     3aa:	0009                	c.nop	2
     3ac:	0100                	addi	s0,sp,128
     3ae:	0305                	addi	t1,t1,1
     3b0:	0200                	addi	s0,sp,256
     3b2:	0304                	addi	s1,sp,384
     3b4:	04090003          	lb	zero,64(s2)
     3b8:	0100                	addi	s0,sp,128
     3ba:	1905                	addi	s2,s2,-31
     3bc:	0200                	addi	s0,sp,256
     3be:	0304                	addi	s1,sp,384
     3c0:	0306                	slli	t1,t1,0x1
     3c2:	7ef4                	.2byte	0x7ef4
     3c4:	0409                	addi	s0,s0,2
     3c6:	0100                	addi	s0,sp,128
     3c8:	0305                	addi	t1,t1,1
     3ca:	0200                	addi	s0,sp,256
     3cc:	0304                	addi	s1,sp,384
     3ce:	0306                	slli	t1,t1,0x1
     3d0:	018c                	addi	a1,sp,192
     3d2:	0009                	c.nop	2
     3d4:	0100                	addi	s0,sp,128
     3d6:	0306                	slli	t1,t1,0x1
     3d8:	7ef5                	lui	t4,0xffffd
     3da:	0409                	addi	s0,s0,2
     3dc:	0100                	addi	s0,sp,128
     3de:	0405                	addi	s0,s0,1
     3e0:	00090103          	lb	sp,0(s2)
     3e4:	0100                	addi	s0,sp,128
     3e6:	1f05                	addi	t5,t5,-31
     3e8:	00097e03          	.4byte	0x97e03
     3ec:	0100                	addi	s0,sp,128
     3ee:	1905                	addi	s2,s2,-31
     3f0:	00090003          	lb	zero,0(s2)
     3f4:	0100                	addi	s0,sp,128
     3f6:	2005                	jal	416 <_program_size-0xa82>
     3f8:	0306                	slli	t1,t1,0x1
     3fa:	0902                	c.slli64	s2
     3fc:	0000                	unimp
     3fe:	0501                	addi	a0,a0,0
     400:	0312                	slli	t1,t1,0x4
     402:	0900                	addi	s0,sp,144
     404:	0004                	.2byte	0x4
     406:	0501                	addi	a0,a0,0
     408:	0319                	addi	t1,t1,6
     40a:	097e                	slli	s2,s2,0x1f
     40c:	0004                	.2byte	0x4
     40e:	0501                	addi	a0,a0,0
     410:	0306                	slli	t1,t1,0x1
     412:	0901                	addi	s2,s2,0
     414:	0002                	c.slli64	zero
     416:	0501                	addi	a0,a0,0
     418:	0314                	addi	a3,sp,384
     41a:	0901                	addi	s2,s2,0
     41c:	0004                	.2byte	0x4
     41e:	0501                	addi	a0,a0,0
     420:	0319                	addi	t1,t1,6
     422:	097e                	slli	s2,s2,0x1f
     424:	0004                	.2byte	0x4
     426:	0501                	addi	a0,a0,0
     428:	0025                	c.nop	9
     42a:	0402                	c.slli64	s0
     42c:	8a030603          	lb	a2,-1888(t1)
     430:	0901                	addi	s2,s2,0
     432:	0006                	c.slli	zero,0x1
     434:	0501                	addi	a0,a0,0
     436:	001d                	c.nop	7
     438:	0402                	c.slli64	s0
     43a:	09000303          	lb	t1,144(zero) # 90 <_program_size-0xe08>
     43e:	0000                	unimp
     440:	0501                	addi	a0,a0,0
     442:	0019                	c.nop	6
     444:	0402                	c.slli64	s0
     446:	00030603          	lb	a2,0(t1)
     44a:	0009                	c.nop	2
     44c:	0100                	addi	s0,sp,128
     44e:	1d05                	addi	s10,s10,-31
     450:	0200                	addi	s0,sp,256
     452:	0304                	addi	s1,sp,384
     454:	02090003          	lb	zero,32(s2)
     458:	0100                	addi	s0,sp,128
     45a:	0105                	addi	sp,sp,1
     45c:	06090403          	lb	s0,96(s2)
     460:	0100                	addi	s0,sp,128
     462:	0209                	addi	tp,tp,2 # 2 <_program_size-0xe96>
     464:	0000                	unimp
     466:	0101                	addi	sp,sp,0
     468:	0105                	addi	sp,sp,1
     46a:	0500                	addi	s0,sp,640
     46c:	fa02                	.2byte	0xfa02
     46e:	0000                	unimp
     470:	0380                	addi	s0,sp,448
     472:	050100db          	.4byte	0x50100db
     476:	0302                	c.slli64	t1
     478:	0901                	addi	s2,s2,0
     47a:	0000                	unimp
     47c:	0501                	addi	a0,a0,0
     47e:	0322                	slli	t1,t1,0x8
     480:	0960                	addi	s0,sp,156
     482:	0000                	unimp
     484:	0501                	addi	a0,a0,0
     486:	0302                	c.slli64	t1
     488:	0978                	addi	a4,sp,156
     48a:	0000                	unimp
     48c:	0301                	addi	t1,t1,0
     48e:	0902                	c.slli64	s2
     490:	0000                	unimp
     492:	0501                	addi	a0,a0,0
     494:	0608                	addi	a0,sp,768
     496:	00090003          	lb	zero,0(s2)
     49a:	0100                	addi	s0,sp,128
     49c:	0b05                	addi	s6,s6,1
     49e:	08090003          	lb	zero,128(s2)
     4a2:	0100                	addi	s0,sp,128
     4a4:	0805                	addi	a6,a6,1 # ffff9001 <_ram_end+0x7ffe9001>
     4a6:	04090003          	lb	zero,64(s2)
     4aa:	0100                	addi	s0,sp,128
     4ac:	0605                	addi	a2,a2,1
     4ae:	02090103          	lb	sp,32(s2)
     4b2:	0100                	addi	s0,sp,128
     4b4:	0305                	addi	t1,t1,1
     4b6:	0306                	slli	t1,t1,0x1
     4b8:	0900                	addi	s0,sp,144
     4ba:	0004                	.2byte	0x4
     4bc:	0501                	addi	a0,a0,0
     4be:	032e                	slli	t1,t1,0xb
     4c0:	097f                	.2byte	0x97f
     4c2:	0000                	unimp
     4c4:	0501                	addi	a0,a0,0
     4c6:	0003060b          	.4byte	0x3060b
     4ca:	0009                	c.nop	2
     4cc:	0100                	addi	s0,sp,128
     4ce:	0605                	addi	a2,a2,1
     4d0:	04090103          	lb	sp,64(s2)
     4d4:	0100                	addi	s0,sp,128
     4d6:	1f05                	addi	t5,t5,-31
     4d8:	02097f03          	.4byte	0x2097f03
     4dc:	0100                	addi	s0,sp,128
     4de:	2e05                	jal	80e <_program_size-0x68a>
     4e0:	04090003          	lb	zero,64(s2)
     4e4:	0100                	addi	s0,sp,128
     4e6:	1905                	addi	s2,s2,-31
     4e8:	0a096603          	.4byte	0xa096603
     4ec:	0100                	addi	s0,sp,128
     4ee:	0305                	addi	t1,t1,1
     4f0:	0306                	slli	t1,t1,0x1
     4f2:	0901                	addi	s2,s2,0
     4f4:	0004                	.2byte	0x4
     4f6:	0501                	addi	a0,a0,0
     4f8:	0304                	addi	s1,sp,384
     4fa:	0901                	addi	s2,s2,0
     4fc:	0000                	unimp
     4fe:	0501                	addi	a0,a0,0
     500:	00030617          	auipc	a2,0x30
     504:	0009                	c.nop	2
     506:	0100                	addi	s0,sp,128
     508:	0605                	addi	a2,a2,1 # 30501 <_available_heap+0x23399>
     50a:	04097f03          	.4byte	0x4097f03
     50e:	0100                	addi	s0,sp,128
     510:	0905                	addi	s2,s2,1
     512:	04090103          	lb	sp,64(s2)
     516:	0100                	addi	s0,sp,128
     518:	2105                	jal	938 <_program_size-0x560>
     51a:	04090003          	lb	zero,64(s2)
     51e:	0100                	addi	s0,sp,128
     520:	0605                	addi	a2,a2,1
     522:	04090003          	lb	zero,64(s2)
     526:	0100                	addi	s0,sp,128
     528:	1f05                	addi	t5,t5,-31
     52a:	0306                	slli	t1,t1,0x1
     52c:	097e                	slli	s2,s2,0x1f
     52e:	0004                	.2byte	0x4
     530:	0501                	addi	a0,a0,0
     532:	0319                	addi	t1,t1,6
     534:	0900                	addi	s0,sp,144
     536:	0000                	unimp
     538:	0501                	addi	a0,a0,0
     53a:	0302                	c.slli64	t1
     53c:	00080903          	lb	s2,0(a6)
     540:	0501                	addi	a0,a0,0
     542:	0615                	addi	a2,a2,5
     544:	0900c203          	lbu	tp,144(ra)
     548:	0000                	unimp
     54a:	0501                	addi	a0,a0,0
     54c:	0602                	c.slli64	a2
     54e:	08090103          	lb	sp,128(s2)
     552:	0100                	addi	s0,sp,128
     554:	1705                	addi	a4,a4,-31
     556:	0306                	slli	t1,t1,0x1
     558:	0900                	addi	s0,sp,144
     55a:	0000                	unimp
     55c:	0501                	addi	a0,a0,0
     55e:	0619                	addi	a2,a2,6
     560:	097fba03          	.4byte	0x97fba03
     564:	0002                	c.slli64	zero
     566:	0501                	addi	a0,a0,0
     568:	c6030617          	auipc	a2,0xc6030
     56c:	0900                	addi	s0,sp,144
     56e:	0000                	unimp
     570:	0501                	addi	a0,a0,0
     572:	7fb8030b          	.4byte	0x7fb8030b
     576:	0209                	addi	tp,tp,2 # 2 <_program_size-0xe96>
     578:	0100                	addi	s0,sp,128
     57a:	1905                	addi	s2,s2,-31
     57c:	02090203          	lb	tp,32(s2)
     580:	0100                	addi	s0,sp,128
     582:	0305                	addi	t1,t1,1
     584:	0306                	slli	t1,t1,0x1
     586:	0901                	addi	s2,s2,0
     588:	0004                	.2byte	0x4
     58a:	0501                	addi	a0,a0,0
     58c:	0304                	addi	s1,sp,384
     58e:	0901                	addi	s2,s2,0
     590:	0000                	unimp
     592:	0501                	addi	a0,a0,0
     594:	00030617          	auipc	a2,0x30
     598:	0009                	c.nop	2
     59a:	0100                	addi	s0,sp,128
     59c:	0605                	addi	a2,a2,1 # 30595 <_available_heap+0x2342d>
     59e:	04097f03          	.4byte	0x4097f03
     5a2:	0100                	addi	s0,sp,128
     5a4:	0905                	addi	s2,s2,1
     5a6:	04090103          	lb	sp,64(s2)
     5aa:	0100                	addi	s0,sp,128
     5ac:	2105                	jal	9cc <_program_size-0x4cc>
     5ae:	04090003          	lb	zero,64(s2)
     5b2:	0100                	addi	s0,sp,128
     5b4:	0605                	addi	a2,a2,1
     5b6:	04090003          	lb	zero,64(s2)
     5ba:	0100                	addi	s0,sp,128
     5bc:	1f05                	addi	t5,t5,-31
     5be:	0306                	slli	t1,t1,0x1
     5c0:	097e                	slli	s2,s2,0x1f
     5c2:	0004                	.2byte	0x4
     5c4:	0501                	addi	a0,a0,0
     5c6:	0319                	addi	t1,t1,6
     5c8:	0900                	addi	s0,sp,144
     5ca:	0000                	unimp
     5cc:	0501                	addi	a0,a0,0
     5ce:	0302                	c.slli64	t1
     5d0:	00080903          	lb	s2,0(a6)
     5d4:	0501                	addi	a0,a0,0
     5d6:	c5030617          	auipc	a2,0xc5030
     5da:	0900                	addi	s0,sp,144
     5dc:	0000                	unimp
     5de:	0501                	addi	a0,a0,0
     5e0:	032e                	slli	t1,t1,0xb
     5e2:	0901                	addi	s2,s2,0
     5e4:	0008                	.2byte	0x8
     5e6:	0501                	addi	a0,a0,0
     5e8:	097f0317          	auipc	t1,0x97f0
     5ec:	0002                	c.slli64	zero
     5ee:	0501                	addi	a0,a0,0
     5f0:	0335                	addi	t1,t1,13 # 97f05f5 <_available_heap+0x97e348d>
     5f2:	0902                	c.slli64	s2
     5f4:	0002                	c.slli64	zero
     5f6:	0501                	addi	a0,a0,0
     5f8:	0315                	addi	t1,t1,5
     5fa:	097c                	addi	a5,sp,156
     5fc:	0002                	c.slli64	zero
     5fe:	0501                	addi	a0,a0,0
     600:	09020317          	auipc	t1,0x9020
     604:	0004                	.2byte	0x4
     606:	0301                	addi	t1,t1,0 # 9020600 <_available_heap+0x9013498>
     608:	0902                	c.slli64	s2
     60a:	0002                	c.slli64	zero
     60c:	0501                	addi	a0,a0,0
     60e:	0315                	addi	t1,t1,5
     610:	097c                	addi	a5,sp,156
     612:	0002                	c.slli64	zero
     614:	0501                	addi	a0,a0,0
     616:	0602                	c.slli64	a2
     618:	04090103          	lb	sp,64(s2)
     61c:	0100                	addi	s0,sp,128
     61e:	1705                	addi	a4,a4,-31
     620:	0306                	slli	t1,t1,0x1
     622:	00000903          	lb	s2,0(zero) # 0 <_program_size-0xe98>
     626:	0301                	addi	t1,t1,0
     628:	097d                	addi	s2,s2,31
     62a:	0002                	c.slli64	zero
     62c:	0501                	addi	a0,a0,0
     62e:	0602                	c.slli64	a2
     630:	02090403          	lb	s0,32(s2)
     634:	0100                	addi	s0,sp,128
     636:	1705                	addi	a4,a4,-31
     638:	0306                	slli	t1,t1,0x1
     63a:	097c                	addi	a5,sp,156
     63c:	0000                	unimp
     63e:	0501                	addi	a0,a0,0
     640:	030a                	slli	t1,t1,0x2
     642:	097c                	addi	a5,sp,156
     644:	0004                	.2byte	0x4
     646:	0501                	addi	a0,a0,0
     648:	0301                	addi	t1,t1,0
     64a:	0909                	addi	s2,s2,2
     64c:	0002                	c.slli64	zero
     64e:	0901                	addi	s2,s2,0
     650:	0002                	c.slli64	zero
     652:	0100                	addi	s0,sp,128
     654:	0501                	addi	a0,a0,0
     656:	0001                	nop
     658:	0205                	addi	tp,tp,1 # 1 <_program_size-0xe97>
     65a:	0194                	addi	a3,sp,192
     65c:	8000                	.2byte	0x8000
     65e:	0100f603          	.4byte	0x100f603
     662:	0205                	addi	tp,tp,1 # 1 <_program_size-0xe97>
     664:	00090103          	lb	sp,0(s2)
     668:	0100                	addi	s0,sp,128
     66a:	00090203          	lb	tp,0(s2)
     66e:	0100                	addi	s0,sp,128
     670:	0505                	addi	a0,a0,1
     672:	0306                	slli	t1,t1,0x1
     674:	0900                	addi	s0,sp,144
     676:	0000                	unimp
     678:	0501                	addi	a0,a0,0
     67a:	0301                	addi	t1,t1,0
     67c:	097d                	addi	s2,s2,31
     67e:	0002                	c.slli64	zero
     680:	0501                	addi	a0,a0,0
     682:	0901030b          	.4byte	0x901030b
     686:	001c                	.2byte	0x1c
     688:	0501                	addi	a0,a0,0
     68a:	0310                	addi	a2,sp,384
     68c:	090e                	slli	s2,s2,0x3
     68e:	0002                	c.slli64	zero
     690:	0501                	addi	a0,a0,0
     692:	0306                	slli	t1,t1,0x1
     694:	00020907          	.4byte	0x20907
     698:	0501                	addi	a0,a0,0
     69a:	09030307          	.4byte	0x9030307
     69e:	0002                	c.slli64	zero
     6a0:	0501                	addi	a0,a0,0
     6a2:	0326                	slli	t1,t1,0x9
     6a4:	0979                	addi	s2,s2,30
     6a6:	0006                	c.slli	zero,0x1
     6a8:	0501                	addi	a0,a0,0
     6aa:	0306                	slli	t1,t1,0x1
     6ac:	0904                	addi	s1,sp,144
     6ae:	0002                	c.slli64	zero
     6b0:	0501                	addi	a0,a0,0
     6b2:	09010307          	.4byte	0x9010307
     6b6:	0006                	c.slli	zero,0x1
     6b8:	0501                	addi	a0,a0,0
     6ba:	06030603          	lb	a2,96(t1)
     6be:	0209                	addi	tp,tp,2 # 2 <_program_size-0xe96>
     6c0:	0100                	addi	s0,sp,128
     6c2:	0805                	addi	a6,a6,1
     6c4:	0306                	slli	t1,t1,0x1
     6c6:	0900                	addi	s0,sp,144
     6c8:	0000                	unimp
     6ca:	0501                	addi	a0,a0,0
     6cc:	062c                	addi	a1,sp,776
     6ce:	08097203          	.4byte	0x8097203
     6d2:	0100                	addi	s0,sp,128
     6d4:	0305                	addi	t1,t1,1
     6d6:	00090f03          	lb	t5,0(s2)
     6da:	0100                	addi	s0,sp,128
     6dc:	2805                	jal	70c <_program_size-0x78c>
     6de:	0306                	slli	t1,t1,0x1
     6e0:	0971                	addi	s2,s2,28
     6e2:	0000                	unimp
     6e4:	0501                	addi	a0,a0,0
     6e6:	0306                	slli	t1,t1,0x1
     6e8:	0002090f          	.4byte	0x2090f
     6ec:	0501                	addi	a0,a0,0
     6ee:	0331                	addi	t1,t1,12
     6f0:	0971                	addi	s2,s2,28
     6f2:	0002                	c.slli64	zero
     6f4:	0501                	addi	a0,a0,0
     6f6:	061d                	addi	a2,a2,7 # c50305dd <_ram_end+0x450205dd>
     6f8:	02090003          	lb	zero,32(s2)
     6fc:	0100                	addi	s0,sp,128
     6fe:	0305                	addi	t1,t1,1
     700:	06090103          	lb	sp,96(s2)
     704:	0100                	addi	s0,sp,128
     706:	00090103          	lb	sp,0(s2)
     70a:	0100                	addi	s0,sp,128
     70c:	00090203          	lb	tp,0(s2)
     710:	0100                	addi	s0,sp,128
     712:	00090103          	lb	sp,0(s2)
     716:	0100                	addi	s0,sp,128
     718:	00090203          	lb	tp,0(s2)
     71c:	0100                	addi	s0,sp,128
     71e:	0705                	addi	a4,a4,1
     720:	0306                	slli	t1,t1,0x1
     722:	00000903          	lb	s2,0(zero) # 0 <_program_size-0xe98>
     726:	0501                	addi	a0,a0,0
     728:	0314                	addi	a3,sp,384
     72a:	0978                	addi	a4,sp,156
     72c:	000c                	.2byte	0xc
     72e:	0501                	addi	a0,a0,0
     730:	01030603          	lb	a2,16(t1)
     734:	0409                	addi	s0,s0,2
     736:	0100                	addi	s0,sp,128
     738:	2605                	jal	a58 <_program_size-0x440>
     73a:	0306                	slli	t1,t1,0x1
     73c:	0900                	addi	s0,sp,144
     73e:	0000                	unimp
     740:	0501                	addi	a0,a0,0
     742:	0308                	addi	a0,sp,384
     744:	0004090b          	.4byte	0x4090b
     748:	0501                	addi	a0,a0,0
     74a:	097c0307          	.4byte	0x97c0307
     74e:	0002                	c.slli64	zero
     750:	0501                	addi	a0,a0,0
     752:	0326                	slli	t1,t1,0x9
     754:	0979                	addi	s2,s2,30
     756:	0004                	.2byte	0x4
     758:	0501                	addi	a0,a0,0
     75a:	01030603          	lb	a2,16(t1)
     75e:	0409                	addi	s0,s0,2
     760:	0100                	addi	s0,sp,128
     762:	00090103          	lb	sp,0(s2)
     766:	0100                	addi	s0,sp,128
     768:	00090203          	lb	tp,0(s2)
     76c:	0100                	addi	s0,sp,128
     76e:	00090703          	lb	a4,0(s2)
     772:	0100                	addi	s0,sp,128
     774:	0805                	addi	a6,a6,1
     776:	0306                	slli	t1,t1,0x1
     778:	0900                	addi	s0,sp,144
     77a:	0000                	unimp
     77c:	0501                	addi	a0,a0,0
     77e:	062c                	addi	a1,sp,776
     780:	06097203          	.4byte	0x6097203
     784:	0100                	addi	s0,sp,128
     786:	0305                	addi	t1,t1,1
     788:	00090f03          	lb	t5,0(s2)
     78c:	0100                	addi	s0,sp,128
     78e:	2805                	jal	7be <_program_size-0x6da>
     790:	0306                	slli	t1,t1,0x1
     792:	0971                	addi	s2,s2,28
     794:	0000                	unimp
     796:	0501                	addi	a0,a0,0
     798:	0306                	slli	t1,t1,0x1
     79a:	0002090f          	.4byte	0x2090f
     79e:	0501                	addi	a0,a0,0
     7a0:	0301                	addi	t1,t1,0
     7a2:	0904                	addi	s1,sp,144
     7a4:	0002                	c.slli64	zero
     7a6:	0501                	addi	a0,a0,0
     7a8:	62030603          	lb	a2,1568(t1)
     7ac:	1609                	addi	a2,a2,-30
     7ae:	0100                	addi	s0,sp,128
     7b0:	0a05                	addi	s4,s4,1
     7b2:	0306                	slli	t1,t1,0x1
     7b4:	0900                	addi	s0,sp,144
     7b6:	0000                	unimp
     7b8:	0901                	addi	s2,s2,0
     7ba:	000a                	c.slli	zero,0x2
     7bc:	0100                	addi	s0,sp,128
     7be:	0501                	addi	a0,a0,0
     7c0:	0001                	nop
     7c2:	0205                	addi	tp,tp,1 # 1 <_program_size-0xe97>
     7c4:	0224                	addi	s1,sp,264
     7c6:	8000                	.2byte	0x8000
     7c8:	0101d103          	lhu	sp,16(gp)
     7cc:	0205                	addi	tp,tp,1 # 1 <_program_size-0xe97>
     7ce:	00090103          	lb	sp,0(s2)
     7d2:	0100                	addi	s0,sp,128
     7d4:	00090203          	lb	tp,0(s2)
     7d8:	0100                	addi	s0,sp,128
     7da:	0105                	addi	sp,sp,1
     7dc:	0306                	slli	t1,t1,0x1
     7de:	097d                	addi	s2,s2,31
     7e0:	0000                	unimp
     7e2:	0501                	addi	a0,a0,0
     7e4:	0305                	addi	t1,t1,1
     7e6:	00040903          	lb	s2,0(s0)
     7ea:	0501                	addi	a0,a0,0
     7ec:	0301                	addi	t1,t1,0
     7ee:	097d                	addi	s2,s2,31
     7f0:	0004                	.2byte	0x4
     7f2:	0501                	addi	a0,a0,0
     7f4:	0305                	addi	t1,t1,1
     7f6:	00100903          	lb	s2,1(zero) # 1 <_program_size-0xe97>
     7fa:	0501                	addi	a0,a0,0
     7fc:	001f 0402 0301      	.byte	0x1f, 0x00, 0x02, 0x04, 0x01, 0x03
     802:	0900                	addi	s0,sp,144
     804:	000a                	c.slli	zero,0x2
     806:	0501                	addi	a0,a0,0
     808:	04020013          	addi	zero,tp,64 # 40 <_program_size-0xe58>
     80c:	0301                	addi	t1,t1,0
     80e:	0900                	addi	s0,sp,144
     810:	0004                	.2byte	0x4
     812:	0501                	addi	a0,a0,0
     814:	0314                	addi	a3,sp,384
     816:	7ef1                	lui	t4,0xffffc
     818:	0409                	addi	s0,s0,2
     81a:	0100                	addi	s0,sp,128
     81c:	0205                	addi	tp,tp,1 # 1 <_program_size-0xe97>
     81e:	0306                	slli	t1,t1,0x1
     820:	0192                	slli	gp,gp,0x4
     822:	0809                	addi	a6,a6,2
     824:	0100                	addi	s0,sp,128
     826:	0705                	addi	a4,a4,1
     828:	0306                	slli	t1,t1,0x1
     82a:	0900                	addi	s0,sp,144
     82c:	0000                	unimp
     82e:	0501                	addi	a0,a0,0
     830:	0602                	c.slli64	a2
     832:	097ef703          	.4byte	0x97ef703
     836:	0004                	.2byte	0x4
     838:	0301                	addi	t1,t1,0
     83a:	00000977          	.4byte	0x977
     83e:	0301                	addi	t1,t1,0
     840:	0901                	addi	s2,s2,0
     842:	0000                	unimp
     844:	0501                	addi	a0,a0,0
     846:	00030617          	auipc	a2,0x30
     84a:	0009                	c.nop	2
     84c:	0100                	addi	s0,sp,128
     84e:	0205                	addi	tp,tp,1 # 1 <_program_size-0xe97>
     850:	0306                	slli	t1,t1,0x1
     852:	0901                	addi	s2,s2,0
     854:	0002                	c.slli64	zero
     856:	0501                	addi	a0,a0,0
     858:	0601                	addi	a2,a2,0 # 30846 <_available_heap+0x236de>
     85a:	00090103          	lb	sp,0(s2)
     85e:	0100                	addi	s0,sp,128
     860:	1405                	addi	s0,s0,-31
     862:	04097f03          	.4byte	0x4097f03
     866:	0100                	addi	s0,sp,128
     868:	0105                	addi	sp,sp,1
     86a:	0a090103          	lb	sp,160(s2)
     86e:	0100                	addi	s0,sp,128
     870:	0605                	addi	a2,a2,1
     872:	06096f03          	.4byte	0x6096f03
     876:	0100                	addi	s0,sp,128
     878:	0305                	addi	t1,t1,1
     87a:	0306                	slli	t1,t1,0x1
     87c:	0900                	addi	s0,sp,144
     87e:	0004                	.2byte	0x4
     880:	0501                	addi	a0,a0,0
     882:	032e                	slli	t1,t1,0xb
     884:	097f                	.2byte	0x97f
     886:	0000                	unimp
     888:	0501                	addi	a0,a0,0
     88a:	0003060b          	.4byte	0x3060b
     88e:	0009                	c.nop	2
     890:	0100                	addi	s0,sp,128
     892:	0605                	addi	a2,a2,1
     894:	04090103          	lb	sp,64(s2)
     898:	0100                	addi	s0,sp,128
     89a:	1f05                	addi	t5,t5,-31
     89c:	02097f03          	.4byte	0x2097f03
     8a0:	0100                	addi	s0,sp,128
     8a2:	2e05                	jal	bd2 <_program_size-0x2c6>
     8a4:	04090003          	lb	zero,64(s2)
     8a8:	0100                	addi	s0,sp,128
     8aa:	0205                	addi	tp,tp,1 # 1 <_program_size-0xe97>
     8ac:	0306                	slli	t1,t1,0x1
     8ae:	01a2                	slli	gp,gp,0x8
     8b0:	0409                	addi	s0,s0,2
     8b2:	0100                	addi	s0,sp,128
     8b4:	00090303          	lb	t1,0(s2)
     8b8:	0100                	addi	s0,sp,128
     8ba:	0505                	addi	a0,a0,1
     8bc:	0306                	slli	t1,t1,0x1
     8be:	0900                	addi	s0,sp,144
     8c0:	0000                	unimp
     8c2:	0501                	addi	a0,a0,0
     8c4:	04030603          	lb	a2,64(t1)
     8c8:	0609                	addi	a2,a2,2
     8ca:	0100                	addi	s0,sp,128
     8cc:	00090103          	lb	sp,0(s2)
     8d0:	0100                	addi	s0,sp,128
     8d2:	0c05                	addi	s8,s8,1
     8d4:	0306                	slli	t1,t1,0x1
     8d6:	0900                	addi	s0,sp,144
     8d8:	0000                	unimp
     8da:	0501                	addi	a0,a0,0
     8dc:	02030603          	lb	a2,32(t1)
     8e0:	0809                	addi	a6,a6,2
     8e2:	0100                	addi	s0,sp,128
     8e4:	0805                	addi	a6,a6,1
     8e6:	00090003          	lb	zero,0(s2)
     8ea:	0100                	addi	s0,sp,128
     8ec:	1505                	addi	a0,a0,-31
     8ee:	00090003          	lb	zero,0(s2)
     8f2:	0100                	addi	s0,sp,128
     8f4:	1e05                	addi	t3,t3,-31 # 10fe1 <_available_heap+0x3e79>
     8f6:	0306                	slli	t1,t1,0x1
     8f8:	0901                	addi	s2,s2,0
     8fa:	0002                	c.slli64	zero
     8fc:	0501                	addi	a0,a0,0
     8fe:	0315                	addi	t1,t1,5
     900:	097f                	.2byte	0x97f
     902:	0006                	c.slli	zero,0x1
     904:	0501                	addi	a0,a0,0
     906:	0004                	.2byte	0x4
     908:	0402                	c.slli64	s0
     90a:	01030603          	lb	a2,16(t1)
     90e:	0409                	addi	s0,s0,2
     910:	0100                	addi	s0,sp,128
     912:	1e05                	addi	t3,t3,-31
     914:	0200                	addi	s0,sp,256
     916:	0304                	addi	s1,sp,384
     918:	0306                	slli	t1,t1,0x1
     91a:	0900                	addi	s0,sp,144
     91c:	0000                	unimp
     91e:	0501                	addi	a0,a0,0
     920:	0402000f          	.4byte	0x402000f
     924:	09000303          	lb	t1,144(zero) # 90 <_program_size-0xe08>
     928:	001c                	.2byte	0x1c
     92a:	0501                	addi	a0,a0,0
     92c:	0402001b          	.4byte	0x402001b
     930:	7f030603          	lb	a2,2032(t1)
     934:	0409                	addi	s0,s0,2
     936:	0100                	addi	s0,sp,128
     938:	1505                	addi	a0,a0,-31
     93a:	0200                	addi	s0,sp,256
     93c:	0304                	addi	s1,sp,384
     93e:	00090003          	lb	zero,0(s2)
     942:	0100                	addi	s0,sp,128
     944:	0305                	addi	t1,t1,1
     946:	08090303          	lb	t1,128(s2)
     94a:	0100                	addi	s0,sp,128
     94c:	0805                	addi	a6,a6,1
     94e:	0306                	slli	t1,t1,0x1
     950:	0900                	addi	s0,sp,144
     952:	0000                	unimp
     954:	0501                	addi	a0,a0,0
     956:	01030603          	lb	a2,16(t1)
     95a:	1009                	c.nop	-30
     95c:	0100                	addi	s0,sp,128
     95e:	0605                	addi	a2,a2,1
     960:	0306                	slli	t1,t1,0x1
     962:	0900                	addi	s0,sp,144
     964:	0000                	unimp
     966:	0501                	addi	a0,a0,0
     968:	03030603          	lb	a2,48(t1)
     96c:	0209                	addi	tp,tp,2 # 2 <_program_size-0xe96>
     96e:	0100                	addi	s0,sp,128
     970:	0805                	addi	a6,a6,1
     972:	0306                	slli	t1,t1,0x1
     974:	0900                	addi	s0,sp,144
     976:	0000                	unimp
     978:	0501                	addi	a0,a0,0
     97a:	01030603          	lb	a2,16(t1)
     97e:	0a09                	addi	s4,s4,2
     980:	0100                	addi	s0,sp,128
     982:	0605                	addi	a2,a2,1
     984:	0306                	slli	t1,t1,0x1
     986:	0900                	addi	s0,sp,144
     988:	0000                	unimp
     98a:	0501                	addi	a0,a0,0
     98c:	7ecc030b          	.4byte	0x7ecc030b
     990:	0a09                	addi	s4,s4,2
     992:	0100                	addi	s0,sp,128
     994:	0605                	addi	a2,a2,1
     996:	06090103          	lb	sp,96(s2)
     99a:	0100                	addi	s0,sp,128
     99c:	0305                	addi	t1,t1,1
     99e:	0306                	slli	t1,t1,0x1
     9a0:	0900                	addi	s0,sp,144
     9a2:	0002                	c.slli64	zero
     9a4:	0501                	addi	a0,a0,0
     9a6:	032e                	slli	t1,t1,0xb
     9a8:	097f                	.2byte	0x97f
     9aa:	0000                	unimp
     9ac:	0501                	addi	a0,a0,0
     9ae:	0003060b          	.4byte	0x3060b
     9b2:	0009                	c.nop	2
     9b4:	0100                	addi	s0,sp,128
     9b6:	0605                	addi	a2,a2,1
     9b8:	02090103          	lb	sp,32(s2)
     9bc:	0100                	addi	s0,sp,128
     9be:	1f05                	addi	t5,t5,-31
     9c0:	02097f03          	.4byte	0x2097f03
     9c4:	0100                	addi	s0,sp,128
     9c6:	2e05                	jal	cf6 <_program_size-0x1a2>
     9c8:	02090003          	lb	zero,32(s2)
     9cc:	0100                	addi	s0,sp,128
     9ce:	0205                	addi	tp,tp,1 # 1 <_program_size-0xe97>
     9d0:	0306                	slli	t1,t1,0x1
     9d2:	01bc                	addi	a5,sp,200
     9d4:	0209                	addi	tp,tp,2 # 2 <_program_size-0xe96>
     9d6:	0100                	addi	s0,sp,128
     9d8:	0705                	addi	a4,a4,1
     9da:	0306                	slli	t1,t1,0x1
     9dc:	0900                	addi	s0,sp,144
     9de:	0000                	unimp
     9e0:	0501                	addi	a0,a0,0
     9e2:	0602                	c.slli64	a2
     9e4:	0a090103          	lb	sp,160(s2)
     9e8:	0100                	addi	s0,sp,128
     9ea:	0505                	addi	a0,a0,1
     9ec:	0306                	slli	t1,t1,0x1
     9ee:	0900                	addi	s0,sp,144
     9f0:	0000                	unimp
     9f2:	0501                	addi	a0,a0,0
     9f4:	7ec3030b          	.4byte	0x7ec3030b
     9f8:	0a09                	addi	s4,s4,2
     9fa:	0100                	addi	s0,sp,128
     9fc:	0605                	addi	a2,a2,1
     9fe:	06090103          	lb	sp,96(s2)
     a02:	0100                	addi	s0,sp,128
     a04:	0305                	addi	t1,t1,1
     a06:	0306                	slli	t1,t1,0x1
     a08:	0900                	addi	s0,sp,144
     a0a:	0002                	c.slli64	zero
     a0c:	0501                	addi	a0,a0,0
     a0e:	032e                	slli	t1,t1,0xb
     a10:	097f                	.2byte	0x97f
     a12:	0000                	unimp
     a14:	0501                	addi	a0,a0,0
     a16:	0003060b          	.4byte	0x3060b
     a1a:	0009                	c.nop	2
     a1c:	0100                	addi	s0,sp,128
     a1e:	0605                	addi	a2,a2,1
     a20:	02090103          	lb	sp,32(s2)
     a24:	0100                	addi	s0,sp,128
     a26:	1f05                	addi	t5,t5,-31
     a28:	02097f03          	.4byte	0x2097f03
     a2c:	0100                	addi	s0,sp,128
     a2e:	2e05                	jal	d5e <_program_size-0x13a>
     a30:	02090003          	lb	zero,32(s2)
     a34:	0100                	addi	s0,sp,128
     a36:	0205                	addi	tp,tp,1 # 1 <_program_size-0xe97>
     a38:	0306                	slli	t1,t1,0x1
     a3a:	01c1                	addi	gp,gp,16
     a3c:	0209                	addi	tp,tp,2 # 2 <_program_size-0xe96>
     a3e:	0100                	addi	s0,sp,128
     a40:	00090303          	lb	t1,0(s2)
     a44:	0100                	addi	s0,sp,128
     a46:	0605                	addi	a2,a2,1
     a48:	0306                	slli	t1,t1,0x1
     a4a:	0900                	addi	s0,sp,144
     a4c:	0000                	unimp
     a4e:	0501                	addi	a0,a0,0
     a50:	031a                	slli	t1,t1,0x6
     a52:	0900                	addi	s0,sp,144
     a54:	0002                	c.slli64	zero
     a56:	0501                	addi	a0,a0,0
     a58:	0305                	addi	t1,t1,1
     a5a:	0900                	addi	s0,sp,144
     a5c:	0004                	.2byte	0x4
     a5e:	0501                	addi	a0,a0,0
     a60:	0602                	c.slli64	a2
     a62:	02090303          	lb	t1,32(s2)
     a66:	0100                	addi	s0,sp,128
     a68:	06090103          	lb	sp,96(s2)
     a6c:	0100                	addi	s0,sp,128
     a6e:	0105                	addi	sp,sp,1
     a70:	0306                	slli	t1,t1,0x1
     a72:	0901                	addi	s2,s2,0
     a74:	0000                	unimp
     a76:	0501                	addi	a0,a0,0
     a78:	0970030b          	.4byte	0x970030b
     a7c:	0016                	c.slli	zero,0x5
     a7e:	0501                	addi	a0,a0,0
     a80:	030a                	slli	t1,t1,0x2
     a82:	0966                	slli	s2,s2,0x19
     a84:	0004                	.2byte	0x4
     a86:	0901                	addi	s2,s2,0
     a88:	0004                	.2byte	0x4
     a8a:	0100                	addi	s0,sp,128
     a8c:	0501                	addi	a0,a0,0
     a8e:	000c                	.2byte	0xc
     a90:	0205                	addi	tp,tp,1 # 1 <_program_size-0xe97>
     a92:	034a                	slli	t1,t1,0x12
     a94:	8000                	.2byte	0x8000
     a96:	0102a703          	lw	a4,16(t0)
     a9a:	1905                	addi	s2,s2,-31
     a9c:	00091203          	lh	tp,0(s2)
     aa0:	0100                	addi	s0,sp,128
     aa2:	0305                	addi	t1,t1,1
     aa4:	00090103          	lb	sp,0(s2)
     aa8:	0100                	addi	s0,sp,128
     aaa:	0c05                	addi	s8,s8,1
     aac:	0306                	slli	t1,t1,0x1
     aae:	096d                	addi	s2,s2,27
     ab0:	0000                	unimp
     ab2:	0501                	addi	a0,a0,0
     ab4:	0308                	addi	a0,sp,384
     ab6:	00160913          	addi	s2,a2,1
     aba:	0501                	addi	a0,a0,0
     abc:	030c                	addi	a1,sp,384
     abe:	096d                	addi	s2,s2,27
     ac0:	000a                	c.slli	zero,0x2
     ac2:	0301                	addi	t1,t1,0
     ac4:	0900                	addi	s0,sp,144
     ac6:	000a                	c.slli	zero,0x2
     ac8:	0501                	addi	a0,a0,0
     aca:	0308                	addi	a0,sp,384
     acc:	00060913          	mv	s2,a2
     ad0:	0501                	addi	a0,a0,0
     ad2:	01030603          	lb	a2,16(t1)
     ad6:	0409                	addi	s0,s0,2
     ad8:	0100                	addi	s0,sp,128
     ada:	0605                	addi	a2,a2,1
     adc:	0306                	slli	t1,t1,0x1
     ade:	0900                	addi	s0,sp,144
     ae0:	0000                	unimp
     ae2:	0501                	addi	a0,a0,0
     ae4:	061f 7e03 0209      	.byte	0x1f, 0x06, 0x03, 0x7e, 0x09, 0x02
     aea:	0100                	addi	s0,sp,128
     aec:	1905                	addi	s2,s2,-31
     aee:	00090003          	lb	zero,0(s2)
     af2:	0100                	addi	s0,sp,128
     af4:	0305                	addi	t1,t1,1
     af6:	00090103          	lb	sp,0(s2)
     afa:	0100                	addi	s0,sp,128
     afc:	0805                	addi	a6,a6,1
     afe:	0306                	slli	t1,t1,0x1
     b00:	0900                	addi	s0,sp,144
     b02:	0000                	unimp
     b04:	0501                	addi	a0,a0,0
     b06:	01030603          	lb	a2,16(t1)
     b0a:	1009                	c.nop	-30
     b0c:	0100                	addi	s0,sp,128
     b0e:	0605                	addi	a2,a2,1
     b10:	0306                	slli	t1,t1,0x1
     b12:	0900                	addi	s0,sp,144
     b14:	0000                	unimp
     b16:	0501                	addi	a0,a0,0
     b18:	061f 7e03 0209      	.byte	0x1f, 0x06, 0x03, 0x7e, 0x09, 0x02
     b1e:	0100                	addi	s0,sp,128
     b20:	1905                	addi	s2,s2,-31
     b22:	00090003          	lb	zero,0(s2)
     b26:	0100                	addi	s0,sp,128
     b28:	00090503          	lb	a0,0(s2)
     b2c:	0100                	addi	s0,sp,128
     b2e:	0305                	addi	t1,t1,1
     b30:	00090103          	lb	sp,0(s2)
     b34:	0100                	addi	s0,sp,128
     b36:	0805                	addi	a6,a6,1
     b38:	0306                	slli	t1,t1,0x1
     b3a:	0900                	addi	s0,sp,144
     b3c:	0000                	unimp
     b3e:	0501                	addi	a0,a0,0
     b40:	01030603          	lb	a2,16(t1)
     b44:	1009                	c.nop	-30
     b46:	0100                	addi	s0,sp,128
     b48:	0605                	addi	a2,a2,1
     b4a:	0306                	slli	t1,t1,0x1
     b4c:	0900                	addi	s0,sp,144
     b4e:	0000                	unimp
     b50:	0501                	addi	a0,a0,0
     b52:	061f 7e03 0209      	.byte	0x1f, 0x06, 0x03, 0x7e, 0x09, 0x02
     b58:	0100                	addi	s0,sp,128
     b5a:	1905                	addi	s2,s2,-31
     b5c:	00090003          	lb	zero,0(s2)
     b60:	0100                	addi	s0,sp,128
     b62:	0305                	addi	t1,t1,1
     b64:	00090103          	lb	sp,0(s2)
     b68:	0100                	addi	s0,sp,128
     b6a:	0805                	addi	a6,a6,1
     b6c:	0306                	slli	t1,t1,0x1
     b6e:	0900                	addi	s0,sp,144
     b70:	0000                	unimp
     b72:	0501                	addi	a0,a0,0
     b74:	01030603          	lb	a2,16(t1)
     b78:	1009                	c.nop	-30
     b7a:	0100                	addi	s0,sp,128
     b7c:	0605                	addi	a2,a2,1
     b7e:	0306                	slli	t1,t1,0x1
     b80:	0900                	addi	s0,sp,144
     b82:	0000                	unimp
     b84:	0501                	addi	a0,a0,0
     b86:	7df6030b          	.4byte	0x7df6030b
     b8a:	0a09                	addi	s4,s4,2
     b8c:	0100                	addi	s0,sp,128
     b8e:	0605                	addi	a2,a2,1
     b90:	06090103          	lb	sp,96(s2)
     b94:	0100                	addi	s0,sp,128
     b96:	0305                	addi	t1,t1,1
     b98:	0306                	slli	t1,t1,0x1
     b9a:	0900                	addi	s0,sp,144
     b9c:	0004                	.2byte	0x4
     b9e:	0501                	addi	a0,a0,0
     ba0:	032e                	slli	t1,t1,0xb
     ba2:	097f                	.2byte	0x97f
     ba4:	0000                	unimp
     ba6:	0501                	addi	a0,a0,0
     ba8:	0003060b          	.4byte	0x3060b
     bac:	0009                	c.nop	2
     bae:	0100                	addi	s0,sp,128
     bb0:	0605                	addi	a2,a2,1
     bb2:	04090103          	lb	sp,64(s2)
     bb6:	0100                	addi	s0,sp,128
     bb8:	1f05                	addi	t5,t5,-31
     bba:	02097f03          	.4byte	0x2097f03
     bbe:	0100                	addi	s0,sp,128
     bc0:	2e05                	jal	ef0 <_program_size+0x58>
     bc2:	04090003          	lb	zero,64(s2)
     bc6:	0100                	addi	s0,sp,128
     bc8:	0205                	addi	tp,tp,1 # 1 <_program_size-0xe97>
     bca:	0306                	slli	t1,t1,0x1
     bcc:	0409028f          	.4byte	0x409028f
     bd0:	0100                	addi	s0,sp,128
     bd2:	00090303          	lb	t1,0(s2)
     bd6:	0100                	addi	s0,sp,128
     bd8:	0505                	addi	a0,a0,1
     bda:	0306                	slli	t1,t1,0x1
     bdc:	0900                	addi	s0,sp,144
     bde:	0000                	unimp
     be0:	0501                	addi	a0,a0,0
     be2:	07030603          	lb	a2,112(t1)
     be6:	0409                	addi	s0,s0,2
     be8:	0100                	addi	s0,sp,128
     bea:	1805                	addi	a6,a6,-31
     bec:	0306                	slli	t1,t1,0x1
     bee:	0900                	addi	s0,sp,144
     bf0:	0000                	unimp
     bf2:	0501                	addi	a0,a0,0
     bf4:	01030603          	lb	a2,16(t1)
     bf8:	0609                	addi	a2,a2,2
     bfa:	0100                	addi	s0,sp,128
     bfc:	2205                	jal	d1c <_program_size-0x17c>
     bfe:	097ded03          	.4byte	0x97ded03
     c02:	0000                	unimp
     c04:	0501                	addi	a0,a0,0
     c06:	0302                	c.slli64	t1
     c08:	00000977          	.4byte	0x977
     c0c:	0301                	addi	t1,t1,0
     c0e:	0902                	c.slli64	s2
     c10:	0000                	unimp
     c12:	0501                	addi	a0,a0,0
     c14:	0608                	addi	a0,sp,768
     c16:	00090003          	lb	zero,0(s2)
     c1a:	0100                	addi	s0,sp,128
     c1c:	0b05                	addi	s6,s6,1
     c1e:	08090003          	lb	zero,128(s2)
     c22:	0100                	addi	s0,sp,128
     c24:	0805                	addi	a6,a6,1
     c26:	04090003          	lb	zero,64(s2)
     c2a:	0100                	addi	s0,sp,128
     c2c:	0605                	addi	a2,a2,1
     c2e:	02090103          	lb	sp,32(s2)
     c32:	0100                	addi	s0,sp,128
     c34:	0305                	addi	t1,t1,1
     c36:	0306                	slli	t1,t1,0x1
     c38:	0900                	addi	s0,sp,144
     c3a:	0002                	c.slli64	zero
     c3c:	0501                	addi	a0,a0,0
     c3e:	032e                	slli	t1,t1,0xb
     c40:	097f                	.2byte	0x97f
     c42:	0000                	unimp
     c44:	0501                	addi	a0,a0,0
     c46:	0003060b          	.4byte	0x3060b
     c4a:	0009                	c.nop	2
     c4c:	0100                	addi	s0,sp,128
     c4e:	0605                	addi	a2,a2,1
     c50:	02090103          	lb	sp,32(s2)
     c54:	0100                	addi	s0,sp,128
     c56:	1f05                	addi	t5,t5,-31
     c58:	02097f03          	.4byte	0x2097f03
     c5c:	0100                	addi	s0,sp,128
     c5e:	2e05                	jal	f8e <_program_size+0xf6>
     c60:	02090003          	lb	zero,32(s2)
     c64:	0100                	addi	s0,sp,128
     c66:	0305                	addi	t1,t1,1
     c68:	0306                	slli	t1,t1,0x1
     c6a:	0209029b          	.4byte	0x209029b
     c6e:	0100                	addi	s0,sp,128
     c70:	00090203          	lb	tp,0(s2)
     c74:	0100                	addi	s0,sp,128
     c76:	1805                	addi	a6,a6,-31
     c78:	0306                	slli	t1,t1,0x1
     c7a:	0900                	addi	s0,sp,144
     c7c:	0000                	unimp
     c7e:	0501                	addi	a0,a0,0
     c80:	0602                	c.slli64	a2
     c82:	04090303          	lb	t1,64(s2)
     c86:	0100                	addi	s0,sp,128
     c88:	2205                	jal	da8 <_program_size-0xf0>
     c8a:	097de703          	.4byte	0x97de703
     c8e:	0000                	unimp
     c90:	0501                	addi	a0,a0,0
     c92:	0302                	c.slli64	t1
     c94:	00000977          	.4byte	0x977
     c98:	0301                	addi	t1,t1,0
     c9a:	0902                	c.slli64	s2
     c9c:	0000                	unimp
     c9e:	0501                	addi	a0,a0,0
     ca0:	0608                	addi	a0,sp,768
     ca2:	00090003          	lb	zero,0(s2)
     ca6:	0100                	addi	s0,sp,128
     ca8:	0b05                	addi	s6,s6,1
     caa:	08090003          	lb	zero,128(s2)
     cae:	0100                	addi	s0,sp,128
     cb0:	0805                	addi	a6,a6,1
     cb2:	04090003          	lb	zero,64(s2)
     cb6:	0100                	addi	s0,sp,128
     cb8:	0605                	addi	a2,a2,1
     cba:	02090103          	lb	sp,32(s2)
     cbe:	0100                	addi	s0,sp,128
     cc0:	0305                	addi	t1,t1,1
     cc2:	0306                	slli	t1,t1,0x1
     cc4:	0900                	addi	s0,sp,144
     cc6:	0002                	c.slli64	zero
     cc8:	0501                	addi	a0,a0,0
     cca:	032e                	slli	t1,t1,0xb
     ccc:	097f                	.2byte	0x97f
     cce:	0000                	unimp
     cd0:	0501                	addi	a0,a0,0
     cd2:	0003060b          	.4byte	0x3060b
     cd6:	0009                	c.nop	2
     cd8:	0100                	addi	s0,sp,128
     cda:	0605                	addi	a2,a2,1
     cdc:	02090103          	lb	sp,32(s2)
     ce0:	0100                	addi	s0,sp,128
     ce2:	1f05                	addi	t5,t5,-31
     ce4:	02097f03          	.4byte	0x2097f03
     ce8:	0100                	addi	s0,sp,128
     cea:	2e05                	jal	101a <_program_size+0x182>
     cec:	02090003          	lb	zero,32(s2)
     cf0:	0100                	addi	s0,sp,128
     cf2:	0205                	addi	tp,tp,1 # 1 <_program_size-0xe97>
     cf4:	0306                	slli	t1,t1,0x1
     cf6:	02a1                	addi	t0,t0,8
     cf8:	0209                	addi	tp,tp,2 # 2 <_program_size-0xe96>
     cfa:	0100                	addi	s0,sp,128
     cfc:	00090303          	lb	t1,0(s2)
     d00:	0100                	addi	s0,sp,128
     d02:	0705                	addi	a4,a4,1
     d04:	0306                	slli	t1,t1,0x1
     d06:	0900                	addi	s0,sp,144
     d08:	0000                	unimp
     d0a:	0501                	addi	a0,a0,0
     d0c:	0602                	c.slli64	a2
     d0e:	0a090103          	lb	sp,160(s2)
     d12:	0100                	addi	s0,sp,128
     d14:	0505                	addi	a0,a0,1
     d16:	0306                	slli	t1,t1,0x1
     d18:	0900                	addi	s0,sp,144
     d1a:	0000                	unimp
     d1c:	0501                	addi	a0,a0,0
     d1e:	7ddb030b          	.4byte	0x7ddb030b
     d22:	0a09                	addi	s4,s4,2
     d24:	0100                	addi	s0,sp,128
     d26:	0605                	addi	a2,a2,1
     d28:	06090103          	lb	sp,96(s2)
     d2c:	0100                	addi	s0,sp,128
     d2e:	0305                	addi	t1,t1,1
     d30:	0306                	slli	t1,t1,0x1
     d32:	0900                	addi	s0,sp,144
     d34:	0002                	c.slli64	zero
     d36:	0501                	addi	a0,a0,0
     d38:	032e                	slli	t1,t1,0xb
     d3a:	097f                	.2byte	0x97f
     d3c:	0000                	unimp
     d3e:	0501                	addi	a0,a0,0
     d40:	0003060b          	.4byte	0x3060b
     d44:	0009                	c.nop	2
     d46:	0100                	addi	s0,sp,128
     d48:	0605                	addi	a2,a2,1
     d4a:	02090103          	lb	sp,32(s2)
     d4e:	0100                	addi	s0,sp,128
     d50:	1f05                	addi	t5,t5,-31
     d52:	02097f03          	.4byte	0x2097f03
     d56:	0100                	addi	s0,sp,128
     d58:	2e05                	jal	1088 <_program_size+0x1f0>
     d5a:	02090003          	lb	zero,32(s2)
     d5e:	0100                	addi	s0,sp,128
     d60:	0205                	addi	tp,tp,1 # 1 <_program_size-0xe97>
     d62:	0306                	slli	t1,t1,0x1
     d64:	02a9                	addi	t0,t0,10
     d66:	0209                	addi	tp,tp,2 # 2 <_program_size-0xe96>
     d68:	0100                	addi	s0,sp,128
     d6a:	00090303          	lb	t1,0(s2)
     d6e:	0100                	addi	s0,sp,128
     d70:	0505                	addi	a0,a0,1
     d72:	0306                	slli	t1,t1,0x1
     d74:	0900                	addi	s0,sp,144
     d76:	0000                	unimp
     d78:	0501                	addi	a0,a0,0
     d7a:	0602                	c.slli64	a2
     d7c:	02090403          	lb	s0,32(s2)
     d80:	0100                	addi	s0,sp,128
     d82:	06090103          	lb	sp,96(s2)
     d86:	0100                	addi	s0,sp,128
     d88:	0105                	addi	sp,sp,1
     d8a:	0306                	slli	t1,t1,0x1
     d8c:	0901                	addi	s2,s2,0
     d8e:	0000                	unimp
     d90:	0501                	addi	a0,a0,0
     d92:	61030603          	lb	a2,1552(t1)
     d96:	1a09                	addi	s4,s4,-30
     d98:	0100                	addi	s0,sp,128
     d9a:	0805                	addi	a6,a6,1
     d9c:	0306                	slli	t1,t1,0x1
     d9e:	0900                	addi	s0,sp,144
     da0:	0000                	unimp
     da2:	0501                	addi	a0,a0,0
     da4:	01030603          	lb	a2,16(t1)
     da8:	0a09                	addi	s4,s4,2
     daa:	0100                	addi	s0,sp,128
     dac:	0605                	addi	a2,a2,1
     dae:	0306                	slli	t1,t1,0x1
     db0:	0900                	addi	s0,sp,144
     db2:	0000                	unimp
     db4:	0501                	addi	a0,a0,0
     db6:	19030603          	lb	a2,400(t1)
     dba:	0409                	addi	s0,s0,2
     dbc:	0100                	addi	s0,sp,128
     dbe:	0a05                	addi	s4,s4,1
     dc0:	0306                	slli	t1,t1,0x1
     dc2:	00080963          	beqz	a6,dd4 <_program_size-0xc4>
     dc6:	0901                	addi	s2,s2,0
     dc8:	0004                	.2byte	0x4
     dca:	0100                	addi	s0,sp,128
     dcc:	0501                	addi	a0,a0,0
     dce:	0001                	nop
     dd0:	0205                	addi	tp,tp,1 # 1 <_program_size-0xe97>
     dd2:	0000                	unimp
     dd4:	0000                	unimp
     dd6:	05012e03          	lw	t3,80(sp)
     dda:	0302                	c.slli64	t1
     ddc:	0901                	addi	s2,s2,0
     dde:	0000                	unimp
     de0:	0501                	addi	a0,a0,0
     de2:	0609                	addi	a2,a2,2
     de4:	00090003          	lb	zero,0(s2)
     de8:	0100                	addi	s0,sp,128
     dea:	0105                	addi	sp,sp,1
     dec:	00090103          	lb	sp,0(s2)
     df0:	0100                	addi	s0,sp,128
     df2:	0009                	c.nop	2
     df4:	0000                	unimp
     df6:	0101                	addi	sp,sp,0
     df8:	0105                	addi	sp,sp,1
     dfa:	0500                	addi	s0,sp,640
     dfc:	7402                	.2byte	0x7402
     dfe:	0004                	.2byte	0x4
     e00:	0380                	addi	s0,sp,448
     e02:	01b9                	addi	gp,gp,14
     e04:	0501                	addi	a0,a0,0
     e06:	0302                	c.slli64	t1
     e08:	0901                	addi	s2,s2,0
     e0a:	0000                	unimp
     e0c:	0301                	addi	t1,t1,0
     e0e:	7f94                	.2byte	0x7f94
     e10:	0009                	c.nop	2
     e12:	0100                	addi	s0,sp,128
     e14:	00097703          	.4byte	0x97703
     e18:	0100                	addi	s0,sp,128
     e1a:	0105                	addi	sp,sp,1
     e1c:	0306                	slli	t1,t1,0x1
     e1e:	00f4                	addi	a3,sp,76
     e20:	0009                	c.nop	2
     e22:	0100                	addi	s0,sp,128
     e24:	1405                	addi	s0,s0,-31
     e26:	097f8c03          	lb	s8,151(t6)
     e2a:	0008                	.2byte	0x8
     e2c:	0501                	addi	a0,a0,0
     e2e:	0602                	c.slli64	a2
     e30:	08090103          	lb	sp,128(s2)
     e34:	0100                	addi	s0,sp,128
     e36:	1705                	addi	a4,a4,-31
     e38:	0306                	slli	t1,t1,0x1
     e3a:	0900                	addi	s0,sp,144
     e3c:	0000                	unimp
     e3e:	0501                	addi	a0,a0,0
     e40:	0602                	c.slli64	a2
     e42:	04090103          	lb	sp,64(s2)
     e46:	0100                	addi	s0,sp,128
     e48:	1405                	addi	s0,s0,-31
     e4a:	0306                	slli	t1,t1,0x1
     e4c:	0900                	addi	s0,sp,144
     e4e:	0000                	unimp
     e50:	0501                	addi	a0,a0,0
     e52:	0301                	addi	t1,t1,0
     e54:	0901                	addi	s2,s2,0
     e56:	0004                	.2byte	0x4
     e58:	0301                	addi	t1,t1,0
     e5a:	00f1                	addi	ra,ra,28
     e5c:	0409                	addi	s0,s0,2
     e5e:	0100                	addi	s0,sp,128
     e60:	097f8f03          	lb	t5,151(t6)
     e64:	0002                	c.slli64	zero
     e66:	0501                	addi	a0,a0,0
     e68:	096e030b          	.4byte	0x96e030b
     e6c:	0004                	.2byte	0x4
     e6e:	0501                	addi	a0,a0,0
     e70:	0301                	addi	t1,t1,0
     e72:	0912                	slli	s2,s2,0x4
     e74:	0004                	.2byte	0x4
     e76:	0501                	addi	a0,a0,0
     e78:	0306                	slli	t1,t1,0x1
     e7a:	0002096f          	jal	s2,20e7a <_available_heap+0x13d12>
     e7e:	0501                	addi	a0,a0,0
     e80:	00030603          	lb	a2,0(t1)
     e84:	0209                	addi	tp,tp,2 # 2 <_program_size-0xe96>
     e86:	0100                	addi	s0,sp,128
     e88:	2e05                	jal	11b8 <_program_size+0x320>
     e8a:	00097f03          	.4byte	0x97f03
     e8e:	0100                	addi	s0,sp,128
     e90:	0b05                	addi	s6,s6,1
     e92:	0306                	slli	t1,t1,0x1
     e94:	0900                	addi	s0,sp,144
     e96:	0000                	unimp
     e98:	0501                	addi	a0,a0,0
     e9a:	0306                	slli	t1,t1,0x1
     e9c:	0901                	addi	s2,s2,0
     e9e:	0002                	c.slli64	zero
     ea0:	0501                	addi	a0,a0,0
     ea2:	031f 097f 0002      	.byte	0x1f, 0x03, 0x7f, 0x09, 0x02, 0x00
     ea8:	0501                	addi	a0,a0,0
     eaa:	032e                	slli	t1,t1,0xb
     eac:	0900                	addi	s0,sp,144
     eae:	0002                	c.slli64	zero
     eb0:	0501                	addi	a0,a0,0
     eb2:	0602                	c.slli64	a2
     eb4:	09018603          	lb	a2,144(gp)
     eb8:	0002                	c.slli64	zero
     eba:	0301                	addi	t1,t1,0
     ebc:	00000903          	lb	s2,0(zero) # 0 <_program_size-0xe98>
     ec0:	0501                	addi	a0,a0,0
     ec2:	00030607          	.4byte	0x30607
     ec6:	0009                	c.nop	2
     ec8:	0100                	addi	s0,sp,128
     eca:	0205                	addi	tp,tp,1 # 1 <_program_size-0xe97>
     ecc:	0306                	slli	t1,t1,0x1
     ece:	0901                	addi	s2,s2,0
     ed0:	0006                	c.slli	zero,0x1
     ed2:	0501                	addi	a0,a0,0
     ed4:	0605                	addi	a2,a2,1
     ed6:	00090003          	lb	zero,0(s2)
     eda:	0100                	addi	s0,sp,128
     edc:	0b05                	addi	s6,s6,1
     ede:	097ef603          	.4byte	0x97ef603
     ee2:	000a                	c.slli	zero,0x2
     ee4:	0501                	addi	a0,a0,0
     ee6:	0306                	slli	t1,t1,0x1
     ee8:	0901                	addi	s2,s2,0
     eea:	0006                	c.slli	zero,0x1
     eec:	0501                	addi	a0,a0,0
     eee:	00030603          	lb	a2,0(t1)
     ef2:	0209                	addi	tp,tp,2 # 2 <_program_size-0xe96>
     ef4:	0100                	addi	s0,sp,128
     ef6:	2e05                	jal	1226 <_program_size+0x38e>
     ef8:	00097f03          	.4byte	0x97f03
     efc:	0100                	addi	s0,sp,128
     efe:	0b05                	addi	s6,s6,1
     f00:	0306                	slli	t1,t1,0x1
     f02:	0900                	addi	s0,sp,144
     f04:	0000                	unimp
     f06:	0501                	addi	a0,a0,0
     f08:	0306                	slli	t1,t1,0x1
     f0a:	0901                	addi	s2,s2,0
     f0c:	0002                	c.slli64	zero
     f0e:	0501                	addi	a0,a0,0
     f10:	031f 097f 0002      	.byte	0x1f, 0x03, 0x7f, 0x09, 0x02, 0x00
     f16:	0501                	addi	a0,a0,0
     f18:	032e                	slli	t1,t1,0xb
     f1a:	0900                	addi	s0,sp,144
     f1c:	0002                	c.slli64	zero
     f1e:	0501                	addi	a0,a0,0
     f20:	0602                	c.slli64	a2
     f22:	09018e03          	lb	t3,144(gp)
     f26:	0002                	c.slli64	zero
     f28:	0301                	addi	t1,t1,0
     f2a:	0905                	addi	s2,s2,1
     f2c:	0000                	unimp
     f2e:	0301                	addi	t1,t1,0
     f30:	0901                	addi	s2,s2,0
     f32:	0008                	.2byte	0x8
     f34:	0501                	addi	a0,a0,0
     f36:	0601                	addi	a2,a2,0
     f38:	00090103          	lb	sp,0(s2)
     f3c:	0100                	addi	s0,sp,128
     f3e:	0a05                	addi	s4,s4,1
     f40:	0c097203          	.4byte	0xc097203
     f44:	0100                	addi	s0,sp,128
     f46:	0409                	addi	s0,s0,2
     f48:	0000                	unimp
     f4a:	0101                	addi	sp,sp,0
     f4c:	0105                	addi	sp,sp,1
     f4e:	0500                	addi	s0,sp,640
     f50:	de02                	sw	zero,60(sp)
     f52:	0004                	.2byte	0x4
     f54:	0380                	addi	s0,sp,448
     f56:	0282                	c.slli64	t0
     f58:	0501                	addi	a0,a0,0
     f5a:	0302                	c.slli64	t1
     f5c:	0901                	addi	s2,s2,0
     f5e:	0000                	unimp
     f60:	0501                	addi	a0,a0,0
     f62:	0601                	addi	a2,a2,0
     f64:	00097f03          	.4byte	0x97f03
     f68:	0100                	addi	s0,sp,128
     f6a:	0905                	addi	s2,s2,1
     f6c:	04090103          	lb	sp,64(s2)
     f70:	0100                	addi	s0,sp,128
     f72:	0c09                	addi	s8,s8,2
     f74:	0000                	unimp
     f76:	0101                	addi	sp,sp,0
     f78:	0105                	addi	sp,sp,1
     f7a:	0500                	addi	s0,sp,640
     f7c:	ee02                	.2byte	0xee02
     f7e:	0004                	.2byte	0x4
     f80:	0380                	addi	s0,sp,448
     f82:	0289                	addi	t0,t0,2
     f84:	0501                	addi	a0,a0,0
     f86:	0302                	c.slli64	t1
     f88:	0901                	addi	s2,s2,0
     f8a:	0000                	unimp
     f8c:	0501                	addi	a0,a0,0
     f8e:	0609                	addi	a2,a2,2
     f90:	00090003          	lb	zero,0(s2)
     f94:	0100                	addi	s0,sp,128
     f96:	1009                	c.nop	-30
     f98:	0000                	unimp
     f9a:	0101                	addi	sp,sp,0
     f9c:	0105                	addi	sp,sp,1
     f9e:	0500                	addi	s0,sp,640
     fa0:	fe02                	.2byte	0xfe02
     fa2:	0004                	.2byte	0x4
     fa4:	0380                	addi	s0,sp,448
     fa6:	050102ef          	jal	t0,10ff6 <_available_heap+0x3e8e>
     faa:	0302                	c.slli64	t1
     fac:	0901                	addi	s2,s2,0
     fae:	0000                	unimp
     fb0:	0301                	addi	t1,t1,0
     fb2:	7fbe                	.2byte	0x7fbe
     fb4:	0009                	c.nop	2
     fb6:	0100                	addi	s0,sp,128
     fb8:	00090203          	lb	tp,0(s2)
     fbc:	0100                	addi	s0,sp,128
     fbe:	0505                	addi	a0,a0,1
     fc0:	0306                	slli	t1,t1,0x1
     fc2:	0900                	addi	s0,sp,144
     fc4:	0000                	unimp
     fc6:	0501                	addi	a0,a0,0
     fc8:	0602                	c.slli64	a2
     fca:	08090603          	lb	a2,128(s2)
     fce:	0100                	addi	s0,sp,128
     fd0:	097e8f03          	lb	t5,151(t4) # ffffc097 <_ram_end+0x7ffec097>
     fd4:	0000                	unimp
     fd6:	0501                	addi	a0,a0,0
     fd8:	0614                	addi	a3,sp,768
     fda:	00090003          	lb	zero,0(s2)
     fde:	0100                	addi	s0,sp,128
     fe0:	0205                	addi	tp,tp,1 # 1 <_program_size-0xe97>
     fe2:	0306                	slli	t1,t1,0x1
     fe4:	0901                	addi	s2,s2,0
     fe6:	0008                	.2byte	0x8
     fe8:	0501                	addi	a0,a0,0
     fea:	00030617          	auipc	a2,0x30
     fee:	0009                	c.nop	2
     ff0:	0100                	addi	s0,sp,128
     ff2:	0205                	addi	tp,tp,1 # 1 <_program_size-0xe97>
     ff4:	0306                	slli	t1,t1,0x1
     ff6:	0901                	addi	s2,s2,0
     ff8:	0004                	.2byte	0x4
     ffa:	0501                	addi	a0,a0,0
     ffc:	0614                	addi	a3,sp,768
     ffe:	00090003          	lb	zero,0(s2)
    1002:	0100                	addi	s0,sp,128
    1004:	0205                	addi	tp,tp,1 # 1 <_program_size-0xe97>
    1006:	0306                	slli	t1,t1,0x1
    1008:	01f2                	slli	gp,gp,0x1c
    100a:	0609                	addi	a2,a2,2 # 30fec <_available_heap+0x23e84>
    100c:	0100                	addi	s0,sp,128
    100e:	0105                	addi	sp,sp,1
    1010:	0306                	slli	t1,t1,0x1
    1012:	0938                	addi	a4,sp,152
    1014:	0002                	c.slli64	zero
    1016:	0901                	addi	s2,s2,0
    1018:	0004                	.2byte	0x4
    101a:	0100                	addi	s0,sp,128
    101c:	0501                	addi	a0,a0,0
    101e:	0001                	nop
    1020:	0205                	addi	tp,tp,1 # 1 <_program_size-0xe97>
    1022:	051e                	slli	a0,a0,0x7
    1024:	8000                	.2byte	0x8000
    1026:	0102f803          	.4byte	0x102f803
    102a:	0306                	slli	t1,t1,0x1
    102c:	0900                	addi	s0,sp,144
    102e:	000c                	.2byte	0xc
    1030:	0501                	addi	a0,a0,0
    1032:	0602                	c.slli64	a2
    1034:	02090103          	lb	sp,32(s2)
    1038:	0100                	addi	s0,sp,128
    103a:	00090103          	lb	sp,0(s2)
    103e:	0100                	addi	s0,sp,128
    1040:	00090403          	lb	s0,0(s2)
    1044:	0100                	addi	s0,sp,128
    1046:	097f9703          	lh	a4,151(t6)
    104a:	0000                	unimp
    104c:	0501                	addi	a0,a0,0
    104e:	09000307          	.4byte	0x9000307
    1052:	0000                	unimp
    1054:	0501                	addi	a0,a0,0
    1056:	0319                	addi	t1,t1,6
    1058:	0900                	addi	s0,sp,144
    105a:	0000                	unimp
    105c:	0501                	addi	a0,a0,0
    105e:	09010303          	lb	t1,144(sp)
    1062:	0000                	unimp
    1064:	0501                	addi	a0,a0,0
    1066:	0302                	c.slli64	t1
    1068:	7e84                	.2byte	0x7e84
    106a:	0009                	c.nop	2
    106c:	0100                	addi	s0,sp,128
    106e:	00090203          	lb	tp,0(s2)
    1072:	0100                	addi	s0,sp,128
    1074:	0705                	addi	a4,a4,1
    1076:	00090003          	lb	zero,0(s2)
    107a:	0100                	addi	s0,sp,128
    107c:	1905                	addi	s2,s2,-31
    107e:	00090003          	lb	zero,0(s2)
    1082:	0100                	addi	s0,sp,128
    1084:	1005                	c.nop	-31
    1086:	0306                	slli	t1,t1,0x1
    1088:	0900                	addi	s0,sp,144
    108a:	0000                	unimp
    108c:	0501                	addi	a0,a0,0
    108e:	097e030b          	.4byte	0x97e030b
    1092:	0002                	c.slli64	zero
    1094:	0501                	addi	a0,a0,0
    1096:	0319                	addi	t1,t1,6
    1098:	0902                	c.slli64	s2
    109a:	0002                	c.slli64	zero
    109c:	0501                	addi	a0,a0,0
    109e:	01030603          	lb	a2,16(t1)
    10a2:	0209                	addi	tp,tp,2 # 2 <_program_size-0xe96>
    10a4:	0100                	addi	s0,sp,128
    10a6:	0405                	addi	s0,s0,1
    10a8:	00090103          	lb	sp,0(s2)
    10ac:	0100                	addi	s0,sp,128
    10ae:	1705                	addi	a4,a4,-31
    10b0:	0306                	slli	t1,t1,0x1
    10b2:	0900                	addi	s0,sp,144
    10b4:	0000                	unimp
    10b6:	0501                	addi	a0,a0,0
    10b8:	0309                	addi	t1,t1,2
    10ba:	0900                	addi	s0,sp,144
    10bc:	0004                	.2byte	0x4
    10be:	0501                	addi	a0,a0,0
    10c0:	0321                	addi	t1,t1,8
    10c2:	0900                	addi	s0,sp,144
    10c4:	0004                	.2byte	0x4
    10c6:	0501                	addi	a0,a0,0
    10c8:	031f 097e 0004      	.byte	0x1f, 0x03, 0x7e, 0x09, 0x04, 0x00
    10ce:	0501                	addi	a0,a0,0
    10d0:	0321                	addi	t1,t1,8
    10d2:	0902                	c.slli64	s2
    10d4:	0002                	c.slli64	zero
    10d6:	0501                	addi	a0,a0,0
    10d8:	0306                	slli	t1,t1,0x1
    10da:	0900                	addi	s0,sp,144
    10dc:	0004                	.2byte	0x4
    10de:	0501                	addi	a0,a0,0
    10e0:	061f 7e03 0409      	.byte	0x1f, 0x06, 0x03, 0x7e, 0x09, 0x04
    10e6:	0100                	addi	s0,sp,128
    10e8:	1905                	addi	s2,s2,-31
    10ea:	00090003          	lb	zero,0(s2)
    10ee:	0100                	addi	s0,sp,128
    10f0:	0205                	addi	tp,tp,1 # 1 <_program_size-0xe97>
    10f2:	04090303          	lb	t1,64(s2)
    10f6:	0100                	addi	s0,sp,128
    10f8:	2a05                	jal	1228 <_program_size+0x390>
    10fa:	0306                	slli	t1,t1,0x1
    10fc:	000901f7          	.4byte	0x901f7
    1100:	0100                	addi	s0,sp,128
    1102:	0305                	addi	t1,t1,1
    1104:	0306                	slli	t1,t1,0x1
    1106:	0902                	c.slli64	s2
    1108:	0008                	.2byte	0x8
    110a:	0501                	addi	a0,a0,0
    110c:	0319                	addi	t1,t1,6
    110e:	7e84                	.2byte	0x7e84
    1110:	0009                	c.nop	2
    1112:	0100                	addi	s0,sp,128
    1114:	0305                	addi	t1,t1,1
    1116:	00090103          	lb	sp,0(s2)
    111a:	0100                	addi	s0,sp,128
    111c:	0405                	addi	s0,s0,1
    111e:	00090103          	lb	sp,0(s2)
    1122:	0100                	addi	s0,sp,128
    1124:	1f05                	addi	t5,t5,-31
    1126:	00097e03          	.4byte	0x97e03
    112a:	0100                	addi	s0,sp,128
    112c:	1905                	addi	s2,s2,-31
    112e:	00090003          	lb	zero,0(s2)
    1132:	0100                	addi	s0,sp,128
    1134:	0305                	addi	t1,t1,1
    1136:	00090103          	lb	sp,0(s2)
    113a:	0100                	addi	s0,sp,128
    113c:	0405                	addi	s0,s0,1
    113e:	00090103          	lb	sp,0(s2)
    1142:	0100                	addi	s0,sp,128
    1144:	1f05                	addi	t5,t5,-31
    1146:	00097e03          	.4byte	0x97e03
    114a:	0100                	addi	s0,sp,128
    114c:	1905                	addi	s2,s2,-31
    114e:	00090003          	lb	zero,0(s2)
    1152:	0100                	addi	s0,sp,128
    1154:	0305                	addi	t1,t1,1
    1156:	00090103          	lb	sp,0(s2)
    115a:	0100                	addi	s0,sp,128
    115c:	0405                	addi	s0,s0,1
    115e:	00090103          	lb	sp,0(s2)
    1162:	0100                	addi	s0,sp,128
    1164:	0905                	addi	s2,s2,1
    1166:	0306                	slli	t1,t1,0x1
    1168:	0900                	addi	s0,sp,144
    116a:	0000                	unimp
    116c:	0501                	addi	a0,a0,0
    116e:	0321                	addi	t1,t1,8
    1170:	0900                	addi	s0,sp,144
    1172:	0010                	.2byte	0x10
    1174:	0501                	addi	a0,a0,0
    1176:	0306                	slli	t1,t1,0x1
    1178:	0900                	addi	s0,sp,144
    117a:	0004                	.2byte	0x4
    117c:	0501                	addi	a0,a0,0
    117e:	061f 7e03 0809      	.byte	0x1f, 0x06, 0x03, 0x7e, 0x09, 0x08
    1184:	0100                	addi	s0,sp,128
    1186:	1905                	addi	s2,s2,-31
    1188:	00090003          	lb	zero,0(s2)
    118c:	0100                	addi	s0,sp,128
    118e:	0305                	addi	t1,t1,1
    1190:	00090103          	lb	sp,0(s2)
    1194:	0100                	addi	s0,sp,128
    1196:	0405                	addi	s0,s0,1
    1198:	00090103          	lb	sp,0(s2)
    119c:	0100                	addi	s0,sp,128
    119e:	2105                	jal	15be <_program_size+0x726>
    11a0:	0306                	slli	t1,t1,0x1
    11a2:	0900                	addi	s0,sp,144
    11a4:	0000                	unimp
    11a6:	0501                	addi	a0,a0,0
    11a8:	0306                	slli	t1,t1,0x1
    11aa:	0900                	addi	s0,sp,144
    11ac:	0002                	c.slli64	zero
    11ae:	0501                	addi	a0,a0,0
    11b0:	061f 7e03 0409      	.byte	0x1f, 0x06, 0x03, 0x7e, 0x09, 0x04
    11b6:	0100                	addi	s0,sp,128
    11b8:	1905                	addi	s2,s2,-31
    11ba:	00090003          	lb	zero,0(s2)
    11be:	0100                	addi	s0,sp,128
    11c0:	0205                	addi	tp,tp,1 # 1 <_program_size-0xe97>
    11c2:	00090303          	lb	t1,0(s2)
    11c6:	0100                	addi	s0,sp,128
    11c8:	2605                	jal	14e8 <_program_size+0x650>
    11ca:	0306                	slli	t1,t1,0x1
    11cc:	01f9                	addi	gp,gp,30
    11ce:	0009                	c.nop	2
    11d0:	0100                	addi	s0,sp,128
    11d2:	1f05                	addi	t5,t5,-31
    11d4:	0306                	slli	t1,t1,0x1
    11d6:	097d                	addi	s2,s2,31
    11d8:	0002                	c.slli64	zero
    11da:	0501                	addi	a0,a0,0
    11dc:	0319                	addi	t1,t1,6
    11de:	0900                	addi	s0,sp,144
    11e0:	0000                	unimp
    11e2:	0501                	addi	a0,a0,0
    11e4:	09010303          	lb	t1,144(sp)
    11e8:	0000                	unimp
    11ea:	0501                	addi	a0,a0,0
    11ec:	0302                	c.slli64	t1
    11ee:	7e84                	.2byte	0x7e84
    11f0:	0009                	c.nop	2
    11f2:	0100                	addi	s0,sp,128
    11f4:	00090203          	lb	tp,0(s2)
    11f8:	0100                	addi	s0,sp,128
    11fa:	0705                	addi	a4,a4,1
    11fc:	00090003          	lb	zero,0(s2)
    1200:	0100                	addi	s0,sp,128
    1202:	1905                	addi	s2,s2,-31
    1204:	00090003          	lb	zero,0(s2)
    1208:	0100                	addi	s0,sp,128
    120a:	0305                	addi	t1,t1,1
    120c:	00090103          	lb	sp,0(s2)
    1210:	0100                	addi	s0,sp,128
    1212:	0405                	addi	s0,s0,1
    1214:	00090103          	lb	sp,0(s2)
    1218:	0100                	addi	s0,sp,128
    121a:	1f05                	addi	t5,t5,-31
    121c:	00097e03          	.4byte	0x97e03
    1220:	0100                	addi	s0,sp,128
    1222:	1905                	addi	s2,s2,-31
    1224:	00090003          	lb	zero,0(s2)
    1228:	0100                	addi	s0,sp,128
    122a:	0305                	addi	t1,t1,1
    122c:	00090103          	lb	sp,0(s2)
    1230:	0100                	addi	s0,sp,128
    1232:	0405                	addi	s0,s0,1
    1234:	00090103          	lb	sp,0(s2)
    1238:	0100                	addi	s0,sp,128
    123a:	1f05                	addi	t5,t5,-31
    123c:	00097e03          	.4byte	0x97e03
    1240:	0100                	addi	s0,sp,128
    1242:	1905                	addi	s2,s2,-31
    1244:	00090003          	lb	zero,0(s2)
    1248:	0100                	addi	s0,sp,128
    124a:	0305                	addi	t1,t1,1
    124c:	00090103          	lb	sp,0(s2)
    1250:	0100                	addi	s0,sp,128
    1252:	0405                	addi	s0,s0,1
    1254:	00090103          	lb	sp,0(s2)
    1258:	0100                	addi	s0,sp,128
    125a:	0905                	addi	s2,s2,1
    125c:	0306                	slli	t1,t1,0x1
    125e:	0900                	addi	s0,sp,144
    1260:	0000                	unimp
    1262:	0501                	addi	a0,a0,0
    1264:	0321                	addi	t1,t1,8
    1266:	0900                	addi	s0,sp,144
    1268:	0010                	.2byte	0x10
    126a:	0501                	addi	a0,a0,0
    126c:	0306                	slli	t1,t1,0x1
    126e:	0900                	addi	s0,sp,144
    1270:	0004                	.2byte	0x4
    1272:	0501                	addi	a0,a0,0
    1274:	061f 7e03 0809      	.byte	0x1f, 0x06, 0x03, 0x7e, 0x09, 0x08
    127a:	0100                	addi	s0,sp,128
    127c:	1905                	addi	s2,s2,-31
    127e:	00090003          	lb	zero,0(s2)
    1282:	0100                	addi	s0,sp,128
    1284:	0305                	addi	t1,t1,1
    1286:	00090103          	lb	sp,0(s2)
    128a:	0100                	addi	s0,sp,128
    128c:	0405                	addi	s0,s0,1
    128e:	00090103          	lb	sp,0(s2)
    1292:	0100                	addi	s0,sp,128
    1294:	2105                	jal	16b4 <_program_size+0x81c>
    1296:	0306                	slli	t1,t1,0x1
    1298:	0900                	addi	s0,sp,144
    129a:	0000                	unimp
    129c:	0501                	addi	a0,a0,0
    129e:	0306                	slli	t1,t1,0x1
    12a0:	0900                	addi	s0,sp,144
    12a2:	0002                	c.slli64	zero
    12a4:	0501                	addi	a0,a0,0
    12a6:	061f 7e03 0409      	.byte	0x1f, 0x06, 0x03, 0x7e, 0x09, 0x04
    12ac:	0100                	addi	s0,sp,128
    12ae:	1905                	addi	s2,s2,-31
    12b0:	00090003          	lb	zero,0(s2)
    12b4:	0100                	addi	s0,sp,128
    12b6:	0205                	addi	tp,tp,1 # 1 <_program_size-0xe97>
    12b8:	00090303          	lb	t1,0(s2)
    12bc:	0100                	addi	s0,sp,128
    12be:	2a05                	jal	13ee <_program_size+0x556>
    12c0:	0306                	slli	t1,t1,0x1
    12c2:	000901f7          	.4byte	0x901f7
    12c6:	0100                	addi	s0,sp,128
    12c8:	0305                	addi	t1,t1,1
    12ca:	0306                	slli	t1,t1,0x1
    12cc:	0902                	c.slli64	s2
    12ce:	0002                	c.slli64	zero
    12d0:	0501                	addi	a0,a0,0
    12d2:	0319                	addi	t1,t1,6
    12d4:	7e84                	.2byte	0x7e84
    12d6:	0009                	c.nop	2
    12d8:	0100                	addi	s0,sp,128
    12da:	0305                	addi	t1,t1,1
    12dc:	00090103          	lb	sp,0(s2)
    12e0:	0100                	addi	s0,sp,128
    12e2:	0405                	addi	s0,s0,1
    12e4:	00090103          	lb	sp,0(s2)
    12e8:	0100                	addi	s0,sp,128
    12ea:	1f05                	addi	t5,t5,-31
    12ec:	00097e03          	.4byte	0x97e03
    12f0:	0100                	addi	s0,sp,128
    12f2:	1905                	addi	s2,s2,-31
    12f4:	00090003          	lb	zero,0(s2)
    12f8:	0100                	addi	s0,sp,128
    12fa:	0305                	addi	t1,t1,1
    12fc:	00090103          	lb	sp,0(s2)
    1300:	0100                	addi	s0,sp,128
    1302:	0405                	addi	s0,s0,1
    1304:	00090103          	lb	sp,0(s2)
    1308:	0100                	addi	s0,sp,128
    130a:	1f05                	addi	t5,t5,-31
    130c:	00097e03          	.4byte	0x97e03
    1310:	0100                	addi	s0,sp,128
    1312:	1905                	addi	s2,s2,-31
    1314:	00090003          	lb	zero,0(s2)
    1318:	0100                	addi	s0,sp,128
    131a:	0305                	addi	t1,t1,1
    131c:	00090103          	lb	sp,0(s2)
    1320:	0100                	addi	s0,sp,128
    1322:	0405                	addi	s0,s0,1
    1324:	00090103          	lb	sp,0(s2)
    1328:	0100                	addi	s0,sp,128
    132a:	0905                	addi	s2,s2,1
    132c:	0306                	slli	t1,t1,0x1
    132e:	0900                	addi	s0,sp,144
    1330:	0000                	unimp
    1332:	0501                	addi	a0,a0,0
    1334:	0321                	addi	t1,t1,8
    1336:	0900                	addi	s0,sp,144
    1338:	0010                	.2byte	0x10
    133a:	0501                	addi	a0,a0,0
    133c:	0306                	slli	t1,t1,0x1
    133e:	0900                	addi	s0,sp,144
    1340:	0006                	c.slli	zero,0x1
    1342:	0501                	addi	a0,a0,0
    1344:	061f 7e03 0809      	.byte	0x1f, 0x06, 0x03, 0x7e, 0x09, 0x08
    134a:	0100                	addi	s0,sp,128
    134c:	1905                	addi	s2,s2,-31
    134e:	00090003          	lb	zero,0(s2)
    1352:	0100                	addi	s0,sp,128
    1354:	0305                	addi	t1,t1,1
    1356:	00090103          	lb	sp,0(s2)
    135a:	0100                	addi	s0,sp,128
    135c:	0405                	addi	s0,s0,1
    135e:	00090103          	lb	sp,0(s2)
    1362:	0100                	addi	s0,sp,128
    1364:	2105                	jal	1784 <_program_size+0x8ec>
    1366:	0306                	slli	t1,t1,0x1
    1368:	0900                	addi	s0,sp,144
    136a:	0000                	unimp
    136c:	0501                	addi	a0,a0,0
    136e:	0306                	slli	t1,t1,0x1
    1370:	0900                	addi	s0,sp,144
    1372:	0002                	c.slli64	zero
    1374:	0501                	addi	a0,a0,0
    1376:	061f 7e03 0409      	.byte	0x1f, 0x06, 0x03, 0x7e, 0x09, 0x04
    137c:	0100                	addi	s0,sp,128
    137e:	1905                	addi	s2,s2,-31
    1380:	00090003          	lb	zero,0(s2)
    1384:	0100                	addi	s0,sp,128
    1386:	0205                	addi	tp,tp,1 # 1 <_program_size-0xe97>
    1388:	00090303          	lb	t1,0(s2)
    138c:	0100                	addi	s0,sp,128
    138e:	2605                	jal	16ae <_program_size+0x816>
    1390:	0306                	slli	t1,t1,0x1
    1392:	01f9                	addi	gp,gp,30
    1394:	0009                	c.nop	2
    1396:	0100                	addi	s0,sp,128
    1398:	1f05                	addi	t5,t5,-31
    139a:	0306                	slli	t1,t1,0x1
    139c:	097d                	addi	s2,s2,31
    139e:	0002                	c.slli64	zero
    13a0:	0501                	addi	a0,a0,0
    13a2:	0319                	addi	t1,t1,6
    13a4:	0900                	addi	s0,sp,144
    13a6:	0000                	unimp
    13a8:	0501                	addi	a0,a0,0
    13aa:	0302                	c.slli64	t1
    13ac:	000900eb          	.4byte	0x900eb
    13b0:	0100                	addi	s0,sp,128
    13b2:	097fae03          	lw	t3,151(t6)
    13b6:	0000                	unimp
    13b8:	0301                	addi	t1,t1,0
    13ba:	0902                	c.slli64	s2
    13bc:	0000                	unimp
    13be:	0501                	addi	a0,a0,0
    13c0:	0605                	addi	a2,a2,1
    13c2:	00090003          	lb	zero,0(s2)
    13c6:	0100                	addi	s0,sp,128
    13c8:	0205                	addi	tp,tp,1 # 1 <_program_size-0xe97>
    13ca:	0306                	slli	t1,t1,0x1
    13cc:	0906                	slli	s2,s2,0x1
    13ce:	0008                	.2byte	0x8
    13d0:	0301                	addi	t1,t1,0
    13d2:	00097e8f          	.4byte	0x97e8f
    13d6:	0100                	addi	s0,sp,128
    13d8:	1405                	addi	s0,s0,-31
    13da:	0306                	slli	t1,t1,0x1
    13dc:	0900                	addi	s0,sp,144
    13de:	0000                	unimp
    13e0:	0501                	addi	a0,a0,0
    13e2:	0602                	c.slli64	a2
    13e4:	04090103          	lb	sp,64(s2)
    13e8:	0100                	addi	s0,sp,128
    13ea:	1705                	addi	a4,a4,-31
    13ec:	0306                	slli	t1,t1,0x1
    13ee:	0900                	addi	s0,sp,144
    13f0:	0000                	unimp
    13f2:	0501                	addi	a0,a0,0
    13f4:	0602                	c.slli64	a2
    13f6:	04090103          	lb	sp,64(s2)
    13fa:	0100                	addi	s0,sp,128
    13fc:	1405                	addi	s0,s0,-31
    13fe:	0306                	slli	t1,t1,0x1
    1400:	0900                	addi	s0,sp,144
    1402:	0000                	unimp
    1404:	0501                	addi	a0,a0,0
    1406:	0602                	c.slli64	a2
    1408:	0901f203          	.4byte	0x901f203
    140c:	0002                	c.slli64	zero
    140e:	0301                	addi	t1,t1,0
    1410:	00c8                	addi	a0,sp,68
    1412:	0809                	addi	a6,a6,2
    1414:	0100                	addi	s0,sp,128
    1416:	0505                	addi	a0,a0,1
    1418:	0306                	slli	t1,t1,0x1
    141a:	0900                	addi	s0,sp,144
    141c:	0000                	unimp
    141e:	0501                	addi	a0,a0,0
    1420:	0602                	c.slli64	a2
    1422:	02090303          	lb	t1,32(s2)
    1426:	0100                	addi	s0,sp,128
    1428:	0605                	addi	a2,a2,1
    142a:	0306                	slli	t1,t1,0x1
    142c:	0900                	addi	s0,sp,144
    142e:	0000                	unimp
    1430:	0501                	addi	a0,a0,0
    1432:	031a                	slli	t1,t1,0x6
    1434:	0900                	addi	s0,sp,144
    1436:	0002                	c.slli64	zero
    1438:	0501                	addi	a0,a0,0
    143a:	0305                	addi	t1,t1,1
    143c:	0900                	addi	s0,sp,144
    143e:	0002                	c.slli64	zero
    1440:	0501                	addi	a0,a0,0
    1442:	0301                	addi	t1,t1,0
    1444:	00020907          	.4byte	0x20907
    1448:	0501                	addi	a0,a0,0
    144a:	030a                	slli	t1,t1,0x2
    144c:	7fa6                	.2byte	0x7fa6
    144e:	0c09                	addi	s8,s8,2
    1450:	0100                	addi	s0,sp,128
    1452:	1a05                	addi	s4,s4,-31
    1454:	0306                	slli	t1,t1,0x1
    1456:	00d4                	addi	a3,sp,68
    1458:	0409                	addi	s0,s0,2
    145a:	0100                	addi	s0,sp,128
    145c:	0405                	addi	s0,s0,1
    145e:	0200                	addi	s0,sp,256
    1460:	0304                	addi	s1,sp,384
    1462:	08090103          	lb	sp,128(s2)
    1466:	0100                	addi	s0,sp,128
    1468:	0a05                	addi	s4,s4,1
    146a:	0200                	addi	s0,sp,256
    146c:	0304                	addi	s1,sp,384
    146e:	0306                	slli	t1,t1,0x1
    1470:	0900                	addi	s0,sp,144
    1472:	0000                	unimp
    1474:	0501                	addi	a0,a0,0
    1476:	0025                	c.nop	9
    1478:	0402                	c.slli64	s0
    147a:	7f030603          	lb	a2,2032(t1)
    147e:	0409                	addi	s0,s0,2
    1480:	0100                	addi	s0,sp,128
    1482:	1a05                	addi	s4,s4,-31
    1484:	0200                	addi	s0,sp,256
    1486:	0304                	addi	s1,sp,384
    1488:	00090003          	lb	zero,0(s2)
    148c:	0100                	addi	s0,sp,128
    148e:	0a05                	addi	s4,s4,1
    1490:	0306                	slli	t1,t1,0x1
    1492:	0902                	c.slli64	s2
    1494:	0006                	c.slli	zero,0x1
    1496:	0901                	addi	s2,s2,0
    1498:	0004                	.2byte	0x4
    149a:	0100                	addi	s0,sp,128
    149c:	2601                	jal	179c <_program_size+0x904>
    149e:	0006                	c.slli	zero,0x1
    14a0:	0500                	addi	s0,sp,640
    14a2:	0400                	addi	s0,sp,512
    14a4:	4e00                	lw	s0,24(a2)
    14a6:	0000                	unimp
    14a8:	0100                	addi	s0,sp,128
    14aa:	0101                	addi	sp,sp,0
    14ac:	000d0efb          	.4byte	0xd0efb
    14b0:	0101                	addi	sp,sp,0
    14b2:	0101                	addi	sp,sp,0
    14b4:	0000                	unimp
    14b6:	0100                	addi	s0,sp,128
    14b8:	0000                	unimp
    14ba:	0101                	addi	sp,sp,0
    14bc:	1f01                	addi	t5,t5,-32
    14be:	0005                	c.nop	1
    14c0:	0000                	unimp
    14c2:	2e00                	.2byte	0x2e00
    14c4:	0000                	unimp
    14c6:	aa00                	.2byte	0xaa00
    14c8:	0001                	nop
    14ca:	a100                	.2byte	0xa100
    14cc:	0000                	unimp
    14ce:	fc00                	.2byte	0xfc00
    14d0:	0000                	unimp
    14d2:	0200                	addi	s0,sp,256
    14d4:	1f01                	addi	t5,t5,-32
    14d6:	0f02                	c.slli64	t5
    14d8:	a006                	.2byte	0xa006
    14da:	0001                	nop
    14dc:	0100                	addi	s0,sp,128
    14de:	01a0                	addi	s0,sp,200
    14e0:	0000                	unimp
    14e2:	0c01                	addi	s8,s8,0
    14e4:	0002                	c.slli64	zero
    14e6:	0100                	addi	s0,sp,128
    14e8:	0216                	slli	tp,tp,0x5
    14ea:	0000                	unimp
    14ec:	5302                	lw	t1,32(sp)
    14ee:	0001                	nop
    14f0:	0300                	addi	s0,sp,384
    14f2:	0164                	addi	s1,sp,140
    14f4:	0000                	unimp
    14f6:	0504                	addi	s1,sp,640
    14f8:	0001                	nop
    14fa:	0205                	addi	tp,tp,1 # 1 <_program_size-0xe97>
    14fc:	0000                	unimp
    14fe:	0000                	unimp
    1500:	05010f03          	lb	t5,80(sp)
    1504:	0302                	c.slli64	t1
    1506:	0901                	addi	s2,s2,0
    1508:	0000                	unimp
    150a:	0301                	addi	t1,t1,0
    150c:	0979                	addi	s2,s2,30
    150e:	0000                	unimp
    1510:	0301                	addi	t1,t1,0
    1512:	0901                	addi	s2,s2,0
    1514:	0000                	unimp
    1516:	0501                	addi	a0,a0,0
    1518:	0312                	slli	t1,t1,0x4
    151a:	0900                	addi	s0,sp,144
    151c:	0000                	unimp
    151e:	0501                	addi	a0,a0,0
    1520:	060c                	addi	a1,sp,768
    1522:	00090003          	lb	zero,0(s2)
    1526:	0100                	addi	s0,sp,128
    1528:	1205                	addi	tp,tp,-31 # ffffffe1 <_ram_end+0x7ffeffe1>
    152a:	00090003          	lb	zero,0(s2)
    152e:	0100                	addi	s0,sp,128
    1530:	0204                	addi	s1,sp,256
    1532:	0305                	addi	t1,t1,1
    1534:	00091003          	lh	zero,0(s2)
    1538:	0100                	addi	s0,sp,128
    153a:	0205                	addi	tp,tp,1 # 1 <_program_size-0xe97>
    153c:	0306                	slli	t1,t1,0x1
    153e:	097e                	slli	s2,s2,0x1f
    1540:	0000                	unimp
    1542:	0301                	addi	t1,t1,0
    1544:	0901                	addi	s2,s2,0
    1546:	0000                	unimp
    1548:	0501                	addi	a0,a0,0
    154a:	09010303          	lb	t1,144(sp)
    154e:	0000                	unimp
    1550:	0501                	addi	a0,a0,0
    1552:	030d                	addi	t1,t1,3
    1554:	0904                	addi	s1,sp,144
    1556:	0000                	unimp
    1558:	0401                	addi	s0,s0,0
    155a:	0501                	addi	a0,a0,0
    155c:	031c                	addi	a5,sp,384
    155e:	096c                	addi	a1,sp,156
    1560:	0000                	unimp
    1562:	0501                	addi	a0,a0,0
    1564:	060c                	addi	a1,sp,768
    1566:	00090003          	lb	zero,0(s2)
    156a:	0100                	addi	s0,sp,128
    156c:	1c05                	addi	s8,s8,-31
    156e:	00090003          	lb	zero,0(s2)
    1572:	0100                	addi	s0,sp,128
    1574:	1205                	addi	tp,tp,-31 # ffffffe1 <_ram_end+0x7ffeffe1>
    1576:	0306                	slli	t1,t1,0x1
    1578:	0900                	addi	s0,sp,144
    157a:	0000                	unimp
    157c:	0401                	addi	s0,s0,0
    157e:	0502                	c.slli64	a0
    1580:	10030603          	lb	a2,256(t1)
    1584:	0009                	c.nop	2
    1586:	0100                	addi	s0,sp,128
    1588:	0205                	addi	tp,tp,1 # 1 <_program_size-0xe97>
    158a:	0306                	slli	t1,t1,0x1
    158c:	097e                	slli	s2,s2,0x1f
    158e:	0000                	unimp
    1590:	0301                	addi	t1,t1,0
    1592:	0901                	addi	s2,s2,0
    1594:	0000                	unimp
    1596:	0501                	addi	a0,a0,0
    1598:	09010303          	lb	t1,144(sp)
    159c:	0000                	unimp
    159e:	0501                	addi	a0,a0,0
    15a0:	030d                	addi	t1,t1,3
    15a2:	0904                	addi	s1,sp,144
    15a4:	0000                	unimp
    15a6:	0501                	addi	a0,a0,0
    15a8:	7c030603          	lb	a2,1984(t1)
    15ac:	0009                	c.nop	2
    15ae:	0100                	addi	s0,sp,128
    15b0:	0205                	addi	tp,tp,1 # 1 <_program_size-0xe97>
    15b2:	0306                	slli	t1,t1,0x1
    15b4:	097e                	slli	s2,s2,0x1f
    15b6:	0000                	unimp
    15b8:	0301                	addi	t1,t1,0
    15ba:	0901                	addi	s2,s2,0
    15bc:	0000                	unimp
    15be:	0501                	addi	a0,a0,0
    15c0:	09010303          	lb	t1,144(sp)
    15c4:	0000                	unimp
    15c6:	0501                	addi	a0,a0,0
    15c8:	030d                	addi	t1,t1,3
    15ca:	0904                	addi	s1,sp,144
    15cc:	0000                	unimp
    15ce:	0401                	addi	s0,s0,0
    15d0:	0501                	addi	a0,a0,0
    15d2:	0601                	addi	a2,a2,0
    15d4:	00097503          	.4byte	0x97503
    15d8:	0100                	addi	s0,sp,128
    15da:	0009                	c.nop	2
    15dc:	0000                	unimp
    15de:	0101                	addi	sp,sp,0
    15e0:	0105                	addi	sp,sp,1
    15e2:	0500                	addi	s0,sp,640
    15e4:	0a02                	c.slli64	s4
    15e6:	0006                	c.slli	zero,0x1
    15e8:	0380                	addi	s0,sp,448
    15ea:	0116                	slli	sp,sp,0x5
    15ec:	0205                	addi	tp,tp,1 # 1 <_program_size-0xe97>
    15ee:	00090103          	lb	sp,0(s2)
    15f2:	0100                	addi	s0,sp,128
    15f4:	00090103          	lb	sp,0(s2)
    15f8:	0100                	addi	s0,sp,128
    15fa:	00090103          	lb	sp,0(s2)
    15fe:	0100                	addi	s0,sp,128
    1600:	00090203          	lb	tp,0(s2)
    1604:	0100                	addi	s0,sp,128
    1606:	0105                	addi	sp,sp,1
    1608:	0306                	slli	t1,t1,0x1
    160a:	0000097b          	.4byte	0x97b
    160e:	0501                	addi	a0,a0,0
    1610:	030c                	addi	a1,sp,384
    1612:	0909                	addi	s2,s2,2
    1614:	0002                	c.slli64	zero
    1616:	0501                	addi	a0,a0,0
    1618:	0301                	addi	t1,t1,0
    161a:	00040977          	.4byte	0x40977
    161e:	0501                	addi	a0,a0,0
    1620:	0302                	c.slli64	t1
    1622:	0905                	addi	s2,s2,1
    1624:	0002                	c.slli64	zero
    1626:	0501                	addi	a0,a0,0
    1628:	0301                	addi	t1,t1,0
    162a:	0002097b          	.4byte	0x2097b
    162e:	0501                	addi	a0,a0,0
    1630:	0302                	c.slli64	t1
    1632:	0905                	addi	s2,s2,1
    1634:	000c                	.2byte	0xc
    1636:	0601                	addi	a2,a2,0
    1638:	02090103          	lb	sp,32(s2)
    163c:	0100                	addi	s0,sp,128
    163e:	00090103          	lb	sp,0(s2)
    1642:	0100                	addi	s0,sp,128
    1644:	00090103          	lb	sp,0(s2)
    1648:	0100                	addi	s0,sp,128
    164a:	00090103          	lb	sp,0(s2)
    164e:	0100                	addi	s0,sp,128
    1650:	1605                	addi	a2,a2,-31
    1652:	00090003          	lb	zero,0(s2)
    1656:	0100                	addi	s0,sp,128
    1658:	0d05                	addi	s10,s10,1
    165a:	0306                	slli	t1,t1,0x1
    165c:	0931                	addi	s2,s2,12
    165e:	000a                	c.slli	zero,0x2
    1660:	0401                	addi	s0,s0,0
    1662:	0502                	c.slli64	a0
    1664:	094a0303          	lb	t1,148(s4)
    1668:	0004                	.2byte	0x4
    166a:	0401                	addi	s0,s0,0
    166c:	0501                	addi	a0,a0,0
    166e:	0304                	addi	s1,sp,384
    1670:	00040907          	.4byte	0x40907
    1674:	0501                	addi	a0,a0,0
    1676:	7f030603          	lb	a2,2032(t1)
    167a:	0a09                	addi	s4,s4,2
    167c:	0100                	addi	s0,sp,128
    167e:	0605                	addi	a2,a2,1
    1680:	0306                	slli	t1,t1,0x1
    1682:	0900                	addi	s0,sp,144
    1684:	0000                	unimp
    1686:	0501                	addi	a0,a0,0
    1688:	0604                	addi	s1,sp,768
    168a:	02090103          	lb	sp,32(s2)
    168e:	0100                	addi	s0,sp,128
    1690:	0505                	addi	a0,a0,1
    1692:	18092903          	lw	s2,384(s2)
    1696:	0100                	addi	s0,sp,128
    1698:	0b05                	addi	s6,s6,1
    169a:	0306                	slli	t1,t1,0x1
    169c:	0900                	addi	s0,sp,144
    169e:	0000                	unimp
    16a0:	0401                	addi	s0,s0,0
    16a2:	0502                	c.slli64	a0
    16a4:	09500303          	lb	t1,149(zero) # 95 <_program_size-0xe03>
    16a8:	0002                	c.slli64	zero
    16aa:	0401                	addi	s0,s0,0
    16ac:	0501                	addi	a0,a0,0
    16ae:	0305                	addi	t1,t1,1
    16b0:	0930                	addi	a2,sp,152
    16b2:	0004                	.2byte	0x4
    16b4:	0401                	addi	s0,s0,0
    16b6:	0502                	c.slli64	a0
    16b8:	0602                	c.slli64	a2
    16ba:	04094c03          	lbu	s8,64(s2)
    16be:	0100                	addi	s0,sp,128
    16c0:	0104                	addi	s1,sp,128
    16c2:	0b05                	addi	s6,s6,1
    16c4:	0306                	slli	t1,t1,0x1
    16c6:	0934                	addi	a3,sp,152
    16c8:	0000                	unimp
    16ca:	0401                	addi	s0,s0,0
    16cc:	0502                	c.slli64	a0
    16ce:	0602                	c.slli64	a2
    16d0:	04094e03          	lbu	t3,64(s2)
    16d4:	0100                	addi	s0,sp,128
    16d6:	00090103          	lb	sp,0(s2)
    16da:	0100                	addi	s0,sp,128
    16dc:	0305                	addi	t1,t1,1
    16de:	00090103          	lb	sp,0(s2)
    16e2:	0100                	addi	s0,sp,128
    16e4:	0d05                	addi	s10,s10,1
    16e6:	04090403          	lb	s0,64(s2)
    16ea:	0100                	addi	s0,sp,128
    16ec:	0104                	addi	s1,sp,128
    16ee:	0c05                	addi	s8,s8,1
    16f0:	0306                	slli	t1,t1,0x1
    16f2:	0931                	addi	s2,s2,12
    16f4:	0004                	.2byte	0x4
    16f6:	0501                	addi	a0,a0,0
    16f8:	030e                	slli	t1,t1,0x3
    16fa:	097e                	slli	s2,s2,0x1f
    16fc:	0002                	c.slli64	zero
    16fe:	0501                	addi	a0,a0,0
    1700:	0616                	slli	a2,a2,0x5
    1702:	02095203          	lhu	tp,32(s2)
    1706:	0100                	addi	s0,sp,128
    1708:	0c05                	addi	s8,s8,1
    170a:	0306                	slli	t1,t1,0x1
    170c:	0900                	addi	s0,sp,144
    170e:	0000                	unimp
    1710:	0501                	addi	a0,a0,0
    1712:	0312                	slli	t1,t1,0x4
    1714:	0900                	addi	s0,sp,144
    1716:	0004                	.2byte	0x4
    1718:	0501                	addi	a0,a0,0
    171a:	0316                	slli	t1,t1,0x5
    171c:	0900                	addi	s0,sp,144
    171e:	0002                	c.slli64	zero
    1720:	0501                	addi	a0,a0,0
    1722:	0301                	addi	t1,t1,0
    1724:	0938                	addi	a4,sp,152
    1726:	0004                	.2byte	0x4
    1728:	0501                	addi	a0,a0,0
    172a:	0605                	addi	a2,a2,1
    172c:	04095f03          	lhu	t5,64(s2)
    1730:	0100                	addi	s0,sp,128
    1732:	00090103          	lb	sp,0(s2)
    1736:	0100                	addi	s0,sp,128
    1738:	00090103          	lb	sp,0(s2)
    173c:	0100                	addi	s0,sp,128
    173e:	0605                	addi	a2,a2,1
    1740:	00090403          	lb	s0,0(s2)
    1744:	0100                	addi	s0,sp,128
    1746:	0805                	addi	a6,a6,1
    1748:	0306                	slli	t1,t1,0x1
    174a:	0900                	addi	s0,sp,144
    174c:	0000                	unimp
    174e:	0501                	addi	a0,a0,0
    1750:	0316                	slli	t1,t1,0x5
    1752:	0901                	addi	s2,s2,0
    1754:	0002                	c.slli64	zero
    1756:	0501                	addi	a0,a0,0
    1758:	0308                	addi	a0,sp,384
    175a:	097f                	.2byte	0x97f
    175c:	0008                	.2byte	0x8
    175e:	0501                	addi	a0,a0,0
    1760:	0606                	slli	a2,a2,0x1
    1762:	04090103          	lb	sp,64(s2)
    1766:	0100                	addi	s0,sp,128
    1768:	1605                	addi	a2,a2,-31
    176a:	0306                	slli	t1,t1,0x1
    176c:	0900                	addi	s0,sp,144
    176e:	0000                	unimp
    1770:	0501                	addi	a0,a0,0
    1772:	0308                	addi	a0,sp,384
    1774:	097f                	.2byte	0x97f
    1776:	0002                	c.slli64	zero
    1778:	0501                	addi	a0,a0,0
    177a:	0316                	slli	t1,t1,0x5
    177c:	0901                	addi	s2,s2,0
    177e:	0004                	.2byte	0x4
    1780:	0501                	addi	a0,a0,0
    1782:	0306                	slli	t1,t1,0x1
    1784:	0905                	addi	s2,s2,1
    1786:	0002                	c.slli64	zero
    1788:	0401                	addi	s0,s0,0
    178a:	0502                	c.slli64	a0
    178c:	09580303          	lb	t1,149(a6)
    1790:	0002                	c.slli64	zero
    1792:	0401                	addi	s0,s0,0
    1794:	0501                	addi	a0,a0,0
    1796:	030e                	slli	t1,t1,0x3
    1798:	0925                	addi	s2,s2,9
    179a:	0004                	.2byte	0x4
    179c:	0501                	addi	a0,a0,0
    179e:	0606                	slli	a2,a2,0x1
    17a0:	02090103          	lb	sp,32(s2)
    17a4:	0100                	addi	s0,sp,128
    17a6:	00090103          	lb	sp,0(s2)
    17aa:	0100                	addi	s0,sp,128
    17ac:	0d05                	addi	s10,s10,1
    17ae:	0306                	slli	t1,t1,0x1
    17b0:	0900                	addi	s0,sp,144
    17b2:	0000                	unimp
    17b4:	0501                	addi	a0,a0,0
    17b6:	0319                	addi	t1,t1,6
    17b8:	0901                	addi	s2,s2,0
    17ba:	0004                	.2byte	0x4
    17bc:	0501                	addi	a0,a0,0
    17be:	0606                	slli	a2,a2,0x1
    17c0:	04090003          	lb	zero,64(s2)
    17c4:	0100                	addi	s0,sp,128
    17c6:	0200                	addi	s0,sp,256
    17c8:	0104                	addi	s1,sp,128
    17ca:	0306                	slli	t1,t1,0x1
    17cc:	0900                	addi	s0,sp,144
    17ce:	0008                	.2byte	0x8
    17d0:	0401                	addi	s0,s0,0
    17d2:	0502                	c.slli64	a0
    17d4:	0602                	c.slli64	a2
    17d6:	04095603          	lhu	a2,64(s2)
    17da:	0100                	addi	s0,sp,128
    17dc:	00090103          	lb	sp,0(s2)
    17e0:	0100                	addi	s0,sp,128
    17e2:	0305                	addi	t1,t1,1
    17e4:	00090103          	lb	sp,0(s2)
    17e8:	0100                	addi	s0,sp,128
    17ea:	0d05                	addi	s10,s10,1
    17ec:	04090403          	lb	s0,64(s2)
    17f0:	0100                	addi	s0,sp,128
    17f2:	0104                	addi	s1,sp,128
    17f4:	1605                	addi	a2,a2,-31
    17f6:	0200                	addi	s0,sp,256
    17f8:	0404                	addi	s1,sp,512
    17fa:	04092103          	lw	sp,64(s2)
    17fe:	0100                	addi	s0,sp,128
    1800:	0e05                	addi	t3,t3,1
    1802:	0200                	addi	s0,sp,256
    1804:	0404                	addi	s1,sp,512
    1806:	02090003          	lb	zero,32(s2)
    180a:	0100                	addi	s0,sp,128
    180c:	0505                	addi	a0,a0,1
    180e:	06090803          	lb	a6,96(s2)
    1812:	0100                	addi	s0,sp,128
    1814:	0205                	addi	tp,tp,1 # 1 <_program_size-0xe97>
    1816:	04094203          	lbu	tp,64(s2)
    181a:	0100                	addi	s0,sp,128
    181c:	00090103          	lb	sp,0(s2)
    1820:	0100                	addi	s0,sp,128
    1822:	1205                	addi	tp,tp,-31 # ffffffe1 <_ram_end+0x7ffeffe1>
    1824:	00090003          	lb	zero,0(s2)
    1828:	0100                	addi	s0,sp,128
    182a:	0505                	addi	a0,a0,1
    182c:	0306                	slli	t1,t1,0x1
    182e:	093d                	addi	s2,s2,15
    1830:	0000                	unimp
    1832:	0501                	addi	a0,a0,0
    1834:	030c                	addi	a1,sp,384
    1836:	00040943          	.4byte	0x40943
    183a:	0501                	addi	a0,a0,0
    183c:	0312                	slli	t1,t1,0x4
    183e:	0900                	addi	s0,sp,144
    1840:	0004                	.2byte	0x4
    1842:	0401                	addi	s0,s0,0
    1844:	0502                	c.slli64	a0
    1846:	09100303          	lb	t1,145(zero) # 91 <_program_size-0xe07>
    184a:	0002                	c.slli64	zero
    184c:	0501                	addi	a0,a0,0
    184e:	0602                	c.slli64	a2
    1850:	04097e03          	.4byte	0x4097e03
    1854:	0100                	addi	s0,sp,128
    1856:	00090103          	lb	sp,0(s2)
    185a:	0100                	addi	s0,sp,128
    185c:	0305                	addi	t1,t1,1
    185e:	00090103          	lb	sp,0(s2)
    1862:	0100                	addi	s0,sp,128
    1864:	0d05                	addi	s10,s10,1
    1866:	04090403          	lb	s0,64(s2)
    186a:	0100                	addi	s0,sp,128
    186c:	0104                	addi	s1,sp,128
    186e:	1c05                	addi	s8,s8,-31
    1870:	04096c03          	.4byte	0x4096c03
    1874:	0100                	addi	s0,sp,128
    1876:	0c05                	addi	s8,s8,1
    1878:	0306                	slli	t1,t1,0x1
    187a:	0900                	addi	s0,sp,144
    187c:	0000                	unimp
    187e:	0501                	addi	a0,a0,0
    1880:	031c                	addi	a5,sp,384
    1882:	0900                	addi	s0,sp,144
    1884:	0004                	.2byte	0x4
    1886:	0501                	addi	a0,a0,0
    1888:	0612                	slli	a2,a2,0x4
    188a:	02090003          	lb	zero,32(s2)
    188e:	0100                	addi	s0,sp,128
    1890:	0505                	addi	a0,a0,1
    1892:	04091903          	lh	s2,64(s2)
    1896:	0100                	addi	s0,sp,128
    1898:	00090103          	lb	sp,0(s2)
    189c:	0100                	addi	s0,sp,128
    189e:	0705                	addi	a4,a4,1
    18a0:	0306                	slli	t1,t1,0x1
    18a2:	0900                	addi	s0,sp,144
    18a4:	0000                	unimp
    18a6:	0501                	addi	a0,a0,0
    18a8:	0605                	addi	a2,a2,1
    18aa:	0a090103          	lb	sp,160(s2)
    18ae:	0100                	addi	s0,sp,128
    18b0:	00090103          	lb	sp,0(s2)
    18b4:	0100                	addi	s0,sp,128
    18b6:	0a05                	addi	s4,s4,1
    18b8:	00090003          	lb	zero,0(s2)
    18bc:	0100                	addi	s0,sp,128
    18be:	1705                	addi	a4,a4,-31
    18c0:	00090003          	lb	zero,0(s2)
    18c4:	0100                	addi	s0,sp,128
    18c6:	0705                	addi	a4,a4,1
    18c8:	0306                	slli	t1,t1,0x1
    18ca:	097e                	slli	s2,s2,0x1f
    18cc:	0000                	unimp
    18ce:	0501                	addi	a0,a0,0
    18d0:	04020023          	sb	zero,64(tp) # 40 <_program_size-0xe58>
    18d4:	02030603          	lb	a2,32(t1)
    18d8:	0609                	addi	a2,a2,2
    18da:	0100                	addi	s0,sp,128
    18dc:	2805                	jal	190c <_program_size+0xa74>
    18de:	0200                	addi	s0,sp,256
    18e0:	0304                	addi	s1,sp,384
    18e2:	0306                	slli	t1,t1,0x1
    18e4:	0900                	addi	s0,sp,144
    18e6:	0000                	unimp
    18e8:	0501                	addi	a0,a0,0
    18ea:	001f 0402 0603      	.byte	0x1f, 0x00, 0x02, 0x04, 0x03, 0x06
    18f0:	04090003          	lb	zero,64(s2)
    18f4:	0100                	addi	s0,sp,128
    18f6:	1705                	addi	a4,a4,-31
    18f8:	0200                	addi	s0,sp,256
    18fa:	0304                	addi	s1,sp,384
    18fc:	00090003          	lb	zero,0(s2)
    1900:	0100                	addi	s0,sp,128
    1902:	0505                	addi	a0,a0,1
    1904:	06090103          	lb	sp,96(s2)
    1908:	0100                	addi	s0,sp,128
    190a:	0805                	addi	a6,a6,1
    190c:	0306                	slli	t1,t1,0x1
    190e:	0900                	addi	s0,sp,144
    1910:	0000                	unimp
    1912:	0401                	addi	s0,s0,0
    1914:	0502                	c.slli64	a0
    1916:	09730303          	lb	t1,151(t1)
    191a:	0004                	.2byte	0x4
    191c:	0501                	addi	a0,a0,0
    191e:	0602                	c.slli64	a2
    1920:	08097e03          	.4byte	0x8097e03
    1924:	0100                	addi	s0,sp,128
    1926:	00090103          	lb	sp,0(s2)
    192a:	0100                	addi	s0,sp,128
    192c:	0305                	addi	t1,t1,1
    192e:	00090103          	lb	sp,0(s2)
    1932:	0100                	addi	s0,sp,128
    1934:	0d05                	addi	s10,s10,1
    1936:	04090403          	lb	s0,64(s2)
    193a:	0100                	addi	s0,sp,128
    193c:	0104                	addi	s1,sp,128
    193e:	0505                	addi	a0,a0,1
    1940:	0200                	addi	s0,sp,256
    1942:	0104                	addi	s1,sp,128
    1944:	06091503          	lh	a0,96(s2)
    1948:	0100                	addi	s0,sp,128
    194a:	0200                	addi	s0,sp,256
    194c:	0104                	addi	s1,sp,128
    194e:	00090103          	lb	sp,0(s2)
    1952:	0100                	addi	s0,sp,128
    1954:	0d05                	addi	s10,s10,1
    1956:	0200                	addi	s0,sp,256
    1958:	0104                	addi	s1,sp,128
    195a:	0306                	slli	t1,t1,0x1
    195c:	097f                	.2byte	0x97f
    195e:	0000                	unimp
    1960:	0501                	addi	a0,a0,0
    1962:	060a                	slli	a2,a2,0x2
    1964:	04091d03          	lh	s10,64(s2)
    1968:	0100                	addi	s0,sp,128
    196a:	0d05                	addi	s10,s10,1
    196c:	0306                	slli	t1,t1,0x1
    196e:	0900                	addi	s0,sp,144
    1970:	0000                	unimp
    1972:	0501                	addi	a0,a0,0
    1974:	030e                	slli	t1,t1,0x3
    1976:	0901                	addi	s2,s2,0
    1978:	0004                	.2byte	0x4
    197a:	0401                	addi	s0,s0,0
    197c:	0502                	c.slli64	a0
    197e:	0602                	c.slli64	a2
    1980:	04094703          	lbu	a4,64(s2)
    1984:	0100                	addi	s0,sp,128
    1986:	00090103          	lb	sp,0(s2)
    198a:	0100                	addi	s0,sp,128
    198c:	0305                	addi	t1,t1,1
    198e:	00090103          	lb	sp,0(s2)
    1992:	0100                	addi	s0,sp,128
    1994:	0d05                	addi	s10,s10,1
    1996:	04090403          	lb	s0,64(s2)
    199a:	0100                	addi	s0,sp,128
    199c:	0205                	addi	tp,tp,1 # 1 <_program_size-0xe97>
    199e:	04097a03          	.4byte	0x4097a03
    19a2:	0100                	addi	s0,sp,128
    19a4:	00090103          	lb	sp,0(s2)
    19a8:	0100                	addi	s0,sp,128
    19aa:	0305                	addi	t1,t1,1
    19ac:	00090103          	lb	sp,0(s2)
    19b0:	0100                	addi	s0,sp,128
    19b2:	0d05                	addi	s10,s10,1
    19b4:	04090403          	lb	s0,64(s2)
    19b8:	0100                	addi	s0,sp,128
    19ba:	0104                	addi	s1,sp,128
    19bc:	1505                	addi	a0,a0,-31
    19be:	0306                	slli	t1,t1,0x1
    19c0:	0006090f          	.4byte	0x6090f
    19c4:	0501                	addi	a0,a0,0
    19c6:	030d                	addi	t1,t1,3
    19c8:	097e                	slli	s2,s2,0x1f
    19ca:	0002                	c.slli64	zero
    19cc:	0501                	addi	a0,a0,0
    19ce:	0619                	addi	a2,a2,6
    19d0:	02090103          	lb	sp,32(s2)
    19d4:	0100                	addi	s0,sp,128
    19d6:	2305                	jal	1ef6 <_program_size+0x105e>
    19d8:	0200                	addi	s0,sp,256
    19da:	0304                	addi	s1,sp,384
    19dc:	04090003          	lb	zero,64(s2)
    19e0:	0100                	addi	s0,sp,128
    19e2:	2805                	jal	1a12 <_program_size+0xb7a>
    19e4:	0200                	addi	s0,sp,256
    19e6:	0304                	addi	s1,sp,384
    19e8:	0306                	slli	t1,t1,0x1
    19ea:	0900                	addi	s0,sp,144
    19ec:	0000                	unimp
    19ee:	0501                	addi	a0,a0,0
    19f0:	0019                	c.nop	6
    19f2:	0402                	c.slli64	s0
    19f4:	09000303          	lb	t1,144(zero) # 90 <_program_size-0xe08>
    19f8:	0006                	c.slli	zero,0x1
    19fa:	0501                	addi	a0,a0,0
    19fc:	0028                	addi	a0,sp,8
    19fe:	0402                	c.slli64	s0
    1a00:	09000303          	lb	t1,144(zero) # 90 <_program_size-0xe08>
    1a04:	0002                	c.slli64	zero
    1a06:	0501                	addi	a0,a0,0
    1a08:	001f 0402 0603      	.byte	0x1f, 0x00, 0x02, 0x04, 0x03, 0x06
    1a0e:	04090003          	lb	zero,64(s2)
    1a12:	0100                	addi	s0,sp,128
    1a14:	1905                	addi	s2,s2,-31
    1a16:	0200                	addi	s0,sp,256
    1a18:	0304                	addi	s1,sp,384
    1a1a:	00090003          	lb	zero,0(s2)
    1a1e:	0100                	addi	s0,sp,128
    1a20:	0605                	addi	a2,a2,1
    1a22:	04090103          	lb	sp,64(s2)
    1a26:	0100                	addi	s0,sp,128
    1a28:	1505                	addi	a0,a0,-31
    1a2a:	0306                	slli	t1,t1,0x1
    1a2c:	0900                	addi	s0,sp,144
    1a2e:	0000                	unimp
    1a30:	0501                	addi	a0,a0,0
    1a32:	0311                	addi	t1,t1,4
    1a34:	0900                	addi	s0,sp,144
    1a36:	0004                	.2byte	0x4
    1a38:	0501                	addi	a0,a0,0
    1a3a:	0900030b          	.4byte	0x900030b
    1a3e:	0004                	.2byte	0x4
    1a40:	0501                	addi	a0,a0,0
    1a42:	0606                	slli	a2,a2,0x1
    1a44:	04090103          	lb	sp,64(s2)
    1a48:	0100                	addi	s0,sp,128
    1a4a:	0805                	addi	a6,a6,1
    1a4c:	0306                	slli	t1,t1,0x1
    1a4e:	0900                	addi	s0,sp,144
    1a50:	0000                	unimp
    1a52:	0501                	addi	a0,a0,0
    1a54:	060d                	addi	a2,a2,3
    1a56:	04097d03          	.4byte	0x4097d03
    1a5a:	0100                	addi	s0,sp,128
    1a5c:	0805                	addi	a6,a6,1
    1a5e:	0306                	slli	t1,t1,0x1
    1a60:	00040903          	lb	s2,0(s0)
    1a64:	0401                	addi	s0,s0,0
    1a66:	0502                	c.slli64	a0
    1a68:	096c0303          	lb	t1,150(s8)
    1a6c:	0008                	.2byte	0x8
    1a6e:	0501                	addi	a0,a0,0
    1a70:	0602                	c.slli64	a2
    1a72:	04097e03          	.4byte	0x4097e03
    1a76:	0100                	addi	s0,sp,128
    1a78:	00090103          	lb	sp,0(s2)
    1a7c:	0100                	addi	s0,sp,128
    1a7e:	0305                	addi	t1,t1,1
    1a80:	00090103          	lb	sp,0(s2)
    1a84:	0100                	addi	s0,sp,128
    1a86:	0d05                	addi	s10,s10,1
    1a88:	04090403          	lb	s0,64(s2)
    1a8c:	0100                	addi	s0,sp,128
    1a8e:	0104                	addi	s1,sp,128
    1a90:	2105                	jal	1eb0 <_program_size+0x1018>
    1a92:	0200                	addi	s0,sp,256
    1a94:	0304                	addi	s1,sp,384
    1a96:	04091203          	lh	tp,64(s2)
    1a9a:	0100                	addi	s0,sp,128
    1a9c:	1a05                	addi	s4,s4,-31
    1a9e:	0200                	addi	s0,sp,256
    1aa0:	0304                	addi	s1,sp,384
    1aa2:	00090003          	lb	zero,0(s2)
    1aa6:	0100                	addi	s0,sp,128
    1aa8:	1605                	addi	a2,a2,-31
    1aaa:	0200                	addi	s0,sp,256
    1aac:	0304                	addi	s1,sp,384
    1aae:	0306                	slli	t1,t1,0x1
    1ab0:	0900                	addi	s0,sp,144
    1ab2:	0000                	unimp
    1ab4:	0501                	addi	a0,a0,0
    1ab6:	001a                	c.slli	zero,0x6
    1ab8:	0402                	c.slli64	s0
    1aba:	09000303          	lb	t1,144(zero) # 90 <_program_size-0xe08>
    1abe:	0004                	.2byte	0x4
    1ac0:	0901                	addi	s2,s2,0
    1ac2:	0006                	c.slli	zero,0x1
    1ac4:	0100                	addi	s0,sp,128
    1ac6:	ec01                	bnez	s0,1ade <_program_size+0xc46>
    1ac8:	0005                	c.nop	1
    1aca:	0500                	addi	s0,sp,640
    1acc:	0400                	addi	s0,sp,512
    1ace:	4a00                	lw	s0,16(a2)
    1ad0:	0000                	unimp
    1ad2:	0100                	addi	s0,sp,128
    1ad4:	0101                	addi	sp,sp,0
    1ad6:	000d0efb          	.4byte	0xd0efb
    1ada:	0101                	addi	sp,sp,0
    1adc:	0101                	addi	sp,sp,0
    1ade:	0000                	unimp
    1ae0:	0100                	addi	s0,sp,128
    1ae2:	0000                	unimp
    1ae4:	0101                	addi	sp,sp,0
    1ae6:	1f01                	addi	t5,t5,-32
    1ae8:	0004                	.2byte	0x4
    1aea:	0000                	unimp
    1aec:	2e00                	.2byte	0x2e00
    1aee:	0000                	unimp
    1af0:	a100                	.2byte	0xa100
    1af2:	0000                	unimp
    1af4:	fc00                	.2byte	0xfc00
    1af6:	0000                	unimp
    1af8:	0200                	addi	s0,sp,256
    1afa:	1f01                	addi	t5,t5,-32
    1afc:	0f02                	c.slli64	t5
    1afe:	5106                	lw	sp,96(sp)
    1b00:	0002                	c.slli64	zero
    1b02:	0100                	addi	s0,sp,128
    1b04:	0251                	addi	tp,tp,20 # 14 <_program_size-0xe84>
    1b06:	0000                	unimp
    1b08:	5301                	li	t1,-32
    1b0a:	0001                	nop
    1b0c:	0200                	addi	s0,sp,256
    1b0e:	0164                	addi	s1,sp,140
    1b10:	0000                	unimp
    1b12:	00020c03          	lb	s8,0(tp) # 0 <_program_size-0xe98>
    1b16:	0100                	addi	s0,sp,128
    1b18:	0258                	addi	a4,sp,260
    1b1a:	0000                	unimp
    1b1c:	0501                	addi	a0,a0,0
    1b1e:	0001                	nop
    1b20:	0205                	addi	tp,tp,1 # 1 <_program_size-0xe97>
    1b22:	077e                	slli	a4,a4,0x1f
    1b24:	8000                	.2byte	0x8000
    1b26:	05011903          	lh	s2,80(sp)
    1b2a:	0302                	c.slli64	t1
    1b2c:	0901                	addi	s2,s2,0
    1b2e:	0000                	unimp
    1b30:	0501                	addi	a0,a0,0
    1b32:	09000307          	.4byte	0x9000307
    1b36:	0000                	unimp
    1b38:	0501                	addi	a0,a0,0
    1b3a:	031d                	addi	t1,t1,7
    1b3c:	0900                	addi	s0,sp,144
    1b3e:	0000                	unimp
    1b40:	0501                	addi	a0,a0,0
    1b42:	0601                	addi	a2,a2,0
    1b44:	00097f03          	.4byte	0x97f03
    1b48:	0100                	addi	s0,sp,128
    1b4a:	1c090003          	lb	zero,448(s2)
    1b4e:	0100                	addi	s0,sp,128
    1b50:	1005                	c.nop	-31
    1b52:	04090103          	lb	sp,64(s2)
    1b56:	0100                	addi	s0,sp,128
    1b58:	0c05                	addi	s8,s8,1
    1b5a:	02090103          	lb	sp,32(s2)
    1b5e:	0100                	addi	s0,sp,128
    1b60:	0205                	addi	tp,tp,1 # 1 <_program_size-0xe97>
    1b62:	02097a03          	.4byte	0x2097a03
    1b66:	0100                	addi	s0,sp,128
    1b68:	0505                	addi	a0,a0,1
    1b6a:	08091203          	lh	tp,128(s2)
    1b6e:	0100                	addi	s0,sp,128
    1b70:	08097e03          	.4byte	0x8097e03
    1b74:	0100                	addi	s0,sp,128
    1b76:	0405                	addi	s0,s0,1
    1b78:	08090903          	lb	s2,128(s2)
    1b7c:	0100                	addi	s0,sp,128
    1b7e:	0305                	addi	t1,t1,1
    1b80:	0306                	slli	t1,t1,0x1
    1b82:	096d                	addi	s2,s2,27
    1b84:	0008                	.2byte	0x8
    1b86:	0501                	addi	a0,a0,0
    1b88:	0614                	addi	a3,sp,768
    1b8a:	00090003          	lb	zero,0(s2)
    1b8e:	0100                	addi	s0,sp,128
    1b90:	0c05                	addi	s8,s8,1
    1b92:	04090003          	lb	zero,64(s2)
    1b96:	0100                	addi	s0,sp,128
    1b98:	0305                	addi	t1,t1,1
    1b9a:	0306                	slli	t1,t1,0x1
    1b9c:	00060903          	lb	s2,0(a2)
    1ba0:	0501                	addi	a0,a0,0
    1ba2:	0302                	c.slli64	t1
    1ba4:	00000977          	.4byte	0x977
    1ba8:	0501                	addi	a0,a0,0
    1baa:	090a0303          	lb	t1,144(s4)
    1bae:	0006                	c.slli	zero,0x1
    1bb0:	0501                	addi	a0,a0,0
    1bb2:	0302                	c.slli64	t1
    1bb4:	0976                	slli	s2,s2,0x1d
    1bb6:	0000                	unimp
    1bb8:	0501                	addi	a0,a0,0
    1bba:	090b0303          	lb	t1,144(s6)
    1bbe:	0006                	c.slli	zero,0x1
    1bc0:	0301                	addi	t1,t1,0
    1bc2:	0902                	c.slli64	s2
    1bc4:	000a                	c.slli	zero,0x2
    1bc6:	0501                	addi	a0,a0,0
    1bc8:	0308                	addi	a0,sp,384
    1bca:	0900                	addi	s0,sp,144
    1bcc:	0000                	unimp
    1bce:	0501                	addi	a0,a0,0
    1bd0:	031a                	slli	t1,t1,0x6
    1bd2:	0900                	addi	s0,sp,144
    1bd4:	0000                	unimp
    1bd6:	0501                	addi	a0,a0,0
    1bd8:	0611                	addi	a2,a2,4
    1bda:	00090003          	lb	zero,0(s2)
    1bde:	0100                	addi	s0,sp,128
    1be0:	0205                	addi	tp,tp,1 # 1 <_program_size-0xe97>
    1be2:	04097303          	.4byte	0x4097303
    1be6:	0100                	addi	s0,sp,128
    1be8:	2105                	jal	2008 <_stack_size+0x8>
    1bea:	04090d03          	lb	s10,64(s2)
    1bee:	0100                	addi	s0,sp,128
    1bf0:	0205                	addi	tp,tp,1 # 1 <_program_size-0xe97>
    1bf2:	02097303          	.4byte	0x2097303
    1bf6:	0100                	addi	s0,sp,128
    1bf8:	0505                	addi	a0,a0,1
    1bfa:	0306                	slli	t1,t1,0x1
    1bfc:	0910                	addi	a2,sp,144
    1bfe:	0002                	c.slli64	zero
    1c00:	0501                	addi	a0,a0,0
    1c02:	0321                	addi	t1,t1,8
    1c04:	097d                	addi	s2,s2,31
    1c06:	0004                	.2byte	0x4
    1c08:	0501                	addi	a0,a0,0
    1c0a:	031a                	slli	t1,t1,0x6
    1c0c:	0900                	addi	s0,sp,144
    1c0e:	0000                	unimp
    1c10:	0501                	addi	a0,a0,0
    1c12:	0304                	addi	s1,sp,384
    1c14:	0901                	addi	s2,s2,0
    1c16:	0004                	.2byte	0x4
    1c18:	0501                	addi	a0,a0,0
    1c1a:	0305                	addi	t1,t1,1
    1c1c:	0901                	addi	s2,s2,0
    1c1e:	0000                	unimp
    1c20:	0501                	addi	a0,a0,0
    1c22:	0302                	c.slli64	t1
    1c24:	0971                	addi	s2,s2,28
    1c26:	0000                	unimp
    1c28:	0501                	addi	a0,a0,0
    1c2a:	0305                	addi	t1,t1,1
    1c2c:	0912                	slli	s2,s2,0x4
    1c2e:	0000                	unimp
    1c30:	0601                	addi	a2,a2,0
    1c32:	00097d03          	.4byte	0x97d03
    1c36:	0100                	addi	s0,sp,128
    1c38:	0205                	addi	tp,tp,1 # 1 <_program_size-0xe97>
    1c3a:	04097103          	.4byte	0x4097103
    1c3e:	0100                	addi	s0,sp,128
    1c40:	0705                	addi	a4,a4,1
    1c42:	02090e03          	lb	t3,32(s2)
    1c46:	0100                	addi	s0,sp,128
    1c48:	0505                	addi	a0,a0,1
    1c4a:	04090403          	lb	s0,64(s2)
    1c4e:	0100                	addi	s0,sp,128
    1c50:	2105                	jal	2070 <_stack_size+0x70>
    1c52:	02097b03          	.4byte	0x2097b03
    1c56:	0100                	addi	s0,sp,128
    1c58:	0505                	addi	a0,a0,1
    1c5a:	02090503          	lb	a0,32(s2)
    1c5e:	0100                	addi	s0,sp,128
    1c60:	2105                	jal	2080 <_stack_size+0x80>
    1c62:	0306                	slli	t1,t1,0x1
    1c64:	0002097b          	.4byte	0x2097b
    1c68:	0501                	addi	a0,a0,0
    1c6a:	031a                	slli	t1,t1,0x6
    1c6c:	0900                	addi	s0,sp,144
    1c6e:	0000                	unimp
    1c70:	0501                	addi	a0,a0,0
    1c72:	09090303          	lb	t1,144(s2)
    1c76:	0004                	.2byte	0x4
    1c78:	0301                	addi	t1,t1,0
    1c7a:	0901                	addi	s2,s2,0
    1c7c:	0004                	.2byte	0x4
    1c7e:	0501                	addi	a0,a0,0
    1c80:	0308                	addi	a0,sp,384
    1c82:	0900                	addi	s0,sp,144
    1c84:	0000                	unimp
    1c86:	0501                	addi	a0,a0,0
    1c88:	031a                	slli	t1,t1,0x6
    1c8a:	0900                	addi	s0,sp,144
    1c8c:	0000                	unimp
    1c8e:	0501                	addi	a0,a0,0
    1c90:	0604                	addi	s1,sp,768
    1c92:	08090203          	lb	tp,128(s2)
    1c96:	0100                	addi	s0,sp,128
    1c98:	0306                	slli	t1,t1,0x1
    1c9a:	097f                	.2byte	0x97f
    1c9c:	0004                	.2byte	0x4
    1c9e:	0501                	addi	a0,a0,0
    1ca0:	060c                	addi	a1,sp,768
    1ca2:	00090003          	lb	zero,0(s2)
    1ca6:	0100                	addi	s0,sp,128
    1ca8:	0405                	addi	s0,s0,1
    1caa:	0306                	slli	t1,t1,0x1
    1cac:	0901                	addi	s2,s2,0
    1cae:	0004                	.2byte	0x4
    1cb0:	0501                	addi	a0,a0,0
    1cb2:	061a                	slli	a2,a2,0x6
    1cb4:	02097e03          	.4byte	0x2097e03
    1cb8:	0100                	addi	s0,sp,128
    1cba:	1d05                	addi	s10,s10,-31
    1cbc:	02090203          	lb	tp,32(s2)
    1cc0:	0100                	addi	s0,sp,128
    1cc2:	0405                	addi	s0,s0,1
    1cc4:	04090003          	lb	zero,64(s2)
    1cc8:	0100                	addi	s0,sp,128
    1cca:	0200                	addi	s0,sp,256
    1ccc:	0404                	addi	s1,sp,512
    1cce:	0c090003          	lb	zero,192(s2)
    1cd2:	0100                	addi	s0,sp,128
    1cd4:	2005                	jal	1cf4 <_program_size+0xe5c>
    1cd6:	0200                	addi	s0,sp,256
    1cd8:	0404                	addi	s1,sp,512
    1cda:	0306                	slli	t1,t1,0x1
    1cdc:	097e                	slli	s2,s2,0x1f
    1cde:	0002                	c.slli64	zero
    1ce0:	0501                	addi	a0,a0,0
    1ce2:	001a                	c.slli	zero,0x6
    1ce4:	0402                	c.slli64	s0
    1ce6:	0304                	addi	s1,sp,384
    1ce8:	0900                	addi	s0,sp,144
    1cea:	0000                	unimp
    1cec:	0501                	addi	a0,a0,0
    1cee:	09040303          	lb	t1,144(s0)
    1cf2:	0004                	.2byte	0x4
    1cf4:	0501                	addi	a0,a0,0
    1cf6:	0628                	addi	a0,sp,776
    1cf8:	08096a03          	.4byte	0x8096a03
    1cfc:	0100                	addi	s0,sp,128
    1cfe:	0305                	addi	t1,t1,1
    1d00:	02091603          	lh	a2,32(s2)
    1d04:	0100                	addi	s0,sp,128
    1d06:	2805                	jal	1d36 <_program_size+0xe9e>
    1d08:	0306                	slli	t1,t1,0x1
    1d0a:	096a                	slli	s2,s2,0x1a
    1d0c:	0002                	c.slli64	zero
    1d0e:	0501                	addi	a0,a0,0
    1d10:	031d                	addi	t1,t1,7
    1d12:	0900                	addi	s0,sp,144
    1d14:	0000                	unimp
    1d16:	0501                	addi	a0,a0,0
    1d18:	0628                	addi	a0,sp,776
    1d1a:	06090003          	lb	zero,96(s2)
    1d1e:	0100                	addi	s0,sp,128
    1d20:	0305                	addi	t1,t1,1
    1d22:	0306                	slli	t1,t1,0x1
    1d24:	0916                	slli	s2,s2,0x5
    1d26:	0004                	.2byte	0x4
    1d28:	0501                	addi	a0,a0,0
    1d2a:	0601                	addi	a2,a2,0
    1d2c:	00090203          	lb	tp,0(s2)
    1d30:	0100                	addi	s0,sp,128
    1d32:	0305                	addi	t1,t1,1
    1d34:	1a097e03          	.4byte	0x1a097e03
    1d38:	0100                	addi	s0,sp,128
    1d3a:	0105                	addi	sp,sp,1
    1d3c:	08090203          	lb	tp,128(s2)
    1d40:	0100                	addi	s0,sp,128
    1d42:	0305                	addi	t1,t1,1
    1d44:	02097e03          	.4byte	0x2097e03
    1d48:	0100                	addi	s0,sp,128
    1d4a:	0105                	addi	sp,sp,1
    1d4c:	02090203          	lb	tp,32(s2)
    1d50:	0100                	addi	s0,sp,128
    1d52:	1e09                	addi	t3,t3,-30
    1d54:	0000                	unimp
    1d56:	0101                	addi	sp,sp,0
    1d58:	0d05                	addi	s10,s10,1
    1d5a:	0500                	addi	s0,sp,640
    1d5c:	9202                	jalr	tp
    1d5e:	0008                	.2byte	0x8
    1d60:	0380                	addi	s0,sp,448
    1d62:	0134                	addi	a3,sp,136
    1d64:	1905                	addi	s2,s2,-31
    1d66:	00090203          	lb	tp,0(s2)
    1d6a:	0100                	addi	s0,sp,128
    1d6c:	0305                	addi	t1,t1,1
    1d6e:	00090103          	lb	sp,0(s2)
    1d72:	0100                	addi	s0,sp,128
    1d74:	00090103          	lb	sp,0(s2)
    1d78:	0100                	addi	s0,sp,128
    1d7a:	0d05                	addi	s10,s10,1
    1d7c:	0306                	slli	t1,t1,0x1
    1d7e:	097c                	addi	a5,sp,156
    1d80:	0000                	unimp
    1d82:	0501                	addi	a0,a0,0
    1d84:	0302                	c.slli64	t1
    1d86:	0961                	addi	s2,s2,24
    1d88:	000e                	c.slli	zero,0x3
    1d8a:	0501                	addi	a0,a0,0
    1d8c:	030d                	addi	t1,t1,3
    1d8e:	091f 0004 0501      	.byte	0x1f, 0x09, 0x04, 0x00, 0x01, 0x05
    1d94:	0602                	c.slli64	a2
    1d96:	02096103          	.4byte	0x2096103
    1d9a:	0100                	addi	s0,sp,128
    1d9c:	2105                	jal	21bc <_stack_size+0x1bc>
    1d9e:	0306                	slli	t1,t1,0x1
    1da0:	0921                	addi	s2,s2,8
    1da2:	0008                	.2byte	0x8
    1da4:	0501                	addi	a0,a0,0
    1da6:	0302                	c.slli64	t1
    1da8:	095f 0002 0501      	.byte	0x5f, 0x09, 0x02, 0x00, 0x01, 0x05
    1dae:	0621                	addi	a2,a2,8
    1db0:	02092103          	lw	sp,32(s2)
    1db4:	0100                	addi	s0,sp,128
    1db6:	1905                	addi	s2,s2,-31
    1db8:	00090003          	lb	zero,0(s2)
    1dbc:	0100                	addi	s0,sp,128
    1dbe:	0a05                	addi	s4,s4,1
    1dc0:	0306                	slli	t1,t1,0x1
    1dc2:	0901                	addi	s2,s2,0
    1dc4:	0000                	unimp
    1dc6:	0501                	addi	a0,a0,0
    1dc8:	0302                	c.slli64	t1
    1dca:	095e                	slli	s2,s2,0x17
    1dcc:	0008                	.2byte	0x8
    1dce:	0501                	addi	a0,a0,0
    1dd0:	0319                	addi	t1,t1,6
    1dd2:	0921                	addi	s2,s2,8
    1dd4:	0008                	.2byte	0x8
    1dd6:	0501                	addi	a0,a0,0
    1dd8:	01030603          	lb	a2,16(t1)
    1ddc:	0209                	addi	tp,tp,2 # 2 <_program_size-0xe96>
    1dde:	0100                	addi	s0,sp,128
    1de0:	0a05                	addi	s4,s4,1
    1de2:	00090003          	lb	zero,0(s2)
    1de6:	0100                	addi	s0,sp,128
    1de8:	0305                	addi	t1,t1,1
    1dea:	04090103          	lb	sp,64(s2)
    1dee:	0100                	addi	s0,sp,128
    1df0:	0205                	addi	tp,tp,1 # 1 <_program_size-0xe97>
    1df2:	00095d03          	lhu	s10,0(s2)
    1df6:	0100                	addi	s0,sp,128
    1df8:	0305                	addi	t1,t1,1
    1dfa:	0306                	slli	t1,t1,0x1
    1dfc:	00000923          	sb	zero,18(zero) # 12 <_program_size-0xe86>
    1e00:	0501                	addi	a0,a0,0
    1e02:	0302                	c.slli64	t1
    1e04:	095d                	addi	s2,s2,23
    1e06:	0004                	.2byte	0x4
    1e08:	0501                	addi	a0,a0,0
    1e0a:	0321                	addi	t1,t1,8
    1e0c:	0921                	addi	s2,s2,8
    1e0e:	0004                	.2byte	0x4
    1e10:	0501                	addi	a0,a0,0
    1e12:	0302                	c.slli64	t1
    1e14:	095f 0002 0501      	.byte	0x5f, 0x09, 0x02, 0x00, 0x01, 0x05
    1e1a:	0621                	addi	a2,a2,8
    1e1c:	04092103          	lw	sp,64(s2)
    1e20:	0100                	addi	s0,sp,128
    1e22:	1905                	addi	s2,s2,-31
    1e24:	00090003          	lb	zero,0(s2)
    1e28:	0100                	addi	s0,sp,128
    1e2a:	0205                	addi	tp,tp,1 # 1 <_program_size-0xe97>
    1e2c:	04090403          	lb	s0,64(s2)
    1e30:	0100                	addi	s0,sp,128
    1e32:	0105                	addi	sp,sp,1
    1e34:	0306                	slli	t1,t1,0x1
    1e36:	0901                	addi	s2,s2,0
    1e38:	0000                	unimp
    1e3a:	0501                	addi	a0,a0,0
    1e3c:	0302                	c.slli64	t1
    1e3e:	097f                	.2byte	0x97f
    1e40:	000c                	.2byte	0xc
    1e42:	0501                	addi	a0,a0,0
    1e44:	0301                	addi	t1,t1,0
    1e46:	0901                	addi	s2,s2,0
    1e48:	0008                	.2byte	0x8
    1e4a:	0501                	addi	a0,a0,0
    1e4c:	0302                	c.slli64	t1
    1e4e:	097f                	.2byte	0x97f
    1e50:	0002                	c.slli64	zero
    1e52:	0901                	addi	s2,s2,0
    1e54:	0002                	c.slli64	zero
    1e56:	0100                	addi	s0,sp,128
    1e58:	0501                	addi	a0,a0,0
    1e5a:	0001                	nop
    1e5c:	0205                	addi	tp,tp,1 # 1 <_program_size-0xe97>
    1e5e:	08f2                	slli	a7,a7,0x1c
    1e60:	8000                	.2byte	0x8000
    1e62:	0100d503          	lhu	a0,16(ra)
    1e66:	0205                	addi	tp,tp,1 # 1 <_program_size-0xe97>
    1e68:	00090103          	lb	sp,0(s2)
    1e6c:	0100                	addi	s0,sp,128
    1e6e:	00090103          	lb	sp,0(s2)
    1e72:	0100                	addi	s0,sp,128
    1e74:	00090103          	lb	sp,0(s2)
    1e78:	0100                	addi	s0,sp,128
    1e7a:	00090103          	lb	sp,0(s2)
    1e7e:	0100                	addi	s0,sp,128
    1e80:	00090103          	lb	sp,0(s2)
    1e84:	0100                	addi	s0,sp,128
    1e86:	00090103          	lb	sp,0(s2)
    1e8a:	0100                	addi	s0,sp,128
    1e8c:	00090103          	lb	sp,0(s2)
    1e90:	0100                	addi	s0,sp,128
    1e92:	00090203          	lb	tp,0(s2)
    1e96:	0100                	addi	s0,sp,128
    1e98:	0105                	addi	sp,sp,1
    1e9a:	0306                	slli	t1,t1,0x1
    1e9c:	00000977          	.4byte	0x977
    1ea0:	0501                	addi	a0,a0,0
    1ea2:	031f 0909 0004      	.byte	0x1f, 0x03, 0x09, 0x09, 0x04, 0x00
    1ea8:	0501                	addi	a0,a0,0
    1eaa:	0602                	c.slli64	a2
    1eac:	08090203          	lb	tp,128(s2)
    1eb0:	0100                	addi	s0,sp,128
    1eb2:	0a090103          	lb	sp,160(s2)
    1eb6:	0100                	addi	s0,sp,128
    1eb8:	0a090103          	lb	sp,160(s2)
    1ebc:	0100                	addi	s0,sp,128
    1ebe:	0a090303          	lb	t1,160(s2)
    1ec2:	0100                	addi	s0,sp,128
    1ec4:	0a090103          	lb	sp,160(s2)
    1ec8:	0100                	addi	s0,sp,128
    1eca:	0a090103          	lb	sp,160(s2)
    1ece:	0100                	addi	s0,sp,128
    1ed0:	0c090203          	lb	tp,192(s2)
    1ed4:	0100                	addi	s0,sp,128
    1ed6:	0705                	addi	a4,a4,1
    1ed8:	0306                	slli	t1,t1,0x1
    1eda:	0900                	addi	s0,sp,144
    1edc:	0000                	unimp
    1ede:	0501                	addi	a0,a0,0
    1ee0:	0602                	c.slli64	a2
    1ee2:	0e090103          	lb	sp,224(s2)
    1ee6:	0100                	addi	s0,sp,128
    1ee8:	0505                	addi	a0,a0,1
    1eea:	0306                	slli	t1,t1,0x1
    1eec:	0900                	addi	s0,sp,144
    1eee:	0000                	unimp
    1ef0:	0501                	addi	a0,a0,0
    1ef2:	01030603          	lb	a2,16(t1)
    1ef6:	0409                	addi	s0,s0,2
    1ef8:	0100                	addi	s0,sp,128
    1efa:	0a090103          	lb	sp,160(s2)
    1efe:	0100                	addi	s0,sp,128
    1f00:	0205                	addi	tp,tp,1 # 1 <_program_size-0xe97>
    1f02:	08090603          	lb	a2,128(s2)
    1f06:	0100                	addi	s0,sp,128
    1f08:	0a090103          	lb	sp,160(s2)
    1f0c:	0100                	addi	s0,sp,128
    1f0e:	0a090103          	lb	sp,160(s2)
    1f12:	0100                	addi	s0,sp,128
    1f14:	0c090203          	lb	tp,192(s2)
    1f18:	0100                	addi	s0,sp,128
    1f1a:	0705                	addi	a4,a4,1
    1f1c:	0306                	slli	t1,t1,0x1
    1f1e:	0900                	addi	s0,sp,144
    1f20:	0000                	unimp
    1f22:	0501                	addi	a0,a0,0
    1f24:	0602                	c.slli64	a2
    1f26:	12090103          	lb	sp,288(s2)
    1f2a:	0100                	addi	s0,sp,128
    1f2c:	0505                	addi	a0,a0,1
    1f2e:	0306                	slli	t1,t1,0x1
    1f30:	0900                	addi	s0,sp,144
    1f32:	0000                	unimp
    1f34:	0501                	addi	a0,a0,0
    1f36:	01030603          	lb	a2,16(t1)
    1f3a:	0409                	addi	s0,s0,2
    1f3c:	0100                	addi	s0,sp,128
    1f3e:	0a090103          	lb	sp,160(s2)
    1f42:	0100                	addi	s0,sp,128
    1f44:	0205                	addi	tp,tp,1 # 1 <_program_size-0xe97>
    1f46:	08090603          	lb	a2,128(s2)
    1f4a:	0100                	addi	s0,sp,128
    1f4c:	0a090103          	lb	sp,160(s2)
    1f50:	0100                	addi	s0,sp,128
    1f52:	0a090103          	lb	sp,160(s2)
    1f56:	0100                	addi	s0,sp,128
    1f58:	0c090103          	lb	sp,192(s2)
    1f5c:	0100                	addi	s0,sp,128
    1f5e:	0a090103          	lb	sp,160(s2)
    1f62:	0100                	addi	s0,sp,128
    1f64:	0c090203          	lb	tp,192(s2)
    1f68:	0100                	addi	s0,sp,128
    1f6a:	0705                	addi	a4,a4,1
    1f6c:	0306                	slli	t1,t1,0x1
    1f6e:	0900                	addi	s0,sp,144
    1f70:	0000                	unimp
    1f72:	0501                	addi	a0,a0,0
    1f74:	0602                	c.slli64	a2
    1f76:	1c090103          	lb	sp,448(s2)
    1f7a:	0100                	addi	s0,sp,128
    1f7c:	0505                	addi	a0,a0,1
    1f7e:	0306                	slli	t1,t1,0x1
    1f80:	0900                	addi	s0,sp,144
    1f82:	0000                	unimp
    1f84:	0501                	addi	a0,a0,0
    1f86:	01030603          	lb	a2,16(t1)
    1f8a:	0409                	addi	s0,s0,2
    1f8c:	0100                	addi	s0,sp,128
    1f8e:	0a090103          	lb	sp,160(s2)
    1f92:	0100                	addi	s0,sp,128
    1f94:	0205                	addi	tp,tp,1 # 1 <_program_size-0xe97>
    1f96:	08090603          	lb	a2,128(s2)
    1f9a:	0100                	addi	s0,sp,128
    1f9c:	0a090103          	lb	sp,160(s2)
    1fa0:	0100                	addi	s0,sp,128
    1fa2:	0a090103          	lb	sp,160(s2)
    1fa6:	0100                	addi	s0,sp,128
    1fa8:	0c090103          	lb	sp,192(s2)
    1fac:	0100                	addi	s0,sp,128
    1fae:	0a090103          	lb	sp,160(s2)
    1fb2:	0100                	addi	s0,sp,128
    1fb4:	0c090103          	lb	sp,192(s2)
    1fb8:	0100                	addi	s0,sp,128
    1fba:	0a090103          	lb	sp,160(s2)
    1fbe:	0100                	addi	s0,sp,128
    1fc0:	0c090103          	lb	sp,192(s2)
    1fc4:	0100                	addi	s0,sp,128
    1fc6:	0a090103          	lb	sp,160(s2)
    1fca:	0100                	addi	s0,sp,128
    1fcc:	0c090203          	lb	tp,192(s2)
    1fd0:	0100                	addi	s0,sp,128
    1fd2:	0705                	addi	a4,a4,1
    1fd4:	0306                	slli	t1,t1,0x1
    1fd6:	0900                	addi	s0,sp,144
    1fd8:	0000                	unimp
    1fda:	0501                	addi	a0,a0,0
    1fdc:	0602                	c.slli64	a2
    1fde:	2c090203          	lb	tp,704(s2)
    1fe2:	0100                	addi	s0,sp,128
    1fe4:	0505                	addi	a0,a0,1
    1fe6:	0306                	slli	t1,t1,0x1
    1fe8:	0900                	addi	s0,sp,144
    1fea:	0000                	unimp
    1fec:	0501                	addi	a0,a0,0
    1fee:	01030603          	lb	a2,16(t1)
    1ff2:	0209                	addi	tp,tp,2 # 2 <_program_size-0xe96>
    1ff4:	0100                	addi	s0,sp,128
    1ff6:	0a090103          	lb	sp,160(s2)
    1ffa:	0100                	addi	s0,sp,128
    1ffc:	06090103          	lb	sp,96(s2)
    2000:	0100                	addi	s0,sp,128
    2002:	0a090103          	lb	sp,160(s2)
    2006:	0100                	addi	s0,sp,128
    2008:	04090303          	lb	t1,64(s2)
    200c:	0100                	addi	s0,sp,128
    200e:	0a090103          	lb	sp,160(s2)
    2012:	0100                	addi	s0,sp,128
    2014:	0a090103          	lb	sp,160(s2)
    2018:	0100                	addi	s0,sp,128
    201a:	06090103          	lb	sp,96(s2)
    201e:	0100                	addi	s0,sp,128
    2020:	0a090103          	lb	sp,160(s2)
    2024:	0100                	addi	s0,sp,128
    2026:	04090203          	lb	tp,64(s2)
    202a:	0100                	addi	s0,sp,128
    202c:	0805                	addi	a6,a6,1
    202e:	0306                	slli	t1,t1,0x1
    2030:	0900                	addi	s0,sp,144
    2032:	0000                	unimp
    2034:	0501                	addi	a0,a0,0
    2036:	02030603          	lb	a2,32(t1)
    203a:	2609                	jal	233c <_stack_size+0x33c>
    203c:	0100                	addi	s0,sp,128
    203e:	0605                	addi	a2,a2,1
    2040:	0306                	slli	t1,t1,0x1
    2042:	0900                	addi	s0,sp,144
    2044:	0000                	unimp
    2046:	0501                	addi	a0,a0,0
    2048:	0604                	addi	s1,sp,768
    204a:	02090103          	lb	sp,32(s2)
    204e:	0100                	addi	s0,sp,128
    2050:	0a090103          	lb	sp,160(s2)
    2054:	0100                	addi	s0,sp,128
    2056:	06090103          	lb	sp,96(s2)
    205a:	0100                	addi	s0,sp,128
    205c:	0305                	addi	t1,t1,1
    205e:	0c094203          	lbu	tp,192(s2)
    2062:	0100                	addi	s0,sp,128
    2064:	0900c303          	lbu	t1,144(ra)
    2068:	000c                	.2byte	0xc
    206a:	0501                	addi	a0,a0,0
    206c:	0302                	c.slli64	t1
    206e:	000a0903          	lb	s2,0(s4)
    2072:	0001                	nop
    2074:	0402                	c.slli64	s0
    2076:	0301                	addi	t1,t1,0
    2078:	0901                	addi	s2,s2,0
    207a:	000a                	c.slli	zero,0x2
    207c:	0001                	nop
    207e:	0402                	c.slli64	s0
    2080:	0301                	addi	t1,t1,0
    2082:	0900                	addi	s0,sp,144
    2084:	0000                	unimp
    2086:	0001                	nop
    2088:	0402                	c.slli64	s0
    208a:	0301                	addi	t1,t1,0
    208c:	0900                	addi	s0,sp,144
    208e:	0000                	unimp
    2090:	0001                	nop
    2092:	0402                	c.slli64	s0
    2094:	0301                	addi	t1,t1,0
    2096:	0900                	addi	s0,sp,144
    2098:	0000                	unimp
    209a:	0501                	addi	a0,a0,0
    209c:	09550303          	lb	t1,149(a0)
    20a0:	0002                	c.slli64	zero
    20a2:	0301                	addi	t1,t1,0
    20a4:	0971                	addi	s2,s2,28
    20a6:	000c                	.2byte	0xc
    20a8:	0501                	addi	a0,a0,0
    20aa:	0304                	addi	s1,sp,384
    20ac:	000c0933          	add	s2,s8,zero
    20b0:	0901                	addi	s2,s2,0
    20b2:	000c                	.2byte	0xc
    20b4:	0100                	addi	s0,sp,128
    20b6:	01              	Address 0x00000000000020b6 is out of bounds.


Disassembly of section .debug_line_str:

00000000 <.debug_line_str>:
   0:	6d6f682f          	.4byte	0x6d6f682f
   4:	2f65                	jal	7bc <_program_size-0x6dc>
   6:	7568                	.2byte	0x7568
   8:	676e                	.2byte	0x676e
   a:	6874                	.2byte	0x6874
   c:	326b696f          	jal	s2,b6332 <_available_heap+0xa91ca>
  10:	2f34                	.2byte	0x2f34
  12:	4952                	lw	s2,20(sp)
  14:	54564353          	.4byte	0x54564353
  18:	7475                	lui	s0,0xffffd
  1a:	6169726f          	jal	tp,97630 <_available_heap+0x8a4c8>
  1e:	2f6c                	.2byte	0x2f6c
  20:	7066                	.2byte	0x7066
  22:	732f6167          	.4byte	0x732f6167
  26:	73612f77          	.4byte	0x73612f77
  2a:	006e6f63          	bltu	t3,t1,48 <_program_size-0xe50>
  2e:	6d6f682f          	.4byte	0x6d6f682f
  32:	2f65                	jal	7ea <_program_size-0x6ae>
  34:	7568                	.2byte	0x7568
  36:	676e                	.2byte	0x676e
  38:	6874                	.2byte	0x6874
  3a:	326b696f          	jal	s2,b6360 <_available_heap+0xa91f8>
  3e:	2f34                	.2byte	0x2f34
  40:	4952                	lw	s2,20(sp)
  42:	54564353          	.4byte	0x54564353
  46:	7475                	lui	s0,0xffffd
  48:	6169726f          	jal	tp,9765e <_available_heap+0x8a4f6>
  4c:	2f6c                	.2byte	0x2f6c
  4e:	7066                	.2byte	0x7066
  50:	732f6167          	.4byte	0x732f6167
  54:	73612f77          	.4byte	0x73612f77
  58:	2f6e6f63          	bltu	t3,s6,356 <_program_size-0xb42>
  5c:	00637273          	csrrci	tp,0x6,6
  60:	30747263          	bgeu	s0,t2,364 <_program_size-0xb34>
  64:	532e                	lw	t1,232(sp)
  66:	2f00                	.2byte	0x2f00
  68:	6f68                	.2byte	0x6f68
  6a:	656d                	lui	a0,0x1b
  6c:	6e75682f          	.4byte	0x6e75682f
  70:	6f687467          	.4byte	0x6f687467
  74:	6b69                	lui	s6,0x1a
  76:	3432                	.2byte	0x3432
  78:	5349522f          	.4byte	0x5349522f
  7c:	75545643          	.4byte	0x75545643
  80:	6f74                	.2byte	0x6f74
  82:	6972                	.2byte	0x6972
  84:	6c61                	lui	s8,0x18
  86:	6770662f          	.4byte	0x6770662f
  8a:	2f61                	jal	822 <_program_size-0x676>
  8c:	612f7773          	csrrci	a4,0x612,30
  90:	6e6f6373          	csrrsi	t1,0x6e6,30
  94:	6372732f          	.4byte	0x6372732f
  98:	6373612f          	.4byte	0x6373612f
  9c:	632e6e6f          	jal	t3,e66ce <_available_heap+0xd9566>
  a0:	2f00                	.2byte	0x2f00
  a2:	6f68                	.2byte	0x6f68
  a4:	656d                	lui	a0,0x1b
  a6:	6e75682f          	.4byte	0x6e75682f
  aa:	6f687467          	.4byte	0x6f687467
  ae:	6b69                	lui	s6,0x1a
  b0:	3432                	.2byte	0x3432
  b2:	5349522f          	.4byte	0x5349522f
  b6:	75545643          	.4byte	0x75545643
  ba:	6f74                	.2byte	0x6f74
  bc:	6972                	.2byte	0x6972
  be:	6c61                	lui	s8,0x18
  c0:	6f632e2f          	.4byte	0x6f632e2f
  c4:	646e                	.2byte	0x646e
  c6:	2d61                	jal	75e <_program_size-0x73a>
  c8:	6e65                	lui	t3,0x19
  ca:	2f76                	.2byte	0x2f76
  cc:	6972                	.2byte	0x6972
  ce:	2d766373          	csrrsi	t1,0x2d7,12
  d2:	6f74                	.2byte	0x6f74
  d4:	2f736c6f          	jal	s8,36bca <_available_heap+0x29a62>
  d8:	6972                	.2byte	0x6972
  da:	36766373          	csrrsi	t1,0x367,12
  de:	2d34                	.2byte	0x2d34
  e0:	6e75                	lui	t3,0x1d
  e2:	776f6e6b          	.4byte	0x776f6e6b
  e6:	2d6e                	.2byte	0x2d6e
  e8:	6c65                	lui	s8,0x19
  ea:	2f66                	.2byte	0x2f66
  ec:	6e69                	lui	t3,0x1a
  ee:	64756c63          	bltu	a0,t2,746 <_program_size-0x752>
  f2:	2f65                	jal	8aa <_program_size-0x5ee>
  f4:	616d                	addi	sp,sp,240
  f6:	6e696863          	bltu	s2,t1,7e6 <_program_size-0x6b2>
  fa:	0065                	c.nop	25
  fc:	6d6f682f          	.4byte	0x6d6f682f
 100:	2f65                	jal	8b8 <_program_size-0x5e0>
 102:	7568                	.2byte	0x7568
 104:	676e                	.2byte	0x676e
 106:	6874                	.2byte	0x6874
 108:	326b696f          	jal	s2,b642e <_available_heap+0xa92c6>
 10c:	2f34                	.2byte	0x2f34
 10e:	4952                	lw	s2,20(sp)
 110:	54564353          	.4byte	0x54564353
 114:	7475                	lui	s0,0xffffd
 116:	6169726f          	jal	tp,9772c <_available_heap+0x8a5c4>
 11a:	2f6c                	.2byte	0x2f6c
 11c:	632e                	.2byte	0x632e
 11e:	61646e6f          	jal	t3,46734 <_available_heap+0x395cc>
 122:	652d                	lui	a0,0xb
 124:	766e                	.2byte	0x766e
 126:	7369722f          	.4byte	0x7369722f
 12a:	742d7663          	bgeu	s10,sp,876 <_program_size-0x622>
 12e:	736c6f6f          	jal	t5,c6864 <_available_heap+0xb96fc>
 132:	7369722f          	.4byte	0x7369722f
 136:	34367663          	bgeu	a2,gp,482 <_program_size-0xa16>
 13a:	752d                	lui	a0,0xfffeb
 13c:	6b6e                	.2byte	0x6b6e
 13e:	6f6e                	.2byte	0x6f6e
 140:	652d6e77          	.4byte	0x652d6e77
 144:	666c                	.2byte	0x666c
 146:	636e692f          	.4byte	0x636e692f
 14a:	756c                	.2byte	0x756c
 14c:	6564                	.2byte	0x6564
 14e:	7379732f          	.4byte	0x7379732f
 152:	5f00                	lw	s0,56(a4)
 154:	6564                	.2byte	0x6564
 156:	6166                	.2byte	0x6166
 158:	6c75                	lui	s8,0x1d
 15a:	5f74                	lw	a3,124(a4)
 15c:	7974                	.2byte	0x7974
 15e:	6570                	.2byte	0x6570
 160:	00682e73          	csrrs	t3,0x6,a6
 164:	735f 6474 6e69      	.byte	0x5f, 0x73, 0x74, 0x64, 0x69, 0x6e
 16a:	2e74                	.2byte	0x2e74
 16c:	0068                	addi	a0,sp,12
 16e:	6d6f682f          	.4byte	0x6d6f682f
 172:	2f65                	jal	92a <_program_size-0x56e>
 174:	7568                	.2byte	0x7568
 176:	676e                	.2byte	0x676e
 178:	6874                	.2byte	0x6874
 17a:	326b696f          	jal	s2,b64a0 <_available_heap+0xa9338>
 17e:	2f34                	.2byte	0x2f34
 180:	4952                	lw	s2,20(sp)
 182:	54564353          	.4byte	0x54564353
 186:	7475                	lui	s0,0xffffd
 188:	6169726f          	jal	tp,9779e <_available_heap+0x8a636>
 18c:	2f6c                	.2byte	0x2f6c
 18e:	7066                	.2byte	0x7066
 190:	732f6167          	.4byte	0x732f6167
 194:	73612f77          	.4byte	0x73612f77
 198:	2f6e6f63          	bltu	t3,s6,496 <_program_size-0xa02>
 19c:	2f637273          	csrrci	tp,0x2f6,6
 1a0:	6972706b          	.4byte	0x6972706b
 1a4:	746e                	.2byte	0x746e
 1a6:	2e66                	.2byte	0x2e66
 1a8:	682f0063          	beq	t5,sp,828 <_program_size-0x670>
 1ac:	2f656d6f          	jal	s10,564a2 <_available_heap+0x4933a>
 1b0:	7568                	.2byte	0x7568
 1b2:	676e                	.2byte	0x676e
 1b4:	6874                	.2byte	0x6874
 1b6:	326b696f          	jal	s2,b64dc <_available_heap+0xa9374>
 1ba:	2f34                	.2byte	0x2f34
 1bc:	4952                	lw	s2,20(sp)
 1be:	54564353          	.4byte	0x54564353
 1c2:	7475                	lui	s0,0xffffd
 1c4:	6169726f          	jal	tp,977da <_available_heap+0x8a672>
 1c8:	2f6c                	.2byte	0x2f6c
 1ca:	632e                	.2byte	0x632e
 1cc:	61646e6f          	jal	t3,467e2 <_available_heap+0x3967a>
 1d0:	652d                	lui	a0,0xb
 1d2:	766e                	.2byte	0x766e
 1d4:	7369722f          	.4byte	0x7369722f
 1d8:	742d7663          	bgeu	s10,sp,924 <_program_size-0x574>
 1dc:	736c6f6f          	jal	t5,c6912 <_available_heap+0xb97aa>
 1e0:	62696c2f          	.4byte	0x62696c2f
 1e4:	6363672f          	.4byte	0x6363672f
 1e8:	7369722f          	.4byte	0x7369722f
 1ec:	34367663          	bgeu	a2,gp,538 <_program_size-0x960>
 1f0:	752d                	lui	a0,0xfffeb
 1f2:	6b6e                	.2byte	0x6b6e
 1f4:	6f6e                	.2byte	0x6f6e
 1f6:	652d6e77          	.4byte	0x652d6e77
 1fa:	666c                	.2byte	0x666c
 1fc:	2e32312f          	.4byte	0x2e32312f
 200:	2e32                	.2byte	0x2e32
 202:	2f30                	.2byte	0x2f30
 204:	6e69                	lui	t3,0x1a
 206:	64756c63          	bltu	a0,t2,85e <_program_size-0x63a>
 20a:	0065                	c.nop	25
 20c:	6972706b          	.4byte	0x6972706b
 210:	746e                	.2byte	0x746e
 212:	2e66                	.2byte	0x2e66
 214:	0068                	addi	a0,sp,12
 216:	61647473          	csrrci	s0,0x616,8
 21a:	6772                	.2byte	0x6772
 21c:	682e                	.2byte	0x682e
 21e:	2f00                	.2byte	0x2f00
 220:	6f68                	.2byte	0x6f68
 222:	656d                	lui	a0,0x1b
 224:	6e75682f          	.4byte	0x6e75682f
 228:	6f687467          	.4byte	0x6f687467
 22c:	6b69                	lui	s6,0x1a
 22e:	3432                	.2byte	0x3432
 230:	5349522f          	.4byte	0x5349522f
 234:	75545643          	.4byte	0x75545643
 238:	6f74                	.2byte	0x6f74
 23a:	6972                	.2byte	0x6972
 23c:	6c61                	lui	s8,0x18
 23e:	6770662f          	.4byte	0x6770662f
 242:	2f61                	jal	9da <_program_size-0x4be>
 244:	612f7773          	csrrci	a4,0x612,30
 248:	6e6f6373          	csrrsi	t1,0x6e6,30
 24c:	6372732f          	.4byte	0x6372732f
 250:	69616d2f          	.4byte	0x69616d2f
 254:	2e6e                	.2byte	0x2e6e
 256:	73610063          	beq	sp,s6,976 <_program_size-0x522>
 25a:	2e6e6f63          	bltu	t3,t1,558 <_program_size-0x940>
 25e:	0068                	addi	a0,sp,12

Disassembly of section .debug_info:

00000000 <.debug_info>:
       0:	0020                	addi	s0,sp,8
       2:	0000                	unimp
       4:	0005                	c.nop	1
       6:	0401                	addi	s0,s0,0 # ffffd000 <_ram_end+0x7ffed000>
       8:	0000                	unimp
       a:	0000                	unimp
       c:	0001                	nop
       e:	0000                	unimp
      10:	0000                	unimp
      12:	0000                	unimp
      14:	3080                	.2byte	0x3080
      16:	0000                	unimp
      18:	0000                	unimp
      1a:	0039                	c.nop	14
      1c:	0000                	unimp
      1e:	00000067          	jr	zero # 0 <_program_size-0xe98>
      22:	8001                	c.srli64	s0
      24:	1336                	slli	t1,t1,0x2d
      26:	0000                	unimp
      28:	0005                	c.nop	1
      2a:	0401                	addi	s0,s0,0
      2c:	0014                	.2byte	0x14
      2e:	0000                	unimp
      30:	6a2e                	.2byte	0x6a2e
      32:	0001                	nop
      34:	1d00                	addi	s0,sp,688
      36:	00000067          	jr	zero # 0 <_program_size-0xe98>
      3a:	0000                	unimp
      3c:	0000                	unimp
      3e:	01d8                	addi	a4,sp,196
      40:	0000                	unimp
      42:	0000                	unimp
      44:	0000                	unimp
      46:	0080                	addi	s0,sp,64
      48:	0000                	unimp
      4a:	010a                	slli	sp,sp,0x2
      4c:	4106                	lw	sp,64(sp)
      4e:	0002                	c.slli64	zero
      50:	0d00                	addi	s0,sp,656
      52:	0000015b          	.4byte	0x15b
      56:	2b02                	.2byte	0x2b02
      58:	3918                	.2byte	0x3918
      5a:	0000                	unimp
      5c:	0a00                	addi	s0,sp,272
      5e:	0801                	addi	a6,a6,0
      60:	0000023f 8b05020a 	.8byte	0x8b05020a0000023f
      68:	0000                	unimp
      6a:	0a00                	addi	s0,sp,272
      6c:	0702                	c.slli64	a4
      6e:	00000283          	lb	t0,0(zero) # 0 <_program_size-0xe98>
      72:	040a                	slli	s0,s0,0x2
      74:	3e05                	jal	fffffba4 <_ram_end+0x7ffefba4>
      76:	0001                	nop
      78:	0d00                	addi	s0,sp,656
      7a:	00ca                	slli	ra,ra,0x12
      7c:	0000                	unimp
      7e:	4f02                	lw	t5,0(sp)
      80:	6119                	addi	sp,sp,384
      82:	0000                	unimp
      84:	0a00                	addi	s0,sp,272
      86:	0704                	addi	s1,sp,896
      88:	0259                	addi	tp,tp,22 # 16 <_program_size-0xe82>
      8a:	0000                	unimp
      8c:	080a                	slli	a6,a6,0x2
      8e:	3905                	jal	fffffcbe <_ram_end+0x7ffefcbe>
      90:	0001                	nop
      92:	0d00                	addi	s0,sp,656
      94:	02df 0000 6902      	.byte	0xdf, 0x02, 0x00, 0x00, 0x02, 0x69
      9a:	7b19                	lui	s6,0xfffe6
      9c:	0000                	unimp
      9e:	0a00                	addi	s0,sp,272
      a0:	0708                	addi	a0,sp,896
      a2:	0254                	addi	a3,sp,260
      a4:	0000                	unimp
      a6:	6905042f          	.4byte	0x6905042f
      aa:	746e                	.2byte	0x746e
      ac:	0d00                	addi	s0,sp,656
      ae:	000002f7          	.4byte	0x2f7
      b2:	e802                	.2byte	0xe802
      b4:	951a                	add	a0,a0,t1
      b6:	0000                	unimp
      b8:	0a00                	addi	s0,sp,272
      ba:	0704                	addi	s1,sp,896
      bc:	025e                	slli	tp,tp,0x17
      be:	0000                	unimp
      c0:	5d0d                	li	s10,-29
      c2:	0001                	nop
      c4:	0300                	addi	s0,sp,384
      c6:	1318                	addi	a4,sp,416
      c8:	002d                	c.nop	11
      ca:	0000                	unimp
      cc:	9c30                	.2byte	0x9c30
      ce:	0000                	unimp
      d0:	0d00                	addi	s0,sp,656
      d2:	00cc                	addi	a1,sp,68
      d4:	0000                	unimp
      d6:	55143003          	.4byte	0x55143003
      da:	0000                	unimp
      dc:	0d00                	addi	s0,sp,656
      de:	02e1                	addi	t0,t0,24
      e0:	0000                	unimp
      e2:	6f143c03          	.4byte	0x6f143c03
      e6:	0000                	unimp
      e8:	0d00                	addi	s0,sp,656
      ea:	02f9                	addi	t0,t0,30
      ec:	0000                	unimp
      ee:	89155203          	lhu	tp,-1903(a0) # 1a891 <_available_heap+0xd729>
      f2:	0000                	unimp
      f4:	1c00                	addi	s0,sp,560
      f6:	0095                	addi	ra,ra,5
      f8:	0000                	unimp
      fa:	0174                	addi	a3,sp,140
      fc:	0082                	c.slli64	ra
      fe:	0000                	unimp
     100:	051e                	slli	a0,a0,0x7
     102:	8000                	.2byte	0x8000
     104:	00ec                	addi	a1,sp,76
     106:	0000                	unimp
     108:	9c01                	.2byte	0x9c01
     10a:	00000353          	.4byte	0x353
     10e:	6b05                	lui	s6,0x1
     110:	7965                	lui	s2,0xffff9
     112:	7400                	.2byte	0x7400
     114:	2901                	jal	524 <_program_size-0x974>
     116:	00000353          	.4byte	0x353
     11a:	000c                	.2byte	0xc
     11c:	0000                	unimp
     11e:	00031f07          	.4byte	0x31f07
     122:	7500                	.2byte	0x7500
     124:	2901                	jal	534 <_program_size-0x964>
     126:	00000353          	.4byte	0x353
     12a:	0000003f 00646105 	.8byte	0x6461050000003f
     132:	0176                	slli	sp,sp,0x1d
     134:	532a                	lw	t1,168(sp)
     136:	72000003          	lb	zero,1824(zero) # 720 <_program_size-0x778>
     13a:	0000                	unimp
     13c:	0700                	addi	s0,sp,896
     13e:	00fe                	slli	ra,ra,0x1f
     140:	0000                	unimp
     142:	0176                	slli	sp,sp,0x1d
     144:	0000ad37          	lui	s10,0xa
     148:	a500                	.2byte	0xa500
     14a:	0000                	unimp
     14c:	0500                	addi	s0,sp,640
     14e:	77007463          	bgeu	zero,a6,8b6 <_program_size-0x5e2>
     152:	2a01                	jal	262 <_program_size-0xc36>
     154:	00000353          	.4byte	0x353
     158:	00d8                	addi	a4,sp,68
     15a:	0000                	unimp
     15c:	00014707          	.4byte	0x14707
     160:	7700                	.2byte	0x7700
     162:	3701                	jal	62 <_program_size-0xe36>
     164:	00ad                	addi	ra,ra,11
     166:	0000                	unimp
     168:	0000010b          	.4byte	0x10b
     16c:	7005                	c.lui	zero,0xfffe1
     16e:	0074                	addi	a3,sp,12
     170:	0178                	addi	a4,sp,140
     172:	5824                	lw	s1,112(s0)
     174:	3b000003          	lb	zero,944(zero) # 3b0 <_program_size-0xae8>
     178:	0001                	nop
     17a:	0500                	addi	s0,sp,640
     17c:	6174                	.2byte	0x6174
     17e:	01780067          	jr	23(a6)
     182:	5336                	lw	t1,108(sp)
     184:	79000003          	lb	zero,1936(zero) # 790 <_program_size-0x708>
     188:	0001                	nop
     18a:	3100                	.2byte	0x3100
     18c:	00f5                	addi	ra,ra,29
     18e:	0000                	unimp
     190:	7a01                	lui	s4,0xfffe0
     192:	0a01                	addi	s4,s4,0 # fffe0000 <_ram_end+0x7ffd0000>
     194:	035d                	addi	t1,t1,23
     196:	0000                	unimp
     198:	9102                	jalr	sp
     19a:	2460                	.2byte	0x2460
     19c:	6372                	.2byte	0x6372
     19e:	7b00                	.2byte	0x7b00
     1a0:	0601                	addi	a2,a2,0
     1a2:	0082                	c.slli64	ra
     1a4:	0000                	unimp
     1a6:	00000193          	li	gp,0
     1aa:	f425                	bnez	s0,112 <_program_size-0xd86>
     1ac:	0005                	c.nop	1
     1ae:	1280                	addi	s0,sp,352
     1b0:	0000                	unimp
     1b2:	a200                	.2byte	0xa200
     1b4:	0001                	nop
     1b6:	2400                	.2byte	0x2400
     1b8:	0069                	c.nop	26
     1ba:	0186                	slli	gp,gp,0x1
     1bc:	ad11                	j	7d0 <_program_size-0x6c8>
     1be:	0000                	unimp
     1c0:	aa00                	.2byte	0xaa00
     1c2:	0001                	nop
     1c4:	0000                	unimp
     1c6:	8011                	srli	s0,s0,0x4
     1c8:	0005                	c.nop	1
     1ca:	2c00                	.2byte	0x2c00
     1cc:	0005                	c.nop	1
     1ce:	9680                	.2byte	0x9680
     1d0:	0000                	unimp
     1d2:	7f00                	.2byte	0x7f00
     1d4:	0201                	addi	tp,tp,0 # 0 <_program_size-0xe98>
     1d6:	0278                	addi	a4,sp,268
     1d8:	0000                	unimp
     1da:	8e02                	jr	t3
     1dc:	0005                	c.nop	1
     1de:	ec00                	.2byte	0xec00
     1e0:	0001                	nop
     1e2:	2100                	.2byte	0x2100
     1e4:	059a                	slli	a1,a1,0x6
     1e6:	0000                	unimp
     1e8:	052c                	addi	a1,sp,648
     1ea:	8000                	.2byte	0x8000
     1ec:	0096                	slli	ra,ra,0x5
     1ee:	0000                	unimp
     1f0:	00059b03          	lh	s6,0(a1)
     1f4:	0600                	addi	s0,sp,768
     1f6:	0002                	c.slli64	zero
     1f8:	3200                	.2byte	0x3200
     1fa:	0dcd                	addi	s11,s11,19
     1fc:	0000                	unimp
     1fe:	052c                	addi	a1,sp,648
     200:	8000                	.2byte	0x8000
     202:	00000183          	lb	gp,0(zero) # 0 <_program_size-0xe98>
     206:	1801                	addi	a6,a6,-32
     208:	0401                	addi	s0,s0,0
     20a:	0228                	addi	a0,sp,264
     20c:	0000                	unimp
     20e:	f202                	.2byte	0xf202
     210:	000d                	c.nop	3
     212:	1f00                	addi	s0,sp,944
     214:	0002                	c.slli64	zero
     216:	0200                	addi	s0,sp,256
     218:	00000de7          	jalr	s11,zero # 0 <_program_size-0xe98>
     21c:	0238                	addi	a4,sp,264
     21e:	0000                	unimp
     220:	dc02                	sw	zero,56(sp)
     222:	000d                	c.nop	3
     224:	5100                	lw	s0,32(a0)
     226:	0002                	c.slli64	zero
     228:	1200                	addi	s0,sp,288
     22a:	00000183          	lb	gp,0(zero) # 0 <_program_size-0xe98>
     22e:	000dfd03          	.4byte	0xdfd03
     232:	6800                	.2byte	0x6800
     234:	0002                	c.slli64	zero
     236:	0e00                	addi	s0,sp,784
     238:	0e06                	slli	t3,t3,0x1
     23a:	0000                	unimp
     23c:	0196                	slli	gp,gp,0x5
     23e:	0000                	unimp
     240:	000e0703          	lb	a4,0(t3) # 1a000 <_available_heap+0xce98>
     244:	a700                	.2byte	0xa700
     246:	0002                	c.slli64	zero
     248:	0000                	unimp
     24a:	0000                	unimp
     24c:	cd26                	sw	s1,152(sp)
     24e:	000d                	c.nop	3
     250:	5400                	lw	s0,40(s0)
     252:	0005                	c.nop	1
     254:	b280                	.2byte	0xb280
     256:	0001                	nop
     258:	1a00                	addi	s0,sp,304
     25a:	0401                	addi	s0,s0,0
     25c:	f202                	.2byte	0xf202
     25e:	000d                	c.nop	3
     260:	ef00                	.2byte	0xef00
     262:	0002                	c.slli64	zero
     264:	0200                	addi	s0,sp,256
     266:	00000de7          	jalr	s11,zero # 0 <_program_size-0xe98>
     26a:	0308                	addi	a0,sp,384
     26c:	0000                	unimp
     26e:	dc02                	sw	zero,56(sp)
     270:	000d                	c.nop	3
     272:	2100                	.2byte	0x2100
     274:	12000003          	lb	zero,288(zero) # 120 <_program_size-0xd78>
     278:	01b2                	slli	gp,gp,0xc
     27a:	0000                	unimp
     27c:	000dfd03          	.4byte	0xdfd03
     280:	4600                	lw	s0,8(a2)
     282:	0e000003          	lb	zero,224(zero) # e0 <_program_size-0xdb8>
     286:	0e06                	slli	t3,t3,0x1
     288:	0000                	unimp
     28a:	01b2                	slli	gp,gp,0xc
     28c:	0000                	unimp
     28e:	000e0703          	lb	a4,0(t3)
     292:	b200                	.2byte	0xb200
     294:	00000003          	lb	zero,0(zero) # 0 <_program_size-0xe98>
     298:	0000                	unimp
     29a:	0000                	unimp
     29c:	dc26                	sw	s1,56(sp)
     29e:	0004                	.2byte	0x4
     2a0:	c200                	sw	s0,0(a2)
     2a2:	0005                	c.nop	1
     2a4:	c580                	sw	s0,8(a1)
     2a6:	0001                	nop
     2a8:	8100                	.2byte	0x8100
     2aa:	0701                	addi	a4,a4,0
     2ac:	4c02                	lw	s8,0(sp)
     2ae:	0005                	c.nop	1
     2b0:	e300                	.2byte	0xe300
     2b2:	02000003          	lb	zero,32(zero) # 20 <_program_size-0xe78>
     2b6:	0540                	addi	s0,sp,644
     2b8:	0000                	unimp
     2ba:	03fa                	slli	t2,t2,0x1e
     2bc:	0000                	unimp
     2be:	3402                	.2byte	0x3402
     2c0:	0005                	c.nop	1
     2c2:	1100                	addi	s0,sp,160
     2c4:	0004                	.2byte	0x4
     2c6:	0200                	addi	s0,sp,256
     2c8:	0529                	addi	a0,a0,10
     2ca:	0000                	unimp
     2cc:	0428                	addi	a0,sp,520
     2ce:	0000                	unimp
     2d0:	1d02                	slli	s10,s10,0x20
     2d2:	0005                	c.nop	1
     2d4:	4d00                	lw	s0,24(a0)
     2d6:	0004                	.2byte	0x4
     2d8:	0200                	addi	s0,sp,256
     2da:	0512                	slli	a0,a0,0x4
     2dc:	0000                	unimp
     2de:	0472                	slli	s0,s0,0x1c
     2e0:	0000                	unimp
     2e2:	0602                	c.slli64	a2
     2e4:	0005                	c.nop	1
     2e6:	9700                	.2byte	0x9700
     2e8:	0004                	.2byte	0x4
     2ea:	0200                	addi	s0,sp,256
     2ec:	04fa                	slli	s1,s1,0x1e
     2ee:	0000                	unimp
     2f0:	04bc                	addi	a5,sp,584
     2f2:	0000                	unimp
     2f4:	ee02                	.2byte	0xee02
     2f6:	0004                	.2byte	0x4
     2f8:	e100                	.2byte	0xe100
     2fa:	0004                	.2byte	0x4
     2fc:	1200                	addi	s0,sp,288
     2fe:	01c5                	addi	gp,gp,17
     300:	0000                	unimp
     302:	5808                	lw	a0,48(s0)
     304:	0005                	c.nop	1
     306:	1100                	addi	s0,sp,160
     308:	0d09                	addi	s10,s10,2 # a002 <_stack_size+0x8002>
     30a:	0000                	unimp
     30c:	05ca                	slli	a1,a1,0x12
     30e:	8000                	.2byte	0x8000
     310:	000a                	c.slli	zero,0x2
     312:	0000                	unimp
     314:	0a020137          	lui	sp,0xa020
     318:	02000003          	lb	zero,32(zero) # 20 <_program_size-0xe78>
     31c:	0d1e                	slli	s10,s10,0x7
     31e:	0000                	unimp
     320:	04fa                	slli	s1,s1,0x1e
     322:	0000                	unimp
     324:	1302                	slli	t1,t1,0x20
     326:	000d                	c.nop	3
     328:	0700                	addi	s0,sp,896
     32a:	0005                	c.nop	1
     32c:	0000                	unimp
     32e:	0005dc0f          	.4byte	0x5dc0f
     332:	9980                	.2byte	0x9980
     334:	0010                	.2byte	0x10
     336:	0100                	addi	s0,sp,128
     338:	5a01                	li	s4,-32
     33a:	5a01a303          	lw	t1,1440(gp)
     33e:	0101                	addi	sp,sp,0 # a020000 <_available_heap+0xa012e98>
     340:	01a3035b          	.4byte	0x1a3035b
     344:	5c01015b          	.4byte	0x5c01015b
     348:	5c01a303          	lw	t1,1472(gp)
     34c:	0101                	addi	sp,sp,0
     34e:	035d                	addi	t1,t1,23
     350:	015d01a3          	sb	s5,3(s10)
     354:	5e01                	li	t3,-32
     356:	5e01a303          	lw	t1,1504(gp)
     35a:	0101                	addi	sp,sp,0
     35c:	025f 0082 0101      	.byte	0x5f, 0x02, 0x82, 0x00, 0x01, 0x01
     362:	0260                	addi	s0,sp,268
     364:	0079                	c.nop	30
     366:	0101                	addi	sp,sp,0
     368:	0261                	addi	tp,tp,24 # 18 <_program_size-0xe80>
     36a:	0072                	c.slli	zero,0x1c
     36c:	0004ee27          	.4byte	0x4ee27
     370:	0100                	addi	s0,sp,128
     372:	0031                	c.nop	12
     374:	0000                	unimp
     376:	2800                	.2byte	0x2800
     378:	00a8                	addi	a0,sp,72
     37a:	0000                	unimp
     37c:	9c28                	.2byte	0x9c28
     37e:	0000                	unimp
     380:	2900                	.2byte	0x2900
     382:	009c                	addi	a5,sp,64
     384:	0000                	unimp
     386:	036d                	addi	t1,t1,27
     388:	0000                	unimp
     38a:	952a                	add	a0,a0,a0
     38c:	0000                	unimp
     38e:	0f00                	addi	s0,sp,912
     390:	1c00                	addi	s0,sp,560
     392:	0000029b          	.4byte	0x29b
     396:	0082016b          	.4byte	0x82016b
     39a:	0000                	unimp
     39c:	04fe                	slli	s1,s1,0x1f
     39e:	8000                	.2byte	0x8000
     3a0:	0020                	addi	s0,sp,8
     3a2:	0000                	unimp
     3a4:	9c01                	.2byte	0x9c01
     3a6:	04dc                	addi	a5,sp,580
     3a8:	0000                	unimp
     3aa:	6b05                	lui	s6,0x1
     3ac:	7965                	lui	s2,0xffff9
     3ae:	6b00                	.2byte	0x6b00
     3b0:	2901                	jal	7c0 <_program_size-0x6d8>
     3b2:	00000353          	.4byte	0x353
     3b6:	0514                	addi	a3,sp,640
     3b8:	0000                	unimp
     3ba:	00031f07          	.4byte	0x31f07
     3be:	6c00                	.2byte	0x6c00
     3c0:	2901                	jal	7d0 <_program_size-0x6c8>
     3c2:	00000353          	.4byte	0x353
     3c6:	00000547          	.4byte	0x547
     3ca:	6105                	addi	sp,sp,32
     3cc:	0064                	addi	s1,sp,12
     3ce:	016d                	addi	sp,sp,27
     3d0:	532a                	lw	t1,168(sp)
     3d2:	6c000003          	lb	zero,1728(zero) # 6c0 <_program_size-0x7d8>
     3d6:	0005                	c.nop	1
     3d8:	0700                	addi	s0,sp,896
     3da:	00fe                	slli	ra,ra,0x1f
     3dc:	0000                	unimp
     3de:	016d                	addi	sp,sp,27
     3e0:	0000ad37          	lui	s10,0xa
     3e4:	9100                	.2byte	0x9100
     3e6:	0005                	c.nop	1
     3e8:	0500                	addi	s0,sp,640
     3ea:	7470                	.2byte	0x7470
     3ec:	6e00                	.2byte	0x6e00
     3ee:	2a01                	jal	4fe <_program_size-0x99a>
     3f0:	00000353          	.4byte	0x353
     3f4:	05b6                	slli	a1,a1,0xd
     3f6:	0000                	unimp
     3f8:	00024d07          	.4byte	0x24d07
     3fc:	6e00                	.2byte	0x6e00
     3fe:	3701                	jal	2fe <_program_size-0xb9a>
     400:	00ad                	addi	ra,ra,11
     402:	0000                	unimp
     404:	000005db          	.4byte	0x5db
     408:	6305                	lui	t1,0x1
     40a:	0074                	addi	a3,sp,12
     40c:	5824016f          	jal	sp,4098e <_available_heap+0x33826>
     410:	00000003          	lb	zero,0(zero) # 0 <_program_size-0xe98>
     414:	0006                	c.slli	zero,0x1
     416:	0500                	addi	s0,sp,640
     418:	6174                	.2byte	0x6174
     41a:	016f0067          	jr	22(t5)
     41e:	5830                	lw	a2,112(s0)
     420:	25000003          	lb	zero,592(zero) # 250 <_program_size-0xc48>
     424:	0006                	c.slli	zero,0x1
     426:	3300                	.2byte	0x3300
     428:	04dc                	addi	a5,sp,580
     42a:	0000                	unimp
     42c:	04fe                	slli	s1,s1,0x1f
     42e:	8000                	.2byte	0x8000
     430:	001c                	.2byte	0x1c
     432:	0000                	unimp
     434:	7101                	addi	sp,sp,-512
     436:	0901                	addi	s2,s2,0 # ffff9000 <_ram_end+0x7ffe9000>
     438:	4c02                	lw	s8,0(sp)
     43a:	0005                	c.nop	1
     43c:	4a00                	lw	s0,16(a2)
     43e:	0006                	c.slli	zero,0x1
     440:	0200                	addi	s0,sp,256
     442:	0540                	addi	s0,sp,644
     444:	0000                	unimp
     446:	0664                	addi	s1,sp,780
     448:	0000                	unimp
     44a:	3402                	.2byte	0x3402
     44c:	0005                	c.nop	1
     44e:	7e00                	.2byte	0x7e00
     450:	0006                	c.slli	zero,0x1
     452:	0200                	addi	s0,sp,256
     454:	0529                	addi	a0,a0,10
     456:	0000                	unimp
     458:	0698                	addi	a4,sp,832
     45a:	0000                	unimp
     45c:	1d02                	slli	s10,s10,0x20
     45e:	0005                	c.nop	1
     460:	b200                	.2byte	0xb200
     462:	0006                	c.slli	zero,0x1
     464:	0200                	addi	s0,sp,256
     466:	0512                	slli	a0,a0,0x4
     468:	0000                	unimp
     46a:	06cc                	addi	a1,sp,836
     46c:	0000                	unimp
     46e:	0602                	c.slli64	a2
     470:	0005                	c.nop	1
     472:	e600                	.2byte	0xe600
     474:	0006                	c.slli	zero,0x1
     476:	0200                	addi	s0,sp,256
     478:	04fa                	slli	s1,s1,0x1e
     47a:	0000                	unimp
     47c:	0700                	addi	s0,sp,896
     47e:	0000                	unimp
     480:	ee02                	.2byte	0xee02
     482:	0004                	.2byte	0x4
     484:	1a00                	addi	s0,sp,304
     486:	08000007          	.4byte	0x8000007
     48a:	0558                	addi	a4,sp,644
     48c:	0000                	unimp
     48e:	0911                	addi	s2,s2,4
     490:	000d                	c.nop	3
     492:	0600                	addi	s0,sp,768
     494:	0005                	c.nop	1
     496:	1280                	addi	s0,sp,352
     498:	0000                	unimp
     49a:	3700                	.2byte	0x3700
     49c:	0201                	addi	tp,tp,0 # 0 <_program_size-0xe98>
     49e:	0491                	addi	s1,s1,4
     4a0:	0000                	unimp
     4a2:	1e02                	slli	t3,t3,0x20
     4a4:	000d                	c.nop	3
     4a6:	2700                	.2byte	0x2700
     4a8:	02000007          	.4byte	0x2000007
     4ac:	00000d13          	li	s10,0
     4b0:	00000727          	.4byte	0x727
     4b4:	1d00                	addi	s0,sp,688
     4b6:	051a                	slli	a0,a0,0x6
     4b8:	8000                	.2byte	0x8000
     4ba:	1099                	addi	ra,ra,-26
     4bc:	0000                	unimp
     4be:	0101                	addi	sp,sp,0
     4c0:	035a                	slli	t1,t1,0x16
     4c2:	015a01a3          	sb	s5,3(s4)
     4c6:	5b01                	li	s6,-32
     4c8:	5b01a303          	lw	t1,1456(gp)
     4cc:	0101                	addi	sp,sp,0
     4ce:	035c                	addi	a5,sp,388
     4d0:	015c01a3          	sb	s5,3(s8) # 18003 <_available_heap+0xae9b>
     4d4:	5d01                	li	s10,-32
     4d6:	5d01a303          	lw	t1,1488(gp)
     4da:	0101                	addi	sp,sp,0
     4dc:	035e                	slli	t1,t1,0x17
     4de:	015e01a3          	sb	s5,3(t3)
     4e2:	5f01                	li	t5,-32
     4e4:	5f01a303          	lw	t1,1520(gp)
     4e8:	0101                	addi	sp,sp,0
     4ea:	0360                	addi	s0,sp,396
     4ec:	016001a3          	sb	s6,3(zero) # 3 <_program_size-0xe95>
     4f0:	6101                	addi	sp,sp,0
     4f2:	6101a303          	lw	t1,1552(gp)
     4f6:	0004ee27          	.4byte	0x4ee27
     4fa:	0100                	addi	s0,sp,128
     4fc:	0030                	addi	a2,sp,8
     4fe:	0000                	unimp
     500:	1634                	addi	a3,sp,808
     502:	01000003          	lb	zero,16(zero) # 10 <_program_size-0xe88>
     506:	0128                	addi	a0,sp,136
     508:	820c                	.2byte	0x820c
     50a:	0000                	unimp
     50c:	0100                	addi	s0,sp,128
     50e:	0580                	addi	s0,sp,704
     510:	0000                	unimp
     512:	be1e                	.2byte	0xbe1e
     514:	0002                	c.slli64	zero
     516:	2800                	.2byte	0x2800
     518:	1e01                	addi	t3,t3,-32
     51a:	00ad                	addi	ra,ra,11
     51c:	0000                	unimp
     51e:	79656b13          	ori	s6,a0,1942
     522:	2900                	.2byte	0x2900
     524:	2301                	jal	a24 <_program_size-0x474>
     526:	00000353          	.4byte	0x353
     52a:	1f1e                	slli	t5,t5,0x27
     52c:	2a000003          	lb	zero,672(zero) # 2a0 <_program_size-0xbf8>
     530:	2301                	jal	a30 <_program_size-0x468>
     532:	00000353          	.4byte	0x353
     536:	00646113          	ori	sp,s0,6
     53a:	5324012b          	.4byte	0x5324012b
     53e:	1e000003          	lb	zero,480(zero) # 1e0 <_program_size-0xcb8>
     542:	00fe                	slli	ra,ra,0x1f
     544:	0000                	unimp
     546:	ad31012b          	.4byte	0xad31012b
     54a:	0000                	unimp
     54c:	1300                	addi	s0,sp,416
     54e:	6e69                	lui	t3,0x1a
     550:	2c00                	.2byte	0x2c00
     552:	2401                	jal	752 <_program_size-0x746>
     554:	00000353          	.4byte	0x353
     558:	ee1e                	.2byte	0xee1e
     55a:	0000                	unimp
     55c:	2c00                	.2byte	0x2c00
     55e:	3101                	jal	15e <_program_size-0xd3a>
     560:	00ad                	addi	ra,ra,11
     562:	0000                	unimp
     564:	74756f13          	ori	t5,a0,1863
     568:	2d00                	.2byte	0x2d00
     56a:	1e01                	addi	t3,t3,-32 # 19fe0 <_available_heap+0xce78>
     56c:	0358                	addi	a4,sp,388
     56e:	0000                	unimp
     570:	67617413          	andi	s0,sp,1654
     574:	2d00                	.2byte	0x2d00
     576:	2b01                	jal	a86 <_program_size-0x412>
     578:	0358                	addi	a4,sp,388
     57a:	0000                	unimp
     57c:	721f 0063 012f      	.byte	0x1f, 0x72, 0x63, 0x00, 0x2f, 0x01
     582:	8206                	mv	tp,ra
     584:	0000                	unimp
     586:	3500                	.2byte	0x3500
     588:	00000573          	.4byte	0x573
     58c:	771f 3a00 1001      	.byte	0x1f, 0x77, 0x00, 0x3a, 0x01, 0x10
     592:	00ad                	addi	ra,ra,11
     594:	0000                	unimp
     596:	1400                	addi	s0,sp,544
     598:	771f 3f00 1001      	.byte	0x1f, 0x77, 0x00, 0x3f, 0x01, 0x10
     59e:	00ad                	addi	ra,ra,11
     5a0:	0000                	unimp
     5a2:	0000                	unimp
     5a4:	1036                	c.slli	zero,0x2d
     5a6:	0001                	nop
     5a8:	0100                	addi	s0,sp,128
     5aa:	0112                	slli	sp,sp,0x4
     5ac:	010d                	addi	sp,sp,3
     5ae:	000005a7          	.4byte	0x5a7
     5b2:	67617413          	andi	s0,sp,1654
     5b6:	1200                	addi	s0,sp,288
     5b8:	2901                	jal	9c8 <_program_size-0x4d0>
     5ba:	00000353          	.4byte	0x353
     5be:	1f14                	addi	a3,sp,944
     5c0:	01160077          	.4byte	0x1160077
     5c4:	ad10                	.2byte	0xad10
     5c6:	0000                	unimp
     5c8:	0000                	unimp
     5ca:	1c00                	addi	s0,sp,560
     5cc:	00000303          	lb	t1,0(zero) # 0 <_program_size-0xe98>
     5d0:	00820107          	.4byte	0x820107
     5d4:	0000                	unimp
     5d6:	04ee                	slli	s1,s1,0x1b
     5d8:	8000                	.2byte	0x8000
     5da:	0010                	.2byte	0x10
     5dc:	0000                	unimp
     5de:	9c01                	.2byte	0x9c01
     5e0:	0658                	addi	a4,sp,772
     5e2:	0000                	unimp
     5e4:	7a05                	lui	s4,0xfffe1
     5e6:	0700                	addi	s0,sp,896
     5e8:	2201                	jal	6e8 <_program_size-0x7b0>
     5ea:	00000353          	.4byte	0x353
     5ee:	0734                	addi	a3,sp,904
     5f0:	0000                	unimp
     5f2:	00032e07          	.4byte	0x32e07
     5f6:	0700                	addi	s0,sp,896
     5f8:	2e01                	jal	908 <_program_size-0x590>
     5fa:	00ad                	addi	ra,ra,11
     5fc:	0000                	unimp
     5fe:	0759                	addi	a4,a4,22
     600:	0000                	unimp
     602:	6d05                	lui	s10,0x1
     604:	08006773          	csrrsi	a4,0x80,0
     608:	2201                	jal	708 <_program_size-0x790>
     60a:	00000353          	.4byte	0x353
     60e:	077e                	slli	a4,a4,0x1f
     610:	0000                	unimp
     612:	00007907          	.4byte	0x7907
     616:	0800                	addi	s0,sp,16
     618:	3001                	jal	fffffe18 <_ram_end+0x7ffefe18>
     61a:	00ad                	addi	ra,ra,11
     61c:	0000                	unimp
     61e:	000007a3          	sb	zero,15(zero) # f <_program_size-0xe89>
     622:	6f05                	lui	t5,0x1
     624:	7475                	lui	s0,0xffffd
     626:	0900                	addi	s0,sp,144
     628:	1c01                	addi	s8,s8,-32
     62a:	0358                	addi	a4,sp,388
     62c:	0000                	unimp
     62e:	07c8                	addi	a0,sp,964
     630:	0000                	unimp
     632:	0000ab07          	.4byte	0xab07
     636:	0900                	addi	s0,sp,144
     638:	2a01                	jal	748 <_program_size-0x750>
     63a:	00ad                	addi	ra,ra,11
     63c:	0000                	unimp
     63e:	07ed                	addi	a5,a5,27 # 6400001b <_available_heap+0x63ff2eb3>
     640:	0000                	unimp
     642:	fe1d                	bnez	a2,580 <_program_size-0x918>
     644:	0004                	.2byte	0x4
     646:	e780                	.2byte	0xe780
     648:	0006                	c.slli	zero,0x1
     64a:	0100                	addi	s0,sp,128
     64c:	5a01                	li	s4,-32
     64e:	3401                	jal	4e <_program_size-0xe4a>
     650:	0101                	addi	sp,sp,0
     652:	01a3035b          	.4byte	0x1a3035b
     656:	015a                	slli	sp,sp,0x16
     658:	5c01                	li	s8,-32
     65a:	5b01a303          	lw	t1,1456(gp)
     65e:	0101                	addi	sp,sp,0
     660:	035d                	addi	t1,t1,23 # 1017 <_program_size+0x17f>
     662:	015c01a3          	sb	s5,3(s8)
     666:	5e01                	li	t3,-32
     668:	5d01a303          	lw	t1,1488(gp)
     66c:	0101                	addi	sp,sp,0
     66e:	035f 01a3 015e      	.byte	0x5f, 0x03, 0xa3, 0x01, 0x5e, 0x01
     674:	6001                	.2byte	0x6001
     676:	5f01a303          	lw	t1,1520(gp)
     67a:	0000                	unimp
     67c:	4e1c                	lw	a5,24(a2)
     67e:	0001                	nop
     680:	0200                	addi	s0,sp,256
     682:	8201                	c.srli64	a2
     684:	0000                	unimp
     686:	de00                	sw	s0,56(a2)
     688:	0004                	.2byte	0x4
     68a:	1080                	addi	s0,sp,96
     68c:	0000                	unimp
     68e:	0100                	addi	s0,sp,128
     690:	e79c                	.2byte	0xe79c
     692:	0006                	c.slli	zero,0x1
     694:	0500                	addi	s0,sp,640
     696:	736d                	lui	t1,0xffffb
     698:	01020067          	jr	16(tp) # 0 <_program_size-0xe98>
     69c:	5321                	li	t1,-24
     69e:	12000003          	lb	zero,288(zero) # 120 <_program_size-0xd78>
     6a2:	0008                	.2byte	0x8
     6a4:	0700                	addi	s0,sp,896
     6a6:	0079                	c.nop	30
     6a8:	0000                	unimp
     6aa:	0102                	c.slli64	sp
     6ac:	0000ad2f          	amoadd.w	s10,zero,(ra)
     6b0:	3700                	.2byte	0x3700
     6b2:	0008                	.2byte	0x8
     6b4:	0500                	addi	s0,sp,640
     6b6:	0074756f          	jal	a0,47ebc <_available_heap+0x3ad54>
     6ba:	0102                	c.slli64	sp
     6bc:	5841                	li	a6,-16
     6be:	5c000003          	lb	zero,1472(zero) # 5c0 <_program_size-0x8d8>
     6c2:	0008                	.2byte	0x8
     6c4:	0700                	addi	s0,sp,896
     6c6:	000000ab          	.4byte	0xab
     6ca:	0102                	c.slli64	sp
     6cc:	0000ad4f          	.4byte	0xad4f
     6d0:	8100                	.2byte	0x8100
     6d2:	0008                	.2byte	0x8
     6d4:	1d00                	addi	s0,sp,688
     6d6:	04ee                	slli	s1,s1,0x1b
     6d8:	8000                	.2byte	0x8000
     6da:	000006e7          	jalr	a3,zero # 0 <_program_size-0xe98>
     6de:	0101                	addi	sp,sp,0
     6e0:	015a                	slli	sp,sp,0x16
     6e2:	5b010133          	.4byte	0x5b010133
     6e6:	3001                	jal	fffffee6 <_ram_end+0x7ffefee6>
     6e8:	0101                	addi	sp,sp,0
     6ea:	015c                	addi	a5,sp,132
     6ec:	0130                	addi	a2,sp,136
     6ee:	5d01                	li	s10,-32
     6f0:	5a01a303          	lw	t1,1440(gp)
     6f4:	0101                	addi	sp,sp,0
     6f6:	035e                	slli	t1,t1,0x17
     6f8:	015b01a3          	sb	s5,3(s6) # 1003 <_program_size+0x16b>
     6fc:	5f01                	li	t5,-32
     6fe:	5c01a303          	lw	t1,1472(gp)
     702:	0101                	addi	sp,sp,0
     704:	0360                	addi	s0,sp,396
     706:	005d01a3          	sb	t0,3(s10) # 1003 <_program_size+0x16b>
     70a:	3700                	.2byte	0x3700
     70c:	0234                	addi	a3,sp,264
     70e:	0000                	unimp
     710:	ce01                	beqz	a2,728 <_program_size-0x770>
     712:	820c                	.2byte	0x820c
     714:	0000                	unimp
     716:	2400                	.2byte	0x2400
     718:	0002                	c.slli64	zero
     71a:	2680                	.2byte	0x2680
     71c:	0001                	nop
     71e:	0100                	addi	s0,sp,128
     720:	199c                	addi	a5,sp,240
     722:	0009                	c.nop	2
     724:	1700                	addi	s0,sp,928
     726:	02be                	slli	t0,t0,0xf
     728:	0000                	unimp
     72a:	20ce                	.2byte	0x20ce
     72c:	00ad                	addi	ra,ra,11
     72e:	0000                	unimp
     730:	08a6                	slli	a7,a7,0x9
     732:	0000                	unimp
     734:	7a18                	.2byte	0x7a18
     736:	cf00                	sw	s0,24(a4)
     738:	5326                	lw	t1,104(sp)
     73a:	c0000003          	lb	zero,-1024(zero) # fffffc00 <_ram_end+0x7ffefc00>
     73e:	0008                	.2byte	0x8
     740:	1700                	addi	s0,sp,928
     742:	032e                	slli	t1,t1,0xb
     744:	0000                	unimp
     746:	00ad32cf          	.4byte	0xad32cf
     74a:	0000                	unimp
     74c:	08fe                	slli	a7,a7,0x1f
     74e:	0000                	unimp
     750:	6d18                	.2byte	0x6d18
     752:	d0006773          	csrrsi	a4,0xd00,0
     756:	5326                	lw	t1,104(sp)
     758:	3c000003          	lb	zero,960(zero) # 3c0 <_program_size-0xad8>
     75c:	0009                	c.nop	2
     75e:	1700                	addi	s0,sp,928
     760:	0079                	c.nop	30
     762:	0000                	unimp
     764:	34d0                	.2byte	0x34d0
     766:	00ad                	addi	ra,ra,11
     768:	0000                	unimp
     76a:	097a                	slli	s2,s2,0x1e
     76c:	0000                	unimp
     76e:	6f18                	.2byte	0x6f18
     770:	7475                	lui	s0,0xffffd
     772:	d100                	sw	s0,32(a0)
     774:	5820                	lw	s0,112(s0)
     776:	b8000003          	lb	zero,-1152(zero) # fffffb80 <_ram_end+0x7ffefb80>
     77a:	0009                	c.nop	2
     77c:	1700                	addi	s0,sp,928
     77e:	000000ab          	.4byte	0xab
     782:	2ed1                	jal	b56 <_program_size-0x342>
     784:	00ad                	addi	ra,ra,11
     786:	0000                	unimp
     788:	09f6                	slli	s3,s3,0x1d
     78a:	0000                	unimp
     78c:	7219                	lui	tp,0xfffe6
     78e:	06d30063          	beq	t1,a3,7ee <_program_size-0x6aa>
     792:	0082                	c.slli64	ra
     794:	0000                	unimp
     796:	0a26                	slli	s4,s4,0x9
     798:	0000                	unimp
     79a:	0038                	addi	a4,sp,8
     79c:	0001                	nop
     79e:	3500                	.2byte	0x3500
     7a0:	0008                	.2byte	0x8
     7a2:	3900                	.2byte	0x3900
     7a4:	00000073          	ecall
     7a8:	e001                	bnez	s0,7a8 <_program_size-0x6f0>
     7aa:	0009190b          	.4byte	0x9190b
     7ae:	0200                	addi	s0,sp,256
     7b0:	5891                	li	a7,-28
     7b2:	743a                	.2byte	0x743a
     7b4:	0000                	unimp
     7b6:	0100                	addi	s0,sp,128
     7b8:	0ce1                	addi	s9,s9,24
     7ba:	00b9                	addi	ra,ra,14
     7bc:	0000                	unimp
     7be:	00000a6b          	.4byte	0xa6b
     7c2:	9025                	srli	s0,s0,0x29
     7c4:	0002                	c.slli64	zero
     7c6:	3480                	.2byte	0x3480
     7c8:	0000                	unimp
     7ca:	b900                	.2byte	0xb900
     7cc:	19000007          	.4byte	0x19000007
     7d0:	0069                	c.nop	26
     7d2:	00820ce3          	beq	tp,s0,fea <_program_size+0x152>
     7d6:	0000                	unimp
     7d8:	0a7c                	addi	a5,sp,284
     7da:	0000                	unimp
     7dc:	1500                	addi	s0,sp,672
     7de:	0d34                	addi	a3,sp,664
     7e0:	0000                	unimp
     7e2:	02ea                	slli	t0,t0,0x1a
     7e4:	8000                	.2byte	0x8000
     7e6:	0010                	.2byte	0x10
     7e8:	0000                	unimp
     7ea:	08ee                	slli	a7,a7,0x1b
     7ec:	07ec                	addi	a1,sp,972
     7ee:	0000                	unimp
     7f0:	4809                	li	a6,2
     7f2:	000d                	c.nop	3
     7f4:	ea00                	.2byte	0xea00
     7f6:	0002                	c.slli64	zero
     7f8:	1080                	addi	s0,sp,96
     7fa:	0000                	unimp
     7fc:	3e00                	.2byte	0x3e00
     7fe:	0429                	addi	s0,s0,10 # ffffd00a <_ram_end+0x7ffed00a>
     800:	0d62                	slli	s10,s10,0x18
     802:	0000                	unimp
     804:	5704                	lw	s1,40(a4)
     806:	000d                	c.nop	3
     808:	0800                	addi	s0,sp,16
     80a:	0d6d                	addi	s10,s10,27
     80c:	0000                	unimp
     80e:	0000                	unimp
     810:	0002d20b          	.4byte	0x2d20b
     814:	8780                	.2byte	0x8780
     816:	000c                	.2byte	0xc
     818:	1900                	addi	s0,sp,176
     81a:	0008                	.2byte	0x8
     81c:	0100                	addi	s0,sp,128
     81e:	5a01                	li	s4,-32
     820:	9102                	jalr	sp
     822:	0158                	addi	a4,sp,132
     824:	5b01                	li	s6,-32
     826:	3001                	jal	26 <_program_size-0xe72>
     828:	0101                	addi	sp,sp,0
     82a:	015c                	addi	a5,sp,132
     82c:	0138                	addi	a4,sp,136
     82e:	5d01                	li	s10,-32
     830:	3001                	jal	30 <_program_size-0xe68>
     832:	0101                	addi	sp,sp,0
     834:	015e                	slli	sp,sp,0x17
     836:	0130                	addi	a2,sp,136
     838:	5f01                	li	t5,-32
     83a:	3001                	jal	3a <_program_size-0xe5e>
     83c:	0f00                	addi	s0,sp,912
     83e:	02de                	slli	t0,t0,0x17
     840:	8000                	.2byte	0x8000
     842:	00000c07          	.4byte	0xc07
     846:	0101                	addi	sp,sp,0
     848:	025a                	slli	tp,tp,0x16
     84a:	0086                	slli	ra,ra,0x1
     84c:	0101                	addi	sp,sp,0
     84e:	0085025b          	.4byte	0x85025b
     852:	0101                	addi	sp,sp,0
     854:	015c                	addi	a5,sp,132
     856:	0030                	addi	a2,sp,8
     858:	1600                	addi	s0,sp,800
     85a:	00000ce3          	beqz	zero,1072 <_program_size+0x1da>
     85e:	024e                	slli	tp,tp,0x13
     860:	8000                	.2byte	0x8000
     862:	00da                	slli	ra,ra,0x16
     864:	0000                	unimp
     866:	07d8                	addi	a4,sp,964
     868:	08b0                	addi	a2,sp,88
     86a:	0000                	unimp
     86c:	fd02                	.2byte	0xfd02
     86e:	000c                	.2byte	0xc
     870:	bf00                	.2byte	0xbf00
     872:	000a                	c.slli	zero,0x2
     874:	0200                	addi	s0,sp,256
     876:	0cf2                	slli	s9,s9,0x1c
     878:	0000                	unimp
     87a:	0ae6                	slli	s5,s5,0x19
     87c:	0000                	unimp
     87e:	0916                	slli	s2,s2,0x5
     880:	000d                	c.nop	3
     882:	4e00                	lw	s0,24(a2)
     884:	0002                	c.slli64	zero
     886:	ed80                	.2byte	0xed80
     888:	0000                	unimp
     88a:	4f00                	lw	s0,24(a4)
     88c:	8002                	.2byte	0x8002
     88e:	0008                	.2byte	0x8
     890:	0200                	addi	s0,sp,256
     892:	0d1e                	slli	s10,s10,0x7
     894:	0000                	unimp
     896:	0af2                	slli	s5,s5,0x1c
     898:	0000                	unimp
     89a:	1302                	slli	t1,t1,0x20
     89c:	000d                	c.nop	3
     89e:	1900                	addi	s0,sp,176
     8a0:	0000000b          	.4byte	0xb
     8a4:	3409                	jal	2a6 <_program_size-0xbf2>
     8a6:	000d                	c.nop	3
     8a8:	7000                	.2byte	0x7000
     8aa:	0002                	c.slli64	zero
     8ac:	1280                	addi	s0,sp,352
     8ae:	0000                	unimp
     8b0:	5000                	lw	s0,32(s0)
     8b2:	0909                	addi	s2,s2,2
     8b4:	0d48                	addi	a0,sp,660
     8b6:	0000                	unimp
     8b8:	0270                	addi	a2,sp,268
     8ba:	8000                	.2byte	0x8000
     8bc:	0012                	c.slli	zero,0x4
     8be:	0000                	unimp
     8c0:	293e                	.2byte	0x293e
     8c2:	6204                	.2byte	0x6204
     8c4:	000d                	c.nop	3
     8c6:	0400                	addi	s0,sp,512
     8c8:	00000d57          	.4byte	0xd57
     8cc:	6d08                	.2byte	0x6d08
     8ce:	000d                	c.nop	3
     8d0:	0000                	unimp
     8d2:	0000                	unimp
     8d4:	2a15                	jal	a08 <_program_size-0x490>
     8d6:	000d                	c.nop	3
     8d8:	0e00                	addi	s0,sp,784
     8da:	10800003          	lb	zero,264(zero) # 108 <_program_size-0xd90>
     8de:	0000                	unimp
     8e0:	f700                	.2byte	0xf700
     8e2:	0008e307          	.4byte	0x8e307
     8e6:	0900                	addi	s0,sp,144
     8e8:	0d48                	addi	a0,sp,660
     8ea:	0000                	unimp
     8ec:	030e                	slli	t1,t1,0x3
     8ee:	8000                	.2byte	0x8000
     8f0:	0010                	.2byte	0x10
     8f2:	0000                	unimp
     8f4:	6204293f 0400000d 	.8byte	0x400000d6204293f
     8fc:	00000d57          	.4byte	0xd57
     900:	6d08                	.2byte	0x6d08
     902:	000d                	c.nop	3
     904:	0000                	unimp
     906:	0b00                	addi	s0,sp,400
     908:	0302                	c.slli64	t1
     90a:	8000                	.2byte	0x8000
     90c:	00000c07          	.4byte	0xc07
     910:	0902                	c.slli64	s2
     912:	0000                	unimp
     914:	0101                	addi	sp,sp,0
     916:	025a                	slli	tp,tp,0x16
     918:	0079                	c.nop	30
     91a:	0101                	addi	sp,sp,0
     91c:	0082025b          	.4byte	0x82025b
     920:	0101                	addi	sp,sp,0
     922:	015c                	addi	a5,sp,132
     924:	0030                	addi	a2,sp,8
     926:	00032c0f          	.4byte	0x32c0f
     92a:	5b80                	lw	s0,48(a5)
     92c:	000a                	c.slli	zero,0x2
     92e:	0100                	addi	s0,sp,128
     930:	5a01                	li	s4,-32
     932:	7802                	.2byte	0x7802
     934:	0100                	addi	s0,sp,128
     936:	5b01                	li	s6,-32
     938:	8302                	jr	t1
     93a:	0000                	unimp
     93c:	2900                	.2byte	0x2900
     93e:	009c                	addi	a5,sp,64
     940:	0000                	unimp
     942:	0929                	addi	s2,s2,10
     944:	0000                	unimp
     946:	952a                	add	a0,a0,a0
     948:	0000                	unimp
     94a:	0700                	addi	s0,sp,896
     94c:	3b00                	.2byte	0x3b00
     94e:	000002c3          	.4byte	0x2c3
     952:	b901                	j	562 <_program_size-0x936>
     954:	8205                	srli	a2,a2,0x1
     956:	0000                	unimp
     958:	7400                	.2byte	0x7400
     95a:	0004                	.2byte	0x4
     95c:	6a80                	.2byte	0x6a80
     95e:	0000                	unimp
     960:	0100                	addi	s0,sp,128
     962:	5b9c                	lw	a5,48(a5)
     964:	000a                	c.slli	zero,0x2
     966:	1800                	addi	s0,sp,48
     968:	736d                	lui	t1,0xffffb
     96a:	22b90067          	jr	555(s2)
     96e:	00000353          	.4byte	0x353
     972:	0b25                	addi	s6,s6,9
     974:	0000                	unimp
     976:	00007917          	auipc	s2,0x7
     97a:	b900                	.2byte	0xb900
     97c:	ad30                	.2byte	0xad30
     97e:	0000                	unimp
     980:	3f00                	.2byte	0x3f00
     982:	1800000b          	.4byte	0x1800000b
     986:	646d                	lui	s0,0x1b
     988:	b900                	.2byte	0xb900
     98a:	5841                	li	a6,-16
     98c:	59000003          	lb	zero,1424(zero) # 590 <_program_size-0x908>
     990:	1900000b          	.4byte	0x1900000b
     994:	6372                	.2byte	0x6372
     996:	bb00                	.2byte	0xbb00
     998:	8206                	mv	tp,ra
     99a:	0000                	unimp
     99c:	8900                	.2byte	0x8900
     99e:	1600000b          	.4byte	0x1600000b
     9a2:	00000ce3          	beqz	zero,11ba <_program_size+0x322>
     9a6:	0474                	addi	a3,sp,524
     9a8:	8000                	.2byte	0x8000
     9aa:	0000012f          	.4byte	0x12f
     9ae:	09fe0bbb          	.4byte	0x9fe0bbb
     9b2:	0000                	unimp
     9b4:	fd02                	.2byte	0xfd02
     9b6:	000c                	.2byte	0xc
     9b8:	ad00                	.2byte	0xad00
     9ba:	0200000b          	.4byte	0x200000b
     9be:	0cf2                	slli	s9,s9,0x1c
     9c0:	0000                	unimp
     9c2:	0bba                	slli	s7,s7,0xe
     9c4:	0000                	unimp
     9c6:	0916                	slli	s2,s2,0x5
     9c8:	000d                	c.nop	3
     9ca:	7400                	.2byte	0x7400
     9cc:	0004                	.2byte	0x4
     9ce:	4b80                	lw	s0,16(a5)
     9d0:	0001                	nop
     9d2:	4f00                	lw	s0,24(a4)
     9d4:	c802                	sw	zero,16(sp)
     9d6:	0009                	c.nop	2
     9d8:	0200                	addi	s0,sp,256
     9da:	0d1e                	slli	s10,s10,0x7
     9dc:	0000                	unimp
     9de:	00000bc7          	.4byte	0xbc7
     9e2:	1302                	slli	t1,t1,0x20
     9e4:	000d                	c.nop	3
     9e6:	d400                	sw	s0,40(s0)
     9e8:	0000000b          	.4byte	0xb
     9ec:	341a                	.2byte	0x341a
     9ee:	000d                	c.nop	3
     9f0:	9600                	.2byte	0x9600
     9f2:	0004                	.2byte	0x4
     9f4:	7080                	.2byte	0x7080
     9f6:	0001                	nop
     9f8:	5000                	lw	s0,32(s0)
     9fa:	1a09                	addi	s4,s4,-30 # fffe0fe2 <_ram_end+0x7ffd0fe2>
     9fc:	0d48                	addi	a0,sp,660
     9fe:	0000                	unimp
     a00:	0496                	slli	s1,s1,0x5
     a02:	8000                	.2byte	0x8000
     a04:	0170                	addi	a2,sp,140
     a06:	0000                	unimp
     a08:	293e                	.2byte	0x293e
     a0a:	6204                	.2byte	0x6204
     a0c:	000d                	c.nop	3
     a0e:	0400                	addi	s0,sp,512
     a10:	00000d57          	.4byte	0xd57
     a14:	7012                	.2byte	0x7012
     a16:	0001                	nop
     a18:	0800                	addi	s0,sp,16
     a1a:	0d6d                	addi	s10,s10,27
     a1c:	0000                	unimp
     a1e:	0000                	unimp
     a20:	0000                	unimp
     a22:	2a15                	jal	b56 <_program_size-0x342>
     a24:	000d                	c.nop	3
     a26:	b600                	.2byte	0xb600
     a28:	0004                	.2byte	0x4
     a2a:	1080                	addi	s0,sp,96
     a2c:	0000                	unimp
     a2e:	c400                	sw	s0,8(s0)
     a30:	000a3107          	.4byte	0xa3107
     a34:	0900                	addi	s0,sp,144
     a36:	0d48                	addi	a0,sp,660
     a38:	0000                	unimp
     a3a:	04b6                	slli	s1,s1,0xd
     a3c:	8000                	.2byte	0x8000
     a3e:	0010                	.2byte	0x10
     a40:	0000                	unimp
     a42:	6204293f 0400000d 	.8byte	0x400000d6204293f
     a4a:	00000d57          	.4byte	0xd57
     a4e:	6d08                	.2byte	0x6d08
     a50:	000d                	c.nop	3
     a52:	0000                	unimp
     a54:	0b00                	addi	s0,sp,400
     a56:	04aa                	slli	s1,s1,0xa
     a58:	8000                	.2byte	0x8000
     a5a:	00000c07          	.4byte	0xc07
     a5e:	0a44                	addi	s1,sp,276
     a60:	0000                	unimp
     a62:	0101                	addi	sp,sp,0
     a64:	015c                	addi	a5,sp,132
     a66:	0030                	addi	a2,sp,8
     a68:	0004ce0f          	.4byte	0x4ce0f
     a6c:	3380                	.2byte	0x3380
     a6e:	0100000b          	.4byte	0x100000b
     a72:	5a01                	li	s4,-32
     a74:	7902                	.2byte	0x7902
     a76:	0100                	addi	s0,sp,128
     a78:	5b01                	li	s6,-32
     a7a:	0802                	c.slli64	a6
     a7c:	0020                	addi	s0,sp,8
     a7e:	2b00                	.2byte	0x2b00
     a80:	000000b3          	add	ra,zero,zero
     a84:	92ad                	srli	a3,a3,0x2b
     a86:	0000                	unimp
     a88:	6880                	.2byte	0x6880
     a8a:	0000                	unimp
     a8c:	0100                	addi	s0,sp,128
     a8e:	339c                	.2byte	0x339c
     a90:	2000000b          	.4byte	0x2000000b
     a94:	7364                	.2byte	0x7364
     a96:	0074                	addi	a3,sp,12
     a98:	23ad                	jal	1002 <_program_size+0x16a>
     a9a:	0358                	addi	a4,sp,388
     a9c:	0000                	unimp
     a9e:	5a01                	li	s4,-32
     aa0:	6c20                	.2byte	0x6c20
     aa2:	6e65                	lui	t3,0x19
     aa4:	ad00                	.2byte	0xad00
     aa6:	ad31                	j	10c2 <_program_size+0x22a>
     aa8:	0000                	unimp
     aaa:	0100                	addi	s0,sp,128
     aac:	00923c5b          	.4byte	0x923c5b
     ab0:	8000                	.2byte	0x8000
     ab2:	0066                	c.slli	zero,0x19
     ab4:	0000                	unimp
     ab6:	7719                	lui	a4,0xfffe6
     ab8:	af00                	.2byte	0xaf00
     aba:	ad10                	.2byte	0xad10
     abc:	0000                	unimp
     abe:	e100                	.2byte	0xe100
     ac0:	1600000b          	.4byte	0x1600000b
     ac4:	0d8d                	addi	s11,s11,3
     ac6:	0000                	unimp
     ac8:	00a0                	addi	s0,sp,72
     aca:	8000                	.2byte	0x8000
     acc:	004e                	c.slli	zero,0x13
     ace:	0000                	unimp
     ad0:	03b0                	addi	a2,sp,456
     ad2:	0aea                	slli	s5,s5,0x1a
     ad4:	0000                	unimp
     ad6:	b802                	.2byte	0xb802
     ad8:	000d                	c.nop	3
     ada:	ee00                	.2byte	0xee00
     adc:	0200000b          	.4byte	0x200000b
     ae0:	0dad                	addi	s11,s11,11
     ae2:	0000                	unimp
     ae4:	0bfa                	slli	s7,s7,0x1e
     ae6:	0000                	unimp
     ae8:	a202                	.2byte	0xa202
     aea:	000d                	c.nop	3
     aec:	0600                	addi	s0,sp,768
     aee:	000c                	.2byte	0xc
     af0:	0200                	addi	s0,sp,256
     af2:	00000d97          	auipc	s11,0x0
     af6:	0c12                	slli	s8,s8,0x4
     af8:	0000                	unimp
     afa:	c10e                	sw	gp,128(sp)
     afc:	000d                	c.nop	3
     afe:	4e00                	lw	s0,24(a2)
     b00:	0000                	unimp
     b02:	0300                	addi	s0,sp,384
     b04:	0dc2                	slli	s11,s11,0x10
     b06:	0000                	unimp
     b08:	0c1e                	slli	s8,s8,0x7
     b0a:	0000                	unimp
     b0c:	0000                	unimp
     b0e:	8d1a                	mv	s10,t1
     b10:	000d                	c.nop	3
     b12:	d400                	sw	s0,40(s0)
     b14:	0000                	unimp
     b16:	6a80                	.2byte	0x6a80
     b18:	0000                	unimp
     b1a:	b100                	.2byte	0xb100
     b1c:	0db80203          	lb	tp,219(a6)
     b20:	0000                	unimp
     b22:	0c4d                	addi	s8,s8,19
     b24:	0000                	unimp
     b26:	ad02                	.2byte	0xad02
     b28:	000d                	c.nop	3
     b2a:	5900                	lw	s0,48(a0)
     b2c:	000c                	.2byte	0xc
     b2e:	0200                	addi	s0,sp,256
     b30:	0da2                	slli	s11,s11,0x8
     b32:	0000                	unimp
     b34:	0c65                	addi	s8,s8,25
     b36:	0000                	unimp
     b38:	9702                	jalr	a4
     b3a:	000d                	c.nop	3
     b3c:	7100                	.2byte	0x7100
     b3e:	000c                	.2byte	0xc
     b40:	0e00                	addi	s0,sp,784
     b42:	0dc1                	addi	s11,s11,16 # b02 <_program_size-0x396>
     b44:	0000                	unimp
     b46:	006a                	c.slli	zero,0x1a
     b48:	0000                	unimp
     b4a:	000dc203          	lbu	tp,0(s11)
     b4e:	7d00                	.2byte	0x7d00
     b50:	000c                	.2byte	0xc
     b52:	0000                	unimp
     b54:	0000                	unimp
     b56:	2b00                	.2byte	0x2b00
     b58:	0081                	addi	ra,ra,0
     b5a:	0000                	unimp
     b5c:	2ca4                	.2byte	0x2ca4
     b5e:	0000                	unimp
     b60:	6680                	.2byte	0x6680
     b62:	0000                	unimp
     b64:	0100                	addi	s0,sp,128
     b66:	079c                	addi	a5,sp,960
     b68:	000c                	.2byte	0xc
     b6a:	2000                	.2byte	0x2000
     b6c:	7364                	.2byte	0x7364
     b6e:	0074                	addi	a3,sp,12
     b70:	20a4                	.2byte	0x20a4
     b72:	0358                	addi	a4,sp,388
     b74:	0000                	unimp
     b76:	5a01                	li	s4,-32
     b78:	6c20                	.2byte	0x6c20
     b7a:	6e65                	lui	t3,0x19
     b7c:	a400                	.2byte	0xa400
     b7e:	ad2e                	.2byte	0xad2e
     b80:	0000                	unimp
     b82:	0100                	addi	s0,sp,128
     b84:	000c125b          	.4byte	0xc125b
     b88:	0000                	unimp
     b8a:	7719                	lui	a4,0xfffe6
     b8c:	a600                	.2byte	0xa600
     b8e:	ad10                	.2byte	0xad10
     b90:	0000                	unimp
     b92:	ae00                	.2byte	0xae00
     b94:	000c                	.2byte	0xc
     b96:	1600                	addi	s0,sp,800
     b98:	0d8d                	addi	s11,s11,3
     b9a:	0000                	unimp
     b9c:	0038                	addi	a4,sp,8
     b9e:	8000                	.2byte	0x8000
     ba0:	001f 0000 03a7      	.byte	0x1f, 0x00, 0x00, 0x00, 0xa7, 0x03
     ba6:	0bbe                	slli	s7,s7,0xf
     ba8:	0000                	unimp
     baa:	b802                	.2byte	0xb802
     bac:	000d                	c.nop	3
     bae:	bb00                	.2byte	0xbb00
     bb0:	000c                	.2byte	0xc
     bb2:	0200                	addi	s0,sp,256
     bb4:	0dad                	addi	s11,s11,11
     bb6:	0000                	unimp
     bb8:	00000cc7          	.4byte	0xcc7
     bbc:	a202                	.2byte	0xa202
     bbe:	000d                	c.nop	3
     bc0:	d300                	sw	s0,32(a4)
     bc2:	000c                	.2byte	0xc
     bc4:	0200                	addi	s0,sp,256
     bc6:	00000d97          	auipc	s11,0x0
     bca:	0cdf 0000 c10e      	.byte	0xdf, 0x0c, 0x00, 0x00, 0x0e, 0xc1
     bd0:	000d                	c.nop	3
     bd2:	1f00                	addi	s0,sp,944
     bd4:	0000                	unimp
     bd6:	0300                	addi	s0,sp,384
     bd8:	0dc2                	slli	s11,s11,0x10
     bda:	0000                	unimp
     bdc:	00000ceb          	.4byte	0xceb
     be0:	0000                	unimp
     be2:	8d1a                	mv	s10,t1
     be4:	000d                	c.nop	3
     be6:	6c00                	.2byte	0x6c00
     be8:	0000                	unimp
     bea:	3b80                	.2byte	0x3b80
     bec:	0000                	unimp
     bee:	a800                	.2byte	0xa800
     bf0:	0db80203          	lb	tp,219(a6)
     bf4:	0000                	unimp
     bf6:	0d1a                	slli	s10,s10,0x6
     bf8:	0000                	unimp
     bfa:	ad02                	.2byte	0xad02
     bfc:	000d                	c.nop	3
     bfe:	2600                	.2byte	0x2600
     c00:	000d                	c.nop	3
     c02:	0200                	addi	s0,sp,256
     c04:	0da2                	slli	s11,s11,0x8
     c06:	0000                	unimp
     c08:	0d32                	slli	s10,s10,0xc
     c0a:	0000                	unimp
     c0c:	9702                	jalr	a4
     c0e:	000d                	c.nop	3
     c10:	3e00                	.2byte	0x3e00
     c12:	000d                	c.nop	3
     c14:	0e00                	addi	s0,sp,784
     c16:	0dc1                	addi	s11,s11,16 # bd6 <_program_size-0x2c2>
     c18:	0000                	unimp
     c1a:	0000003b          	.4byte	0x3b
     c1e:	000dc203          	lbu	tp,0(s11)
     c22:	4a00                	lw	s0,16(a2)
     c24:	000d                	c.nop	3
     c26:	0000                	unimp
     c28:	0000                	unimp
     c2a:	1b00                	addi	s0,sp,432
     c2c:	0105                	addi	sp,sp,1
     c2e:	0000                	unimp
     c30:	0c76                	slli	s8,s8,0x1d
     c32:	0082                	c.slli64	ra
     c34:	0000                	unimp
     c36:	00000c87          	.4byte	0xc87
     c3a:	3406                	.2byte	0x3406
     c3c:	76000003          	lb	zero,1888(zero) # 760 <_program_size-0x738>
     c40:	5326                	lw	t1,104(sp)
     c42:	10000003          	lb	zero,256(zero) # 100 <_program_size-0xd98>
     c46:	656c                	.2byte	0x656c
     c48:	006e                	c.slli	zero,0x1b
     c4a:	3576                	.2byte	0x3576
     c4c:	00ad                	addi	ra,ra,11
     c4e:	0000                	unimp
     c50:	6506                	.2byte	0x6506
     c52:	0001                	nop
     c54:	7600                	.2byte	0x7600
     c56:	823e                	mv	tp,a5
     c58:	0000                	unimp
     c5a:	0c00                	addi	s0,sp,528
     c5c:	6469                	lui	s0,0x1a
     c5e:	0078                	addi	a4,sp,12
     c60:	0b78                	addi	a4,sp,412
     c62:	00ad                	addi	ra,ra,11
     c64:	0000                	unimp
     c66:	0c14                	addi	a3,sp,528
     c68:	0066666f          	jal	a2,66c6e <_available_heap+0x59b06>
     c6c:	1086                	slli	ra,ra,0x21
     c6e:	00ad                	addi	ra,ra,11
     c70:	0000                	unimp
     c72:	2214                	.2byte	0x2214
     c74:	02b9                	addi	t0,t0,14
     c76:	0000                	unimp
     c78:	00ad0c87          	.4byte	0xad0c87
     c7c:	0000                	unimp
     c7e:	7e22                	.2byte	0x7e22
     c80:	0002                	c.slli64	zero
     c82:	8800                	.2byte	0x8800
     c84:	00008207          	.4byte	0x8207
     c88:	2200                	.2byte	0x2200
     c8a:	010a                	slli	sp,sp,0x2
     c8c:	0000                	unimp
     c8e:	0789                	addi	a5,a5,2
     c90:	0082                	c.slli64	ra
     c92:	0000                	unimp
     c94:	6c0c                	.2byte	0x6c0c
     c96:	0062                	c.slli	zero,0x18
     c98:	0c8a                	slli	s9,s9,0x2
     c9a:	00ad                	addi	ra,ra,11
     c9c:	0000                	unimp
     c9e:	720c                	.2byte	0x720c
     ca0:	078b0063          	beq	s6,s8,d00 <_program_size-0x198>
     ca4:	0082                	c.slli64	ra
     ca6:	0000                	unimp
     ca8:	0000                	unimp
     caa:	1b00                	addi	s0,sp,432
     cac:	00c0                	addi	s0,sp,68
     cae:	0000                	unimp
     cb0:	0c5a                	slli	s8,s8,0x16
     cb2:	0082                	c.slli64	ra
     cb4:	0000                	unimp
     cb6:	00000ce3          	beqz	zero,14ce <_program_size+0x636>
     cba:	3406                	.2byte	0x3406
     cbc:	5a000003          	lb	zero,1440(zero) # 5a0 <_program_size-0x8f8>
     cc0:	5325                	li	t1,-23
     cc2:	10000003          	lb	zero,256(zero) # 100 <_program_size-0xd98>
     cc6:	6469                	lui	s0,0x1a
     cc8:	0078                	addi	a4,sp,12
     cca:	345a                	.2byte	0x345a
     ccc:	00ad                	addi	ra,ra,11
     cce:	0000                	unimp
     cd0:	6c10                	.2byte	0x6c10
     cd2:	6e65                	lui	t3,0x19
     cd4:	5a00                	lw	s0,48(a2)
     cd6:	ad42                	.2byte	0xad42
     cd8:	0000                	unimp
     cda:	0600                	addi	s0,sp,768
     cdc:	027e                	slli	tp,tp,0x1f
     cde:	0000                	unimp
     ce0:	00821a5b          	.4byte	0x821a5b
     ce4:	0000                	unimp
     ce6:	d506                	sw	ra,168(sp)
     ce8:	0000                	unimp
     cea:	5b00                	lw	s0,48(a4)
     cec:	ad29                	j	1306 <_program_size+0x46e>
     cee:	0000                	unimp
     cf0:	0600                	addi	s0,sp,768
     cf2:	0324                	addi	s1,sp,392
     cf4:	0000                	unimp
     cf6:	0082395b          	.4byte	0x82395b
     cfa:	0000                	unimp
     cfc:	720c                	.2byte	0x720c
     cfe:	065d0063          	beq	s10,t0,d5e <_program_size-0x13a>
     d02:	0082                	c.slli64	ra
     d04:	0000                	unimp
     d06:	1b00                	addi	s0,sp,432
     d08:	0000026b          	.4byte	0x26b
     d0c:	0c4d                	addi	s8,s8,19
     d0e:	0082                	c.slli64	ra
     d10:	0000                	unimp
     d12:	0d09                	addi	s10,s10,2
     d14:	0000                	unimp
     d16:	be06                	.2byte	0xbe06
     d18:	0002                	c.slli64	zero
     d1a:	4d00                	lw	s0,24(a0)
     d1c:	ad1e                	.2byte	0xad1e
     d1e:	0000                	unimp
     d20:	0600                	addi	s0,sp,768
     d22:	0339                	addi	t1,t1,14 # ffffb00e <_ram_end+0x7ffeb00e>
     d24:	0000                	unimp
     d26:	2d4d                	jal	13d8 <_program_size+0x540>
     d28:	00ad                	addi	ra,ra,11
     d2a:	0000                	unimp
     d2c:	2c00                	.2byte	0x2c00
     d2e:	012c                	addi	a1,sp,136
     d30:	0000                	unimp
     d32:	2a44                	.2byte	0x2a44
     d34:	000d                	c.nop	3
     d36:	0600                	addi	s0,sp,768
     d38:	02be                	slli	t0,t0,0xf
     d3a:	0000                	unimp
     d3c:	2344                	.2byte	0x2344
     d3e:	00ad                	addi	ra,ra,11
     d40:	0000                	unimp
     d42:	3906                	.2byte	0x3906
     d44:	44000003          	lb	zero,1088(zero) # 440 <_program_size-0xa58>
     d48:	ad32                	.2byte	0xad32
     d4a:	0000                	unimp
     d4c:	0000                	unimp
     d4e:	00027423          	.4byte	0x27423
     d52:	3f00                	.2byte	0x3f00
     d54:	0082                	c.slli64	ra
     d56:	0000                	unimp
     d58:	0000e023          	.4byte	0xe023
     d5c:	3e00                	.2byte	0x3e00
     d5e:	0082                	c.slli64	ra
     d60:	0000                	unimp
     d62:	00011e23          	sh	zero,28(sp)
     d66:	3d00                	.2byte	0x3d00
     d68:	0082                	c.slli64	ra
     d6a:	0000                	unimp
     d6c:	0003441b          	.4byte	0x3441b
     d70:	3300                	.2byte	0x3300
     d72:	820c                	.2byte	0x820c
     d74:	0000                	unimp
     d76:	7700                	.2byte	0x7700
     d78:	000d                	c.nop	3
     d7a:	0600                	addi	s0,sp,768
     d7c:	0311                	addi	t1,t1,4
     d7e:	0000                	unimp
     d80:	00ad1f33          	sll	t5,s10,a0
     d84:	0000                	unimp
     d86:	9606                	add	a2,a2,ra
     d88:	0002                	c.slli64	zero
     d8a:	3300                	.2byte	0x3300
     d8c:	ad2e                	.2byte	0xad2e
     d8e:	0000                	unimp
     d90:	0c00                	addi	s0,sp,528
     d92:	006e                	c.slli	zero,0x1b
     d94:	0b35                	addi	s6,s6,13
     d96:	00ad                	addi	ra,ra,11
     d98:	0000                	unimp
     d9a:	3d00                	.2byte	0x3d00
     d9c:	02ea                	slli	t0,t0,0x1a
     d9e:	0000                	unimp
     da0:	2e01                	jal	10b0 <_program_size+0x218>
     da2:	ad0a                	.2byte	0xad0a
	...
     dac:	0000                	unimp
     dae:	0100                	addi	s0,sp,128
     db0:	2c9c                	.2byte	0x2c9c
     db2:	02d1                	addi	t0,t0,20
     db4:	0000                	unimp
     db6:	000dcd23          	.4byte	0xdcd23
     dba:	0600                	addi	s0,sp,768
     dbc:	0334                	addi	a3,sp,392
     dbe:	0000                	unimp
     dc0:	03582423          	sw	s5,40(a6)
     dc4:	0000                	unimp
     dc6:	6910                	.2byte	0x6910
     dc8:	7864                	.2byte	0x7864
     dca:	2300                	.2byte	0x2300
     dcc:	0000ad33          	sltz	s10,ra
     dd0:	1000                	addi	s0,sp,32
     dd2:	656c                	.2byte	0x656c
     dd4:	006e                	c.slli	zero,0x1b
     dd6:	00ad4123          	.4byte	0xad4123
     dda:	0000                	unimp
     ddc:	7610                	.2byte	0x7610
     dde:	2300                	.2byte	0x2300
     de0:	0000ad4f          	.4byte	0xad4f
     de4:	1400                	addi	s0,sp,544
     de6:	690c                	.2byte	0x690c
     de8:	2500                	.2byte	0x2500
     dea:	ad10                	.2byte	0xad10
     dec:	0000                	unimp
     dee:	0000                	unimp
     df0:	1b00                	addi	s0,sp,432
     df2:	02b1                	addi	t0,t0,12
     df4:	0000                	unimp
     df6:	1119                	addi	sp,sp,-26
     df8:	00ad                	addi	ra,ra,11
     dfa:	0000                	unimp
     dfc:	0e12                	slli	t3,t3,0x4
     dfe:	0000                	unimp
     e00:	3406                	.2byte	0x3406
     e02:	19000003          	lb	zero,400(zero) # 190 <_program_size-0xd08>
     e06:	5328                	lw	a0,96(a4)
     e08:	10000003          	lb	zero,256(zero) # 100 <_program_size-0xd98>
     e0c:	6469                	lui	s0,0x1a
     e0e:	0078                	addi	a4,sp,12
     e10:	3719                	jal	d16 <_program_size-0x182>
     e12:	00ad                	addi	ra,ra,11
     e14:	0000                	unimp
     e16:	6c10                	.2byte	0x6c10
     e18:	6e65                	lui	t3,0x19
     e1a:	1900                	addi	s0,sp,176
     e1c:	ad45                	j	14cc <_program_size+0x634>
     e1e:	0000                	unimp
     e20:	0c00                	addi	s0,sp,528
     e22:	0076                	c.slli	zero,0x1d
     e24:	00ad0b1b          	.4byte	0xad0b1b
     e28:	0000                	unimp
     e2a:	0c14                	addi	a3,sp,528
     e2c:	0069                	c.nop	26
     e2e:	101d                	c.nop	-25
     e30:	00ad                	addi	ra,ra,11
     e32:	0000                	unimp
     e34:	0000                	unimp
     e36:	872d                	srai	a4,a4,0xb
     e38:	000c                	.2byte	0xc
     e3a:	fa00                	.2byte	0xfa00
     e3c:	0000                	unimp
     e3e:	9a80                	.2byte	0x9a80
     e40:	0000                	unimp
     e42:	0100                	addi	s0,sp,128
     e44:	639c                	.2byte	0x639c
     e46:	0200000f          	fence	r,unknown
     e4a:	0c96                	slli	s9,s9,0x5
     e4c:	0000                	unimp
     e4e:	00000d7b          	.4byte	0xd7b
     e52:	a102                	.2byte	0xa102
     e54:	000c                	.2byte	0xc
     e56:	ae00                	.2byte	0xae00
     e58:	000d                	c.nop	3
     e5a:	0200                	addi	s0,sp,256
     e5c:	0cac                	addi	a1,sp,600
     e5e:	0000                	unimp
     e60:	0de0                	addi	s0,sp,732
     e62:	0000                	unimp
     e64:	b702                	.2byte	0xb702
     e66:	000c                	.2byte	0xc
     e68:	0500                	addi	s0,sp,640
     e6a:	000e                	c.slli	zero,0x3
     e6c:	0200                	addi	s0,sp,256
     e6e:	0cc2                	slli	s9,s9,0x10
     e70:	0000                	unimp
     e72:	0e2a                	slli	t3,t3,0xa
     e74:	0000                	unimp
     e76:	cd02                	sw	zero,152(sp)
     e78:	000c                	.2byte	0xc
     e7a:	4f00                	lw	s0,24(a4)
     e7c:	000e                	c.slli	zero,0x3
     e7e:	0800                	addi	s0,sp,16
     e80:	0cd8                	addi	a4,sp,596
     e82:	0000                	unimp
     e84:	3e15                	jal	9b8 <_program_size-0x4e0>
     e86:	000d                	c.nop	3
     e88:	fa00                	.2byte	0xfa00
     e8a:	0000                	unimp
     e8c:	2680                	.2byte	0x2680
     e8e:	0000                	unimp
     e90:	5d00                	lw	s0,56(a0)
     e92:	000e9f0b          	.4byte	0xe9f0b
     e96:	0900                	addi	s0,sp,144
     e98:	0d48                	addi	a0,sp,660
     e9a:	0000                	unimp
     e9c:	00fa                	slli	ra,ra,0x1e
     e9e:	8000                	.2byte	0x8000
     ea0:	0026                	c.slli	zero,0x9
     ea2:	0000                	unimp
     ea4:	293d                	jal	12e2 <_program_size+0x44a>
     ea6:	6202                	.2byte	0x6202
     ea8:	000d                	c.nop	3
     eaa:	7400                	.2byte	0x7400
     eac:	000e                	c.slli	zero,0x3
     eae:	0200                	addi	s0,sp,256
     eb0:	00000d57          	.4byte	0xd57
     eb4:	0e8d                	addi	t4,t4,3
     eb6:	0000                	unimp
     eb8:	000d6d03          	.4byte	0xd6d03
     ebc:	a600                	.2byte	0xa600
     ebe:	000e                	c.slli	zero,0x3
     ec0:	0000                	unimp
     ec2:	0900                	addi	s0,sp,144
     ec4:	00000c87          	.4byte	0xc87
     ec8:	0120                	addi	s0,sp,136
     eca:	8000                	.2byte	0x8000
     ecc:	0070                	addi	a2,sp,12
     ece:	0000                	unimp
     ed0:	0c5a                	slli	s8,s8,0x16
     ed2:	cd04                	sw	s1,24(a0)
     ed4:	000c                	.2byte	0xc
     ed6:	0400                	addi	s0,sp,512
     ed8:	0cc2                	slli	s9,s9,0x10
     eda:	0000                	unimp
     edc:	b704                	.2byte	0xb704
     ede:	000c                	.2byte	0xc
     ee0:	0400                	addi	s0,sp,512
     ee2:	0cac                	addi	a1,sp,600
     ee4:	0000                	unimp
     ee6:	a104                	.2byte	0xa104
     ee8:	000c                	.2byte	0xc
     eea:	0400                	addi	s0,sp,512
     eec:	0c96                	slli	s9,s9,0x5
     eee:	0000                	unimp
     ef0:	d808                	sw	a0,48(s0)
     ef2:	000c                	.2byte	0xc
     ef4:	1500                	addi	s0,sp,672
     ef6:	0dcd                	addi	s11,s11,19
     ef8:	0000                	unimp
     efa:	0120                	addi	s0,sp,136
     efc:	8000                	.2byte	0x8000
     efe:	0020                	addi	s0,sp,8
     f00:	0000                	unimp
     f02:	1762                	slli	a4,a4,0x38
     f04:	0f14                	addi	a3,sp,912
     f06:	0000                	unimp
     f08:	f204                	.2byte	0xf204
     f0a:	000d                	c.nop	3
     f0c:	0400                	addi	s0,sp,512
     f0e:	00000de7          	jalr	s11,zero # 0 <_program_size-0xe98>
     f12:	dc04                	sw	s1,56(s0)
     f14:	000d                	c.nop	3
     f16:	0300                	addi	s0,sp,384
     f18:	0dfd                	addi	s11,s11,31
     f1a:	0000                	unimp
     f1c:	00000eb7          	lui	t4,0x0
     f20:	0621                	addi	a2,a2,8
     f22:	000e                	c.slli	zero,0x3
     f24:	2000                	.2byte	0x2000
     f26:	0001                	nop
     f28:	2080                	.2byte	0x2080
     f2a:	0000                	unimp
     f2c:	0300                	addi	s0,sp,384
     f2e:	00000e07          	.4byte	0xe07
     f32:	00000ec3          	.4byte	0xec3
     f36:	0000                	unimp
     f38:	cd1a                	sw	t1,152(sp)
     f3a:	000d                	c.nop	3
     f3c:	4a00                	lw	s0,16(a2)
     f3e:	0001                	nop
     f40:	7d80                	.2byte	0x7d80
     f42:	0000                	unimp
     f44:	6300                	.2byte	0x6300
     f46:	0df20217          	auipc	tp,0xdf20
     f4a:	0000                	unimp
     f4c:	0ef6                	slli	t4,t4,0x1d
     f4e:	0000                	unimp
     f50:	e702                	.2byte	0xe702
     f52:	000d                	c.nop	3
     f54:	0200                	addi	s0,sp,256
     f56:	0200000f          	fence	r,unknown
     f5a:	0ddc                	addi	a5,sp,724
     f5c:	0000                	unimp
     f5e:	0f1e                	slli	t5,t5,0x7
     f60:	0000                	unimp
     f62:	7d12                	.2byte	0x7d12
     f64:	0000                	unimp
     f66:	0300                	addi	s0,sp,384
     f68:	0dfd                	addi	s11,s11,31
     f6a:	0000                	unimp
     f6c:	0f2a                	slli	t5,t5,0xa
     f6e:	0000                	unimp
     f70:	060e                	slli	a2,a2,0x3
     f72:	000e                	c.slli	zero,0x3
     f74:	9000                	.2byte	0x9000
     f76:	0000                	unimp
     f78:	0300                	addi	s0,sp,384
     f7a:	00000e07          	.4byte	0xe07
     f7e:	0f42                	slli	t5,t5,0x10
     f80:	0000                	unimp
     f82:	0000                	unimp
     f84:	0000                	unimp
     f86:	2d00                	.2byte	0x2d00
     f88:	00000c07          	.4byte	0xc07
     f8c:	0194                	addi	a3,sp,192
     f8e:	8000                	.2byte	0x8000
     f90:	0090                	addi	a2,sp,64
     f92:	0000                	unimp
     f94:	9c01                	.2byte	0x9c01
     f96:	1099                	addi	ra,ra,-26
     f98:	0000                	unimp
     f9a:	1602                	slli	a2,a2,0x20
     f9c:	000c                	.2byte	0xc
     f9e:	8800                	.2byte	0x8800
     fa0:	0200000f          	fence	r,unknown
     fa4:	0c21                	addi	s8,s8,8
     fa6:	0000                	unimp
     fa8:	0fc6                	slli	t6,t6,0x11
     faa:	0000                	unimp
     fac:	2c02                	.2byte	0x2c02
     fae:	000c                	.2byte	0xc
     fb0:	0400                	addi	s0,sp,512
     fb2:	0010                	.2byte	0x10
     fb4:	3e00                	.2byte	0x3e00
     fb6:	00000c37          	lui	s8,0x0
     fba:	1500                	addi	s0,sp,672
     fbc:	00000c07          	.4byte	0xc07
     fc0:	01b2                	slli	gp,gp,0xc
     fc2:	8000                	.2byte	0x8000
     fc4:	0052                	c.slli	zero,0x14
     fc6:	0000                	unimp
     fc8:	0c76                	slli	s8,s8,0x1d
     fca:	107a                	c.slli	zero,0x3e
     fcc:	0000                	unimp
     fce:	2c04                	.2byte	0x2c04
     fd0:	000c                	.2byte	0xc
     fd2:	0400                	addi	s0,sp,512
     fd4:	0c21                	addi	s8,s8,8 # 8 <_program_size-0xe90>
     fd6:	0000                	unimp
     fd8:	1604                	addi	s1,sp,800
     fda:	000c                	.2byte	0xc
     fdc:	0300                	addi	s0,sp,384
     fde:	00000c37          	lui	s8,0x0
     fe2:	1042                	c.slli	zero,0x30
     fe4:	0000                	unimp
     fe6:	4221                	li	tp,8
     fe8:	000c                	.2byte	0xc
     fea:	b400                	.2byte	0xb400
     fec:	0001                	nop
     fee:	5080                	lw	s0,32(s1)
     ff0:	0000                	unimp
     ff2:	0300                	addi	s0,sp,384
     ff4:	00000c43          	.4byte	0xc43
     ff8:	104e                	c.slli	zero,0x33
     ffa:	0000                	unimp
     ffc:	4e0e                	lw	t3,192(sp)
     ffe:	000c                	.2byte	0xc
    1000:	a300                	.2byte	0xa300
    1002:	0000                	unimp
    1004:	0300                	addi	s0,sp,384
    1006:	00000c4f          	.4byte	0xc4f
    100a:	105a                	c.slli	zero,0x36
    100c:	0000                	unimp
    100e:	000c5a03          	lhu	s4,0(s8) # 0 <_program_size-0xe98>
    1012:	7e00                	.2byte	0x7e00
    1014:	0010                	.2byte	0x10
    1016:	0300                	addi	s0,sp,384
    1018:	0c65                	addi	s8,s8,25
    101a:	0000                	unimp
    101c:	10da                	slli	ra,ra,0x36
    101e:	0000                	unimp
    1020:	000c7003          	.4byte	0xc7003
    1024:	0d00                	addi	s0,sp,656
    1026:	0011                	c.nop	4
    1028:	0300                	addi	s0,sp,384
    102a:	0c7a                	slli	s8,s8,0x1e
    102c:	0000                	unimp
    102e:	1140                	addi	s0,sp,164
    1030:	0000                	unimp
    1032:	0001d00b          	.4byte	0x1d00b
    1036:	8780                	.2byte	0x8780
    1038:	000c                	.2byte	0xc
    103a:	2e00                	.2byte	0x2e00
    103c:	0010                	.2byte	0x10
    103e:	0100                	addi	s0,sp,128
    1040:	5a01                	li	s4,-32
    1042:	8302                	jr	t1
    1044:	0100                	addi	s0,sp,128
    1046:	5b01                	li	s6,-32
    1048:	7902                	.2byte	0x7902
    104a:	0100                	addi	s0,sp,128
    104c:	5c01                	li	s8,-32
    104e:	8602                	jr	a2
    1050:	0000                	unimp
    1052:	0002000f          	.4byte	0x2000f
    1056:	8780                	.2byte	0x8780
    1058:	000c                	.2byte	0xc
    105a:	0100                	addi	s0,sp,128
    105c:	5a01                	li	s4,-32
    105e:	8302                	jr	t1
    1060:	0100                	addi	s0,sp,128
    1062:	5b01                	li	s6,-32
    1064:	7902                	.2byte	0x7902
    1066:	0100                	addi	s0,sp,128
    1068:	5c01                	li	s8,-32
    106a:	8602                	jr	a2
    106c:	0100                	addi	s0,sp,128
    106e:	5d01                	li	s10,-32
    1070:	780c                	.2byte	0x780c
    1072:	4000                	lw	s0,0(s0)
    1074:	0c22244b          	.4byte	0xc22244b
    1078:	0008                	.2byte	0x8
    107a:	8000                	.2byte	0x8000
    107c:	012c                	addi	a1,sp,136
    107e:	5e01                	li	t3,-32
    1080:	7811                	lui	a6,0xfffe4
    1082:	4000                	lw	s0,0(s0)
    1084:	8222244b          	.4byte	0x8222244b
    1088:	4000                	lw	s0,0(s0)
    108a:	2c22244b          	.4byte	0x2c22244b
    108e:	851f 1a00 0101      	.byte	0x1f, 0x85, 0x00, 0x1a, 0x01, 0x01
    1094:	045f 0087 1a31      	.byte	0x5f, 0x04, 0x87, 0x00, 0x31, 0x1a
    109a:	0000                	unimp
    109c:	0000                	unimp
    109e:	241d                	jal	12c4 <_program_size+0x42c>
    10a0:	0002                	c.slli64	zero
    10a2:	8780                	.2byte	0x8780
    10a4:	000c                	.2byte	0xc
    10a6:	0100                	addi	s0,sp,128
    10a8:	5c01                	li	s8,-32
    10aa:	3001                	jal	8aa <_program_size-0x5ee>
    10ac:	0101                	addi	sp,sp,0
    10ae:	015d                	addi	sp,sp,23
    10b0:	0131                	addi	sp,sp,12
    10b2:	5e01                	li	t3,-32
    10b4:	3001                	jal	8b4 <_program_size-0x5e4>
    10b6:	0101                	addi	sp,sp,0
    10b8:	015f 0030 3f00      	.byte	0x5f, 0x01, 0x30, 0x00, 0x00, 0x3f
    10be:	04dc                	addi	a5,sp,580
    10c0:	0000                	unimp
    10c2:	034a                	slli	t1,t1,0x12
    10c4:	8000                	.2byte	0x8000
    10c6:	012a                	slli	sp,sp,0xa
    10c8:	0000                	unimp
    10ca:	9c01                	.2byte	0x9c01
    10cc:	fa02                	.2byte	0xfa02
    10ce:	0004                	.2byte	0x4
    10d0:	5700                	lw	s0,40(a4)
    10d2:	0011                	c.nop	4
    10d4:	0200                	addi	s0,sp,256
    10d6:	0506                	slli	a0,a0,0x1
    10d8:	0000                	unimp
    10da:	00001187          	.4byte	0x1187
    10de:	1202                	slli	tp,tp,0x20
    10e0:	0005                	c.nop	1
    10e2:	b700                	.2byte	0xb700
    10e4:	0011                	c.nop	4
    10e6:	0200                	addi	s0,sp,256
    10e8:	051d                	addi	a0,a0,7
    10ea:	0000                	unimp
    10ec:	000011e7          	.4byte	0x11e7
    10f0:	2902                	.2byte	0x2902
    10f2:	0005                	c.nop	1
    10f4:	1700                	addi	s0,sp,928
    10f6:	0012                	c.slli	zero,0x4
    10f8:	0200                	addi	s0,sp,256
    10fa:	0534                	addi	a3,sp,648
    10fc:	0000                	unimp
    10fe:	00001247          	.4byte	0x1247
    1102:	4002                	.2byte	0x4002
    1104:	0005                	c.nop	1
    1106:	7700                	.2byte	0x7700
    1108:	0012                	c.slli	zero,0x4
    110a:	0200                	addi	s0,sp,256
    110c:	054c                	addi	a1,sp,644
    110e:	0000                	unimp
    1110:	000012a7          	.4byte	0x12a7
    1114:	00055803          	lhu	a6,0(a0)
    1118:	d700                	sw	s0,40(a4)
    111a:	0012                	c.slli	zero,0x4
    111c:	4000                	lw	s0,0(s0)
    111e:	04ee                	slli	s1,s1,0x1b
    1120:	0000                	unimp
    1122:	fa06                	.2byte	0xfa06
    1124:	04ee                	slli	s1,s1,0x1b
    1126:	0000                	unimp
    1128:	419f 0563 0000      	.byte	0x9f, 0x41, 0x63, 0x05, 0x00, 0x00
    112e:	00000113          	li	sp,0
    1132:	1172                	slli	sp,sp,0x3c
    1134:	0000                	unimp
    1136:	00056803          	.4byte	0x56803
    113a:	7700                	.2byte	0x7700
    113c:	0b000013          	li	zero,176
    1140:	037c                	addi	a5,sp,396
    1142:	8000                	.2byte	0x8000
    1144:	00000c87          	.4byte	0xc87
    1148:	1148                	addi	a0,sp,164
    114a:	0000                	unimp
    114c:	0101                	addi	sp,sp,0
    114e:	025a                	slli	tp,tp,0x16
    1150:	0088                	addi	a0,sp,64
    1152:	0101                	addi	sp,sp,0
    1154:	0130015b          	.4byte	0x130015b
    1158:	5c01                	li	s8,-32
    115a:	4001                	c.li	zero,0
    115c:	0101                	addi	sp,sp,0
    115e:	015d                	addi	sp,sp,23
    1160:	0130                	addi	a2,sp,136
    1162:	5e01                	li	t3,-32
    1164:	3001                	jal	964 <_program_size-0x534>
    1166:	0101                	addi	sp,sp,0
    1168:	015f 0030 8e0f      	.byte	0x5f, 0x01, 0x30, 0x00, 0x0f, 0x8e
    116e:	87800003          	lb	zero,-1928(zero) # fffff878 <_ram_end+0x7ffef878>
    1172:	000c                	.2byte	0xc
    1174:	0100                	addi	s0,sp,128
    1176:	5a01                	li	s4,-32
    1178:	8802                	jr	a6
    117a:	0100                	addi	s0,sp,128
    117c:	5b01                	li	s6,-32
    117e:	3801                	jal	98e <_program_size-0x50a>
    1180:	0101                	addi	sp,sp,0
    1182:	015c                	addi	a5,sp,132
    1184:	0140                	addi	s0,sp,132
    1186:	5d01                	li	s10,-32
    1188:	3001                	jal	988 <_program_size-0x510>
    118a:	0101                	addi	sp,sp,0
    118c:	015e                	slli	sp,sp,0x17
    118e:	0130                	addi	a2,sp,136
    1190:	5f01                	li	t5,-32
    1192:	3001                	jal	992 <_program_size-0x506>
    1194:	0000                	unimp
    1196:	7342                	.2byte	0x7342
    1198:	0005                	c.nop	1
    119a:	9200                	.2byte	0x9200
    119c:	2c800003          	lb	zero,712(zero) # 2c8 <_program_size-0xbd0>
    11a0:	0000                	unimp
    11a2:	e300                	.2byte	0xe300
    11a4:	0011                	c.nop	4
    11a6:	0300                	addi	s0,sp,384
    11a8:	0574                	addi	a3,sp,652
    11aa:	0000                	unimp
    11ac:	13a8                	addi	a0,sp,488
    11ae:	0000                	unimp
    11b0:	0003a00b          	.4byte	0x3a00b
    11b4:	8780                	.2byte	0x8780
    11b6:	000c                	.2byte	0xc
    11b8:	b900                	.2byte	0xb900
    11ba:	0011                	c.nop	4
    11bc:	0100                	addi	s0,sp,128
    11be:	5a01                	li	s4,-32
    11c0:	8702                	jr	a4
    11c2:	0100                	addi	s0,sp,128
    11c4:	5b01                	li	s6,-32
    11c6:	3001                	jal	9c6 <_program_size-0x4d2>
    11c8:	0101                	addi	sp,sp,0
    11ca:	015c                	addi	a5,sp,132
    11cc:	0140                	addi	s0,sp,132
    11ce:	5d01                	li	s10,-32
    11d0:	3001                	jal	9d0 <_program_size-0x4c8>
    11d2:	0101                	addi	sp,sp,0
    11d4:	015e                	slli	sp,sp,0x17
    11d6:	0130                	addi	a2,sp,136
    11d8:	5f01                	li	t5,-32
    11da:	3001                	jal	9da <_program_size-0x4be>
    11dc:	0f00                	addi	s0,sp,912
    11de:	03b2                	slli	t2,t2,0xc
    11e0:	8000                	.2byte	0x8000
    11e2:	00000c87          	.4byte	0xc87
    11e6:	0101                	addi	sp,sp,0
    11e8:	025a                	slli	tp,tp,0x16
    11ea:	01010087          	.4byte	0x1010087
    11ee:	0138015b          	.4byte	0x138015b
    11f2:	5c01                	li	s8,-32
    11f4:	4001                	c.li	zero,0
    11f6:	0101                	addi	sp,sp,0
    11f8:	015d                	addi	sp,sp,23
    11fa:	0130                	addi	a2,sp,136
    11fc:	5e01                	li	t3,-32
    11fe:	3001                	jal	9fe <_program_size-0x49a>
    1200:	0101                	addi	sp,sp,0
    1202:	015f 0030 1100      	.byte	0x5f, 0x01, 0x30, 0x00, 0x00, 0x11
    1208:	0d34                	addi	a3,sp,664
    120a:	0000                	unimp
    120c:	03be                	slli	t2,t2,0xf
    120e:	8000                	.2byte	0x8000
    1210:	0018                	.2byte	0x18
    1212:	0000                	unimp
    1214:	0145                	addi	sp,sp,17
    1216:	00121707          	.4byte	0x121707
    121a:	0900                	addi	s0,sp,144
    121c:	0d48                	addi	a0,sp,660
    121e:	0000                	unimp
    1220:	03be                	slli	t2,t2,0xf
    1222:	8000                	.2byte	0x8000
    1224:	0018                	.2byte	0x18
    1226:	0000                	unimp
    1228:	293e                	.2byte	0x293e
    122a:	6204                	.2byte	0x6204
    122c:	000d                	c.nop	3
    122e:	0400                	addi	s0,sp,512
    1230:	00000d57          	.4byte	0xd57
    1234:	6d08                	.2byte	0x6d08
    1236:	000d                	c.nop	3
    1238:	0000                	unimp
    123a:	1100                	addi	s0,sp,160
    123c:	0d34                	addi	a3,sp,664
    123e:	0000                	unimp
    1240:	03e0                	addi	s0,sp,460
    1242:	8000                	.2byte	0x8000
    1244:	0018                	.2byte	0x18
    1246:	0000                	unimp
    1248:	0151                	addi	sp,sp,20
    124a:	5708                	lw	a0,40(a4)
    124c:	0012                	c.slli	zero,0x4
    124e:	0900                	addi	s0,sp,144
    1250:	0d48                	addi	a0,sp,660
    1252:	0000                	unimp
    1254:	03e0                	addi	s0,sp,460
    1256:	8000                	.2byte	0x8000
    1258:	0018                	.2byte	0x18
    125a:	0000                	unimp
    125c:	293e                	.2byte	0x293e
    125e:	6202                	.2byte	0x6202
    1260:	000d                	c.nop	3
    1262:	c100                	sw	s0,0(a0)
    1264:	02000013          	li	zero,32
    1268:	00000d57          	.4byte	0xd57
    126c:	13ce                	slli	t2,t2,0x33
    126e:	0000                	unimp
    1270:	000d6d03          	.4byte	0xd6d03
    1274:	db00                	sw	s0,48(a4)
    1276:	00000013          	nop
    127a:	1100                	addi	s0,sp,160
    127c:	0d34                	addi	a3,sp,664
    127e:	0000                	unimp
    1280:	03fc                	addi	a5,sp,460
    1282:	8000                	.2byte	0x8000
    1284:	0018                	.2byte	0x18
    1286:	0000                	unimp
    1288:	97070157          	.4byte	0x97070157
    128c:	0012                	c.slli	zero,0x4
    128e:	0900                	addi	s0,sp,144
    1290:	0d48                	addi	a0,sp,660
    1292:	0000                	unimp
    1294:	03fc                	addi	a5,sp,460
    1296:	8000                	.2byte	0x8000
    1298:	0018                	.2byte	0x18
    129a:	0000                	unimp
    129c:	293e                	.2byte	0x293e
    129e:	6202                	.2byte	0x6202
    12a0:	000d                	c.nop	3
    12a2:	ec00                	.2byte	0xec00
    12a4:	02000013          	li	zero,32
    12a8:	00000d57          	.4byte	0xd57
    12ac:	13f9                	addi	t2,t2,-2
    12ae:	0000                	unimp
    12b0:	000d6d03          	.4byte	0xd6d03
    12b4:	0600                	addi	s0,sp,768
    12b6:	0014                	.2byte	0x14
    12b8:	0000                	unimp
    12ba:	1100                	addi	s0,sp,160
    12bc:	0d2a                	slli	s10,s10,0xa
    12be:	0000                	unimp
    12c0:	0428                	addi	a0,sp,520
    12c2:	8000                	.2byte	0x8000
    12c4:	0010                	.2byte	0x10
    12c6:	0000                	unimp
    12c8:	015f cb07 0012      	.byte	0x5f, 0x01, 0x07, 0xcb, 0x12, 0x00
    12ce:	0900                	addi	s0,sp,144
    12d0:	0d48                	addi	a0,sp,660
    12d2:	0000                	unimp
    12d4:	0428                	addi	a0,sp,520
    12d6:	8000                	.2byte	0x8000
    12d8:	0010                	.2byte	0x10
    12da:	0000                	unimp
    12dc:	6204293f 0400000d 	.8byte	0x400000d6204293f
    12e4:	00000d57          	.4byte	0xd57
    12e8:	6d08                	.2byte	0x6d08
    12ea:	000d                	c.nop	3
    12ec:	0000                	unimp
    12ee:	0b00                	addi	s0,sp,400
    12f0:	041c                	addi	a5,sp,512
    12f2:	8000                	.2byte	0x8000
    12f4:	00000c07          	.4byte	0xc07
    12f8:	12ea                	slli	t0,t0,0x3a
    12fa:	0000                	unimp
    12fc:	0101                	addi	sp,sp,0
    12fe:	025a                	slli	tp,tp,0x16
    1300:	0079                	c.nop	30
    1302:	0101                	addi	sp,sp,0
    1304:	0078025b          	.4byte	0x78025b
    1308:	0101                	addi	sp,sp,0
    130a:	015c                	addi	a5,sp,132
    130c:	0031                	c.nop	12
    130e:	0004400b          	.4byte	0x4400b
    1312:	3380                	.2byte	0x3380
    1314:	0300000b          	.4byte	0x300000b
    1318:	01000013          	li	zero,16
    131c:	5a01                	li	s4,-32
    131e:	8202                	jr	tp
    1320:	0100                	addi	s0,sp,128
    1322:	5b01                	li	s6,-32
    1324:	4001                	c.li	zero,0
    1326:	0b00                	addi	s0,sp,400
    1328:	0462                	slli	s0,s0,0x18
    132a:	8000                	.2byte	0x8000
    132c:	00000c07          	.4byte	0xc07
    1330:	1322                	slli	t1,t1,0x28
    1332:	0000                	unimp
    1334:	0101                	addi	sp,sp,0
    1336:	025a                	slli	tp,tp,0x16
    1338:	0086                	slli	ra,ra,0x1
    133a:	0101                	addi	sp,sp,0
    133c:	0085025b          	.4byte	0x85025b
    1340:	0101                	addi	sp,sp,0
    1342:	015c                	addi	a5,sp,132
    1344:	0031                	c.nop	12
    1346:	00046e0f          	.4byte	0x46e0f
    134a:	5b80                	lw	s0,48(a5)
    134c:	000a                	c.slli	zero,0x2
    134e:	0100                	addi	s0,sp,128
    1350:	5a01                	li	s4,-32
    1352:	8302                	jr	t1
    1354:	0100                	addi	s0,sp,128
    1356:	5b01                	li	s6,-32
    1358:	7802                	.2byte	0x7802
    135a:	0000                	unimp
    135c:	0000                	unimp
    135e:	00000427          	.4byte	0x427
    1362:	0005                	c.nop	1
    1364:	0401                	addi	s0,s0,0 # 1a000 <_available_heap+0xce98>
    1366:	0400                	addi	s0,sp,512
    1368:	0000                	unimp
    136a:	00016a17          	auipc	s4,0x16
    136e:	1d00                	addi	s0,sp,688
    1370:	016e                	slli	sp,sp,0x1b
    1372:	0000                	unimp
    1374:	0000                	unimp
    1376:	0000                	unimp
    1378:	02e8                	addi	a0,sp,332
    137a:	0000                	unimp
    137c:	0000                	unimp
    137e:	0000                	unimp
    1380:	149d                	addi	s1,s1,-25
    1382:	0000                	unimp
    1384:	0401                	addi	s0,s0,0
    1386:	00025e07          	.4byte	0x25e07
    138a:	0600                	addi	s0,sp,768
    138c:	0382                	c.slli64	t2
    138e:	0000                	unimp
    1390:	391b2803          	lw	a6,913(s6)
    1394:	0000                	unimp
    1396:	1800                	addi	s0,sp,48
    1398:	5604                	lw	s1,40(a2)
    139a:	06000003          	lb	zero,96(zero) # 60 <_program_size-0xe38>
    139e:	0389                	addi	t2,t2,2
    13a0:	0000                	unimp
    13a2:	2d186303          	.4byte	0x2d186303
    13a6:	0000                	unimp
    13a8:	0100                	addi	s0,sp,128
    13aa:	0601                	addi	a2,a2,0
    13ac:	0241                	addi	tp,tp,16 # df20f56 <_available_heap+0xdf13dee>
    13ae:	0000                	unimp
    13b0:	0101                	addi	sp,sp,0
    13b2:	3f08                	.2byte	0x3f08
    13b4:	0002                	c.slli64	zero
    13b6:	0100                	addi	s0,sp,128
    13b8:	0502                	c.slli64	a0
    13ba:	0000008b          	.4byte	0x8b
    13be:	0201                	addi	tp,tp,0 # 0 <_program_size-0xe98>
    13c0:	00028307          	.4byte	0x28307
    13c4:	0600                	addi	s0,sp,768
    13c6:	0368                	addi	a0,sp,396
    13c8:	0000                	unimp
    13ca:	4d04                	lw	s1,24(a0)
    13cc:	7318                	.2byte	0x7318
    13ce:	0000                	unimp
    13d0:	0100                	addi	s0,sp,128
    13d2:	0504                	addi	s1,sp,640
    13d4:	013e                	slli	sp,sp,0xf
    13d6:	0000                	unimp
    13d8:	ca06                	sw	ra,20(sp)
    13da:	0000                	unimp
    13dc:	0400                	addi	s0,sp,512
    13de:	0086194f          	.4byte	0x86194f
    13e2:	0000                	unimp
    13e4:	0401                	addi	s0,s0,0
    13e6:	00025907          	.4byte	0x25907
    13ea:	0100                	addi	s0,sp,128
    13ec:	0508                	addi	a0,sp,640
    13ee:	0139                	addi	sp,sp,14
    13f0:	0000                	unimp
    13f2:	0801                	addi	a6,a6,0 # fffe4000 <_ram_end+0x7ffd4000>
    13f4:	00025407          	.4byte	0x25407
    13f8:	1900                	addi	s0,sp,176
    13fa:	0504                	addi	s1,sp,640
    13fc:	6e69                	lui	t3,0x1a
    13fe:	0074                	addi	a3,sp,12
    1400:	6a06                	.2byte	0x6a06
    1402:	05000003          	lb	zero,80(zero) # 50 <_program_size-0xe48>
    1406:	132c                	addi	a1,sp,424
    1408:	00000067          	jr	zero # 0 <_program_size-0xe98>
    140c:	cc06                	sw	ra,24(sp)
    140e:	0000                	unimp
    1410:	0500                	addi	s0,sp,640
    1412:	1430                	addi	a2,sp,552
    1414:	007a                	c.slli	zero,0x1e
    1416:	0000                	unimp
    1418:	ae1a                	.2byte	0xae1a
    141a:	0000                	unimp
    141c:	1b00                	addi	s0,sp,432
    141e:	03a2                	slli	t2,t2,0x8
    1420:	0000                	unimp
    1422:	1302                	slli	t1,t1,0x20
    1424:	d422                	sw	s0,40(sp)
    1426:	0000                	unimp
    1428:	0000                	unimp
    142a:	0000                	unimp
    142c:	0d64                	addi	s1,sp,668
    142e:	00ba                	slli	ra,ra,0xe
    1430:	0000                	unimp
    1432:	cf0e                	sw	gp,156(sp)
    1434:	0000                	unimp
    1436:	0f00                	addi	s0,sp,912
    1438:	037a                	slli	t1,t1,0x1e
    143a:	0000                	unimp
    143c:	0a16                	slli	s4,s4,0x5
    143e:	0006                	c.slli	zero,0x1
    1440:	7480                	.2byte	0x7480
    1442:	0001                	nop
    1444:	0100                	addi	s0,sp,128
    1446:	069c                	addi	a5,sp,832
    1448:	10000003          	lb	zero,256(zero) # 100 <_program_size-0xd98>
    144c:	6d66                	.2byte	0x6d66
    144e:	0074                	addi	a3,sp,12
    1450:	1a16                	slli	s4,s4,0x25
    1452:	0306                	slli	t1,t1,0x1
    1454:	0000                	unimp
    1456:	00001423          	sh	zero,8(zero) # 8 <_program_size-0xe90>
    145a:	091c                	addi	a5,sp,144
    145c:	6c76                	.2byte	0x6c76
    145e:	1800                	addi	s0,sp,48
    1460:	3f0a                	.2byte	0x3f0a
    1462:	0000                	unimp
    1464:	0300                	addi	s0,sp,384
    1466:	9c91                	.2byte	0x9c91
    1468:	117f                	.2byte	0x117f
    146a:	0391                	addi	t2,t2,4
    146c:	0000                	unimp
    146e:	00031707          	.4byte	0x31707
    1472:	5200                	lw	s0,32(a2)
    1474:	0014                	.2byte	0x14
    1476:	1d00                	addi	s0,sp,688
    1478:	0372                	slli	t1,t1,0x1c
    147a:	0000                	unimp
    147c:	1901                	addi	s2,s2,-32 # 7956 <_stack_size+0x5956>
    147e:	1712                	slli	a4,a4,0x24
    1480:	00000003          	lb	zero,0(zero) # 0 <_program_size-0xe98>
    1484:	4e11                	li	t3,4
    1486:	1b000003          	lb	zero,432(zero) # 1b0 <_program_size-0xce8>
    148a:	00000317          	auipc	t1,0x0
    148e:	14b8                	addi	a4,sp,616
    1490:	0000                	unimp
    1492:	6305                	lui	t1,0x1
    1494:	1a00                	addi	s0,sp,304
    1496:	00030b07          	.4byte	0x30b07
    149a:	1300                	addi	s0,sp,416
    149c:	0015                	c.nop	5
    149e:	1200                	addi	s0,sp,288
    14a0:	0264                	addi	s1,sp,268
    14a2:	0000                	unimp
    14a4:	02dc                	addi	a5,sp,324
    14a6:	0000                	unimp
    14a8:	6e05                	lui	t3,0x1
    14aa:	2400                	.2byte	0x2400
    14ac:	00008613          	mv	a2,ra
    14b0:	3500                	.2byte	0x3500
    14b2:	0015                	c.nop	5
    14b4:	0900                	addi	s0,sp,144
    14b6:	0a260063          	beq	a2,sp,1556 <_program_size+0x6be>
    14ba:	031e                	slli	t1,t1,0x7
    14bc:	0000                	unimp
    14be:	7fa09103          	lh	sp,2042(ra)
    14c2:	d512                	sw	tp,168(sp)
    14c4:	0002                	c.slli64	zero
    14c6:	7b00                	.2byte	0x7b00
    14c8:	0001                	nop
    14ca:	0500                	addi	s0,sp,640
    14cc:	0069                	c.nop	26
    14ce:	009b0e27          	.4byte	0x9b0e27
    14d2:	0000                	unimp
    14d4:	1562                	slli	a0,a0,0x38
    14d6:	0000                	unimp
    14d8:	0a00                	addi	s0,sp,272
    14da:	0738                	addi	a4,sp,904
    14dc:	8000                	.2byte	0x8000
    14de:	0014                	.2byte	0x14
    14e0:	0000                	unimp
    14e2:	0196                	slli	gp,gp,0x5
    14e4:	0000                	unimp
    14e6:	6905                	lui	s2,0x1
    14e8:	2d00                	.2byte	0x2d00
    14ea:	00009b0f          	.4byte	0x9b0f
    14ee:	6f00                	.2byte	0x6f00
    14f0:	0015                	c.nop	5
    14f2:	0000                	unimp
    14f4:	680a                	.2byte	0x680a
    14f6:	16800007          	.4byte	0x16800007
    14fa:	0000                	unimp
    14fc:	d400                	sw	s0,40(s0)
    14fe:	0001                	nop
    1500:	0500                	addi	s0,sp,640
    1502:	0069                	c.nop	26
    1504:	0e31                	addi	t3,t3,12 # 100c <_program_size+0x174>
    1506:	0000009b          	.4byte	0x9b
    150a:	15a1                	addi	a1,a1,-24
    150c:	0000                	unimp
    150e:	00040107          	.4byte	0x40107
    1512:	6800                	.2byte	0x6800
    1514:	0c800007          	.4byte	0xc800007
    1518:	0000                	unimp
    151a:	3100                	.2byte	0x3100
    151c:	0325                	addi	t1,t1,9 # 1009 <_program_size+0x171>
    151e:	040a                	slli	s0,s0,0x2
    1520:	0000                	unimp
    1522:	1404                	addi	s1,sp,544
    1524:	0004                	.2byte	0x4
    1526:	0200                	addi	s0,sp,256
    1528:	041f 0000 15c6      	.byte	0x1f, 0x04, 0x00, 0x00, 0xc6, 0x15
    152e:	0000                	unimp
    1530:	0000                	unimp
    1532:	800a                	c.mv	zero,sp
    1534:	0006                	c.slli	zero,0x1
    1536:	4280                	lw	s0,0(a3)
    1538:	0000                	unimp
    153a:	3600                	.2byte	0x3600
    153c:	0002                	c.slli64	zero
    153e:	0900                	addi	s0,sp,144
    1540:	006e                	c.slli	zero,0x1b
    1542:	00861337          	lui	t1,0x861
    1546:	0000                	unimp
    1548:	6f01                	.2byte	0x6f01
    154a:	6905                	lui	s2,0x1
    154c:	3800                	.2byte	0x3800
    154e:	730a                	.2byte	0x730a
    1550:	0000                	unimp
    1552:	d200                	sw	s0,32(a2)
    1554:	0015                	c.nop	5
    1556:	0800                	addi	s0,sp,16
    1558:	029c                	addi	a5,sp,320
    155a:	0000                	unimp
    155c:	6405                	lui	s0,0x1
    155e:	4100                	lw	s0,0(a0)
    1560:	0000730b          	.4byte	0x730b
    1564:	de00                	sw	s0,56(a2)
    1566:	0015                	c.nop	5
    1568:	1300                	addi	s0,sp,416
    156a:	0401                	addi	s0,s0,0 # 1000 <_program_size+0x168>
    156c:	0000                	unimp
    156e:	0698                	addi	a4,sp,832
    1570:	8000                	.2byte	0x8000
    1572:	000002af          	.4byte	0x2af
    1576:	0a030643          	.4byte	0xa030643
    157a:	0004                	.2byte	0x4
    157c:	0800                	addi	s0,sp,16
    157e:	000002af          	.4byte	0x2af
    1582:	1404                	addi	s1,sp,544
    1584:	0004                	.2byte	0x4
    1586:	0200                	addi	s0,sp,256
    1588:	041f 0000 15ea      	.byte	0x1f, 0x04, 0x00, 0x00, 0xea, 0x15
    158e:	0000                	unimp
    1590:	0000                	unimp
    1592:	0000                	unimp
    1594:	0114                	addi	a3,sp,128
    1596:	0004                	.2byte	0x4
    1598:	5a00                	lw	s0,48(a2)
    159a:	0006                	c.slli	zero,0x1
    159c:	8080                	.2byte	0x8080
    159e:	0002                	c.slli64	zero
    15a0:	4b00                	lw	s0,16(a4)
    15a2:	026a                	slli	tp,tp,0x1a
    15a4:	0000                	unimp
    15a6:	00040a0b          	.4byte	0x40a0b
    15aa:	f600                	.2byte	0xf600
    15ac:	0015                	c.nop	5
    15ae:	0800                	addi	s0,sp,16
    15b0:	0280                	addi	s0,sp,320
    15b2:	0000                	unimp
    15b4:	1402                	slli	s0,s0,0x20
    15b6:	0004                	.2byte	0x4
    15b8:	0200                	addi	s0,sp,256
    15ba:	0016                	c.slli	zero,0x5
    15bc:	0200                	addi	s0,sp,256
    15be:	041f 0000 1611      	.byte	0x1f, 0x04, 0x00, 0x00, 0x11, 0x16
    15c4:	0000                	unimp
    15c6:	0000                	unimp
    15c8:	df14                	sw	a3,56(a4)
    15ca:	c6000003          	lb	zero,-928(zero) # fffffc60 <_ram_end+0x7ffefc60>
    15ce:	0006                	c.slli	zero,0x1
    15d0:	c280                	sw	s0,0(a3)
    15d2:	0002                	c.slli64	zero
    15d4:	4800                	lw	s0,16(s0)
    15d6:	02b8                	addi	a4,sp,328
    15d8:	0000                	unimp
    15da:	0003ec0b          	.4byte	0x3ec0b
    15de:	1d00                	addi	s0,sp,688
    15e0:	0016                	c.slli	zero,0x5
    15e2:	0800                	addi	s0,sp,16
    15e4:	02c2                	slli	t0,t0,0x10
    15e6:	0000                	unimp
    15e8:	f602                	.2byte	0xf602
    15ea:	29000003          	lb	zero,656(zero) # 290 <_program_size-0xc08>
    15ee:	0016                	c.slli	zero,0x5
    15f0:	0700                	addi	s0,sp,896
    15f2:	0401                	addi	s0,s0,0
    15f4:	0000                	unimp
    15f6:	06d0                	addi	a2,sp,836
    15f8:	8000                	.2byte	0x8000
    15fa:	000c                	.2byte	0xc
    15fc:	0000                	unimp
    15fe:	030c                	addi	a1,sp,384
    1600:	00040a03          	lb	s4,0(s0)
    1604:	0400                	addi	s0,sp,512
    1606:	0414                	addi	a3,sp,512
    1608:	0000                	unimp
    160a:	1f02                	slli	t5,t5,0x20
    160c:	0004                	.2byte	0x4
    160e:	4000                	lw	s0,0(s0)
    1610:	0016                	c.slli	zero,0x5
    1612:	0000                	unimp
    1614:	0000                	unimp
    1616:	00040107          	.4byte	0x40107
    161a:	0400                	addi	s0,sp,512
    161c:	12800007          	.4byte	0x12800007
    1620:	0000                	unimp
    1622:	2900                	.2byte	0x2900
    1624:	0306                	slli	t1,t1,0x1
    1626:	040a                	slli	s0,s0,0x2
    1628:	0000                	unimp
    162a:	1404                	addi	s1,sp,544
    162c:	0004                	.2byte	0x4
    162e:	0200                	addi	s0,sp,256
    1630:	041f 0000 164c      	.byte	0x1f, 0x04, 0x00, 0x00, 0x4c, 0x16
    1636:	0000                	unimp
    1638:	0000                	unimp
    163a:	00040113          	mv	sp,s0
    163e:	3000                	.2byte	0x3000
    1640:	0006                	c.slli	zero,0x1
    1642:	5180                	lw	s0,32(a1)
    1644:	0002                	c.slli64	zero
    1646:	5400                	lw	s0,40(s0)
    1648:	0304                	addi	s1,sp,384
    164a:	040a                	slli	s0,s0,0x2
    164c:	0000                	unimp
    164e:	5108                	lw	a0,32(a0)
    1650:	0002                	c.slli64	zero
    1652:	0400                	addi	s0,sp,512
    1654:	0414                	addi	a3,sp,512
    1656:	0000                	unimp
    1658:	1f02                	slli	t5,t5,0x20
    165a:	0004                	.2byte	0x4
    165c:	5800                	lw	s0,48(s0)
    165e:	0016                	c.slli	zero,0x5
    1660:	0000                	unimp
    1662:	0000                	unimp
    1664:	120d                	addi	tp,tp,-29 # ffffffe3 <_ram_end+0x7ffeffe3>
    1666:	01000003          	lb	zero,16(zero) # 10 <_program_size-0xe88>
    166a:	0801                	addi	a6,a6,0
    166c:	0248                	addi	a0,sp,260
    166e:	0000                	unimp
    1670:	0b0e                	slli	s6,s6,0x3
    1672:	01000003          	lb	zero,16(zero) # 10 <_program_size-0xe88>
    1676:	0201                	addi	tp,tp,0 # 0 <_program_size-0xe98>
    1678:	03ad                	addi	t2,t2,11
    167a:	0000                	unimp
    167c:	0b1e                	slli	s6,s6,0x7
    167e:	2e000003          	lb	zero,736(zero) # 2e0 <_program_size-0xbb8>
    1682:	1f000003          	lb	zero,496(zero) # 1f0 <_program_size-0xca8>
    1686:	0026                	c.slli	zero,0x9
    1688:	0000                	unimp
    168a:	9c0f003f 0f000003 	.8byte	0xf0000039c0f003f
	...
    169a:	9c01                	.2byte	0x9c01
    169c:	03df 0000 7310      	.byte	0xdf, 0x03, 0x00, 0x00, 0x10, 0x73
    16a2:	0f00                	addi	s0,sp,912
    16a4:	0618                	addi	a4,sp,768
    16a6:	64000003          	lb	zero,1600(zero) # 640 <_program_size-0x858>
    16aa:	0016                	c.slli	zero,0x5
    16ac:	1500                	addi	s0,sp,672
    16ae:	03df 0000 0000      	.byte	0xdf, 0x03, 0x00, 0x00, 0x00, 0x00
    16b4:	0000                	unimp
    16b6:	0000                	unimp
    16b8:	0000                	unimp
    16ba:	9711                	srai	a4,a4,0x24
    16bc:	0b000003          	lb	zero,176(zero) # b0 <_program_size-0xde8>
    16c0:	03ec                	addi	a1,sp,460
    16c2:	0000                	unimp
    16c4:	167e                	slli	a2,a2,0x3f
    16c6:	0000                	unimp
    16c8:	f602                	.2byte	0xf602
    16ca:	8a000003          	lb	zero,-1888(zero) # fffff8a0 <_ram_end+0x7ffef8a0>
    16ce:	0016                	c.slli	zero,0x5
    16d0:	0700                	addi	s0,sp,896
    16d2:	0401                	addi	s0,s0,0
	...
    16dc:	0000                	unimp
    16de:	030c                	addi	a1,sp,384
    16e0:	00040a03          	lb	s4,0(s0)
    16e4:	0400                	addi	s0,sp,512
    16e6:	0414                	addi	a3,sp,512
    16e8:	0000                	unimp
    16ea:	1f02                	slli	t5,t5,0x20
    16ec:	0004                	.2byte	0x4
    16ee:	a100                	.2byte	0xa100
    16f0:	0016                	c.slli	zero,0x5
    16f2:	0000                	unimp
    16f4:	1500                	addi	s0,sp,672
    16f6:	0401                	addi	s0,s0,0
	...
    1700:	0000                	unimp
    1702:	bd12                	.2byte	0xbd12
    1704:	03000003          	lb	zero,48(zero) # 30 <_program_size-0xe68>
    1708:	040a                	slli	s0,s0,0x2
    170a:	0000                	unimp
    170c:	1404                	addi	s1,sp,544
    170e:	0004                	.2byte	0x4
    1710:	0200                	addi	s0,sp,256
    1712:	041f 0000 16ad      	.byte	0x1f, 0x04, 0x00, 0x00, 0xad, 0x16
    1718:	0000                	unimp
    171a:	0700                	addi	s0,sp,896
    171c:	0401                	addi	s0,s0,0
	...
    1726:	0000                	unimp
    1728:	0a030213          	addi	tp,t1,160 # 8610a0 <_available_heap+0x853f38>
    172c:	0004                	.2byte	0x4
    172e:	0400                	addi	s0,sp,512
    1730:	0414                	addi	a3,sp,512
    1732:	0000                	unimp
    1734:	1f20                	addi	s0,sp,952
    1736:	0004                	.2byte	0x4
    1738:	0100                	addi	s0,sp,128
    173a:	005d                	c.nop	23
    173c:	2100                	.2byte	0x2100
    173e:	0000039b          	.4byte	0x39b
    1742:	0801                	addi	a6,a6,0
    1744:	0314                	addi	a3,sp,384
    1746:	0401                	addi	s0,s0,0
    1748:	0000                	unimp
    174a:	7316                	.2byte	0x7316
    174c:	0100                	addi	s0,sp,128
    174e:	2708                	.2byte	0x2708
    1750:	0306                	slli	t1,t1,0x1
    1752:	0000                	unimp
    1754:	630c                	.2byte	0x630c
    1756:	0100                	addi	s0,sp,128
    1758:	070a                	slli	a4,a4,0x2
    175a:	0000030b          	.4byte	0x30b
    175e:	2200                	.2byte	0x2200
    1760:	000003a7          	.4byte	0x3a7
    1764:	1502                	slli	a0,a0,0x20
    1766:	0314                	addi	a3,sp,384
    1768:	6316                	.2byte	0x6316
    176a:	0200                	addi	s0,sp,256
    176c:	1f15                	addi	t5,t5,-27 # fe5 <_program_size+0x14d>
    176e:	0000030b          	.4byte	0x30b
    1772:	740c                	.2byte	0x740c
    1774:	0078                	addi	a4,sp,12
    1776:	1702                	slli	a4,a4,0x20
    1778:	cf15                	beqz	a4,17b4 <_program_size+0x91c>
    177a:	0000                	unimp
    177c:	0c00                	addi	s0,sp,528
    177e:	0072                	c.slli	zero,0x1c
    1780:	1902                	slli	s2,s2,0x20
    1782:	a20a                	.2byte	0xa20a
    1784:	0000                	unimp
    1786:	0000                	unimp
    1788:	6700                	.2byte	0x6700
    178a:	0500000b          	.4byte	0x500000b
    178e:	0100                	addi	s0,sp,128
    1790:	cd04                	sw	s1,24(a0)
    1792:	0005                	c.nop	1
    1794:	1b00                	addi	s0,sp,432
    1796:	016a                	slli	sp,sp,0x1a
    1798:	0000                	unimp
    179a:	1f1d                	addi	t5,t5,-25
    179c:	0002                	c.slli64	zero
    179e:	0000                	unimp
    17a0:	0000                	unimp
    17a2:	3000                	.2byte	0x3000
    17a4:	0004                	.2byte	0x4
    17a6:	0000                	unimp
    17a8:	0000                	unimp
    17aa:	c700                	sw	s0,8(a4)
    17ac:	001a                	c.slli	zero,0x6
    17ae:	0400                	addi	s0,sp,512
    17b0:	0601                	addi	a2,a2,0
    17b2:	0241                	addi	tp,tp,16 # 10 <_program_size-0xe88>
    17b4:	0000                	unimp
    17b6:	5b0e                	lw	s6,224(sp)
    17b8:	0001                	nop
    17ba:	0200                	addi	s0,sp,256
    17bc:	0039182b          	.4byte	0x39182b
    17c0:	0000                	unimp
    17c2:	0104                	addi	s1,sp,128
    17c4:	3f08                	.2byte	0x3f08
    17c6:	0002                	c.slli64	zero
    17c8:	0400                	addi	s0,sp,512
    17ca:	0502                	c.slli64	a0
    17cc:	0000008b          	.4byte	0x8b
    17d0:	0204                	addi	s1,sp,256
    17d2:	00028307          	.4byte	0x28307
    17d6:	0400                	addi	s0,sp,512
    17d8:	0504                	addi	s1,sp,640
    17da:	013e                	slli	sp,sp,0xf
    17dc:	0000                	unimp
    17de:	ca0e                	sw	gp,20(sp)
    17e0:	0000                	unimp
    17e2:	0200                	addi	s0,sp,256
    17e4:	0061194f          	.4byte	0x61194f
    17e8:	0000                	unimp
    17ea:	0404                	addi	s1,sp,512
    17ec:	00025907          	.4byte	0x25907
    17f0:	0400                	addi	s0,sp,512
    17f2:	0508                	addi	a0,sp,640
    17f4:	0139                	addi	sp,sp,14
    17f6:	0000                	unimp
    17f8:	0804                	addi	s1,sp,16
    17fa:	00025407          	.4byte	0x25407
    17fe:	1c00                	addi	s0,sp,560
    1800:	0504                	addi	s1,sp,640
    1802:	6e69                	lui	t3,0x1a
    1804:	0074                	addi	a3,sp,12
    1806:	0404                	addi	s1,sp,512
    1808:	00025e07          	.4byte	0x25e07
    180c:	0e00                	addi	s0,sp,784
    180e:	015d                	addi	sp,sp,23
    1810:	0000                	unimp
    1812:	2d131803          	lh	a6,721(t1)
    1816:	0000                	unimp
    1818:	0500                	addi	s0,sp,640
    181a:	0084                	addi	s1,sp,64
    181c:	0000                	unimp
    181e:	cc0e                	sw	gp,24(sp)
    1820:	0000                	unimp
    1822:	0300                	addi	s0,sp,384
    1824:	1430                	addi	a2,sp,552
    1826:	0055                	c.nop	21
    1828:	0000                	unimp
    182a:	951d                	srai	a0,a0,0x27
    182c:	0000                	unimp
    182e:	0500                	addi	s0,sp,640
    1830:	0095                	addi	ra,ra,5
    1832:	0000                	unimp
    1834:	a21e                	.2byte	0xa21e
    1836:	04000003          	lb	zero,64(zero) # 40 <_program_size-0xe58>
    183a:	00c02213          	slti	tp,zero,12
    183e:	0000                	unimp
    1840:	0000                	unimp
    1842:	6400                	.2byte	0x6400
    1844:	0000a107          	.4byte	0xa107
    1848:	0500                	addi	s0,sp,640
    184a:	000000bb          	.4byte	0xbb
    184e:	9008                	.2byte	0x9008
    1850:	0000                	unimp
    1852:	d500                	sw	s0,40(a0)
    1854:	0000                	unimp
    1856:	0900                	addi	s0,sp,144
    1858:	007d                	c.nop	31
    185a:	0000                	unimp
    185c:	000e                	c.slli	zero,0x3
    185e:	c505                	beqz	a0,1886 <_program_size+0x9ee>
    1860:	0000                	unimp
    1862:	0f00                	addi	s0,sp,912
    1864:	03d1                	addi	t2,t2,20
    1866:	0000                	unimp
    1868:	1642                	slli	a2,a2,0x30
    186a:	00d5                	addi	ra,ra,21
    186c:	0000                	unimp
    186e:	0305                	addi	t1,t1,1
    1870:	0e88                	addi	a0,sp,848
    1872:	8000                	.2byte	0x8000
    1874:	b310                	.2byte	0xb310
    1876:	43000003          	lb	zero,1072(zero) # 430 <_program_size-0xa68>
    187a:	00a6                	slli	ra,ra,0x9
    187c:	0000                	unimp
    187e:	080e                	slli	a6,a6,0x3
    1880:	0090                	addi	a2,sp,64
    1882:	0000                	unimp
    1884:	0106                	slli	sp,sp,0x1
    1886:	0000                	unimp
    1888:	7d09                	lui	s10,0xfffe2
    188a:	0000                	unimp
    188c:	0f00                	addi	s0,sp,912
    188e:	0500                	addi	s0,sp,640
    1890:	00f6                	slli	ra,ra,0x1d
    1892:	0000                	unimp
    1894:	6b06                	.2byte	0x6b06
    1896:	7965                	lui	s2,0xffff9
    1898:	4500                	lw	s0,8(a0)
    189a:	0616                	slli	a2,a2,0x5
    189c:	0001                	nop
    189e:	0500                	addi	s0,sp,640
    18a0:	000e7803          	.4byte	0xe7803
    18a4:	0f80                	addi	s0,sp,976
    18a6:	031f 0000 1649      	.byte	0x1f, 0x03, 0x00, 0x00, 0x49, 0x16
    18ac:	0106                	slli	sp,sp,0x1
    18ae:	0000                	unimp
    18b0:	0305                	addi	t1,t1,1
    18b2:	0e68                	addi	a0,sp,796
    18b4:	8000                	.2byte	0x8000
    18b6:	9008                	.2byte	0x9008
    18b8:	0000                	unimp
    18ba:	3d00                	.2byte	0x3d00
    18bc:	0001                	nop
    18be:	0900                	addi	s0,sp,144
    18c0:	007d                	c.nop	31
    18c2:	0000                	unimp
    18c4:	2d050007          	.4byte	0x2d050007
    18c8:	0001                	nop
    18ca:	0600                	addi	s0,sp,768
    18cc:	6461                	lui	s0,0x18
    18ce:	4d00                	lw	s0,24(a0)
    18d0:	3d16                	.2byte	0x3d16
    18d2:	0001                	nop
    18d4:	0500                	addi	s0,sp,640
    18d6:	000bb803          	.4byte	0xbb803
    18da:	1080                	addi	s0,sp,96
    18dc:	00fe                	slli	ra,ra,0x1f
    18de:	0000                	unimp
    18e0:	a64e                	.2byte	0xa64e
    18e2:	0000                	unimp
    18e4:	0800                	addi	s0,sp,16
    18e6:	7a06                	.2byte	0x7a06
    18e8:	5000                	lw	s0,32(s0)
    18ea:	3d16                	.2byte	0x3d16
    18ec:	0001                	nop
    18ee:	0500                	addi	s0,sp,640
    18f0:	000bb003          	.4byte	0xbb003
    18f4:	1080                	addi	s0,sp,96
    18f6:	032e                	slli	t1,t1,0xb
    18f8:	0000                	unimp
    18fa:	a651                	j	1c7e <_program_size+0xde6>
    18fc:	0000                	unimp
    18fe:	0700                	addi	s0,sp,896
    1900:	950c                	.2byte	0x950c
    1902:	0000                	unimp
    1904:	6700                	.2byte	0x6700
    1906:	0076                	c.slli	zero,0x1d
    1908:	0000                	unimp
    190a:	01ae                	slli	gp,gp,0xb
    190c:	0000                	unimp
    190e:	0001ae03          	lw	t3,0(gp)
    1912:	0300                	addi	s0,sp,384
    1914:	01ae                	slli	gp,gp,0xb
    1916:	0000                	unimp
    1918:	0001ae03          	lw	t3,0(gp)
    191c:	0300                	addi	s0,sp,384
    191e:	0095                	addi	ra,ra,5
    1920:	0000                	unimp
    1922:	0001ae03          	lw	t3,0(gp)
    1926:	0300                	addi	s0,sp,384
    1928:	0095                	addi	ra,ra,5
    192a:	0000                	unimp
    192c:	0001b303          	.4byte	0x1b303
    1930:	0300                	addi	s0,sp,384
    1932:	01ae                	slli	gp,gp,0xb
    1934:	0000                	unimp
    1936:	0700                	addi	s0,sp,896
    1938:	0090                	addi	a2,sp,64
    193a:	0000                	unimp
    193c:	00008407          	.4byte	0x8407
    1940:	0c00                	addi	s0,sp,528
    1942:	0000029b          	.4byte	0x29b
    1946:	765e                	.2byte	0x765e
    1948:	0000                	unimp
    194a:	ef00                	.2byte	0xef00
    194c:	0001                	nop
    194e:	0300                	addi	s0,sp,384
    1950:	01ae                	slli	gp,gp,0xb
    1952:	0000                	unimp
    1954:	0001ae03          	lw	t3,0(gp)
    1958:	0300                	addi	s0,sp,384
    195a:	01ae                	slli	gp,gp,0xb
    195c:	0000                	unimp
    195e:	00009503          	lh	a0,0(ra)
    1962:	0300                	addi	s0,sp,384
    1964:	01ae                	slli	gp,gp,0xb
    1966:	0000                	unimp
    1968:	00009503          	lh	a0,0(ra)
    196c:	0300                	addi	s0,sp,384
    196e:	000001b3          	add	gp,zero,zero
    1972:	0001b303          	.4byte	0x1b303
    1976:	0000                	unimp
    1978:	030c                	addi	a1,sp,384
    197a:	59000003          	lb	zero,1424(zero) # 590 <_program_size-0x908>
    197e:	0076                	c.slli	zero,0x1d
    1980:	0000                	unimp
    1982:	021c                	addi	a5,sp,256
    1984:	0000                	unimp
    1986:	0001ae03          	lw	t3,0(gp)
    198a:	0300                	addi	s0,sp,384
    198c:	0095                	addi	ra,ra,5
    198e:	0000                	unimp
    1990:	0001ae03          	lw	t3,0(gp)
    1994:	0300                	addi	s0,sp,384
    1996:	0095                	addi	ra,ra,5
    1998:	0000                	unimp
    199a:	0001b303          	.4byte	0x1b303
    199e:	0300                	addi	s0,sp,384
    19a0:	0095                	addi	ra,ra,5
    19a2:	0000                	unimp
    19a4:	0c00                	addi	s0,sp,528
    19a6:	014e                	slli	sp,sp,0x13
    19a8:	0000                	unimp
    19aa:	7655                	lui	a2,0xffff5
    19ac:	0000                	unimp
    19ae:	3f00                	.2byte	0x3f00
    19b0:	0002                	c.slli64	zero
    19b2:	0300                	addi	s0,sp,384
    19b4:	01ae                	slli	gp,gp,0xb
    19b6:	0000                	unimp
    19b8:	00009503          	lh	a0,0(ra)
    19bc:	0300                	addi	s0,sp,384
    19be:	000001b3          	add	gp,zero,zero
    19c2:	00009503          	lh	a0,0(ra)
    19c6:	0000                	unimp
    19c8:	c30c                	sw	a1,0(a4)
    19ca:	0002                	c.slli64	zero
    19cc:	5100                	lw	s0,32(a0)
    19ce:	0076                	c.slli	zero,0x1d
    19d0:	0000                	unimp
    19d2:	025d                	addi	tp,tp,23 # 17 <_program_size-0xe81>
    19d4:	0000                	unimp
    19d6:	0001ae03          	lw	t3,0(gp)
    19da:	0300                	addi	s0,sp,384
    19dc:	0095                	addi	ra,ra,5
    19de:	0000                	unimp
    19e0:	0001b303          	.4byte	0x1b303
    19e4:	0000                	unimp
    19e6:	7a1f 0003 0400      	.byte	0x1f, 0x7a, 0x03, 0x00, 0x00, 0x04
    19ec:	02700d27          	.4byte	0x2700d27
    19f0:	0000                	unimp
    19f2:	00027003          	.4byte	0x27003
    19f6:	2000                	.2byte	0x2000
    19f8:	0700                	addi	s0,sp,896
    19fa:	027c                	addi	a5,sp,268
    19fc:	0000                	unimp
    19fe:	0104                	addi	s1,sp,128
    1a00:	4808                	lw	a0,16(s0)
    1a02:	0002                	c.slli64	zero
    1a04:	0500                	addi	s0,sp,640
    1a06:	0275                	addi	tp,tp,29 # 1d <_program_size-0xe7b>
    1a08:	0000                	unimp
    1a0a:	c321                	beqz	a4,1a4a <_program_size+0xbb2>
    1a0c:	01000003          	lb	zero,16(zero) # 10 <_program_size-0xe88>
    1a10:	0555                	addi	a0,a0,21
    1a12:	0076                	c.slli	zero,0x1d
    1a14:	0000                	unimp
    1a16:	08f2                	slli	a7,a7,0x1c
    1a18:	8000                	.2byte	0x8000
    1a1a:	027e                	slli	tp,tp,0x1f
    1a1c:	0000                	unimp
    1a1e:	9c01                	.2byte	0x9c01
    1a20:	08ac                	addi	a1,sp,88
    1a22:	0000                	unimp
    1a24:	bc14                	.2byte	0xbc14
    1a26:	55000003          	lb	zero,1360(zero) # 550 <_program_size-0x948>
    1a2a:	760e                	.2byte	0x760e
    1a2c:	0000                	unimp
    1a2e:	c500                	sw	s0,8(a0)
    1a30:	0016                	c.slli	zero,0x5
    1a32:	1400                	addi	s0,sp,544
    1a34:	03d6                	slli	t2,t2,0x15
    1a36:	0000                	unimp
    1a38:	1d55                	addi	s10,s10,-11 # fffe1ff5 <_ram_end+0x7ffd1ff5>
    1a3a:	08ac                	addi	a1,sp,88
    1a3c:	0000                	unimp
    1a3e:	16df 0000 6d06      	.byte	0xdf, 0x16, 0x00, 0x00, 0x06, 0x6d
    1a44:	0064                	addi	s1,sp,12
    1a46:	08b60a57          	.4byte	0x8b60a57
    1a4a:	0000                	unimp
    1a4c:	7e909103          	lh	sp,2025(ra)
    1a50:	0003c90f          	.4byte	0x3c90f
    1a54:	5800                	lw	s0,48(s0)
    1a56:	b60a                	.2byte	0xb60a
    1a58:	0008                	.2byte	0x8
    1a5a:	0300                	addi	s0,sp,384
    1a5c:	b091                	j	12a0 <_program_size+0x408>
    1a5e:	0f7e                	slli	t5,t5,0x1f
    1a60:	03c8                	addi	a0,sp,452
    1a62:	0000                	unimp
    1a64:	0a59                	addi	s4,s4,22 # 17380 <_available_heap+0xa218>
    1a66:	08b6                	slli	a7,a7,0xd
    1a68:	0000                	unimp
    1a6a:	7ed09103          	lh	sp,2029(ra)
    1a6e:	6306                	.2byte	0x6306
    1a70:	0074                	addi	a3,sp,12
    1a72:	0a5a                	slli	s4,s4,0x16
    1a74:	08c6                	slli	a7,a7,0x11
    1a76:	0000                	unimp
    1a78:	7ef09103          	lh	sp,2031(ra)
    1a7c:	7006                	.2byte	0x7006
    1a7e:	0074                	addi	a3,sp,12
    1a80:	08c60a5b          	.4byte	0x8c60a5b
    1a84:	0000                	unimp
    1a86:	7fb09103          	lh	sp,2043(ra)
    1a8a:	7406                	.2byte	0x7406
    1a8c:	6761                	lui	a4,0x18
    1a8e:	5c00                	lw	s0,56(s0)
    1a90:	d60a                	sw	sp,44(sp)
    1a92:	0008                	.2byte	0x8
    1a94:	0300                	addi	s0,sp,384
    1a96:	8091                	srli	s1,s1,0x4
    1a98:	0a7e                	slli	s4,s4,0x1f
    1a9a:	6372                	.2byte	0x6372
    1a9c:	5d00                	lw	s0,56(a0)
    1a9e:	7606                	.2byte	0x7606
    1aa0:	0000                	unimp
    1aa2:	f900                	.2byte	0xf900
    1aa4:	0016                	c.slli	zero,0x5
    1aa6:	0200                	addi	s0,sp,256
    1aa8:	0908                	addi	a0,sp,144
    1aaa:	8000                	.2byte	0x8000
    1aac:	025d                	addi	tp,tp,23 # 17 <_program_size-0xe81>
    1aae:	0000                	unimp
    1ab0:	0335                	addi	t1,t1,13
    1ab2:	0000                	unimp
    1ab4:	0101                	addi	sp,sp,0
    1ab6:	055a                	slli	a0,a0,0x16
    1ab8:	000c3003          	.4byte	0xc3003
    1abc:	0080                	addi	s0,sp,64
    1abe:	1202                	slli	tp,tp,0x20
    1ac0:	0009                	c.nop	2
    1ac2:	5d80                	lw	s0,56(a1)
    1ac4:	0002                	c.slli64	zero
    1ac6:	4c00                	lw	s0,24(s0)
    1ac8:	01000003          	lb	zero,16(zero) # 10 <_program_size-0xe88>
    1acc:	5a01                	li	s4,-32
    1ace:	0305                	addi	t1,t1,1
    1ad0:	0c50                	addi	a2,sp,532
    1ad2:	8000                	.2byte	0x8000
    1ad4:	0200                	addi	s0,sp,256
    1ad6:	091c                	addi	a5,sp,144
    1ad8:	8000                	.2byte	0x8000
    1ada:	025d                	addi	tp,tp,23 # 17 <_program_size-0xe81>
    1adc:	0000                	unimp
    1ade:	00000363          	beqz	zero,1ae4 <_program_size+0xc4c>
    1ae2:	0101                	addi	sp,sp,0
    1ae4:	055a                	slli	a0,a0,0x16
    1ae6:	000c7c03          	.4byte	0xc7c03
    1aea:	0080                	addi	s0,sp,64
    1aec:	2602                	.2byte	0x2602
    1aee:	0009                	c.nop	2
    1af0:	5d80                	lw	s0,56(a1)
    1af2:	0002                	c.slli64	zero
    1af4:	7a00                	.2byte	0x7a00
    1af6:	01000003          	lb	zero,16(zero) # 10 <_program_size-0xe88>
    1afa:	5a01                	li	s4,-32
    1afc:	0305                	addi	t1,t1,1
    1afe:	0c94                	addi	a3,sp,592
    1b00:	8000                	.2byte	0x8000
    1b02:	0200                	addi	s0,sp,256
    1b04:	0930                	addi	a2,sp,152
    1b06:	8000                	.2byte	0x8000
    1b08:	025d                	addi	tp,tp,23 # 17 <_program_size-0xe81>
    1b0a:	0000                	unimp
    1b0c:	0391                	addi	t2,t2,4
    1b0e:	0000                	unimp
    1b10:	0101                	addi	sp,sp,0
    1b12:	055a                	slli	a0,a0,0x16
    1b14:	000cb003          	.4byte	0xcb003
    1b18:	0080                	addi	s0,sp,64
    1b1a:	3c02                	.2byte	0x3c02
    1b1c:	0009                	c.nop	2
    1b1e:	1180                	addi	s0,sp,224
    1b20:	0009                	c.nop	2
    1b22:	ad00                	.2byte	0xad00
    1b24:	01000003          	lb	zero,16(zero) # 10 <_program_size-0xe88>
    1b28:	5a01                	li	s4,-32
    1b2a:	0305                	addi	t1,t1,1
    1b2c:	0e88                	addi	a0,sp,848
    1b2e:	8000                	.2byte	0x8000
    1b30:	0101                	addi	sp,sp,0
    1b32:	003e015b          	.4byte	0x3e015b
    1b36:	4a02                	lw	s4,0(sp)
    1b38:	0009                	c.nop	2
    1b3a:	3f80                	.2byte	0x3f80
    1b3c:	0002                	c.slli64	zero
    1b3e:	d000                	sw	s0,32(s0)
    1b40:	01000003          	lb	zero,16(zero) # 10 <_program_size-0xe88>
    1b44:	5a01                	li	s4,-32
    1b46:	0305                	addi	t1,t1,1
    1b48:	0e88                	addi	a0,sp,848
    1b4a:	8000                	.2byte	0x8000
    1b4c:	0101                	addi	sp,sp,0
    1b4e:	013e015b          	.4byte	0x13e015b
    1b52:	5c01                	li	s8,-32
    1b54:	7e909103          	lh	sp,2025(ra)
    1b58:	0200                	addi	s0,sp,256
    1b5a:	0958                	addi	a4,sp,148
    1b5c:	8000                	.2byte	0x8000
    1b5e:	025d                	addi	tp,tp,23 # 17 <_program_size-0xe81>
    1b60:	0000                	unimp
    1b62:	000003e7          	jalr	t2,zero # 0 <_program_size-0xe98>
    1b66:	0101                	addi	sp,sp,0
    1b68:	055a                	slli	a0,a0,0x16
    1b6a:	000cbc03          	.4byte	0xcbc03
    1b6e:	0080                	addi	s0,sp,64
    1b70:	6002                	.2byte	0x6002
    1b72:	0009                	c.nop	2
    1b74:	1180                	addi	s0,sp,224
    1b76:	0009                	c.nop	2
    1b78:	0200                	addi	s0,sp,256
    1b7a:	0004                	.2byte	0x4
    1b7c:	0100                	addi	s0,sp,128
    1b7e:	5a01                	li	s4,-32
    1b80:	7e909103          	lh	sp,2025(ra)
    1b84:	0101                	addi	sp,sp,0
    1b86:	2008025b          	.4byte	0x2008025b
    1b8a:	0200                	addi	s0,sp,256
    1b8c:	096a                	slli	s2,s2,0x1a
    1b8e:	8000                	.2byte	0x8000
    1b90:	025d                	addi	tp,tp,23 # 17 <_program_size-0xe81>
    1b92:	0000                	unimp
    1b94:	0419                	addi	s0,s0,6 # 18006 <_available_heap+0xae9e>
    1b96:	0000                	unimp
    1b98:	0101                	addi	sp,sp,0
    1b9a:	055a                	slli	a0,a0,0x16
    1b9c:	000ce803          	.4byte	0xce803
    1ba0:	0080                	addi	s0,sp,64
    1ba2:	7402                	.2byte	0x7402
    1ba4:	0009                	c.nop	2
    1ba6:	5d80                	lw	s0,56(a1)
    1ba8:	0002                	c.slli64	zero
    1baa:	3000                	.2byte	0x3000
    1bac:	0004                	.2byte	0x4
    1bae:	0100                	addi	s0,sp,128
    1bb0:	5a01                	li	s4,-32
    1bb2:	0305                	addi	t1,t1,1
    1bb4:	0cb0                	addi	a2,sp,600
    1bb6:	8000                	.2byte	0x8000
    1bb8:	0200                	addi	s0,sp,256
    1bba:	0980                	addi	s0,sp,208
    1bbc:	8000                	.2byte	0x8000
    1bbe:	0911                	addi	s2,s2,4 # ffff9004 <_ram_end+0x7ffe9004>
    1bc0:	0000                	unimp
    1bc2:	044c                	addi	a1,sp,516
    1bc4:	0000                	unimp
    1bc6:	0101                	addi	sp,sp,0
    1bc8:	055a                	slli	a0,a0,0x16
    1bca:	000e8803          	lb	a6,0(t4) # 0 <_program_size-0xe98>
    1bce:	0180                	addi	s0,sp,192
    1bd0:	5b01                	li	s6,-32
    1bd2:	3e01                	jal	16e2 <_program_size+0x84a>
    1bd4:	0200                	addi	s0,sp,256
    1bd6:	0992                	slli	s3,s3,0x4
    1bd8:	8000                	.2byte	0x8000
    1bda:	021c                	addi	a5,sp,256
    1bdc:	0000                	unimp
    1bde:	0475                	addi	s0,s0,29
    1be0:	0000                	unimp
    1be2:	0101                	addi	sp,sp,0
    1be4:	055a                	slli	a0,a0,0x16
    1be6:	000e8803          	lb	a6,0(t4)
    1bea:	0180                	addi	s0,sp,192
    1bec:	5b01                	li	s6,-32
    1bee:	3e01                	jal	16fe <_program_size+0x866>
    1bf0:	0101                	addi	sp,sp,0
    1bf2:	035c                	addi	a5,sp,388
    1bf4:	b091                	j	1438 <_program_size+0x5a0>
    1bf6:	017e                	slli	sp,sp,0x1f
    1bf8:	5d01                	li	s10,-32
    1bfa:	0802                	c.slli64	a6
    1bfc:	0020                	addi	s0,sp,8
    1bfe:	a002                	.2byte	0xa002
    1c00:	0009                	c.nop	2
    1c02:	5d80                	lw	s0,56(a1)
    1c04:	0002                	c.slli64	zero
    1c06:	8c00                	.2byte	0x8c00
    1c08:	0004                	.2byte	0x4
    1c0a:	0100                	addi	s0,sp,128
    1c0c:	5a01                	li	s4,-32
    1c0e:	0305                	addi	t1,t1,1
    1c10:	0d04                	addi	s1,sp,656
    1c12:	8000                	.2byte	0x8000
    1c14:	0200                	addi	s0,sp,256
    1c16:	09a8                	addi	a0,sp,216
    1c18:	8000                	.2byte	0x8000
    1c1a:	0911                	addi	s2,s2,4
    1c1c:	0000                	unimp
    1c1e:	000004a7          	.4byte	0x4a7
    1c22:	0101                	addi	sp,sp,0
    1c24:	035a                	slli	t1,t1,0x16
    1c26:	b091                	j	146a <_program_size+0x5d2>
    1c28:	017e                	slli	sp,sp,0x1f
    1c2a:	5b01                	li	s6,-32
    1c2c:	0802                	c.slli64	a6
    1c2e:	0020                	addi	s0,sp,8
    1c30:	b202                	.2byte	0xb202
    1c32:	0009                	c.nop	2
    1c34:	5d80                	lw	s0,56(a1)
    1c36:	0002                	c.slli64	zero
    1c38:	be00                	.2byte	0xbe00
    1c3a:	0004                	.2byte	0x4
    1c3c:	0100                	addi	s0,sp,128
    1c3e:	5a01                	li	s4,-32
    1c40:	0305                	addi	t1,t1,1
    1c42:	0d2c                	addi	a1,sp,664
    1c44:	8000                	.2byte	0x8000
    1c46:	0200                	addi	s0,sp,256
    1c48:	09bc                	addi	a5,sp,216
    1c4a:	8000                	.2byte	0x8000
    1c4c:	025d                	addi	tp,tp,23 # 17 <_program_size-0xe81>
    1c4e:	0000                	unimp
    1c50:	04d5                	addi	s1,s1,21
    1c52:	0000                	unimp
    1c54:	0101                	addi	sp,sp,0
    1c56:	055a                	slli	a0,a0,0x16
    1c58:	000d4803          	lbu	a6,0(s10)
    1c5c:	0080                	addi	s0,sp,64
    1c5e:	c802                	sw	zero,16(sp)
    1c60:	0009                	c.nop	2
    1c62:	1180                	addi	s0,sp,224
    1c64:	0009                	c.nop	2
    1c66:	f100                	.2byte	0xf100
    1c68:	0004                	.2byte	0x4
    1c6a:	0100                	addi	s0,sp,128
    1c6c:	5a01                	li	s4,-32
    1c6e:	0305                	addi	t1,t1,1
    1c70:	0bb0                	addi	a2,sp,472
    1c72:	8000                	.2byte	0x8000
    1c74:	0101                	addi	sp,sp,0
    1c76:	0037015b          	.4byte	0x37015b
    1c7a:	d202                	sw	zero,36(sp)
    1c7c:	0009                	c.nop	2
    1c7e:	5d80                	lw	s0,56(a1)
    1c80:	0002                	c.slli64	zero
    1c82:	0800                	addi	s0,sp,16
    1c84:	0005                	c.nop	1
    1c86:	0100                	addi	s0,sp,128
    1c88:	5a01                	li	s4,-32
    1c8a:	0305                	addi	t1,t1,1
    1c8c:	0cb0                	addi	a2,sp,600
    1c8e:	8000                	.2byte	0x8000
    1c90:	0200                	addi	s0,sp,256
    1c92:	09de                	slli	s3,s3,0x17
    1c94:	8000                	.2byte	0x8000
    1c96:	0911                	addi	s2,s2,4
    1c98:	0000                	unimp
    1c9a:	0524                	addi	s1,sp,648
    1c9c:	0000                	unimp
    1c9e:	0101                	addi	sp,sp,0
    1ca0:	055a                	slli	a0,a0,0x16
    1ca2:	000e8803          	lb	a6,0(t4)
    1ca6:	0180                	addi	s0,sp,192
    1ca8:	5b01                	li	s6,-32
    1caa:	3e01                	jal	17ba <_program_size+0x922>
    1cac:	0200                	addi	s0,sp,256
    1cae:	09fa                	slli	s3,s3,0x1e
    1cb0:	8000                	.2byte	0x8000
    1cb2:	000001ef          	jal	gp,1cb2 <_program_size+0xe1a>
    1cb6:	0000055b          	.4byte	0x55b
    1cba:	0101                	addi	sp,sp,0
    1cbc:	055a                	slli	a0,a0,0x16
    1cbe:	000bb003          	.4byte	0xbb003
    1cc2:	0180                	addi	s0,sp,192
    1cc4:	5b01                	li	s6,-32
    1cc6:	3701                	jal	1bc6 <_program_size+0xd2e>
    1cc8:	0101                	addi	sp,sp,0
    1cca:	055c                	addi	a5,sp,644
    1ccc:	000e8803          	lb	a6,0(t4)
    1cd0:	0180                	addi	s0,sp,192
    1cd2:	5d01                	li	s10,-32
    1cd4:	3e01                	jal	17e4 <_program_size+0x94c>
    1cd6:	0101                	addi	sp,sp,0
    1cd8:	035e                	slli	t1,t1,0x17
    1cda:	d091                	beqz	s1,1bde <_program_size+0xd46>
    1cdc:	017e                	slli	sp,sp,0x1f
    1cde:	5f01                	li	t5,-32
    1ce0:	0802                	c.slli64	a6
    1ce2:	0020                	addi	s0,sp,8
    1ce4:	0802                	c.slli64	a6
    1ce6:	000a                	c.slli	zero,0x2
    1ce8:	5d80                	lw	s0,56(a1)
    1cea:	0002                	c.slli64	zero
    1cec:	7200                	.2byte	0x7200
    1cee:	0005                	c.nop	1
    1cf0:	0100                	addi	s0,sp,128
    1cf2:	5a01                	li	s4,-32
    1cf4:	0305                	addi	t1,t1,1
    1cf6:	0d04                	addi	s1,sp,656
    1cf8:	8000                	.2byte	0x8000
    1cfa:	0200                	addi	s0,sp,256
    1cfc:	0a10                	addi	a2,sp,272
    1cfe:	8000                	.2byte	0x8000
    1d00:	0911                	addi	s2,s2,4
    1d02:	0000                	unimp
    1d04:	058d                	addi	a1,a1,3
    1d06:	0000                	unimp
    1d08:	0101                	addi	sp,sp,0
    1d0a:	035a                	slli	t1,t1,0x16
    1d0c:	d091                	beqz	s1,1c10 <_program_size+0xd78>
    1d0e:	017e                	slli	sp,sp,0x1f
    1d10:	5b01                	li	s6,-32
    1d12:	0802                	c.slli64	a6
    1d14:	0020                	addi	s0,sp,8
    1d16:	1a02                	slli	s4,s4,0x20
    1d18:	000a                	c.slli	zero,0x2
    1d1a:	5d80                	lw	s0,56(a1)
    1d1c:	0002                	c.slli64	zero
    1d1e:	a400                	.2byte	0xa400
    1d20:	0005                	c.nop	1
    1d22:	0100                	addi	s0,sp,128
    1d24:	5a01                	li	s4,-32
    1d26:	0305                	addi	t1,t1,1
    1d28:	0d70                	addi	a2,sp,668
    1d2a:	8000                	.2byte	0x8000
    1d2c:	0200                	addi	s0,sp,256
    1d2e:	0a24                	addi	s1,sp,280
    1d30:	8000                	.2byte	0x8000
    1d32:	025d                	addi	tp,tp,23 # 17 <_program_size-0xe81>
    1d34:	0000                	unimp
    1d36:	000005bb          	.4byte	0x5bb
    1d3a:	0101                	addi	sp,sp,0
    1d3c:	055a                	slli	a0,a0,0x16
    1d3e:	000d9403          	lh	s0,0(s11)
    1d42:	0080                	addi	s0,sp,64
    1d44:	3002                	.2byte	0x3002
    1d46:	000a                	c.slli	zero,0x2
    1d48:	1180                	addi	s0,sp,224
    1d4a:	0009                	c.nop	2
    1d4c:	d700                	sw	s0,40(a4)
    1d4e:	0005                	c.nop	1
    1d50:	0100                	addi	s0,sp,128
    1d52:	5a01                	li	s4,-32
    1d54:	0305                	addi	t1,t1,1
    1d56:	0e78                	addi	a4,sp,796
    1d58:	8000                	.2byte	0x8000
    1d5a:	0101                	addi	sp,sp,0
    1d5c:	0040015b          	.4byte	0x40015b
    1d60:	3a02                	.2byte	0x3a02
    1d62:	000a                	c.slli	zero,0x2
    1d64:	5d80                	lw	s0,56(a1)
    1d66:	0002                	c.slli64	zero
    1d68:	ee00                	.2byte	0xee00
    1d6a:	0005                	c.nop	1
    1d6c:	0100                	addi	s0,sp,128
    1d6e:	5a01                	li	s4,-32
    1d70:	0305                	addi	t1,t1,1
    1d72:	0d9c                	addi	a5,sp,720
    1d74:	8000                	.2byte	0x8000
    1d76:	0200                	addi	s0,sp,256
    1d78:	0a46                	slli	s4,s4,0x11
    1d7a:	8000                	.2byte	0x8000
    1d7c:	0911                	addi	s2,s2,4
    1d7e:	0000                	unimp
    1d80:	060a                	slli	a2,a2,0x2
    1d82:	0000                	unimp
    1d84:	0101                	addi	sp,sp,0
    1d86:	055a                	slli	a0,a0,0x16
    1d88:	000e6803          	.4byte	0xe6803
    1d8c:	0180                	addi	s0,sp,192
    1d8e:	5b01                	li	s6,-32
    1d90:	4001                	c.li	zero,0
    1d92:	0200                	addi	s0,sp,256
    1d94:	0a50                	addi	a2,sp,276
    1d96:	8000                	.2byte	0x8000
    1d98:	025d                	addi	tp,tp,23 # 17 <_program_size-0xe81>
    1d9a:	0000                	unimp
    1d9c:	0621                	addi	a2,a2,8 # ffff5008 <_ram_end+0x7ffe5008>
    1d9e:	0000                	unimp
    1da0:	0101                	addi	sp,sp,0
    1da2:	055a                	slli	a0,a0,0x16
    1da4:	000da803          	lw	a6,0(s11)
    1da8:	0080                	addi	s0,sp,64
    1daa:	5c02                	lw	s8,32(sp)
    1dac:	000a                	c.slli	zero,0x2
    1dae:	1180                	addi	s0,sp,224
    1db0:	0009                	c.nop	2
    1db2:	3d00                	.2byte	0x3d00
    1db4:	0006                	c.slli	zero,0x1
    1db6:	0100                	addi	s0,sp,128
    1db8:	5a01                	li	s4,-32
    1dba:	0305                	addi	t1,t1,1
    1dbc:	0bb8                	addi	a4,sp,472
    1dbe:	8000                	.2byte	0x8000
    1dc0:	0101                	addi	sp,sp,0
    1dc2:	0038015b          	.4byte	0x38015b
    1dc6:	6602                	.2byte	0x6602
    1dc8:	000a                	c.slli	zero,0x2
    1dca:	5d80                	lw	s0,56(a1)
    1dcc:	0002                	c.slli64	zero
    1dce:	5400                	lw	s0,40(s0)
    1dd0:	0006                	c.slli	zero,0x1
    1dd2:	0100                	addi	s0,sp,128
    1dd4:	5a01                	li	s4,-32
    1dd6:	0305                	addi	t1,t1,1
    1dd8:	0dbc                	addi	a5,sp,728
    1dda:	8000                	.2byte	0x8000
    1ddc:	0200                	addi	s0,sp,256
    1dde:	0a72                	slli	s4,s4,0x1c
    1de0:	8000                	.2byte	0x8000
    1de2:	0911                	addi	s2,s2,4
    1de4:	0000                	unimp
    1de6:	0670                	addi	a2,sp,780
    1de8:	0000                	unimp
    1dea:	0101                	addi	sp,sp,0
    1dec:	055a                	slli	a0,a0,0x16
    1dee:	000e8803          	lb	a6,0(t4)
    1df2:	0180                	addi	s0,sp,192
    1df4:	5b01                	li	s6,-32
    1df6:	3e01                	jal	1906 <_program_size+0xa6e>
    1df8:	0200                	addi	s0,sp,256
    1dfa:	0a9e                	slli	s5,s5,0x7
    1dfc:	8000                	.2byte	0x8000
    1dfe:	01b8                	addi	a4,sp,200
    1e00:	0000                	unimp
    1e02:	06b9                	addi	a3,a3,14
    1e04:	0000                	unimp
    1e06:	0101                	addi	sp,sp,0
    1e08:	055a                	slli	a0,a0,0x16
    1e0a:	000e7803          	.4byte	0xe7803
    1e0e:	0180                	addi	s0,sp,192
    1e10:	5b01                	li	s6,-32
    1e12:	0305                	addi	t1,t1,1
    1e14:	0e68                	addi	a0,sp,796
    1e16:	8000                	.2byte	0x8000
    1e18:	0101                	addi	sp,sp,0
    1e1a:	055c                	addi	a5,sp,644
    1e1c:	000bb803          	.4byte	0xbb803
    1e20:	0180                	addi	s0,sp,192
    1e22:	5d01                	li	s10,-32
    1e24:	3801                	jal	1634 <_program_size+0x79c>
    1e26:	0101                	addi	sp,sp,0
    1e28:	055e                	slli	a0,a0,0x17
    1e2a:	000e8803          	lb	a6,0(t4)
    1e2e:	0180                	addi	s0,sp,192
    1e30:	5f01                	li	t5,-32
    1e32:	3e01                	jal	1942 <_program_size+0xaaa>
    1e34:	0101                	addi	sp,sp,0
    1e36:	0360                	addi	s0,sp,396
    1e38:	f091                	bnez	s1,1d3c <_program_size+0xea4>
    1e3a:	017e                	slli	sp,sp,0x1f
    1e3c:	6101                	addi	sp,sp,0
    1e3e:	7202                	.2byte	0x7202
    1e40:	0000                	unimp
    1e42:	aa02                	.2byte	0xaa02
    1e44:	000a                	c.slli	zero,0x2
    1e46:	5d80                	lw	s0,56(a1)
    1e48:	0002                	c.slli64	zero
    1e4a:	d000                	sw	s0,32(s0)
    1e4c:	0006                	c.slli	zero,0x1
    1e4e:	0100                	addi	s0,sp,128
    1e50:	5a01                	li	s4,-32
    1e52:	0305                	addi	t1,t1,1
    1e54:	0dcc                	addi	a1,sp,724
    1e56:	8000                	.2byte	0x8000
    1e58:	0200                	addi	s0,sp,256
    1e5a:	0ab0                	addi	a2,sp,344
    1e5c:	8000                	.2byte	0x8000
    1e5e:	0911                	addi	s2,s2,4
    1e60:	0000                	unimp
    1e62:	06ea                	slli	a3,a3,0x1a
    1e64:	0000                	unimp
    1e66:	0101                	addi	sp,sp,0
    1e68:	035a                	slli	t1,t1,0x16
    1e6a:	f091                	bnez	s1,1d6e <_program_size+0xed6>
    1e6c:	017e                	slli	sp,sp,0x1f
    1e6e:	5b01                	li	s6,-32
    1e70:	3e01                	jal	1980 <_program_size+0xae8>
    1e72:	0200                	addi	s0,sp,256
    1e74:	0aba                	slli	s5,s5,0xe
    1e76:	8000                	.2byte	0x8000
    1e78:	025d                	addi	tp,tp,23 # 17 <_program_size-0xe81>
    1e7a:	0000                	unimp
    1e7c:	0701                	addi	a4,a4,0 # 18000 <_available_heap+0xae98>
    1e7e:	0000                	unimp
    1e80:	0101                	addi	sp,sp,0
    1e82:	055a                	slli	a0,a0,0x16
    1e84:	000ddc03          	lhu	s8,0(s11)
    1e88:	0080                	addi	s0,sp,64
    1e8a:	be02                	.2byte	0xbe02
    1e8c:	000a                	c.slli	zero,0x2
    1e8e:	cd80                	sw	s0,24(a1)
    1e90:	000a                	c.slli	zero,0x2
    1e92:	1c00                	addi	s0,sp,560
    1e94:	01000007          	.4byte	0x1000007
    1e98:	5a01                	li	s4,-32
    1e9a:	7202                	.2byte	0x7202
    1e9c:	1500                	addi	s0,sp,672
    1e9e:	08f9                	addi	a7,a7,30
    1ea0:	0000                	unimp
    1ea2:	4001                	c.li	zero,0
    1ea4:	0200                	addi	s0,sp,256
    1ea6:	0ac8                	addi	a0,sp,340
    1ea8:	8000                	.2byte	0x8000
    1eaa:	025d                	addi	tp,tp,23 # 17 <_program_size-0xe81>
    1eac:	0000                	unimp
    1eae:	00000733          	add	a4,zero,zero
    1eb2:	0101                	addi	sp,sp,0
    1eb4:	055a                	slli	a0,a0,0x16
    1eb6:	000de403          	.4byte	0xde403
    1eba:	0080                	addi	s0,sp,64
    1ebc:	d202                	sw	zero,36(sp)
    1ebe:	000a                	c.slli	zero,0x2
    1ec0:	5d80                	lw	s0,56(a1)
    1ec2:	0002                	c.slli64	zero
    1ec4:	4a00                	lw	s0,16(a2)
    1ec6:	01000007          	.4byte	0x1000007
    1eca:	5a01                	li	s4,-32
    1ecc:	0305                	addi	t1,t1,1
    1ece:	0dcc                	addi	a1,sp,724
    1ed0:	8000                	.2byte	0x8000
    1ed2:	0200                	addi	s0,sp,256
    1ed4:	0ad8                	addi	a4,sp,340
    1ed6:	8000                	.2byte	0x8000
    1ed8:	0911                	addi	s2,s2,4
    1eda:	0000                	unimp
    1edc:	0764                	addi	s1,sp,908
    1ede:	0000                	unimp
    1ee0:	0101                	addi	sp,sp,0
    1ee2:	035a                	slli	t1,t1,0x16
    1ee4:	f091                	bnez	s1,1de8 <_program_size+0xf50>
    1ee6:	017e                	slli	sp,sp,0x1f
    1ee8:	5b01                	li	s6,-32
    1eea:	3e01                	jal	19fa <_program_size+0xb62>
    1eec:	0200                	addi	s0,sp,256
    1eee:	0ae2                	slli	s5,s5,0x18
    1ef0:	8000                	.2byte	0x8000
    1ef2:	025d                	addi	tp,tp,23 # 17 <_program_size-0xe81>
    1ef4:	0000                	unimp
    1ef6:	0000077b          	.4byte	0x77b
    1efa:	0101                	addi	sp,sp,0
    1efc:	055a                	slli	a0,a0,0x16
    1efe:	000ddc03          	lhu	s8,0(s11)
    1f02:	0080                	addi	s0,sp,64
    1f04:	e602                	.2byte	0xe602
    1f06:	000a                	c.slli	zero,0x2
    1f08:	cd80                	sw	s0,24(a1)
    1f0a:	000a                	c.slli	zero,0x2
    1f0c:	9600                	.2byte	0x9600
    1f0e:	01000007          	.4byte	0x1000007
    1f12:	5a01                	li	s4,-32
    1f14:	7202                	.2byte	0x7202
    1f16:	1500                	addi	s0,sp,672
    1f18:	08f9                	addi	a7,a7,30
    1f1a:	0000                	unimp
    1f1c:	4001                	c.li	zero,0
    1f1e:	0200                	addi	s0,sp,256
    1f20:	0b0c                	addi	a1,sp,400
    1f22:	8000                	.2byte	0x8000
    1f24:	00000177          	.4byte	0x177
    1f28:	07dd                	addi	a5,a5,23
    1f2a:	0000                	unimp
    1f2c:	0101                	addi	sp,sp,0
    1f2e:	055a                	slli	a0,a0,0x16
    1f30:	000e7803          	.4byte	0xe7803
    1f34:	0180                	addi	s0,sp,192
    1f36:	5b01                	li	s6,-32
    1f38:	0305                	addi	t1,t1,1
    1f3a:	0e68                	addi	a0,sp,796
    1f3c:	8000                	.2byte	0x8000
    1f3e:	0101                	addi	sp,sp,0
    1f40:	055c                	addi	a5,sp,644
    1f42:	000bb803          	.4byte	0xbb803
    1f46:	0180                	addi	s0,sp,192
    1f48:	5d01                	li	s10,-32
    1f4a:	3801                	jal	175a <_program_size+0x8c2>
    1f4c:	0101                	addi	sp,sp,0
    1f4e:	035e                	slli	t1,t1,0x17
    1f50:	f091                	bnez	s1,1e54 <_program_size+0xfbc>
    1f52:	017e                	slli	sp,sp,0x1f
    1f54:	5f01                	li	t5,-32
    1f56:	3e01                	jal	1a66 <_program_size+0xbce>
    1f58:	0101                	addi	sp,sp,0
    1f5a:	0360                	addi	s0,sp,396
    1f5c:	b091                	j	17a0 <_program_size+0x908>
    1f5e:	017f                	.2byte	0x17f
    1f60:	6101                	addi	sp,sp,0
    1f62:	7202                	.2byte	0x7202
    1f64:	0000                	unimp
    1f66:	1802                	slli	a6,a6,0x20
    1f68:	5d80000b          	.4byte	0x5d80000b
    1f6c:	0002                	c.slli64	zero
    1f6e:	f400                	.2byte	0xf400
    1f70:	01000007          	.4byte	0x1000007
    1f74:	5a01                	li	s4,-32
    1f76:	0305                	addi	t1,t1,1
    1f78:	0e08                	addi	a0,sp,784
    1f7a:	8000                	.2byte	0x8000
    1f7c:	0200                	addi	s0,sp,256
    1f7e:	0b1e                	slli	s6,s6,0x7
    1f80:	8000                	.2byte	0x8000
    1f82:	0911                	addi	s2,s2,4
    1f84:	0000                	unimp
    1f86:	080e                	slli	a6,a6,0x3
    1f88:	0000                	unimp
    1f8a:	0101                	addi	sp,sp,0
    1f8c:	035a                	slli	t1,t1,0x16
    1f8e:	b091                	j	17d2 <_program_size+0x93a>
    1f90:	017f                	.2byte	0x17f
    1f92:	5b01                	li	s6,-32
    1f94:	3e01                	jal	1aa4 <_program_size+0xc0c>
    1f96:	0200                	addi	s0,sp,256
    1f98:	0b28                	addi	a0,sp,408
    1f9a:	8000                	.2byte	0x8000
    1f9c:	025d                	addi	tp,tp,23 # 17 <_program_size-0xe81>
    1f9e:	0000                	unimp
    1fa0:	0825                	addi	a6,a6,9
    1fa2:	0000                	unimp
    1fa4:	0101                	addi	sp,sp,0
    1fa6:	055a                	slli	a0,a0,0x16
    1fa8:	000e2003          	lw	zero,0(t3) # 1a000 <_available_heap+0xce98>
    1fac:	0080                	addi	s0,sp,64
    1fae:	3402                	.2byte	0x3402
    1fb0:	5d80000b          	.4byte	0x5d80000b
    1fb4:	0002                	c.slli64	zero
    1fb6:	3c00                	.2byte	0x3c00
    1fb8:	0008                	.2byte	0x8
    1fba:	0100                	addi	s0,sp,128
    1fbc:	5a01                	li	s4,-32
    1fbe:	0305                	addi	t1,t1,1
    1fc0:	0cd4                	addi	a3,sp,596
    1fc2:	8000                	.2byte	0x8000
    1fc4:	0200                	addi	s0,sp,256
    1fc6:	0b40                	addi	s0,sp,404
    1fc8:	8000                	.2byte	0x8000
    1fca:	025d                	addi	tp,tp,23 # 17 <_program_size-0xe81>
    1fcc:	0000                	unimp
    1fce:	00000853          	.4byte	0x853
    1fd2:	0101                	addi	sp,sp,0
    1fd4:	055a                	slli	a0,a0,0x16
    1fd6:	000e4803          	lbu	a6,0(t3)
    1fda:	0080                	addi	s0,sp,64
    1fdc:	4a02                	lw	s4,0(sp)
    1fde:	5d80000b          	.4byte	0x5d80000b
    1fe2:	0002                	c.slli64	zero
    1fe4:	6a00                	.2byte	0x6a00
    1fe6:	0008                	.2byte	0x8
    1fe8:	0100                	addi	s0,sp,128
    1fea:	5a01                	li	s4,-32
    1fec:	0305                	addi	t1,t1,1
    1fee:	0e5c                	addi	a5,sp,788
    1ff0:	8000                	.2byte	0x8000
    1ff2:	0200                	addi	s0,sp,256
    1ff4:	0b56                	slli	s6,s6,0x15
    1ff6:	8000                	.2byte	0x8000
    1ff8:	025d                	addi	tp,tp,23 # 17 <_program_size-0xe81>
    1ffa:	0000                	unimp
    1ffc:	0881                	addi	a7,a7,0
    1ffe:	0000                	unimp
    2000:	0101                	addi	sp,sp,0
    2002:	055a                	slli	a0,a0,0x16
    2004:	000d5c03          	lhu	s8,0(s10)
    2008:	0080                	addi	s0,sp,64
    200a:	6202                	.2byte	0x6202
    200c:	5d80000b          	.4byte	0x5d80000b
    2010:	0002                	c.slli64	zero
    2012:	9800                	.2byte	0x9800
    2014:	0008                	.2byte	0x8
    2016:	0100                	addi	s0,sp,128
    2018:	5a01                	li	s4,-32
    201a:	0305                	addi	t1,t1,1
    201c:	0d1c                	addi	a5,sp,656
    201e:	8000                	.2byte	0x8000
    2020:	0b00                	addi	s0,sp,400
    2022:	0b6e                	slli	s6,s6,0x1b
    2024:	8000                	.2byte	0x8000
    2026:	025d                	addi	tp,tp,23 # 17 <_program_size-0xe81>
    2028:	0000                	unimp
    202a:	0101                	addi	sp,sp,0
    202c:	055a                	slli	a0,a0,0x16
    202e:	000e3803          	.4byte	0xe3803
    2032:	0080                	addi	s0,sp,64
    2034:	0700                	addi	s0,sp,896
    2036:	08b1                	addi	a7,a7,12
    2038:	0000                	unimp
    203a:	00027507          	.4byte	0x27507
    203e:	0800                	addi	s0,sp,16
    2040:	0084                	addi	s1,sp,64
    2042:	0000                	unimp
    2044:	08c6                	slli	a7,a7,0x11
    2046:	0000                	unimp
    2048:	7d09                	lui	s10,0xfffe2
    204a:	0000                	unimp
    204c:	1f00                	addi	s0,sp,944
    204e:	0800                	addi	s0,sp,16
    2050:	0084                	addi	s1,sp,64
    2052:	0000                	unimp
    2054:	08d6                	slli	a7,a7,0x15
    2056:	0000                	unimp
    2058:	7d09                	lui	s10,0xfffe2
    205a:	0000                	unimp
    205c:	3f00                	.2byte	0x3f00
    205e:	0800                	addi	s0,sp,16
    2060:	0084                	addi	s1,sp,64
    2062:	0000                	unimp
    2064:	08e6                	slli	a7,a7,0x19
    2066:	0000                	unimp
    2068:	7d09                	lui	s10,0xfffe2
    206a:	0000                	unimp
    206c:	0f00                	addi	s0,sp,912
    206e:	1600                	addi	s0,sp,800
    2070:	000003e7          	jalr	t2,zero # 0 <_program_size-0xe98>
    2074:	1135                	addi	sp,sp,-19
    2076:	0009                	c.nop	2
    2078:	1100                	addi	s0,sp,160
    207a:	0062                	c.slli	zero,0x18
    207c:	2435                	jal	22a8 <_stack_size+0x2a8>
    207e:	01ae                	slli	gp,gp,0xb
    2080:	0000                	unimp
    2082:	6c11                	lui	s8,0x4
    2084:	6e65                	lui	t3,0x19
    2086:	3500                	.2byte	0x3500
    2088:	9530                	.2byte	0x9530
    208a:	0000                	unimp
    208c:	2200                	.2byte	0x2200
    208e:	01006923          	.4byte	0x1006923
    2092:	00951037          	lui	zero,0x951
    2096:	0000                	unimp
    2098:	0000                	unimp
    209a:	db24                	sw	s1,112(a4)
    209c:	01000003          	lb	zero,16(zero) # 10 <_program_size-0xe88>
    20a0:	0d19                	addi	s10,s10,6 # fffe2006 <_ram_end+0x7ffd2006>
    20a2:	077e                	slli	a4,a4,0x1f
    20a4:	8000                	.2byte	0x8000
    20a6:	0114                	addi	a3,sp,128
    20a8:	0000                	unimp
    20aa:	9c01                	.2byte	0x9c01
    20ac:	0ab9                	addi	s5,s5,14
    20ae:	0000                	unimp
    20b0:	28006217          	auipc	tp,0x28006
    20b4:	01ae                	slli	gp,gp,0xb
    20b6:	0000                	unimp
    20b8:	1768                	addi	a0,sp,940
    20ba:	0000                	unimp
    20bc:	6e656c17          	auipc	s8,0x6e656
    20c0:	3400                	.2byte	0x3400
    20c2:	0095                	addi	ra,ra,5
    20c4:	0000                	unimp
    20c6:	1782                	slli	a5,a5,0x20
    20c8:	0000                	unimp
    20ca:	0712                	slli	a4,a4,0x4
    20cc:	0a000003          	lb	zero,160(zero) # a0 <_program_size-0xdf8>
    20d0:	0066666f          	jal	a2,680d6 <_available_heap+0x5af6e>
    20d4:	0095101b          	.4byte	0x95101b
    20d8:	0000                	unimp
    20da:	17c0                	addi	s0,sp,996
    20dc:	0000                	unimp
    20de:	2c12                	.2byte	0x2c12
    20e0:	0a000003          	lb	zero,160(zero) # a0 <_program_size-0xdf8>
    20e4:	006e                	c.slli	zero,0x1b
    20e6:	0c1c                	addi	a5,sp,528
    20e8:	0095                	addi	ra,ra,5
    20ea:	0000                	unimp
    20ec:	17f0                	addi	a2,sp,1004
    20ee:	0000                	unimp
    20f0:	6d18                	.2byte	0x6d18
    20f2:	c8000003          	lb	zero,-896(zero) # fffffc80 <_ram_end+0x7ffefc80>
    20f6:	0009                	c.nop	2
    20f8:	0a00                	addi	s0,sp,272
    20fa:	0069                	c.nop	26
    20fc:	00951123          	sh	s1,2(a0)
    2100:	0000                	unimp
    2102:	00001807          	.4byte	0x1807
    2106:	000ab913          	sltiu	s2,s5,0
    210a:	e600                	.2byte	0xe600
    210c:	80800007          	.4byte	0x80800007
    2110:	25000003          	lb	zero,592(zero) # 250 <_program_size-0xc48>
    2114:	a305                	j	2634 <_stack_size+0x634>
    2116:	0009                	c.nop	2
    2118:	0d00                	addi	s0,sp,656
    211a:	00000ac3          	.4byte	0xac3
    211e:	185a                	slli	a6,a6,0x36
    2120:	0000                	unimp
    2122:	ee19                	bnez	a2,2140 <_stack_size+0x140>
    2124:	5d800007          	.4byte	0x5d800007
    2128:	0002                	c.slli64	zero
    212a:	0000                	unimp
    212c:	f202                	.2byte	0xf202
    212e:	5d800007          	.4byte	0x5d800007
    2132:	0002                	c.slli64	zero
    2134:	b700                	.2byte	0xb700
    2136:	0009                	c.nop	2
    2138:	0100                	addi	s0,sp,128
    213a:	5a01                	li	s4,-32
    213c:	8502                	jr	a0
    213e:	0000                	unimp
    2140:	0008060b          	.4byte	0x8060b
    2144:	5d80                	lw	s0,56(a1)
    2146:	0002                	c.slli64	zero
    2148:	0100                	addi	s0,sp,128
    214a:	5a01                	li	s4,-32
    214c:	8802                	jr	a6
    214e:	0000                	unimp
    2150:	1800                	addi	s0,sp,48
    2152:	03a5                	addi	t2,t2,9
    2154:	0000                	unimp
    2156:	000009fb          	.4byte	0x9fb
    215a:	690a                	.2byte	0x690a
    215c:	2d00                	.2byte	0x2d00
    215e:	9511                	srai	a0,a0,0x24
    2160:	0000                	unimp
    2162:	8200                	.2byte	0x8200
    2164:	0018                	.2byte	0x18
    2166:	1200                	addi	s0,sp,288
    2168:	03b8                	addi	a4,sp,456
    216a:	0000                	unimp
    216c:	630a                	.2byte	0x630a
    216e:	2e00                	.2byte	0x2e00
    2170:	840c                	.2byte	0x840c
    2172:	0000                	unimp
    2174:	c400                	sw	s0,8(s0)
    2176:	0018                	.2byte	0x18
    2178:	1900                	addi	s0,sp,176
    217a:	0834                	addi	a3,sp,24
    217c:	8000                	.2byte	0x8000
    217e:	025d                	addi	tp,tp,23 # 280080c7 <_available_heap+0x27ffaf5f>
    2180:	0000                	unimp
    2182:	0000                	unimp
    2184:	000ab913          	sltiu	s2,s5,0
    2188:	a200                	.2byte	0xa200
    218a:	5a800007          	.4byte	0x5a800007
    218e:	1f000003          	lb	zero,496(zero) # 1f0 <_program_size-0xca8>
    2192:	000a2d03          	lw	s10,0(s4)
    2196:	0d00                	addi	s0,sp,656
    2198:	00000ac3          	.4byte	0xac3
    219c:	18dc                	addi	a5,sp,116
    219e:	0000                	unimp
    21a0:	0007d20b          	.4byte	0x7d20b
    21a4:	5d80                	lw	s0,56(a1)
    21a6:	0002                	c.slli64	zero
    21a8:	0100                	addi	s0,sp,128
    21aa:	5a01                	li	s4,-32
    21ac:	8302                	jr	t1
    21ae:	0100                	addi	s0,sp,128
    21b0:	5b01                	li	s6,-32
    21b2:	3001                	jal	19b2 <_program_size+0xb1a>
    21b4:	0000                	unimp
    21b6:	b925                	j	1dee <_program_size+0xf56>
    21b8:	000a                	c.slli	zero,0x2
    21ba:	d200                	sw	s0,32(a2)
    21bc:	06800007          	.4byte	0x6800007
    21c0:	0000                	unimp
    21c2:	0100                	addi	s0,sp,128
    21c4:	0320                	addi	s0,sp,392
    21c6:	0a61                	addi	s4,s4,24
    21c8:	0000                	unimp
    21ca:	c30d                	beqz	a4,21ec <_stack_size+0x1ec>
    21cc:	000a                	c.slli	zero,0x2
    21ce:	e900                	.2byte	0xe900
    21d0:	0018                	.2byte	0x18
    21d2:	0b00                	addi	s0,sp,400
    21d4:	07d8                	addi	a4,sp,964
    21d6:	8000                	.2byte	0x8000
    21d8:	025d                	addi	tp,tp,23 # 17 <_program_size-0xe81>
    21da:	0000                	unimp
    21dc:	0101                	addi	sp,sp,0
    21de:	025a                	slli	tp,tp,0x16
    21e0:	01010083          	lb	ra,16(sp)
    21e4:	0089025b          	.4byte	0x89025b
    21e8:	0000                	unimp
    21ea:	e202                	.2byte	0xe202
    21ec:	5d800007          	.4byte	0x5d800007
    21f0:	0002                	c.slli64	zero
    21f2:	7800                	.2byte	0x7800
    21f4:	000a                	c.slli	zero,0x2
    21f6:	0100                	addi	s0,sp,128
    21f8:	5a01                	li	s4,-32
    21fa:	0305                	addi	t1,t1,1
    21fc:	0c1c                	addi	a5,sp,528
    21fe:	8000                	.2byte	0x8000
    2200:	0200                	addi	s0,sp,256
    2202:	080e                	slli	a6,a6,0x3
    2204:	8000                	.2byte	0x8000
    2206:	025d                	addi	tp,tp,23 # 17 <_program_size-0xe81>
    2208:	0000                	unimp
    220a:	0a8c                	addi	a1,sp,336
    220c:	0000                	unimp
    220e:	0101                	addi	sp,sp,0
    2210:	025a                	slli	tp,tp,0x16
    2212:	0085                	addi	ra,ra,1
    2214:	0200                	addi	s0,sp,256
    2216:	0844                	addi	s1,sp,20
    2218:	8000                	.2byte	0x8000
    221a:	025d                	addi	tp,tp,23 # 17 <_program_size-0xe81>
    221c:	0000                	unimp
    221e:	00000aa3          	sb	zero,21(zero) # 15 <_program_size-0xe83>
    2222:	0101                	addi	sp,sp,0
    2224:	055a                	slli	a0,a0,0x16
    2226:	000d5803          	lhu	a6,0(s10)
    222a:	0080                	addi	s0,sp,64
    222c:	741a                	.2byte	0x741a
    222e:	0008                	.2byte	0x8
    2230:	5d80                	lw	s0,56(a1)
    2232:	0002                	c.slli64	zero
    2234:	0100                	addi	s0,sp,128
    2236:	5a01                	li	s4,-32
    2238:	0305                	addi	t1,t1,1
    223a:	0d58                	addi	a4,sp,660
    223c:	8000                	.2byte	0x8000
    223e:	0000                	unimp
    2240:	0000                	unimp
    2242:	ef16                	.2byte	0xef16
    2244:	14000003          	lb	zero,320(zero) # 140 <_program_size-0xd58>
    2248:	0acd                	addi	s5,s5,19
    224a:	0000                	unimp
    224c:	7611                	lui	a2,0xfffe4
    224e:	1400                	addi	s0,sp,544
    2250:	8424                	.2byte	0x8424
    2252:	0000                	unimp
    2254:	0000                	unimp
    2256:	e626                	.2byte	0xe626
    2258:	0008                	.2byte	0x8
    225a:	9200                	.2byte	0x9200
    225c:	0008                	.2byte	0x8
    225e:	6080                	.2byte	0x6080
    2260:	0000                	unimp
    2262:	0100                	addi	s0,sp,128
    2264:	0d9c                	addi	a5,sp,720
    2266:	08f0                	addi	a2,sp,92
    2268:	0000                	unimp
    226a:	18f5                	addi	a7,a7,-3
    226c:	0000                	unimp
    226e:	0008f927          	.4byte	0x8f927
    2272:	1000                	addi	s0,sp,32
    2274:	0428                	addi	a0,sp,520
    2276:	0009                	c.nop	2
    2278:	d400                	sw	s0,40(s0)
    227a:	56000003          	lb	zero,1376(zero) # 560 <_program_size-0x938>
    227e:	2900000b          	.4byte	0x2900000b
    2282:	0905                	addi	s2,s2,1
    2284:	0000                	unimp
    2286:	191a                	slli	s2,s2,0x26
    2288:	0000                	unimp
    228a:	000ab913          	sltiu	s2,s5,0
    228e:	a000                	.2byte	0xa000
    2290:	0008                	.2byte	0x8
    2292:	f080                	.2byte	0xf080
    2294:	39000003          	lb	zero,912(zero) # 390 <_program_size-0xb08>
    2298:	000b4503          	lbu	a0,0(s6)
    229c:	0d00                	addi	s0,sp,656
    229e:	00000ac3          	.4byte	0xac3
    22a2:	1956                	slli	s2,s2,0x35
    22a4:	0000                	unimp
    22a6:	b202                	.2byte	0xb202
    22a8:	0008                	.2byte	0x8
    22aa:	5d80                	lw	s0,56(a1)
    22ac:	0002                	c.slli64	zero
    22ae:	3400                	.2byte	0x3400
    22b0:	0100000b          	.4byte	0x100000b
    22b4:	5a01                	li	s4,-32
    22b6:	0305                	addi	t1,t1,1
    22b8:	0c18                	addi	a4,sp,528
    22ba:	8000                	.2byte	0x8000
    22bc:	0b00                	addi	s0,sp,400
    22be:	08d6                	slli	a7,a7,0x15
    22c0:	8000                	.2byte	0x8000
    22c2:	025d                	addi	tp,tp,23 # 17 <_program_size-0xe81>
    22c4:	0000                	unimp
    22c6:	0101                	addi	sp,sp,0
    22c8:	025a                	slli	tp,tp,0x16
    22ca:	00000083          	lb	ra,0(zero) # 0 <_program_size-0xe98>
    22ce:	0008c80b          	.4byte	0x8c80b
    22d2:	5d80                	lw	s0,56(a1)
    22d4:	0002                	c.slli64	zero
    22d6:	0100                	addi	s0,sp,128
    22d8:	5a01                	li	s4,-32
    22da:	8402                	jr	s0
    22dc:	0000                	unimp
    22de:	1a00                	addi	s0,sp,304
    22e0:	08f2                	slli	a7,a7,0x1c
    22e2:	8000                	.2byte	0x8000
    22e4:	025d                	addi	tp,tp,23 # 17 <_program_size-0xe81>
    22e6:	0000                	unimp
    22e8:	0101                	addi	sp,sp,0
    22ea:	055a                	slli	a0,a0,0x16
    22ec:	000d5803          	lhu	a6,0(s10)
    22f0:	0080                	addi	s0,sp,64
	...

Disassembly of section .debug_abbrev:

00000000 <.debug_abbrev>:
   0:	1101                	addi	sp,sp,-32
   2:	1000                	addi	s0,sp,32
   4:	12011117          	auipc	sp,0x12011
   8:	1b0e030f          	.4byte	0x1b0e030f
   c:	250e                	.2byte	0x250e
   e:	130e                	slli	t1,t1,0x23
  10:	0005                	c.nop	1
  12:	0000                	unimp
  14:	4901                	li	s2,0
  16:	0200                	addi	s0,sp,256
  18:	7e18                	.2byte	0x7e18
  1a:	0018                	.2byte	0x18
  1c:	0200                	addi	s0,sp,256
  1e:	0005                	c.nop	1
  20:	1331                	addi	t1,t1,-20
  22:	1702                	slli	a4,a4,0x20
  24:	0000                	unimp
  26:	31003403          	.4byte	0x31003403
  2a:	00170213          	addi	tp,a4,1
  2e:	0400                	addi	s0,sp,512
  30:	0005                	c.nop	1
  32:	1331                	addi	t1,t1,-20
  34:	0000                	unimp
  36:	0505                	addi	a0,a0,1
  38:	0300                	addi	s0,sp,384
  3a:	3a08                	.2byte	0x3a08
  3c:	0121                	addi	sp,sp,8 # 1201100c <_available_heap+0x12003ea4>
  3e:	0b39053b          	.4byte	0xb39053b
  42:	1349                	addi	t1,t1,-14
  44:	1702                	slli	a4,a4,0x20
  46:	0000                	unimp
  48:	0506                	slli	a0,a0,0x1
  4a:	0300                	addi	s0,sp,384
  4c:	3a0e                	.2byte	0x3a0e
  4e:	0121                	addi	sp,sp,8
  50:	0b390b3b          	.4byte	0xb390b3b
  54:	1349                	addi	t1,t1,-14
  56:	0000                	unimp
  58:	03000507          	.4byte	0x3000507
  5c:	3a0e                	.2byte	0x3a0e
  5e:	0121                	addi	sp,sp,8
  60:	0b39053b          	.4byte	0xb39053b
  64:	1349                	addi	t1,t1,-14
  66:	1702                	slli	a4,a4,0x20
  68:	0000                	unimp
  6a:	3408                	.2byte	0x3408
  6c:	3100                	.2byte	0x3100
  6e:	09000013          	li	zero,144
  72:	011d                	addi	sp,sp,7
  74:	1331                	addi	t1,t1,-20
  76:	0111                	addi	sp,sp,4
  78:	0612                	slli	a2,a2,0x4
  7a:	2158                	.2byte	0x2158
  7c:	5901                	li	s2,-32
  7e:	000b570b          	.4byte	0xb570b
  82:	0a00                	addi	s0,sp,272
  84:	0024                	addi	s1,sp,8
  86:	0b3e0b0b          	.4byte	0xb3e0b0b
  8a:	00000e03          	lb	t3,0(zero) # 0 <_program_size-0xe98>
  8e:	7d01480b          	.4byte	0x7d01480b
  92:	7f01                	lui	t5,0xfffe0
  94:	00130113          	addi	sp,t1,1
  98:	0c00                	addi	s0,sp,528
  9a:	0034                	addi	a3,sp,8
  9c:	213a0803          	lb	a6,531(s4)
  a0:	3b01                	jal	fffffdb0 <_ram_end+0x7ffefdb0>
  a2:	490b390b          	.4byte	0x490b390b
  a6:	0d000013          	li	zero,208
  aa:	0016                	c.slli	zero,0x5
  ac:	0b3a0e03          	lb	t3,179(s4)
  b0:	0b390b3b          	.4byte	0xb390b3b
  b4:	1349                	addi	t1,t1,-14
  b6:	0000                	unimp
  b8:	0b0e                	slli	s6,s6,0x3
  ba:	3101                	jal	fffffcba <_ram_end+0x7ffefcba>
  bc:	00175513          	srli	a0,a4,0x1
  c0:	0f00                	addi	s0,sp,912
  c2:	0148                	addi	a0,sp,132
  c4:	017d                	addi	sp,sp,31
  c6:	137f                	.2byte	0x137f
  c8:	0000                	unimp
  ca:	0510                	addi	a2,sp,640
  cc:	0300                	addi	s0,sp,384
  ce:	3a08                	.2byte	0x3a08
  d0:	0121                	addi	sp,sp,8
  d2:	0b390b3b          	.4byte	0xb390b3b
  d6:	1349                	addi	t1,t1,-14
  d8:	0000                	unimp
  da:	1d11                	addi	s10,s10,-28
  dc:	3101                	jal	fffffcdc <_ram_end+0x7ffefcdc>
  de:	12011113          	.4byte	0x12011113
  e2:	5806                	lw	a6,96(sp)
  e4:	0121                	addi	sp,sp,8
  e6:	0559                	addi	a0,a0,22
  e8:	13010b57          	.4byte	0x13010b57
  ec:	0000                	unimp
  ee:	0b12                	slli	s6,s6,0x4
  f0:	5501                	li	a0,-32
  f2:	13000017          	auipc	zero,0x13000
  f6:	0005                	c.nop	1
  f8:	213a0803          	lb	a6,531(s4)
  fc:	3b01                	jal	fffffe0c <_ram_end+0x7ffefe0c>
  fe:	3905                	jal	fffffd2e <_ram_end+0x7ffefd2e>
 100:	0013490b          	.4byte	0x13490b
 104:	1400                	addi	s0,sp,544
 106:	0000010b          	.4byte	0x10b
 10a:	1d15                	addi	s10,s10,-27
 10c:	3101                	jal	fffffd0c <_ram_end+0x7ffefd0c>
 10e:	12011113          	.4byte	0x12011113
 112:	5806                	lw	a6,96(sp)
 114:	0121                	addi	sp,sp,8
 116:	0b59                	addi	s6,s6,22
 118:	13010b57          	.4byte	0x13010b57
 11c:	0000                	unimp
 11e:	1d16                	slli	s10,s10,0x25
 120:	3101                	jal	fffffd20 <_ram_end+0x7ffefd20>
 122:	55015213          	.4byte	0x55015213
 126:	01215817          	auipc	a6,0x1215
 12a:	0b59                	addi	s6,s6,22
 12c:	13010b57          	.4byte	0x13010b57
 130:	0000                	unimp
 132:	03000517          	auipc	a0,0x3000
 136:	3a0e                	.2byte	0x3a0e
 138:	0121                	addi	sp,sp,8
 13a:	0b390b3b          	.4byte	0xb390b3b
 13e:	1349                	addi	t1,t1,-14
 140:	1702                	slli	a4,a4,0x20
 142:	0000                	unimp
 144:	0518                	addi	a4,sp,640
 146:	0300                	addi	s0,sp,384
 148:	3a08                	.2byte	0x3a08
 14a:	0121                	addi	sp,sp,8
 14c:	0b390b3b          	.4byte	0xb390b3b
 150:	1349                	addi	t1,t1,-14
 152:	1702                	slli	a4,a4,0x20
 154:	0000                	unimp
 156:	3419                	jal	fffffb5c <_ram_end+0x7ffefb5c>
 158:	0300                	addi	s0,sp,384
 15a:	3a08                	.2byte	0x3a08
 15c:	0121                	addi	sp,sp,8
 15e:	0b390b3b          	.4byte	0xb390b3b
 162:	1349                	addi	t1,t1,-14
 164:	1702                	slli	a4,a4,0x20
 166:	0000                	unimp
 168:	1d1a                	slli	s10,s10,0x26
 16a:	3101                	jal	fffffd6a <_ram_end+0x7ffefd6a>
 16c:	55015213          	.4byte	0x55015213
 170:	01215817          	auipc	a6,0x1215
 174:	0b59                	addi	s6,s6,22
 176:	00000b57          	.4byte	0xb57
 17a:	03012e1b          	.4byte	0x3012e1b
 17e:	3a0e                	.2byte	0x3a0e
 180:	0121                	addi	sp,sp,8
 182:	0b390b3b          	.4byte	0xb390b3b
 186:	13491927          	.4byte	0x13491927
 18a:	2120                	.2byte	0x2120
 18c:	0101                	addi	sp,sp,0
 18e:	1c000013          	li	zero,448
 192:	012e                	slli	sp,sp,0xb
 194:	0e03193f 3b01213a 	.8byte	0x3b01213a0e03193f
 19c:	3905                	jal	fffffdcc <_ram_end+0x7ffefdcc>
 19e:	0521                	addi	a0,a0,8 # 300013a <_available_heap+0x2ff2fd2>
 1a0:	13491927          	.4byte	0x13491927
 1a4:	0111                	addi	sp,sp,4
 1a6:	0612                	slli	a2,a2,0x4
 1a8:	1840                	addi	s0,sp,52
 1aa:	197a                	slli	s2,s2,0x3e
 1ac:	1301                	addi	t1,t1,-32
 1ae:	0000                	unimp
 1b0:	481d                	li	a6,7
 1b2:	7d01                	lui	s10,0xfffe0
 1b4:	8201                	c.srli64	a2
 1b6:	1901                	addi	s2,s2,-32
 1b8:	137f                	.2byte	0x137f
 1ba:	0000                	unimp
 1bc:	051e                	slli	a0,a0,0x7
 1be:	0300                	addi	s0,sp,384
 1c0:	3a0e                	.2byte	0x3a0e
 1c2:	0121                	addi	sp,sp,8
 1c4:	0b39053b          	.4byte	0xb39053b
 1c8:	1349                	addi	t1,t1,-14
 1ca:	0000                	unimp
 1cc:	341f 0300 3a08      	.byte	0x1f, 0x34, 0x00, 0x03, 0x08, 0x3a
 1d2:	0121                	addi	sp,sp,8
 1d4:	0b39053b          	.4byte	0xb39053b
 1d8:	1349                	addi	t1,t1,-14
 1da:	0000                	unimp
 1dc:	0520                	addi	s0,sp,648
 1de:	0300                	addi	s0,sp,384
 1e0:	3a08                	.2byte	0x3a08
 1e2:	0121                	addi	sp,sp,8
 1e4:	0b390b3b          	.4byte	0xb390b3b
 1e8:	1349                	addi	t1,t1,-14
 1ea:	1802                	slli	a6,a6,0x20
 1ec:	0000                	unimp
 1ee:	0b21                	addi	s6,s6,8
 1f0:	3101                	jal	fffffdf0 <_ram_end+0x7ffefdf0>
 1f2:	12011113          	.4byte	0x12011113
 1f6:	0006                	c.slli	zero,0x1
 1f8:	2200                	.2byte	0x2200
 1fa:	0034                	addi	a3,sp,8
 1fc:	213a0e03          	lb	t3,531(s4)
 200:	3b01                	jal	ffffff10 <_ram_end+0x7ffeff10>
 202:	490b390b          	.4byte	0x490b390b
 206:	23000013          	li	zero,560
 20a:	002e                	c.slli	zero,0xb
 20c:	213a0e03          	lb	t3,531(s4)
 210:	3b01                	jal	ffffff20 <_ram_end+0x7ffeff20>
 212:	0c21390b          	.4byte	0xc21390b
 216:	13491927          	.4byte	0x13491927
 21a:	2120                	.2byte	0x2120
 21c:	0001                	nop
 21e:	2400                	.2byte	0x2400
 220:	0034                	addi	a3,sp,8
 222:	213a0803          	lb	a6,531(s4)
 226:	3b01                	jal	ffffff36 <_ram_end+0x7ffeff36>
 228:	3905                	jal	fffffe58 <_ram_end+0x7ffefe58>
 22a:	0213490b          	.4byte	0x213490b
 22e:	25000017          	auipc	zero,0x25000
 232:	0111010b          	.4byte	0x111010b
 236:	0612                	slli	a2,a2,0x4
 238:	1301                	addi	t1,t1,-32
 23a:	0000                	unimp
 23c:	1d26                	slli	s10,s10,0x29
 23e:	3101                	jal	fffffe3e <_ram_end+0x7ffefe3e>
 240:	55015213          	.4byte	0x55015213
 244:	01215817          	auipc	a6,0x1215
 248:	0559                	addi	a0,a0,22
 24a:	00000b57          	.4byte	0xb57
 24e:	80004927          	.4byte	0x80004927
 252:	1301                	addi	t1,t1,-32
 254:	187e                	slli	a6,a6,0x3f
 256:	0000                	unimp
 258:	0f28                	addi	a0,sp,920
 25a:	0b00                	addi	s0,sp,400
 25c:	0421                	addi	s0,s0,8
 25e:	1349                	addi	t1,t1,-14
 260:	0000                	unimp
 262:	0129                	addi	sp,sp,10
 264:	4901                	li	s2,0
 266:	00130113          	addi	sp,t1,1
 26a:	2a00                	.2byte	0x2a00
 26c:	0021                	c.nop	8
 26e:	1349                	addi	t1,t1,-14
 270:	00000b2f          	.4byte	0xb2f
 274:	03012e2b          	.4byte	0x3012e2b
 278:	3a0e                	.2byte	0x3a0e
 27a:	0121                	addi	sp,sp,8
 27c:	21390b3b          	.4byte	0x21390b3b
 280:	270d                	jal	9a2 <_program_size-0x4f6>
 282:	1119                	addi	sp,sp,-26
 284:	1201                	addi	tp,tp,-32 # ffffffe0 <_ram_end+0x7ffeffe0>
 286:	4006                	.2byte	0x4006
 288:	7a18                	.2byte	0x7a18
 28a:	0119                	addi	sp,sp,6
 28c:	2c000013          	li	zero,704
 290:	012e                	slli	sp,sp,0xb
 292:	213a0e03          	lb	t3,531(s4)
 296:	3b01                	jal	ffffffa6 <_ram_end+0x7ffeffa6>
 298:	0d21390b          	.4byte	0xd21390b
 29c:	21201927          	.4byte	0x21201927
 2a0:	0101                	addi	sp,sp,0
 2a2:	2d000013          	li	zero,720
 2a6:	012e                	slli	sp,sp,0xb
 2a8:	1331                	addi	t1,t1,-20
 2aa:	0111                	addi	sp,sp,4
 2ac:	0612                	slli	a2,a2,0x4
 2ae:	1840                	addi	s0,sp,52
 2b0:	197a                	slli	s2,s2,0x3e
 2b2:	1301                	addi	t1,t1,-32
 2b4:	0000                	unimp
 2b6:	112e                	slli	sp,sp,0x2b
 2b8:	2501                	jal	8b8 <_program_size-0x5e0>
 2ba:	130e                	slli	t1,t1,0x23
 2bc:	1b1f030b          	.4byte	0x1b1f030b
 2c0:	551f 1117 1001      	.byte	0x1f, 0x55, 0x17, 0x11, 0x01, 0x10
 2c6:	2f000017          	auipc	zero,0x2f000
 2ca:	0024                	addi	s1,sp,8
 2cc:	0b3e0b0b          	.4byte	0xb3e0b0b
 2d0:	00000803          	lb	a6,0(zero) # 0 <_program_size-0xe98>
 2d4:	2630                	.2byte	0x2630
 2d6:	4900                	lw	s0,16(a0)
 2d8:	31000013          	li	zero,784
 2dc:	0034                	addi	a3,sp,8
 2de:	0b3a0e03          	lb	t3,179(s4)
 2e2:	0b39053b          	.4byte	0xb39053b
 2e6:	1349                	addi	t1,t1,-14
 2e8:	1802                	slli	a6,a6,0x20
 2ea:	0000                	unimp
 2ec:	1d32                	slli	s10,s10,0x2c
 2ee:	3101                	jal	fffffeee <_ram_end+0x7ffefeee>
 2f0:	55015213          	.4byte	0x55015213
 2f4:	590b5817          	auipc	a6,0x590b5
 2f8:	5705                	li	a4,-31
 2fa:	0013010b          	.4byte	0x13010b
 2fe:	3300                	.2byte	0x3300
 300:	011d                	addi	sp,sp,7
 302:	1331                	addi	t1,t1,-20
 304:	0111                	addi	sp,sp,4
 306:	0612                	slli	a2,a2,0x4
 308:	0b58                	addi	a4,sp,404
 30a:	0559                	addi	a0,a0,22
 30c:	00000b57          	.4byte	0xb57
 310:	2e34                	.2byte	0x2e34
 312:	0301                	addi	t1,t1,0
 314:	3a0e                	.2byte	0x3a0e
 316:	39053b0b          	.4byte	0x39053b0b
 31a:	4919270b          	.4byte	0x4919270b
 31e:	010b2013          	slti	zero,s6,16
 322:	35000013          	li	zero,848
 326:	1301010b          	.4byte	0x1301010b
 32a:	0000                	unimp
 32c:	2e36                	.2byte	0x2e36
 32e:	0301                	addi	t1,t1,0
 330:	3a0e                	.2byte	0x3a0e
 332:	39053b0b          	.4byte	0x39053b0b
 336:	2019270b          	.4byte	0x2019270b
 33a:	0013010b          	.4byte	0x13010b
 33e:	3700                	.2byte	0x3700
 340:	012e                	slli	sp,sp,0xb
 342:	0b3a0e03          	lb	t3,179(s4)
 346:	0b390b3b          	.4byte	0xb390b3b
 34a:	13491927          	.4byte	0x13491927
 34e:	0111                	addi	sp,sp,4
 350:	0612                	slli	a2,a2,0x4
 352:	1840                	addi	s0,sp,52
 354:	197a                	slli	s2,s2,0x3e
 356:	1301                	addi	t1,t1,-32
 358:	0000                	unimp
 35a:	0b38                	addi	a4,sp,408
 35c:	5501                	li	a0,-32
 35e:	00130117          	auipc	sp,0x130
 362:	3900                	.2byte	0x3900
 364:	0034                	addi	a3,sp,8
 366:	0b3a0e03          	lb	t3,179(s4)
 36a:	0b390b3b          	.4byte	0xb390b3b
 36e:	1349                	addi	t1,t1,-14
 370:	1802                	slli	a6,a6,0x20
 372:	0000                	unimp
 374:	343a                	.2byte	0x343a
 376:	0300                	addi	s0,sp,384
 378:	3a0e                	.2byte	0x3a0e
 37a:	390b3b0b          	.4byte	0x390b3b0b
 37e:	0213490b          	.4byte	0x213490b
 382:	3b000017          	auipc	zero,0x3b000
 386:	012e                	slli	sp,sp,0xb
 388:	0e03193f 0b3b0b3a 	.8byte	0xb3b0b3a0e03193f
 390:	0b39                	addi	s6,s6,14
 392:	13491927          	.4byte	0x13491927
 396:	0111                	addi	sp,sp,4 # 130362 <_available_heap+0x1231fa>
 398:	0612                	slli	a2,a2,0x4
 39a:	1840                	addi	s0,sp,52
 39c:	197a                	slli	s2,s2,0x3e
 39e:	1301                	addi	t1,t1,-32
 3a0:	0000                	unimp
 3a2:	0b3c                	addi	a5,sp,408
 3a4:	1101                	addi	sp,sp,-32
 3a6:	1201                	addi	tp,tp,-32 # ffffffe0 <_ram_end+0x7ffeffe0>
 3a8:	0006                	c.slli	zero,0x1
 3aa:	3d00                	.2byte	0x3d00
 3ac:	002e                	c.slli	zero,0xb
 3ae:	0e03193f 0b3b0b3a 	.8byte	0xb3b0b3a0e03193f
 3b6:	0b39                	addi	s6,s6,14
 3b8:	13491927          	.4byte	0x13491927
 3bc:	0111                	addi	sp,sp,4
 3be:	0612                	slli	a2,a2,0x4
 3c0:	1840                	addi	s0,sp,52
 3c2:	197a                	slli	s2,s2,0x3e
 3c4:	0000                	unimp
 3c6:	343e                	.2byte	0x343e
 3c8:	3100                	.2byte	0x3100
 3ca:	000b1c13          	slli	s8,s6,0x0
 3ce:	3f00                	.2byte	0x3f00
 3d0:	012e                	slli	sp,sp,0xb
 3d2:	1331                	addi	t1,t1,-20
 3d4:	0111                	addi	sp,sp,4
 3d6:	0612                	slli	a2,a2,0x4
 3d8:	1840                	addi	s0,sp,52
 3da:	197a                	slli	s2,s2,0x3e
 3dc:	0000                	unimp
 3de:	0540                	addi	s0,sp,644
 3e0:	3100                	.2byte	0x3100
 3e2:	00180213          	addi	tp,a6,1 # 590b52f5 <_available_heap+0x590a818d>
 3e6:	4100                	lw	s0,0(a0)
 3e8:	1331010b          	.4byte	0x1331010b
 3ec:	1755                	addi	a4,a4,-11
 3ee:	1301                	addi	t1,t1,-32
 3f0:	0000                	unimp
 3f2:	0b42                	slli	s6,s6,0x10
 3f4:	3101                	jal	fffffff4 <_ram_end+0x7ffefff4>
 3f6:	12011113          	.4byte	0x12011113
 3fa:	0106                	slli	sp,sp,0x1
 3fc:	00000013          	nop
 400:	2401                	jal	600 <_program_size-0x898>
 402:	0b00                	addi	s0,sp,400
 404:	030b3e0b          	.4byte	0x30b3e0b
 408:	000e                	c.slli	zero,0x3
 40a:	0200                	addi	s0,sp,256
 40c:	0034                	addi	a3,sp,8
 40e:	1331                	addi	t1,t1,-20
 410:	1702                	slli	a4,a4,0x20
 412:	0000                	unimp
 414:	31000503          	lb	a0,784(zero) # 310 <_program_size-0xb88>
 418:	04000013          	li	zero,64
 41c:	0034                	addi	a3,sp,8
 41e:	1331                	addi	t1,t1,-20
 420:	0000                	unimp
 422:	3405                	jal	fffffe42 <_ram_end+0x7ffefe42>
 424:	0300                	addi	s0,sp,384
 426:	3a08                	.2byte	0x3a08
 428:	0121                	addi	sp,sp,8
 42a:	0b390b3b          	.4byte	0xb390b3b
 42e:	1349                	addi	t1,t1,-14
 430:	1702                	slli	a4,a4,0x20
 432:	0000                	unimp
 434:	1606                	slli	a2,a2,0x21
 436:	0300                	addi	s0,sp,384
 438:	3a0e                	.2byte	0x3a0e
 43a:	390b3b0b          	.4byte	0x390b3b0b
 43e:	0013490b          	.4byte	0x13490b
 442:	0700                	addi	s0,sp,896
 444:	011d                	addi	sp,sp,7
 446:	1331                	addi	t1,t1,-20
 448:	0111                	addi	sp,sp,4
 44a:	0612                	slli	a2,a2,0x4
 44c:	2158                	.2byte	0x2158
 44e:	5901                	li	s2,-32
 450:	000b570b          	.4byte	0xb570b
 454:	0800                	addi	s0,sp,16
 456:	1755010b          	.4byte	0x1755010b
 45a:	0000                	unimp
 45c:	3409                	jal	fffffe5e <_ram_end+0x7ffefe5e>
 45e:	0300                	addi	s0,sp,384
 460:	3a08                	.2byte	0x3a08
 462:	0121                	addi	sp,sp,8
 464:	0b390b3b          	.4byte	0xb390b3b
 468:	1349                	addi	t1,t1,-14
 46a:	1802                	slli	a6,a6,0x20
 46c:	0000                	unimp
 46e:	0b0a                	slli	s6,s6,0x2
 470:	1101                	addi	sp,sp,-32
 472:	1201                	addi	tp,tp,-32 # ffffffe0 <_ram_end+0x7ffeffe0>
 474:	0106                	slli	sp,sp,0x1
 476:	0b000013          	li	zero,176
 47a:	0005                	c.nop	1
 47c:	1331                	addi	t1,t1,-20
 47e:	1702                	slli	a4,a4,0x20
 480:	0000                	unimp
 482:	340c                	.2byte	0x340c
 484:	0300                	addi	s0,sp,384
 486:	3a08                	.2byte	0x3a08
 488:	390b3b0b          	.4byte	0x390b3b0b
 48c:	0013490b          	.4byte	0x13490b
 490:	0d00                	addi	s0,sp,656
 492:	210b000f          	.4byte	0x210b000f
 496:	4904                	lw	s1,16(a0)
 498:	0e000013          	li	zero,224
 49c:	0026                	c.slli	zero,0x9
 49e:	1349                	addi	t1,t1,-14
 4a0:	0000                	unimp
 4a2:	3f012e0f          	.4byte	0x3f012e0f
 4a6:	0319                	addi	t1,t1,6
 4a8:	3a0e                	.2byte	0x3a0e
 4aa:	0121                	addi	sp,sp,8
 4ac:	21390b3b          	.4byte	0x21390b3b
 4b0:	2706                	.2byte	0x2706
 4b2:	1119                	addi	sp,sp,-26
 4b4:	1201                	addi	tp,tp,-32 # ffffffe0 <_ram_end+0x7ffeffe0>
 4b6:	4006                	.2byte	0x4006
 4b8:	7a18                	.2byte	0x7a18
 4ba:	0119                	addi	sp,sp,6
 4bc:	10000013          	li	zero,256
 4c0:	0005                	c.nop	1
 4c2:	213a0803          	lb	a6,531(s4)
 4c6:	3b01                	jal	1d6 <_program_size-0xcc2>
 4c8:	490b390b          	.4byte	0x490b390b
 4cc:	00170213          	addi	tp,a4,1
 4d0:	1100                	addi	s0,sp,160
 4d2:	0034                	addi	a3,sp,8
 4d4:	213a0e03          	lb	t3,531(s4)
 4d8:	3b01                	jal	1e8 <_program_size-0xcb0>
 4da:	1921                	addi	s2,s2,-24
 4dc:	0b39                	addi	s6,s6,14
 4de:	1349                	addi	t1,t1,-14
 4e0:	1702                	slli	a4,a4,0x20
 4e2:	0000                	unimp
 4e4:	0b12                	slli	s6,s6,0x4
 4e6:	5501                	li	a0,-32
 4e8:	00130117          	auipc	sp,0x130
 4ec:	1300                	addi	s0,sp,416
 4ee:	011d                	addi	sp,sp,7 # 1304ef <_available_heap+0x123387>
 4f0:	1331                	addi	t1,t1,-20
 4f2:	0152                	slli	sp,sp,0x14
 4f4:	1755                	addi	a4,a4,-11
 4f6:	2158                	.2byte	0x2158
 4f8:	5901                	li	s2,-32
 4fa:	000b570b          	.4byte	0xb570b
 4fe:	1400                	addi	s0,sp,544
 500:	011d                	addi	sp,sp,7
 502:	1331                	addi	t1,t1,-20
 504:	0152                	slli	sp,sp,0x14
 506:	1755                	addi	a4,a4,-11
 508:	2158                	.2byte	0x2158
 50a:	5901                	li	s2,-32
 50c:	0521570b          	.4byte	0x521570b
 510:	1301                	addi	t1,t1,-32
 512:	0000                	unimp
 514:	1d15                	addi	s10,s10,-27 # fffdffe5 <_ram_end+0x7ffcffe5>
 516:	3101                	jal	116 <_program_size-0xd82>
 518:	12011113          	.4byte	0x12011113
 51c:	5806                	lw	a6,96(sp)
 51e:	0121                	addi	sp,sp,8
 520:	0b59                	addi	s6,s6,22
 522:	01022157          	.4byte	0x1022157
 526:	16000013          	li	zero,352
 52a:	0005                	c.nop	1
 52c:	0b3a0803          	lb	a6,179(s4)
 530:	0b390b3b          	.4byte	0xb390b3b
 534:	1349                	addi	t1,t1,-14
 536:	0000                	unimp
 538:	25011117          	auipc	sp,0x25011
 53c:	130e                	slli	t1,t1,0x23
 53e:	1b1f030b          	.4byte	0x1b1f030b
 542:	551f 1117 1001      	.byte	0x1f, 0x55, 0x17, 0x11, 0x01, 0x10
 548:	18000017          	auipc	zero,0x18000
 54c:	0b0b000f          	.4byte	0xb0b000f
 550:	00000e03          	lb	t3,0(zero) # 0 <_program_size-0xe98>
 554:	2419                	jal	75a <_program_size-0x73e>
 556:	0b00                	addi	s0,sp,400
 558:	030b3e0b          	.4byte	0x30b3e0b
 55c:	0008                	.2byte	0x8
 55e:	1a00                	addi	s0,sp,304
 560:	0035                	c.nop	13
 562:	1349                	addi	t1,t1,-14
 564:	0000                	unimp
 566:	0300341b          	.4byte	0x300341b
 56a:	3a0e                	.2byte	0x3a0e
 56c:	390b3b0b          	.4byte	0x390b3b0b
 570:	1c13490b          	.4byte	0x1c13490b
 574:	0006                	c.slli	zero,0x1
 576:	1c00                	addi	s0,sp,560
 578:	0018                	.2byte	0x18
 57a:	0000                	unimp
 57c:	341d                	jal	ffffffa2 <_ram_end+0x7ffeffa2>
 57e:	0300                	addi	s0,sp,384
 580:	3a0e                	.2byte	0x3a0e
 582:	390b3b0b          	.4byte	0x390b3b0b
 586:	1c13490b          	.4byte	0x1c13490b
 58a:	1e00000b          	.4byte	0x1e00000b
 58e:	0101                	addi	sp,sp,0 # 25011538 <_available_heap+0x250043d0>
 590:	1349                	addi	t1,t1,-14
 592:	1301                	addi	t1,t1,-32
 594:	0000                	unimp
 596:	211f 4900 2f13      	.byte	0x1f, 0x21, 0x00, 0x49, 0x13, 0x2f
 59c:	2000000b          	.4byte	0x2000000b
 5a0:	0034                	addi	a3,sp,8
 5a2:	1331                	addi	t1,t1,-20
 5a4:	1802                	slli	a6,a6,0x20
 5a6:	0000                	unimp
 5a8:	2e21                	jal	8c0 <_program_size-0x5d8>
 5aa:	0301                	addi	t1,t1,0
 5ac:	3a0e                	.2byte	0x3a0e
 5ae:	390b3b0b          	.4byte	0x390b3b0b
 5b2:	2019270b          	.4byte	0x2019270b
 5b6:	0013010b          	.4byte	0x13010b
 5ba:	2200                	.2byte	0x2200
 5bc:	012e                	slli	sp,sp,0xb
 5be:	0b3a0e03          	lb	t3,179(s4)
 5c2:	0b390b3b          	.4byte	0xb390b3b
 5c6:	0b201927          	.4byte	0xb201927
 5ca:	0000                	unimp
 5cc:	0100                	addi	s0,sp,128
 5ce:	0049                	c.nop	18
 5d0:	1802                	slli	a6,a6,0x20
 5d2:	187e                	slli	a6,a6,0x3f
 5d4:	0000                	unimp
 5d6:	4802                	lw	a6,0(sp)
 5d8:	7d01                	lui	s10,0xfffe0
 5da:	7f01                	lui	t5,0xfffe0
 5dc:	00130113          	addi	sp,t1,1
 5e0:	0300                	addi	s0,sp,384
 5e2:	0005                	c.nop	1
 5e4:	1349                	addi	t1,t1,-14
 5e6:	0000                	unimp
 5e8:	2404                	.2byte	0x2404
 5ea:	0b00                	addi	s0,sp,400
 5ec:	030b3e0b          	.4byte	0x30b3e0b
 5f0:	000e                	c.slli	zero,0x3
 5f2:	0500                	addi	s0,sp,640
 5f4:	0026                	c.slli	zero,0x9
 5f6:	1349                	addi	t1,t1,-14
 5f8:	0000                	unimp
 5fa:	3406                	.2byte	0x3406
 5fc:	0300                	addi	s0,sp,384
 5fe:	3a08                	.2byte	0x3a08
 600:	0121                	addi	sp,sp,8
 602:	0b390b3b          	.4byte	0xb390b3b
 606:	1349                	addi	t1,t1,-14
 608:	1802                	slli	a6,a6,0x20
 60a:	0000                	unimp
 60c:	0b000f07          	.4byte	0xb000f07
 610:	0421                	addi	s0,s0,8
 612:	1349                	addi	t1,t1,-14
 614:	0000                	unimp
 616:	0108                	addi	a0,sp,128
 618:	4901                	li	s2,0
 61a:	00130113          	addi	sp,t1,1
 61e:	0900                	addi	s0,sp,144
 620:	0021                	c.nop	8
 622:	1349                	addi	t1,t1,-14
 624:	00000b2f          	.4byte	0xb2f
 628:	340a                	.2byte	0x340a
 62a:	0300                	addi	s0,sp,384
 62c:	3a08                	.2byte	0x3a08
 62e:	0121                	addi	sp,sp,8
 630:	0b390b3b          	.4byte	0xb390b3b
 634:	1349                	addi	t1,t1,-14
 636:	1702                	slli	a4,a4,0x20
 638:	0000                	unimp
 63a:	7d01480b          	.4byte	0x7d01480b
 63e:	7f01                	lui	t5,0xfffe0
 640:	0c000013          	li	zero,192
 644:	012e                	slli	sp,sp,0xb
 646:	0e03193f 3b05213a 	.8byte	0x3b05213a0e03193f
 64e:	0521390b          	.4byte	0x521390b
 652:	13491927          	.4byte	0x13491927
 656:	193c                	addi	a5,sp,184
 658:	1301                	addi	t1,t1,-32
 65a:	0000                	unimp
 65c:	050d                	addi	a0,a0,3
 65e:	3100                	.2byte	0x3100
 660:	00170213          	addi	tp,a4,1
 664:	0e00                	addi	s0,sp,784
 666:	0016                	c.slli	zero,0x5
 668:	0b3a0e03          	lb	t3,179(s4)
 66c:	0b390b3b          	.4byte	0xb390b3b
 670:	1349                	addi	t1,t1,-14
 672:	0000                	unimp
 674:	0300340f          	.4byte	0x300340f
 678:	3a0e                	.2byte	0x3a0e
 67a:	0121                	addi	sp,sp,8
 67c:	0b390b3b          	.4byte	0xb390b3b
 680:	1349                	addi	t1,t1,-14
 682:	1802                	slli	a6,a6,0x20
 684:	0000                	unimp
 686:	3410                	.2byte	0x3410
 688:	0300                	addi	s0,sp,384
 68a:	3a0e                	.2byte	0x3a0e
 68c:	0121                	addi	sp,sp,8
 68e:	21390b3b          	.4byte	0x21390b3b
 692:	1c134917          	auipc	s2,0x1c134
 696:	1100000b          	.4byte	0x1100000b
 69a:	0005                	c.nop	1
 69c:	213a0803          	lb	a6,531(s4)
 6a0:	3b01                	jal	3b0 <_program_size-0xae8>
 6a2:	490b390b          	.4byte	0x490b390b
 6a6:	12000013          	li	zero,288
 6aa:	1755010b          	.4byte	0x1755010b
 6ae:	0000                	unimp
 6b0:	31011d13          	.4byte	0x31011d13
 6b4:	55015213          	.4byte	0x55015213
 6b8:	01215817          	auipc	a6,0x1215
 6bc:	0b59                	addi	s6,s6,22
 6be:	13010b57          	.4byte	0x13010b57
 6c2:	0000                	unimp
 6c4:	0514                	addi	a3,sp,640
 6c6:	0300                	addi	s0,sp,384
 6c8:	3a0e                	.2byte	0x3a0e
 6ca:	0121                	addi	sp,sp,8
 6cc:	0b390b3b          	.4byte	0xb390b3b
 6d0:	1349                	addi	t1,t1,-14
 6d2:	1702                	slli	a4,a4,0x20
 6d4:	0000                	unimp
 6d6:	4915                	li	s2,5
 6d8:	8000                	.2byte	0x8000
 6da:	1301                	addi	t1,t1,-32
 6dc:	187e                	slli	a6,a6,0x3f
 6de:	0000                	unimp
 6e0:	2e16                	.2byte	0x2e16
 6e2:	0301                	addi	t1,t1,0
 6e4:	3a0e                	.2byte	0x3a0e
 6e6:	0121                	addi	sp,sp,8
 6e8:	21390b3b          	.4byte	0x21390b3b
 6ec:	270d                	jal	e0e <_program_size-0x8a>
 6ee:	2019                	jal	6f4 <_program_size-0x7a4>
 6f0:	0121                	addi	sp,sp,8
 6f2:	1301                	addi	t1,t1,-32
 6f4:	0000                	unimp
 6f6:	03000517          	auipc	a0,0x3000
 6fa:	3a08                	.2byte	0x3a08
 6fc:	0121                	addi	sp,sp,8
 6fe:	3919213b          	.4byte	0x3919213b
 702:	0213490b          	.4byte	0x213490b
 706:	18000017          	auipc	zero,0x18000
 70a:	1755010b          	.4byte	0x1755010b
 70e:	1301                	addi	t1,t1,-32
 710:	0000                	unimp
 712:	4819                	li	a6,6
 714:	7d00                	.2byte	0x7d00
 716:	7f01                	lui	t5,0xfffe0
 718:	1a000013          	li	zero,416
 71c:	0148                	addi	a0,sp,132
 71e:	017d                	addi	sp,sp,31
 720:	0182                	c.slli64	gp
 722:	7f19                	lui	t5,0xfffe6
 724:	1b000013          	li	zero,432
 728:	0111                	addi	sp,sp,4
 72a:	0e25                	addi	t3,t3,9 # 19009 <_available_heap+0xbea1>
 72c:	1f030b13          	addi	s6,t1,496
 730:	17551f1b          	.4byte	0x17551f1b
 734:	0111                	addi	sp,sp,4
 736:	1710                	addi	a2,sp,928
 738:	0000                	unimp
 73a:	241c                	.2byte	0x241c
 73c:	0b00                	addi	s0,sp,400
 73e:	030b3e0b          	.4byte	0x30b3e0b
 742:	0008                	.2byte	0x8
 744:	1d00                	addi	s0,sp,688
 746:	0035                	c.nop	13
 748:	1349                	addi	t1,t1,-14
 74a:	0000                	unimp
 74c:	341e                	.2byte	0x341e
 74e:	0300                	addi	s0,sp,384
 750:	3a0e                	.2byte	0x3a0e
 752:	390b3b0b          	.4byte	0x390b3b0b
 756:	1c13490b          	.4byte	0x1c13490b
 75a:	0006                	c.slli	zero,0x1
 75c:	1f00                	addi	s0,sp,944
 75e:	012e                	slli	sp,sp,0xb
 760:	0e03193f 0b3b0b3a 	.8byte	0xb3b0b3a0e03193f
 768:	0b39                	addi	s6,s6,14
 76a:	193c1927          	.4byte	0x193c1927
 76e:	1301                	addi	t1,t1,-32
 770:	0000                	unimp
 772:	1820                	addi	s0,sp,56
 774:	0000                	unimp
 776:	2100                	.2byte	0x2100
 778:	012e                	slli	sp,sp,0xb
 77a:	0e03193f 0b3b0b3a 	.8byte	0xb3b0b3a0e03193f
 782:	0b39                	addi	s6,s6,14
 784:	13491927          	.4byte	0x13491927
 788:	0111                	addi	sp,sp,4
 78a:	0612                	slli	a2,a2,0x4
 78c:	1840                	addi	s0,sp,52
 78e:	197a                	slli	s2,s2,0x3e
 790:	1301                	addi	t1,t1,-32
 792:	0000                	unimp
 794:	0b22                	slli	s6,s6,0x8
 796:	0001                	nop
 798:	2300                	.2byte	0x2300
 79a:	0034                	addi	a3,sp,8
 79c:	0b3a0803          	lb	a6,179(s4)
 7a0:	0b390b3b          	.4byte	0xb390b3b
 7a4:	1349                	addi	t1,t1,-14
 7a6:	0000                	unimp
 7a8:	2e24                	.2byte	0x2e24
 7aa:	0301                	addi	t1,t1,0
 7ac:	3a0e                	.2byte	0x3a0e
 7ae:	390b3b0b          	.4byte	0x390b3b0b
 7b2:	1119270b          	.4byte	0x1119270b
 7b6:	1201                	addi	tp,tp,-32 # ffffffe0 <_ram_end+0x7ffeffe0>
 7b8:	4006                	.2byte	0x4006
 7ba:	7a18                	.2byte	0x7a18
 7bc:	0119                	addi	sp,sp,6
 7be:	25000013          	li	zero,592
 7c2:	011d                	addi	sp,sp,7
 7c4:	1331                	addi	t1,t1,-20
 7c6:	0111                	addi	sp,sp,4
 7c8:	0612                	slli	a2,a2,0x4
 7ca:	0b58                	addi	a4,sp,404
 7cc:	0b59                	addi	s6,s6,22
 7ce:	13010b57          	.4byte	0x13010b57
 7d2:	0000                	unimp
 7d4:	2e26                	.2byte	0x2e26
 7d6:	3101                	jal	3d6 <_program_size-0xac2>
 7d8:	12011113          	.4byte	0x12011113
 7dc:	4006                	.2byte	0x4006
 7de:	7a18                	.2byte	0x7a18
 7e0:	0019                	c.nop	6
 7e2:	2700                	.2byte	0x2700
 7e4:	0005                	c.nop	1
 7e6:	1331                	addi	t1,t1,-20
 7e8:	0b1c                	addi	a5,sp,400
 7ea:	0000                	unimp
 7ec:	0b28                	addi	a0,sp,408
 7ee:	3101                	jal	3ee <_program_size-0xaaa>
 7f0:	01175513          	srli	a0,a4,0x11
 7f4:	29000013          	li	zero,656
 7f8:	0034                	addi	a3,sp,8
 7fa:	1331                	addi	t1,t1,-20
 7fc:	1702                	slli	a4,a4,0x20
 7fe:	0000                	unimp
	...

Disassembly of section .debug_aranges:

00000000 <.debug_aranges>:
   0:	001c                	.2byte	0x1c
   2:	0000                	unimp
   4:	0002                	c.slli64	zero
   6:	0000                	unimp
   8:	0000                	unimp
   a:	0004                	.2byte	0x4
   c:	0000                	unimp
   e:	0000                	unimp
  10:	0000                	unimp
  12:	8000                	.2byte	0x8000
  14:	002c                	addi	a1,sp,8
	...
  1e:	0000                	unimp
  20:	0074                	addi	a3,sp,12
  22:	0000                	unimp
  24:	0002                	c.slli64	zero
  26:	0024                	addi	s1,sp,8
  28:	0000                	unimp
  2a:	0004                	.2byte	0x4
  2c:	0000                	unimp
  2e:	0000                	unimp
  30:	002c                	addi	a1,sp,8
  32:	8000                	.2byte	0x8000
  34:	0066                	c.slli	zero,0x19
  36:	0000                	unimp
  38:	0092                	slli	ra,ra,0x4
  3a:	8000                	.2byte	0x8000
  3c:	0068                	addi	a0,sp,12
  3e:	0000                	unimp
  40:	00fa                	slli	ra,ra,0x1e
  42:	8000                	.2byte	0x8000
  44:	009a                	slli	ra,ra,0x6
  46:	0000                	unimp
  48:	0194                	addi	a3,sp,192
  4a:	8000                	.2byte	0x8000
  4c:	0090                	addi	a2,sp,64
  4e:	0000                	unimp
  50:	0224                	addi	s1,sp,264
  52:	8000                	.2byte	0x8000
  54:	0126                	slli	sp,sp,0x9
  56:	0000                	unimp
  58:	034a                	slli	t1,t1,0x12
  5a:	8000                	.2byte	0x8000
  5c:	012a                	slli	sp,sp,0xa
	...
  66:	0000                	unimp
  68:	0474                	addi	a3,sp,524
  6a:	8000                	.2byte	0x8000
  6c:	006a                	c.slli	zero,0x1a
  6e:	0000                	unimp
  70:	04de                	slli	s1,s1,0x17
  72:	8000                	.2byte	0x8000
  74:	0010                	.2byte	0x10
  76:	0000                	unimp
  78:	04ee                	slli	s1,s1,0x1b
  7a:	8000                	.2byte	0x8000
  7c:	0010                	.2byte	0x10
  7e:	0000                	unimp
  80:	04fe                	slli	s1,s1,0x1f
  82:	8000                	.2byte	0x8000
  84:	0020                	addi	s0,sp,8
  86:	0000                	unimp
  88:	051e                	slli	a0,a0,0x7
  8a:	8000                	.2byte	0x8000
  8c:	00ec                	addi	a1,sp,76
	...
  96:	0000                	unimp
  98:	0024                	addi	s1,sp,8
  9a:	0000                	unimp
  9c:	0002                	c.slli64	zero
  9e:	135e                	slli	t1,t1,0x37
  a0:	0000                	unimp
  a2:	0004                	.2byte	0x4
	...
  b0:	060a                	slli	a2,a2,0x2
  b2:	8000                	.2byte	0x8000
  b4:	0174                	addi	a3,sp,140
	...
  be:	0000                	unimp
  c0:	002c                	addi	a1,sp,8
  c2:	0000                	unimp
  c4:	0002                	c.slli64	zero
  c6:	1789                	addi	a5,a5,-30
  c8:	0000                	unimp
  ca:	0004                	.2byte	0x4
  cc:	0000                	unimp
  ce:	0000                	unimp
  d0:	077e                	slli	a4,a4,0x1f
  d2:	8000                	.2byte	0x8000
  d4:	0114                	addi	a3,sp,128
  d6:	0000                	unimp
  d8:	0892                	slli	a7,a7,0x4
  da:	8000                	.2byte	0x8000
  dc:	0060                	addi	s0,sp,12
  de:	0000                	unimp
  e0:	08f2                	slli	a7,a7,0x1c
  e2:	8000                	.2byte	0x8000
  e4:	027e                	slli	tp,tp,0x1f
	...

Disassembly of section .debug_str:

00000000 <.debug_str>:
   0:	6d6f682f          	.4byte	0x6d6f682f
   4:	2f65                	jal	7bc <_program_size-0x6dc>
   6:	7568                	.2byte	0x7568
   8:	676e                	.2byte	0x676e
   a:	6874                	.2byte	0x6874
   c:	326b696f          	jal	s2,b6332 <_available_heap+0xa91ca>
  10:	2f34                	.2byte	0x2f34
  12:	4952                	lw	s2,20(sp)
  14:	54564353          	.4byte	0x54564353
  18:	7475                	lui	s0,0xffffd
  1a:	6169726f          	jal	tp,97630 <_available_heap+0x8a4c8>
  1e:	2f6c                	.2byte	0x2f6c
  20:	7066                	.2byte	0x7066
  22:	732f6167          	.4byte	0x732f6167
  26:	73612f77          	.4byte	0x73612f77
  2a:	2f6e6f63          	bltu	t3,s6,328 <_program_size-0xb70>
  2e:	2f637273          	csrrci	tp,0x2f6,6
  32:	30747263          	bgeu	s0,t2,336 <_program_size-0xb62>
  36:	532e                	lw	t1,232(sp)
  38:	2f00                	.2byte	0x2f00
  3a:	6f68                	.2byte	0x6f68
  3c:	656d                	lui	a0,0x1b
  3e:	6e75682f          	.4byte	0x6e75682f
  42:	6f687467          	.4byte	0x6f687467
  46:	6b69                	lui	s6,0x1a
  48:	3432                	.2byte	0x3432
  4a:	5349522f          	.4byte	0x5349522f
  4e:	75545643          	.4byte	0x75545643
  52:	6f74                	.2byte	0x6f74
  54:	6972                	.2byte	0x6972
  56:	6c61                	lui	s8,0x18
  58:	6770662f          	.4byte	0x6770662f
  5c:	2f61                	jal	7f4 <_program_size-0x6a4>
  5e:	612f7773          	csrrci	a4,0x612,30
  62:	6e6f6373          	csrrsi	t1,0x6e6,30
  66:	4700                	lw	s0,8(a4)
  68:	554e                	lw	a0,240(sp)
  6a:	4120                	lw	s0,64(a0)
  6c:	2e322053          	.4byte	0x2e322053
  70:	7a003933          	.4byte	0x7a003933
  74:	6962                	.2byte	0x6962
  76:	7374                	.2byte	0x7374
  78:	6d00                	.2byte	0x6d00
  7a:	6c5f6773          	csrrsi	a4,0x6c5,30
  7e:	6e65                	lui	t3,0x19
  80:	7200                	.2byte	0x7200
  82:	6165                	addi	sp,sp,112
  84:	5f64                	lw	s1,124(a4)
  86:	6168                	.2byte	0x6168
  88:	73006873          	csrrsi	a6,mhpmevent16h,0
  8c:	6f68                	.2byte	0x6f68
  8e:	7472                	.2byte	0x7472
  90:	6920                	.2byte	0x6920
  92:	746e                	.2byte	0x746e
  94:	6100                	.2byte	0x6100
  96:	6e6f6373          	csrrsi	t1,0x6e6,30
  9a:	615f 6165 3164      	.byte	0x5f, 0x61, 0x65, 0x61, 0x64, 0x31
  a0:	3832                	.2byte	0x3832
  a2:	645f 6365 7972      	.byte	0x5f, 0x64, 0x65, 0x63, 0x72, 0x79
  a8:	7470                	.2byte	0x7470
  aa:	6f00                	.2byte	0x6f00
  ac:	7475                	lui	s0,0xffffd
  ae:	6c5f 6e65 7200      	.byte	0x5f, 0x6c, 0x65, 0x6e, 0x00, 0x72
  b4:	6165                	addi	sp,sp,112
  b6:	5f64                	lw	s1,124(a4)
  b8:	5f74756f          	jal	a0,47eae <_available_heap+0x3ad46>
  bc:	7562                	.2byte	0x7562
  be:	0066                	c.slli	zero,0x19
  c0:	6566                	.2byte	0x6566
  c2:	6465                	lui	s0,0x19
  c4:	775f 726f 0064      	.byte	0x5f, 0x77, 0x6f, 0x72, 0x64, 0x00
  ca:	5f5f 6975 746e      	.byte	0x5f, 0x5f, 0x75, 0x69, 0x6e, 0x74
  d0:	745f3233          	.4byte	0x745f3233
  d4:	6c00                	.2byte	0x6c00
  d6:	7361                	lui	t1,0xffff8
  d8:	5f74                	lw	a3,124(a4)
  da:	7962                	.2byte	0x7962
  dc:	6574                	.2byte	0x6574
  de:	61770073          	.4byte	0x61770073
  e2:	7469                	lui	s0,0xffffa
  e4:	6e5f 746f 625f      	.byte	0x5f, 0x6e, 0x6f, 0x74, 0x5f, 0x62
  ea:	7375                	lui	t1,0xffffd
  ec:	0079                	c.nop	30
  ee:	6e69                	lui	t3,0x1a
  f0:	6c5f 6e65 6300      	.byte	0x5f, 0x6c, 0x65, 0x6e, 0x00, 0x63
  f6:	75706d6f          	jal	s10,704c <_stack_size+0x504c>
  fa:	6574                	.2byte	0x6574
  fc:	0064                	addi	s1,sp,12
  fe:	6461                	lui	s0,0x18
 100:	6c5f 6e65 6600      	.byte	0x5f, 0x6c, 0x65, 0x6e, 0x00, 0x66
 106:	6565                	lui	a0,0x19
 108:	5f64                	lw	s1,124(a4)
 10a:	6870                	.2byte	0x6870
 10c:	7361                	lui	t1,0xffff8
 10e:	0065                	c.nop	25
 110:	74697277          	.4byte	0x74697277
 114:	5f65                	li	t5,-7
 116:	7865                	lui	a6,0xffff9
 118:	5f70                	lw	a2,124(a4)
 11a:	6174                	.2byte	0x6174
 11c:	61770067          	jr	1559(a4)
 120:	7469                	lui	s0,0xffffa
 122:	695f 5f6e 6572      	.byte	0x5f, 0x69, 0x6e, 0x5f, 0x72, 0x65
 128:	6461                	lui	s0,0x18
 12a:	0079                	c.nop	30
 12c:	72617473          	csrrci	s0,mhpmevent6h,2
 130:	5f74                	lw	a3,124(a4)
 132:	725f706f          	j	f8056 <_available_heap+0xeaeee>
 136:	7761                	lui	a4,0xffff8
 138:	6c00                	.2byte	0x6c00
 13a:	20676e6f          	jal	t3,76340 <_available_heap+0x691d8>
 13e:	6f6c                	.2byte	0x6f6c
 140:	676e                	.2byte	0x676e
 142:	6920                	.2byte	0x6920
 144:	746e                	.2byte	0x746e
 146:	6300                	.2byte	0x6300
 148:	5f74                	lw	a3,124(a4)
 14a:	656c                	.2byte	0x656c
 14c:	006e                	c.slli	zero,0x1b
 14e:	7361                	lui	t1,0xffff8
 150:	5f6e6f63          	bltu	t3,s6,74e <_program_size-0x74a>
 154:	6f78                	.2byte	0x6f78
 156:	3166                	.2byte	0x3166
 158:	3832                	.2byte	0x3832
 15a:	5f00                	lw	s0,56(a4)
 15c:	755f 6e69 3874      	.byte	0x5f, 0x75, 0x69, 0x6e, 0x74, 0x38
 162:	745f 6100 6165      	.byte	0x5f, 0x74, 0x00, 0x61, 0x65, 0x61
 168:	0064                	addi	s1,sp,12
 16a:	20554e47          	.4byte	0x20554e47
 16e:	20313143          	.4byte	0x20313143
 172:	3231                	jal	fffffa7e <_ram_end+0x7ffefa7e>
 174:	322e                	.2byte	0x322e
 176:	302e                	.2byte	0x302e
 178:	2d20                	.2byte	0x2d20
 17a:	616d                	addi	sp,sp,240
 17c:	6962                	.2byte	0x6962
 17e:	693d                	lui	s2,0xf
 180:	706c                	.2byte	0x706c
 182:	2d203233          	.4byte	0x2d203233
 186:	636d                	lui	t1,0x1b
 188:	6f6d                	lui	t5,0x1b
 18a:	6564                	.2byte	0x6564
 18c:	3d6c                	.2byte	0x3d6c
 18e:	656d                	lui	a0,0x1b
 190:	6164                	.2byte	0x6164
 192:	796e                	.2byte	0x796e
 194:	2d20                	.2byte	0x2d20
 196:	746d                	lui	s0,0xffffb
 198:	6e75                	lui	t3,0x1d
 19a:	3d65                	jal	52 <_program_size-0xe46>
 19c:	6f72                	.2byte	0x6f72
 19e:	74656b63          	bltu	a0,t1,8f4 <_program_size-0x5a4>
 1a2:	2d20                	.2byte	0x2d20
 1a4:	696d                	lui	s2,0x1b
 1a6:	732d6173          	csrrsi	sp,mhpmevent18h,26
 1aa:	6570                	.2byte	0x6570
 1ac:	2e323d63          	.4byte	0x2e323d63
 1b0:	2032                	.2byte	0x2032
 1b2:	6d2d                	lui	s10,0xb
 1b4:	7261                	lui	tp,0xffff8
 1b6:	723d6863          	bltu	s10,gp,8e6 <_program_size-0x5b2>
 1ba:	3376                	.2byte	0x3376
 1bc:	6932                	.2byte	0x6932
 1be:	616d                	addi	sp,sp,240
 1c0:	672d2063          	.4byte	0x672d2063
 1c4:	2d20                	.2byte	0x2d20
 1c6:	2d20324f          	.4byte	0x2d20324f
 1ca:	3d647473          	csrrci	s0,0x3d6,8
 1ce:	31756e67          	.4byte	0x31756e67
 1d2:	2031                	jal	1de <_program_size-0xcba>
 1d4:	662d                	lui	a2,0xb
 1d6:	7566                	.2byte	0x7566
 1d8:	636e                	.2byte	0x636e
 1da:	6974                	.2byte	0x6974
 1dc:	732d6e6f          	jal	t3,d690e <_available_heap+0xc97a6>
 1e0:	6365                	lui	t1,0x19
 1e2:	6974                	.2byte	0x6974
 1e4:	20736e6f          	jal	t3,36bea <_available_heap+0x29a82>
 1e8:	662d                	lui	a2,0xb
 1ea:	6164                	.2byte	0x6164
 1ec:	6174                	.2byte	0x6174
 1ee:	732d                	lui	t1,0xfffeb
 1f0:	6365                	lui	t1,0x19
 1f2:	6974                	.2byte	0x6974
 1f4:	20736e6f          	jal	t3,36bfa <_available_heap+0x29a92>
 1f8:	662d                	lui	a2,0xb
 1fa:	6f6e                	.2byte	0x6f6e
 1fc:	632d                	lui	t1,0xb
 1fe:	6f6d6d6f          	jal	s10,d68f4 <_available_heap+0xc978c>
 202:	206e                	.2byte	0x206e
 204:	662d                	lui	a2,0xb
 206:	6f6e                	.2byte	0x6f6e
 208:	622d                	lui	tp,0xb
 20a:	6975                	lui	s2,0x1d
 20c:	746c                	.2byte	0x746c
 20e:	6e69                	lui	t3,0x1a
 210:	2d20                	.2byte	0x2d20
 212:	6e66                	.2byte	0x6e66
 214:	72742d6f          	jal	s10,4313a <_available_heap+0x35fd2>
 218:	6565                	lui	a0,0x19
 21a:	6c2d                	lui	s8,0xb
 21c:	2d706f6f          	jal	t5,6cf2 <_stack_size+0x4cf2>
 220:	6964                	.2byte	0x6964
 222:	69727473          	csrrci	s0,0x697,4
 226:	7562                	.2byte	0x7562
 228:	6574                	.2byte	0x6574
 22a:	702d                	c.lui	zero,0xfffeb
 22c:	7461                	lui	s0,0xffff8
 22e:	6574                	.2byte	0x6574
 230:	6e72                	.2byte	0x6e72
 232:	6f780073          	.4byte	0x6f780073
 236:	5f66                	lw	t5,120(sp)
 238:	6d6d6f63          	bltu	s10,s6,916 <_program_size-0x582>
 23c:	75006e6f          	jal	t3,698c <_stack_size+0x498c>
 240:	736e                	.2byte	0x736e
 242:	6769                	lui	a4,0x1a
 244:	656e                	.2byte	0x656e
 246:	2064                	.2byte	0x2064
 248:	72616863          	bltu	sp,t1,978 <_program_size-0x520>
 24c:	7000                	.2byte	0x7000
 24e:	5f74                	lw	a3,124(a4)
 250:	656c                	.2byte	0x656c
 252:	006e                	c.slli	zero,0x1b
 254:	6f6c                	.2byte	0x6f6c
 256:	676e                	.2byte	0x676e
 258:	6c20                	.2byte	0x6c20
 25a:	20676e6f          	jal	t3,76460 <_available_heap+0x692f8>
 25e:	6e75                	lui	t3,0x1d
 260:	6e676973          	csrrsi	s2,0x6e6,14
 264:	6465                	lui	s0,0x19
 266:	6920                	.2byte	0x6920
 268:	746e                	.2byte	0x746e
 26a:	7300                	.2byte	0x7300
 26c:	6174                	.2byte	0x6174
 26e:	7472                	.2byte	0x7472
 270:	6f5f 0070 6177      	.byte	0x5f, 0x6f, 0x70, 0x00, 0x77, 0x61
 276:	7469                	lui	s0,0xffffa
 278:	645f 6e6f 0065      	.byte	0x5f, 0x64, 0x6f, 0x6e, 0x65, 0x00
 27e:	616c                	.2byte	0x616c
 280:	73007473          	csrrci	s0,mhpmevent16h,0
 284:	6f68                	.2byte	0x6f68
 286:	7472                	.2byte	0x7472
 288:	7520                	.2byte	0x7520
 28a:	736e                	.2byte	0x736e
 28c:	6769                	lui	a4,0x1a
 28e:	656e                	.2byte	0x656e
 290:	2064                	.2byte	0x2064
 292:	6e69                	lui	t3,0x1a
 294:	0074                	addi	a3,sp,12
 296:	746e6177          	.4byte	0x746e6177
 29a:	6100                	.2byte	0x6100
 29c:	6e6f6373          	csrrsi	t1,0x6e6,30
 2a0:	615f 6165 3164      	.byte	0x5f, 0x61, 0x65, 0x61, 0x64, 0x31
 2a6:	3832                	.2byte	0x3832
 2a8:	655f 636e 7972      	.byte	0x5f, 0x65, 0x6e, 0x63, 0x72, 0x79
 2ae:	7470                	.2byte	0x7470
 2b0:	6c00                	.2byte	0x6c00
 2b2:	3365                	jal	5a <_program_size-0xe3e>
 2b4:	5f32                	lw	t5,44(sp)
 2b6:	7461                	lui	s0,0xffff8
 2b8:	6c00                	.2byte	0x6c00
 2ba:	6665                	lui	a2,0x19
 2bc:	0074                	addi	a3,sp,12
 2be:	6f6d                	lui	t5,0x1b
 2c0:	6564                	.2byte	0x6564
 2c2:	6100                	.2byte	0x6100
 2c4:	6e6f6373          	csrrsi	t1,0x6e6,30
 2c8:	685f 7361 3268      	.byte	0x5f, 0x68, 0x61, 0x73, 0x68, 0x32
 2ce:	3635                	jal	fffffdfa <_ram_end+0x7ffefdfa>
 2d0:	6c00                	.2byte	0x6c00
 2d2:	3365                	jal	7a <_program_size-0xe1e>
 2d4:	5f32                	lw	t5,44(sp)
 2d6:	726f7473          	csrrci	s0,mhpmevent6h,30
 2da:	5f65                	li	t5,-7
 2dc:	7461                	lui	s0,0xffff8
 2de:	5f00                	lw	s0,56(a4)
 2e0:	755f 6e69 3674      	.byte	0x5f, 0x75, 0x69, 0x6e, 0x74, 0x36
 2e6:	5f34                	lw	a3,120(a4)
 2e8:	0074                	addi	a3,sp,12
 2ea:	7361                	lui	t1,0xffff8
 2ec:	5f6e6f63          	bltu	t3,s6,8ea <_program_size-0x5ae>
 2f0:	74617473          	csrrci	s0,0x746,2
 2f4:	7375                	lui	t1,0xffffd
 2f6:	5f00                	lw	s0,56(a4)
 2f8:	755f 6e69 7074      	.byte	0x5f, 0x75, 0x69, 0x6e, 0x74, 0x70
 2fe:	7274                	.2byte	0x7274
 300:	745f 6100 6373      	.byte	0x5f, 0x74, 0x00, 0x61, 0x73, 0x63
 306:	635f6e6f          	jal	t3,f713a <_available_heap+0xe9fd2>
 30a:	6f78                	.2byte	0x6f78
 30c:	3166                	.2byte	0x3166
 30e:	3832                	.2byte	0x3832
 310:	6d00                	.2byte	0x6d00
 312:	7361                	lui	t1,0xffff8
 314:	6561006b          	.4byte	0x6561006b
 318:	6461                	lui	s0,0x18
 31a:	725f 6e75 6e00      	.byte	0x5f, 0x72, 0x75, 0x6e, 0x00, 0x6e
 320:	7570                	.2byte	0x7570
 322:	0062                	c.slli	zero,0x18
 324:	6870                	.2byte	0x6870
 326:	7361                	lui	t1,0xffff8
 328:	5f65                	li	t5,-7
 32a:	006c6573          	csrrsi	a0,0x6,24
 32e:	5f7a                	lw	t5,188(sp)
 330:	656c                	.2byte	0x656c
 332:	006e                	c.slli	zero,0x1b
 334:	6162                	.2byte	0x6162
 336:	6f006573          	csrrsi	a0,0x6f0,0
 33a:	7475                	lui	s0,0xffffd
 33c:	625f 6f6c 6b63      	.byte	0x5f, 0x62, 0x6c, 0x6f, 0x63, 0x6b
 342:	61770073          	.4byte	0x61770073
 346:	7469                	lui	s0,0xffffa
 348:	665f 616c 0067      	.byte	0x5f, 0x66, 0x6c, 0x61, 0x67, 0x00
 34e:	7369                	lui	t1,0xffffa
 350:	635f 6168 0072      	.byte	0x5f, 0x63, 0x68, 0x61, 0x72, 0x00
 356:	5f5f 7562 6c69      	.byte	0x5f, 0x5f, 0x62, 0x75, 0x69, 0x6c
 35c:	6974                	.2byte	0x6974
 35e:	5f6e                	lw	t5,248(sp)
 360:	6176                	.2byte	0x6176
 362:	6c5f 7369 0074      	.byte	0x5f, 0x6c, 0x69, 0x73, 0x74, 0x00
 368:	5f5f 6e69 3374      	.byte	0x5f, 0x5f, 0x69, 0x6e, 0x74, 0x33
 36e:	5f32                	lw	t5,44(sp)
 370:	0074                	addi	a3,sp,12
 372:	7369                	lui	t1,0xffffa
 374:	6c5f 6e6f 0067      	.byte	0x5f, 0x6c, 0x6f, 0x6e, 0x67, 0x00
 37a:	6972706b          	.4byte	0x6972706b
 37e:	746e                	.2byte	0x746e
 380:	0066                	c.slli	zero,0x19
 382:	5f5f 6e67 6375      	.byte	0x5f, 0x5f, 0x67, 0x6e, 0x75, 0x63
 388:	765f 5f61 696c      	.byte	0x5f, 0x76, 0x61, 0x5f, 0x6c, 0x69
 38e:	69007473          	csrrci	s0,0x690,0
 392:	6f665f73          	csrrwi	t5,0x6f6,12
 396:	6d72                	.2byte	0x6d72
 398:	7461                	lui	s0,0xffff8
 39a:	5f00                	lw	s0,56(a4)
 39c:	7475706b          	.4byte	0x7475706b
 3a0:	61750073          	.4byte	0x61750073
 3a4:	7472                	.2byte	0x7472
 3a6:	6b00                	.2byte	0x6b00
 3a8:	7570                	.2byte	0x7570
 3aa:	6374                	.2byte	0x6374
 3ac:	5f00                	lw	s0,56(a4)
 3ae:	6f42                	.2byte	0x6f42
 3b0:	6e006c6f          	jal	s8,6a90 <_stack_size+0x4a90>
 3b4:	6d61                	lui	s10,0x18
 3b6:	5f65                	li	t5,-7
 3b8:	656c                	.2byte	0x656c
 3ba:	006e                	c.slli	zero,0x1b
 3bc:	6168                	.2byte	0x6168
 3be:	7472                	.2byte	0x7472
 3c0:	6469                	lui	s0,0x1a
 3c2:	6d00                	.2byte	0x6d00
 3c4:	6961                	lui	s2,0x18
 3c6:	006e                	c.slli	zero,0x1b
 3c8:	666f7863          	bgeu	t5,t1,a38 <_program_size-0x460>
 3cc:	6f5f 7475 6e00      	.byte	0x5f, 0x6f, 0x75, 0x74, 0x00, 0x6e
 3d2:	6d61                	lui	s10,0x18
 3d4:	0065                	c.nop	25
 3d6:	7261                	lui	tp,0xffff8
 3d8:	72007667          	.4byte	0x72007667
 3dc:	6366                	.2byte	0x6366
 3de:	685f 7865 7564      	.byte	0x5f, 0x68, 0x65, 0x78, 0x64, 0x75
 3e4:	706d                	c.lui	zero,0xffffb
 3e6:	7200                	.2byte	0x7200
 3e8:	6366                	.2byte	0x6366
 3ea:	745f 6761 7000      	.byte	0x5f, 0x74, 0x61, 0x67, 0x00, 0x70
 3f0:	6972                	.2byte	0x6972
 3f2:	746e                	.2byte	0x746e
 3f4:	685f 7865 625f      	.byte	0x5f, 0x68, 0x65, 0x78, 0x5f, 0x62
 3fa:	7479                	lui	s0,0xffffe
 3fc:	0065                	c.nop	25

Disassembly of section .debug_loclists:

00000000 <.debug_loclists>:
       0:	00001413          	slli	s0,zero,0x0
       4:	0005                	c.nop	1
       6:	0004                	.2byte	0x4
       8:	0000                	unimp
       a:	0000                	unimp
       c:	00051e07          	.4byte	0x51e07
      10:	db80                	sw	s0,48(a5)
      12:	0005                	c.nop	1
      14:	0180                	addi	s0,sp,192
      16:	075a                	slli	a4,a4,0x16
      18:	800005db          	.4byte	0x800005db
      1c:	05f0                	addi	a2,sp,716
      1e:	8000                	.2byte	0x8000
      20:	a304                	.2byte	0xa304
      22:	5a01                	li	s4,-32
      24:	079f 05f0 8000      	.byte	0x9f, 0x07, 0xf0, 0x05, 0x00, 0x80
      2a:	05f2                	slli	a1,a1,0x1c
      2c:	8000                	.2byte	0x8000
      2e:	5a01                	li	s4,-32
      30:	0005f207          	.4byte	0x5f207
      34:	0a80                	addi	s0,sp,336
      36:	0006                	c.slli	zero,0x1
      38:	0480                	addi	s0,sp,576
      3a:	9f5a01a3          	sb	s5,-1565(s4)
      3e:	0700                	addi	s0,sp,896
      40:	051e                	slli	a0,a0,0x7
      42:	8000                	.2byte	0x8000
      44:	800005db          	.4byte	0x800005db
      48:	5b01                	li	s6,-32
      4a:	0005db07          	.4byte	0x5db07
      4e:	f080                	.2byte	0xf080
      50:	0005                	c.nop	1
      52:	0480                	addi	s0,sp,576
      54:	9f5b01a3          	sb	s5,-1565(s6) # 199e3 <_available_heap+0xc87b>
      58:	0005f007          	.4byte	0x5f007
      5c:	f480                	.2byte	0xf480
      5e:	0005                	c.nop	1
      60:	0180                	addi	s0,sp,192
      62:	05f4075b          	.4byte	0x5f4075b
      66:	8000                	.2byte	0x8000
      68:	060a                	slli	a2,a2,0x2
      6a:	8000                	.2byte	0x8000
      6c:	a304                	.2byte	0xa304
      6e:	5b01                	li	s6,-32
      70:	009f 1e07 0005      	.byte	0x9f, 0x00, 0x07, 0x1e, 0x05, 0x00
      76:	db80                	sw	s0,48(a5)
      78:	0005                	c.nop	1
      7a:	0180                	addi	s0,sp,192
      7c:	075c                	addi	a5,sp,900
      7e:	800005db          	.4byte	0x800005db
      82:	05f0                	addi	a2,sp,716
      84:	8000                	.2byte	0x8000
      86:	a304                	.2byte	0xa304
      88:	5c01                	li	s8,-32
      8a:	079f 05f0 8000      	.byte	0x9f, 0x07, 0xf0, 0x05, 0x00, 0x80
      90:	05f4                	addi	a3,sp,716
      92:	8000                	.2byte	0x8000
      94:	5c01                	li	s8,-32
      96:	0005f407          	.4byte	0x5f407
      9a:	0a80                	addi	s0,sp,336
      9c:	0006                	c.slli	zero,0x1
      9e:	0480                	addi	s0,sp,576
      a0:	9f5c01a3          	sb	s5,-1565(s8) # a9e3 <_stack_size+0x89e3>
      a4:	0700                	addi	s0,sp,896
      a6:	051e                	slli	a0,a0,0x7
      a8:	8000                	.2byte	0x8000
      aa:	800005db          	.4byte	0x800005db
      ae:	5d01                	li	s10,-32
      b0:	0005db07          	.4byte	0x5db07
      b4:	f080                	.2byte	0xf080
      b6:	0005                	c.nop	1
      b8:	0480                	addi	s0,sp,576
      ba:	9f5d01a3          	sb	s5,-1565(s10) # 179e3 <_available_heap+0xa87b>
      be:	0005f007          	.4byte	0x5f007
      c2:	f480                	.2byte	0xf480
      c4:	0005                	c.nop	1
      c6:	0180                	addi	s0,sp,192
      c8:	075d                	addi	a4,a4,23 # 1a017 <_available_heap+0xceaf>
      ca:	05f4                	addi	a3,sp,716
      cc:	8000                	.2byte	0x8000
      ce:	060a                	slli	a2,a2,0x2
      d0:	8000                	.2byte	0x8000
      d2:	a304                	.2byte	0xa304
      d4:	5d01                	li	s10,-32
      d6:	009f 1e07 0005      	.byte	0x9f, 0x00, 0x07, 0x1e, 0x05, 0x00
      dc:	db80                	sw	s0,48(a5)
      de:	0005                	c.nop	1
      e0:	0180                	addi	s0,sp,192
      e2:	075e                	slli	a4,a4,0x17
      e4:	800005db          	.4byte	0x800005db
      e8:	05f0                	addi	a2,sp,716
      ea:	8000                	.2byte	0x8000
      ec:	a304                	.2byte	0xa304
      ee:	5e01                	li	t3,-32
      f0:	079f 05f0 8000      	.byte	0x9f, 0x07, 0xf0, 0x05, 0x00, 0x80
      f6:	05f4                	addi	a3,sp,716
      f8:	8000                	.2byte	0x8000
      fa:	5e01                	li	t3,-32
      fc:	0005f407          	.4byte	0x5f407
     100:	0a80                	addi	s0,sp,336
     102:	0006                	c.slli	zero,0x1
     104:	0480                	addi	s0,sp,576
     106:	9f5e01a3          	sb	s5,-1565(t3) # 199e3 <_available_heap+0xc87b>
     10a:	0700                	addi	s0,sp,896
     10c:	051e                	slli	a0,a0,0x7
     10e:	8000                	.2byte	0x8000
     110:	0532                	slli	a0,a0,0xc
     112:	8000                	.2byte	0x8000
     114:	5f01                	li	t5,-32
     116:	00053207          	.4byte	0x53207
     11a:	ec80                	.2byte	0xec80
     11c:	0005                	c.nop	1
     11e:	0180                	addi	s0,sp,192
     120:	0762                	slli	a4,a4,0x18
     122:	05ec                	addi	a1,sp,716
     124:	8000                	.2byte	0x8000
     126:	05f0                	addi	a2,sp,716
     128:	8000                	.2byte	0x8000
     12a:	a304                	.2byte	0xa304
     12c:	5f01                	li	t5,-32
     12e:	079f 05f0 8000      	.byte	0x9f, 0x07, 0xf0, 0x05, 0x00, 0x80
     134:	060a                	slli	a2,a2,0x2
     136:	8000                	.2byte	0x8000
     138:	6201                	.2byte	0x6201
     13a:	0700                	addi	s0,sp,896
     13c:	051e                	slli	a0,a0,0x7
     13e:	8000                	.2byte	0x8000
     140:	0532                	slli	a0,a0,0xc
     142:	8000                	.2byte	0x8000
     144:	6001                	.2byte	0x6001
     146:	00053207          	.4byte	0x53207
     14a:	e480                	.2byte	0xe480
     14c:	0005                	c.nop	1
     14e:	0180                	addi	s0,sp,192
     150:	0759                	addi	a4,a4,22
     152:	05e4                	addi	s1,sp,716
     154:	8000                	.2byte	0x8000
     156:	05f0                	addi	a2,sp,716
     158:	8000                	.2byte	0x8000
     15a:	a304                	.2byte	0xa304
     15c:	6001                	.2byte	0x6001
     15e:	079f 05f0 8000      	.byte	0x9f, 0x07, 0xf0, 0x05, 0x00, 0x80
     164:	05fc                	addi	a5,sp,716
     166:	8000                	.2byte	0x8000
     168:	5901                	li	s2,-32
     16a:	0005fc07          	.4byte	0x5fc07
     16e:	0a80                	addi	s0,sp,336
     170:	0006                	c.slli	zero,0x1
     172:	0480                	addi	s0,sp,576
     174:	9f6001a3          	sb	s6,-1565(zero) # fffff9e3 <_ram_end+0x7ffef9e3>
     178:	0700                	addi	s0,sp,896
     17a:	051e                	slli	a0,a0,0x7
     17c:	8000                	.2byte	0x8000
     17e:	05b2                	slli	a1,a1,0xc
     180:	8000                	.2byte	0x8000
     182:	6101                	addi	sp,sp,0
     184:	0005b207          	.4byte	0x5b207
     188:	0a80                	addi	s0,sp,336
     18a:	0006                	c.slli	zero,0x1
     18c:	0480                	addi	s0,sp,576
     18e:	9f6101a3          	sb	s6,-1565(sp)
     192:	0700                	addi	s0,sp,896
     194:	05dc                	addi	a5,sp,708
     196:	8000                	.2byte	0x8000
     198:	05e4                	addi	s1,sp,716
     19a:	8000                	.2byte	0x8000
     19c:	5a01                	li	s4,-32
     19e:	0005f407          	.4byte	0x5f407
     1a2:	0880                	addi	s0,sp,80
     1a4:	0006                	c.slli	zero,0x1
     1a6:	0180                	addi	s0,sp,192
     1a8:	005a                	c.slli	zero,0x16
     1aa:	0005f407          	.4byte	0x5f407
     1ae:	fc80                	.2byte	0xfc80
     1b0:	0005                	c.nop	1
     1b2:	0280                	addi	s0,sp,320
     1b4:	9f30                	.2byte	0x9f30
     1b6:	0005fc07          	.4byte	0x5fc07
     1ba:	0080                	addi	s0,sp,64
     1bc:	0006                	c.slli	zero,0x1
     1be:	0780                	addi	s0,sp,960
     1c0:	0079                	c.nop	30
     1c2:	1c6001a3          	sb	t1,451(zero) # 1c3 <_program_size-0xcd5>
     1c6:	079f 0600 8000      	.byte	0x9f, 0x07, 0x00, 0x06, 0x00, 0x80
     1cc:	0602                	c.slli64	a2
     1ce:	8000                	.2byte	0x8000
     1d0:	7909                	lui	s2,0xfffe2
     1d2:	a300                	.2byte	0xa300
     1d4:	6001                	.2byte	0x6001
     1d6:	231c                	.2byte	0x231c
     1d8:	9f01                	.2byte	0x9f01
     1da:	00060207          	.4byte	0x60207
     1de:	0680                	addi	s0,sp,832
     1e0:	0006                	c.slli	zero,0x1
     1e2:	0780                	addi	s0,sp,960
     1e4:	0079                	c.nop	30
     1e6:	1c6001a3          	sb	t1,451(zero) # 1c3 <_program_size-0xcd5>
     1ea:	009f 2c07 0005      	.byte	0x9f, 0x00, 0x07, 0x2c, 0x05, 0x00
     1f0:	b280                	.2byte	0xb280
     1f2:	0005                	c.nop	1
     1f4:	0180                	addi	s0,sp,192
     1f6:	0761                	addi	a4,a4,24
     1f8:	05b2                	slli	a1,a1,0xc
     1fa:	8000                	.2byte	0x8000
     1fc:	05c2                	slli	a1,a1,0x10
     1fe:	8000                	.2byte	0x8000
     200:	a304                	.2byte	0xa304
     202:	6101                	addi	sp,sp,0
     204:	009f 2c07 0005      	.byte	0x9f, 0x00, 0x07, 0x2c, 0x05, 0x00
     20a:	7880                	.2byte	0x7880
     20c:	0005                	c.nop	1
     20e:	0280                	addi	s0,sp,320
     210:	9f30                	.2byte	0x9f30
     212:	00057807          	.4byte	0x57807
     216:	c280                	sw	s0,0(a3)
     218:	0005                	c.nop	1
     21a:	0280                	addi	s0,sp,320
     21c:	9f31                	.2byte	0x9f31
     21e:	0700                	addi	s0,sp,896
     220:	052c                	addi	a1,sp,648
     222:	8000                	.2byte	0x8000
     224:	054c                	addi	a1,sp,644
     226:	8000                	.2byte	0x8000
     228:	4002                	.2byte	0x4002
     22a:	079f 0578 8000      	.byte	0x9f, 0x07, 0x78, 0x05, 0x00, 0x80
     230:	059a                	slli	a1,a1,0x6
     232:	8000                	.2byte	0x8000
     234:	4002                	.2byte	0x4002
     236:	009f 2c07 0005      	.byte	0x9f, 0x00, 0x07, 0x2c, 0x05, 0x00
     23c:	4c80                	lw	s0,24(s1)
     23e:	0005                	c.nop	1
     240:	0280                	addi	s0,sp,320
     242:	9f30                	.2byte	0x9f30
     244:	00057807          	.4byte	0x57807
     248:	9a80                	.2byte	0x9a80
     24a:	0005                	c.nop	1
     24c:	0280                	addi	s0,sp,320
     24e:	9f38                	.2byte	0x9f38
     250:	0700                	addi	s0,sp,896
     252:	052c                	addi	a1,sp,648
     254:	8000                	.2byte	0x8000
     256:	054c                	addi	a1,sp,644
     258:	8000                	.2byte	0x8000
     25a:	6101                	addi	sp,sp,0
     25c:	00057807          	.4byte	0x57807
     260:	9a80                	.2byte	0x9a80
     262:	0005                	c.nop	1
     264:	0180                	addi	s0,sp,192
     266:	0061                	c.nop	24
     268:	00052c07          	.4byte	0x52c07
     26c:	3280                	.2byte	0x3280
     26e:	0005                	c.nop	1
     270:	0280                	addi	s0,sp,320
     272:	9f30                	.2byte	0x9f30
     274:	00053207          	.4byte	0x53207
     278:	4c80                	lw	s0,24(s1)
     27a:	0005                	c.nop	1
     27c:	0180                	addi	s0,sp,192
     27e:	076d                	addi	a4,a4,27
     280:	0578                	addi	a4,sp,652
     282:	8000                	.2byte	0x8000
     284:	0594                	addi	a3,sp,704
     286:	8000                	.2byte	0x8000
     288:	8112                	mv	sp,tp
     28a:	9409                	srai	s0,s0,0x22
     28c:	0801                	addi	a6,a6,0 # ffff9000 <_ram_end+0x7ffe9000>
     28e:	1aff                	.2byte	0x1aff
     290:	2438                	.2byte	0x2438
     292:	0881                	addi	a7,a7,0
     294:	0194                	addi	a3,sp,192
     296:	ff08                	.2byte	0xff08
     298:	211a                	.2byte	0x211a
     29a:	079f 0594 8000      	.byte	0x9f, 0x07, 0x94, 0x05, 0x00, 0x80
     2a0:	059a                	slli	a1,a1,0x6
     2a2:	8000                	.2byte	0x8000
     2a4:	5601                	li	a2,-32
     2a6:	0700                	addi	s0,sp,896
     2a8:	052c                	addi	a1,sp,648
     2aa:	8000                	.2byte	0x8000
     2ac:	0532                	slli	a0,a0,0xc
     2ae:	8000                	.2byte	0x8000
     2b0:	3002                	.2byte	0x3002
     2b2:	079f 0532 8000      	.byte	0x9f, 0x07, 0x32, 0x05, 0x00, 0x80
     2b8:	0540                	addi	s0,sp,644
     2ba:	8000                	.2byte	0x8000
     2bc:	5601                	li	a2,-32
     2be:	00054007          	.4byte	0x54007
     2c2:	4880                	lw	s0,16(s1)
     2c4:	0005                	c.nop	1
     2c6:	0380                	addi	s0,sp,448
     2c8:	7f76                	.2byte	0x7f76
     2ca:	079f 0548 8000      	.byte	0x9f, 0x07, 0x48, 0x05, 0x00, 0x80
     2d0:	054c                	addi	a1,sp,644
     2d2:	8000                	.2byte	0x8000
     2d4:	5601                	li	a2,-32
     2d6:	00057807          	.4byte	0x57807
     2da:	9480                	.2byte	0x9480
     2dc:	0005                	c.nop	1
     2de:	0280                	addi	s0,sp,320
     2e0:	9f32                	add	t5,t5,a2
     2e2:	00059407          	.4byte	0x59407
     2e6:	9a80                	.2byte	0x9a80
     2e8:	0005                	c.nop	1
     2ea:	0280                	addi	s0,sp,320
     2ec:	07009f33          	.4byte	0x7009f33
     2f0:	0554                	addi	a3,sp,644
     2f2:	8000                	.2byte	0x8000
     2f4:	0576                	slli	a0,a0,0x1d
     2f6:	8000                	.2byte	0x8000
     2f8:	4002                	.2byte	0x4002
     2fa:	079f 059c 8000      	.byte	0x9f, 0x07, 0x9c, 0x05, 0x00, 0x80
     300:	05c0                	addi	s0,sp,708
     302:	8000                	.2byte	0x8000
     304:	4002                	.2byte	0x4002
     306:	009f 5407 0005      	.byte	0x9f, 0x00, 0x07, 0x54, 0x05, 0x00
     30c:	7680                	.2byte	0x7680
     30e:	0005                	c.nop	1
     310:	0280                	addi	s0,sp,320
     312:	9f34                	.2byte	0x9f34
     314:	00059c07          	.4byte	0x59c07
     318:	c080                	sw	s0,0(s1)
     31a:	0005                	c.nop	1
     31c:	0280                	addi	s0,sp,320
     31e:	9f3c                	.2byte	0x9f3c
     320:	0700                	addi	s0,sp,896
     322:	0554                	addi	a3,sp,644
     324:	8000                	.2byte	0x8000
     326:	0576                	slli	a0,a0,0x1d
     328:	8000                	.2byte	0x8000
     32a:	6101                	addi	sp,sp,0
     32c:	00059c07          	.4byte	0x59c07
     330:	b280                	.2byte	0xb280
     332:	0005                	c.nop	1
     334:	0180                	addi	s0,sp,192
     336:	0761                	addi	a4,a4,24
     338:	05b2                	slli	a1,a1,0xc
     33a:	8000                	.2byte	0x8000
     33c:	05c0                	addi	s0,sp,708
     33e:	8000                	.2byte	0x8000
     340:	a304                	.2byte	0xa304
     342:	6101                	addi	sp,sp,0
     344:	009f 5407 0005      	.byte	0x9f, 0x00, 0x07, 0x54, 0x05, 0x00
     34a:	7080                	.2byte	0x7080
     34c:	0005                	c.nop	1
     34e:	1280                	addi	s0,sp,352
     350:	0581                	addi	a1,a1,0
     352:	0194                	addi	a3,sp,192
     354:	ff08                	.2byte	0xff08
     356:	381a                	.2byte	0x381a
     358:	8124                	.2byte	0x8124
     35a:	9404                	.2byte	0x9404
     35c:	0801                	addi	a6,a6,0
     35e:	1aff                	.2byte	0x1aff
     360:	9f21                	.2byte	0x9f21
     362:	00057007          	.4byte	0x57007
     366:	7680                	.2byte	0x7680
     368:	0005                	c.nop	1
     36a:	0180                	addi	s0,sp,192
     36c:	0760                	addi	s0,sp,908
     36e:	059c                	addi	a5,sp,704
     370:	8000                	.2byte	0x8000
     372:	05b2                	slli	a1,a1,0xc
     374:	8000                	.2byte	0x8000
     376:	8112                	mv	sp,tp
     378:	940d                	srai	s0,s0,0x23
     37a:	0801                	addi	a6,a6,0
     37c:	1aff                	.2byte	0x1aff
     37e:	2438                	.2byte	0x2438
     380:	0c81                	addi	s9,s9,0
     382:	0194                	addi	a3,sp,192
     384:	ff08                	.2byte	0xff08
     386:	211a                	.2byte	0x211a
     388:	079f 05b2 8000      	.byte	0x9f, 0x07, 0xb2, 0x05, 0x00, 0x80
     38e:	05ba                	slli	a1,a1,0xe
     390:	8000                	.2byte	0x8000
     392:	6101a313          	slti	t1,gp,1552
     396:	01940d23          	sb	s9,26(s0) # ffffe01a <_ram_end+0x7ffee01a>
     39a:	ff08                	.2byte	0xff08
     39c:	381a                	.2byte	0x381a
     39e:	8c24                	.2byte	0x8c24
     3a0:	0800                	addi	s0,sp,16
     3a2:	1aff                	.2byte	0x1aff
     3a4:	9f21                	.2byte	0x9f21
     3a6:	0005ba07          	.4byte	0x5ba07
     3aa:	c080                	sw	s0,0(s1)
     3ac:	0005                	c.nop	1
     3ae:	0180                	addi	s0,sp,192
     3b0:	0061                	c.nop	24
     3b2:	00055407          	.4byte	0x55407
     3b6:	7080                	.2byte	0x7080
     3b8:	0005                	c.nop	1
     3ba:	0280                	addi	s0,sp,320
     3bc:	9f32                	add	t5,t5,a2
     3be:	00057007          	.4byte	0x57007
     3c2:	7680                	.2byte	0x7680
     3c4:	0005                	c.nop	1
     3c6:	0280                	addi	s0,sp,320
     3c8:	9c079f33          	.4byte	0x9c079f33
     3cc:	0005                	c.nop	1
     3ce:	ba80                	.2byte	0xba80
     3d0:	0005                	c.nop	1
     3d2:	0280                	addi	s0,sp,320
     3d4:	9f32                	add	t5,t5,a2
     3d6:	0005ba07          	.4byte	0x5ba07
     3da:	c080                	sw	s0,0(s1)
     3dc:	0005                	c.nop	1
     3de:	0280                	addi	s0,sp,320
     3e0:	07009f33          	.4byte	0x7009f33
     3e4:	05c2                	slli	a1,a1,0x10
     3e6:	8000                	.2byte	0x8000
     3e8:	05dc                	addi	a5,sp,708
     3ea:	8000                	.2byte	0x8000
     3ec:	5201                	li	tp,-32
     3ee:	0005f007          	.4byte	0x5f007
     3f2:	f280                	.2byte	0xf280
     3f4:	0005                	c.nop	1
     3f6:	0180                	addi	s0,sp,192
     3f8:	0052                	c.slli	zero,0x14
     3fa:	0005c207          	.4byte	0x5c207
     3fe:	dc80                	sw	s0,56(s1)
     400:	0005                	c.nop	1
     402:	0180                	addi	s0,sp,192
     404:	0759                	addi	a4,a4,22
     406:	05f0                	addi	a2,sp,716
     408:	8000                	.2byte	0x8000
     40a:	05f2                	slli	a1,a1,0x1c
     40c:	8000                	.2byte	0x8000
     40e:	5901                	li	s2,-32
     410:	0700                	addi	s0,sp,896
     412:	05c2                	slli	a1,a1,0x10
     414:	8000                	.2byte	0x8000
     416:	05dc                	addi	a5,sp,708
     418:	8000                	.2byte	0x8000
     41a:	6201                	.2byte	0x6201
     41c:	0005f007          	.4byte	0x5f007
     420:	f280                	.2byte	0xf280
     422:	0005                	c.nop	1
     424:	0180                	addi	s0,sp,192
     426:	0062                	c.slli	zero,0x18
     428:	0005c207          	.4byte	0x5c207
     42c:	db80                	sw	s0,48(a5)
     42e:	0005                	c.nop	1
     430:	0180                	addi	s0,sp,192
     432:	075e                	slli	a4,a4,0x17
     434:	800005db          	.4byte	0x800005db
     438:	05dc                	addi	a5,sp,708
     43a:	8000                	.2byte	0x8000
     43c:	a304                	.2byte	0xa304
     43e:	5e01                	li	t3,-32
     440:	079f 05f0 8000      	.byte	0x9f, 0x07, 0xf0, 0x05, 0x00, 0x80
     446:	05f2                	slli	a1,a1,0x1c
     448:	8000                	.2byte	0x8000
     44a:	5e01                	li	t3,-32
     44c:	0700                	addi	s0,sp,896
     44e:	05c2                	slli	a1,a1,0x10
     450:	8000                	.2byte	0x8000
     452:	800005db          	.4byte	0x800005db
     456:	5d01                	li	s10,-32
     458:	0005db07          	.4byte	0x5db07
     45c:	dc80                	sw	s0,56(s1)
     45e:	0005                	c.nop	1
     460:	0480                	addi	s0,sp,576
     462:	9f5d01a3          	sb	s5,-1565(s10)
     466:	0005f007          	.4byte	0x5f007
     46a:	f280                	.2byte	0xf280
     46c:	0005                	c.nop	1
     46e:	0180                	addi	s0,sp,192
     470:	005d                	c.nop	23
     472:	0005c207          	.4byte	0x5c207
     476:	db80                	sw	s0,48(a5)
     478:	0005                	c.nop	1
     47a:	0180                	addi	s0,sp,192
     47c:	075c                	addi	a5,sp,900
     47e:	800005db          	.4byte	0x800005db
     482:	05dc                	addi	a5,sp,708
     484:	8000                	.2byte	0x8000
     486:	a304                	.2byte	0xa304
     488:	5c01                	li	s8,-32
     48a:	079f 05f0 8000      	.byte	0x9f, 0x07, 0xf0, 0x05, 0x00, 0x80
     490:	05f2                	slli	a1,a1,0x1c
     492:	8000                	.2byte	0x8000
     494:	5c01                	li	s8,-32
     496:	0700                	addi	s0,sp,896
     498:	05c2                	slli	a1,a1,0x10
     49a:	8000                	.2byte	0x8000
     49c:	800005db          	.4byte	0x800005db
     4a0:	5b01                	li	s6,-32
     4a2:	0005db07          	.4byte	0x5db07
     4a6:	dc80                	sw	s0,56(s1)
     4a8:	0005                	c.nop	1
     4aa:	0480                	addi	s0,sp,576
     4ac:	9f5b01a3          	sb	s5,-1565(s6)
     4b0:	0005f007          	.4byte	0x5f007
     4b4:	f280                	.2byte	0xf280
     4b6:	0005                	c.nop	1
     4b8:	0180                	addi	s0,sp,192
     4ba:	c207005b          	.4byte	0xc207005b
     4be:	0005                	c.nop	1
     4c0:	db80                	sw	s0,48(a5)
     4c2:	0005                	c.nop	1
     4c4:	0180                	addi	s0,sp,192
     4c6:	075a                	slli	a4,a4,0x16
     4c8:	800005db          	.4byte	0x800005db
     4cc:	05dc                	addi	a5,sp,708
     4ce:	8000                	.2byte	0x8000
     4d0:	a304                	.2byte	0xa304
     4d2:	5a01                	li	s4,-32
     4d4:	079f 05f0 8000      	.byte	0x9f, 0x07, 0xf0, 0x05, 0x00, 0x80
     4da:	05f2                	slli	a1,a1,0x1c
     4dc:	8000                	.2byte	0x8000
     4de:	5a01                	li	s4,-32
     4e0:	0700                	addi	s0,sp,896
     4e2:	05c2                	slli	a1,a1,0x10
     4e4:	8000                	.2byte	0x8000
     4e6:	05dc                	addi	a5,sp,708
     4e8:	8000                	.2byte	0x8000
     4ea:	3102                	.2byte	0x3102
     4ec:	079f 05f0 8000      	.byte	0x9f, 0x07, 0xf0, 0x05, 0x00, 0x80
     4f2:	05f2                	slli	a1,a1,0x1c
     4f4:	8000                	.2byte	0x8000
     4f6:	3102                	.2byte	0x3102
     4f8:	009f ca07 0005      	.byte	0x9f, 0x00, 0x07, 0xca, 0x05, 0x00
     4fe:	d480                	sw	s0,40(s1)
     500:	0005                	c.nop	1
     502:	0280                	addi	s0,sp,320
     504:	9f30                	.2byte	0x9f30
     506:	0700                	addi	s0,sp,896
     508:	05ca                	slli	a1,a1,0x12
     50a:	8000                	.2byte	0x8000
     50c:	05d4                	addi	a3,sp,708
     50e:	8000                	.2byte	0x8000
     510:	3102                	.2byte	0x3102
     512:	009f fe07 0004      	.byte	0x9f, 0x00, 0x07, 0xfe, 0x04, 0x00
     518:	1980                	addi	s0,sp,240
     51a:	0005                	c.nop	1
     51c:	0180                	addi	s0,sp,192
     51e:	075a                	slli	a4,a4,0x16
     520:	0519                	addi	a0,a0,6 # 19006 <_available_heap+0xbe9e>
     522:	8000                	.2byte	0x8000
     524:	051a                	slli	a0,a0,0x6
     526:	8000                	.2byte	0x8000
     528:	a304                	.2byte	0xa304
     52a:	5a01                	li	s4,-32
     52c:	079f 051a 8000      	.byte	0x9f, 0x07, 0x1a, 0x05, 0x00, 0x80
     532:	051c                	addi	a5,sp,640
     534:	8000                	.2byte	0x8000
     536:	5a01                	li	s4,-32
     538:	00051c07          	.4byte	0x51c07
     53c:	1e80                	addi	s0,sp,880
     53e:	0005                	c.nop	1
     540:	0480                	addi	s0,sp,576
     542:	9f5a01a3          	sb	s5,-1565(s4)
     546:	0700                	addi	s0,sp,896
     548:	04fe                	slli	s1,s1,0x1f
     54a:	8000                	.2byte	0x8000
     54c:	0519                	addi	a0,a0,6
     54e:	8000                	.2byte	0x8000
     550:	5b01                	li	s6,-32
     552:	00051907          	.4byte	0x51907
     556:	1a80                	addi	s0,sp,368
     558:	0005                	c.nop	1
     55a:	0480                	addi	s0,sp,576
     55c:	9f5b01a3          	sb	s5,-1565(s6)
     560:	00051a07          	.4byte	0x51a07
     564:	1e80                	addi	s0,sp,880
     566:	0005                	c.nop	1
     568:	0180                	addi	s0,sp,192
     56a:	fe07005b          	.4byte	0xfe07005b
     56e:	0004                	.2byte	0x4
     570:	1980                	addi	s0,sp,240
     572:	0005                	c.nop	1
     574:	0180                	addi	s0,sp,192
     576:	075c                	addi	a5,sp,900
     578:	0519                	addi	a0,a0,6
     57a:	8000                	.2byte	0x8000
     57c:	051a                	slli	a0,a0,0x6
     57e:	8000                	.2byte	0x8000
     580:	a304                	.2byte	0xa304
     582:	5c01                	li	s8,-32
     584:	079f 051a 8000      	.byte	0x9f, 0x07, 0x1a, 0x05, 0x00, 0x80
     58a:	051e                	slli	a0,a0,0x7
     58c:	8000                	.2byte	0x8000
     58e:	5c01                	li	s8,-32
     590:	0700                	addi	s0,sp,896
     592:	04fe                	slli	s1,s1,0x1f
     594:	8000                	.2byte	0x8000
     596:	0519                	addi	a0,a0,6
     598:	8000                	.2byte	0x8000
     59a:	5d01                	li	s10,-32
     59c:	00051907          	.4byte	0x51907
     5a0:	1a80                	addi	s0,sp,368
     5a2:	0005                	c.nop	1
     5a4:	0480                	addi	s0,sp,576
     5a6:	9f5d01a3          	sb	s5,-1565(s10)
     5aa:	00051a07          	.4byte	0x51a07
     5ae:	1e80                	addi	s0,sp,880
     5b0:	0005                	c.nop	1
     5b2:	0180                	addi	s0,sp,192
     5b4:	005d                	c.nop	23
     5b6:	0004fe07          	.4byte	0x4fe07
     5ba:	1980                	addi	s0,sp,240
     5bc:	0005                	c.nop	1
     5be:	0180                	addi	s0,sp,192
     5c0:	075e                	slli	a4,a4,0x17
     5c2:	0519                	addi	a0,a0,6
     5c4:	8000                	.2byte	0x8000
     5c6:	051a                	slli	a0,a0,0x6
     5c8:	8000                	.2byte	0x8000
     5ca:	a304                	.2byte	0xa304
     5cc:	5e01                	li	t3,-32
     5ce:	079f 051a 8000      	.byte	0x9f, 0x07, 0x1a, 0x05, 0x00, 0x80
     5d4:	051e                	slli	a0,a0,0x7
     5d6:	8000                	.2byte	0x8000
     5d8:	5e01                	li	t3,-32
     5da:	0700                	addi	s0,sp,896
     5dc:	04fe                	slli	s1,s1,0x1f
     5de:	8000                	.2byte	0x8000
     5e0:	0519                	addi	a0,a0,6
     5e2:	8000                	.2byte	0x8000
     5e4:	5f01                	li	t5,-32
     5e6:	00051907          	.4byte	0x51907
     5ea:	1a80                	addi	s0,sp,368
     5ec:	0005                	c.nop	1
     5ee:	0480                	addi	s0,sp,576
     5f0:	9f5f01a3          	sb	s5,-1565(t5) # 1a9e3 <_available_heap+0xd87b>
     5f4:	00051a07          	.4byte	0x51a07
     5f8:	1e80                	addi	s0,sp,880
     5fa:	0005                	c.nop	1
     5fc:	0180                	addi	s0,sp,192
     5fe:	005f fe07 0004      	.byte	0x5f, 0x00, 0x07, 0xfe, 0x04, 0x00
     604:	1980                	addi	s0,sp,240
     606:	0005                	c.nop	1
     608:	0180                	addi	s0,sp,192
     60a:	0760                	addi	s0,sp,908
     60c:	0519                	addi	a0,a0,6
     60e:	8000                	.2byte	0x8000
     610:	051a                	slli	a0,a0,0x6
     612:	8000                	.2byte	0x8000
     614:	a304                	.2byte	0xa304
     616:	6001                	.2byte	0x6001
     618:	079f 051a 8000      	.byte	0x9f, 0x07, 0x1a, 0x05, 0x00, 0x80
     61e:	051e                	slli	a0,a0,0x7
     620:	8000                	.2byte	0x8000
     622:	6001                	.2byte	0x6001
     624:	0700                	addi	s0,sp,896
     626:	04fe                	slli	s1,s1,0x1f
     628:	8000                	.2byte	0x8000
     62a:	0519                	addi	a0,a0,6
     62c:	8000                	.2byte	0x8000
     62e:	6101                	addi	sp,sp,0
     630:	00051907          	.4byte	0x51907
     634:	1a80                	addi	s0,sp,368
     636:	0005                	c.nop	1
     638:	0480                	addi	s0,sp,576
     63a:	9f6101a3          	sb	s6,-1565(sp)
     63e:	00051a07          	.4byte	0x51a07
     642:	1e80                	addi	s0,sp,880
     644:	0005                	c.nop	1
     646:	0180                	addi	s0,sp,192
     648:	0061                	c.nop	24
     64a:	0004fe07          	.4byte	0x4fe07
     64e:	1980                	addi	s0,sp,240
     650:	0005                	c.nop	1
     652:	0180                	addi	s0,sp,192
     654:	0761                	addi	a4,a4,24
     656:	0519                	addi	a0,a0,6
     658:	8000                	.2byte	0x8000
     65a:	051a                	slli	a0,a0,0x6
     65c:	8000                	.2byte	0x8000
     65e:	a304                	.2byte	0xa304
     660:	6101                	addi	sp,sp,0
     662:	009f fe07 0004      	.byte	0x9f, 0x00, 0x07, 0xfe, 0x04, 0x00
     668:	1980                	addi	s0,sp,240
     66a:	0005                	c.nop	1
     66c:	0180                	addi	s0,sp,192
     66e:	0760                	addi	s0,sp,908
     670:	0519                	addi	a0,a0,6
     672:	8000                	.2byte	0x8000
     674:	051a                	slli	a0,a0,0x6
     676:	8000                	.2byte	0x8000
     678:	a304                	.2byte	0xa304
     67a:	6001                	.2byte	0x6001
     67c:	009f fe07 0004      	.byte	0x9f, 0x00, 0x07, 0xfe, 0x04, 0x00
     682:	1980                	addi	s0,sp,240
     684:	0005                	c.nop	1
     686:	0180                	addi	s0,sp,192
     688:	075f 0519 8000      	.byte	0x5f, 0x07, 0x19, 0x05, 0x00, 0x80
     68e:	051a                	slli	a0,a0,0x6
     690:	8000                	.2byte	0x8000
     692:	a304                	.2byte	0xa304
     694:	5f01                	li	t5,-32
     696:	009f fe07 0004      	.byte	0x9f, 0x00, 0x07, 0xfe, 0x04, 0x00
     69c:	1980                	addi	s0,sp,240
     69e:	0005                	c.nop	1
     6a0:	0180                	addi	s0,sp,192
     6a2:	075e                	slli	a4,a4,0x17
     6a4:	0519                	addi	a0,a0,6
     6a6:	8000                	.2byte	0x8000
     6a8:	051a                	slli	a0,a0,0x6
     6aa:	8000                	.2byte	0x8000
     6ac:	a304                	.2byte	0xa304
     6ae:	5e01                	li	t3,-32
     6b0:	009f fe07 0004      	.byte	0x9f, 0x00, 0x07, 0xfe, 0x04, 0x00
     6b6:	1980                	addi	s0,sp,240
     6b8:	0005                	c.nop	1
     6ba:	0180                	addi	s0,sp,192
     6bc:	075d                	addi	a4,a4,23
     6be:	0519                	addi	a0,a0,6
     6c0:	8000                	.2byte	0x8000
     6c2:	051a                	slli	a0,a0,0x6
     6c4:	8000                	.2byte	0x8000
     6c6:	a304                	.2byte	0xa304
     6c8:	5d01                	li	s10,-32
     6ca:	009f fe07 0004      	.byte	0x9f, 0x00, 0x07, 0xfe, 0x04, 0x00
     6d0:	1980                	addi	s0,sp,240
     6d2:	0005                	c.nop	1
     6d4:	0180                	addi	s0,sp,192
     6d6:	075c                	addi	a5,sp,900
     6d8:	0519                	addi	a0,a0,6
     6da:	8000                	.2byte	0x8000
     6dc:	051a                	slli	a0,a0,0x6
     6de:	8000                	.2byte	0x8000
     6e0:	a304                	.2byte	0xa304
     6e2:	5c01                	li	s8,-32
     6e4:	009f fe07 0004      	.byte	0x9f, 0x00, 0x07, 0xfe, 0x04, 0x00
     6ea:	1980                	addi	s0,sp,240
     6ec:	0005                	c.nop	1
     6ee:	0180                	addi	s0,sp,192
     6f0:	0519075b          	.4byte	0x519075b
     6f4:	8000                	.2byte	0x8000
     6f6:	051a                	slli	a0,a0,0x6
     6f8:	8000                	.2byte	0x8000
     6fa:	a304                	.2byte	0xa304
     6fc:	5b01                	li	s6,-32
     6fe:	009f fe07 0004      	.byte	0x9f, 0x00, 0x07, 0xfe, 0x04, 0x00
     704:	1980                	addi	s0,sp,240
     706:	0005                	c.nop	1
     708:	0180                	addi	s0,sp,192
     70a:	075a                	slli	a4,a4,0x16
     70c:	0519                	addi	a0,a0,6
     70e:	8000                	.2byte	0x8000
     710:	051a                	slli	a0,a0,0x6
     712:	8000                	.2byte	0x8000
     714:	a304                	.2byte	0xa304
     716:	5a01                	li	s4,-32
     718:	009f fe07 0004      	.byte	0x9f, 0x00, 0x07, 0xfe, 0x04, 0x00
     71e:	1a80                	addi	s0,sp,368
     720:	0005                	c.nop	1
     722:	0280                	addi	s0,sp,320
     724:	9f30                	.2byte	0x9f30
     726:	0700                	addi	s0,sp,896
     728:	0506                	slli	a0,a0,0x1
     72a:	8000                	.2byte	0x8000
     72c:	0518                	addi	a4,sp,640
     72e:	8000                	.2byte	0x8000
     730:	3002                	.2byte	0x3002
     732:	009f ee07 0004      	.byte	0x9f, 0x00, 0x07, 0xee, 0x04, 0x00
     738:	fc80                	.2byte	0xfc80
     73a:	0004                	.2byte	0x4
     73c:	0180                	addi	s0,sp,192
     73e:	075a                	slli	a4,a4,0x16
     740:	04fc                	addi	a5,sp,588
     742:	8000                	.2byte	0x8000
     744:	04fd                	addi	s1,s1,31
     746:	8000                	.2byte	0x8000
     748:	5b01                	li	s6,-32
     74a:	0004fd07          	.4byte	0x4fd07
     74e:	fe80                	.2byte	0xfe80
     750:	0004                	.2byte	0x4
     752:	0480                	addi	s0,sp,576
     754:	9f5a01a3          	sb	s5,-1565(s4)
     758:	0700                	addi	s0,sp,896
     75a:	04ee                	slli	s1,s1,0x1b
     75c:	8000                	.2byte	0x8000
     75e:	04fa                	slli	s1,s1,0x1e
     760:	8000                	.2byte	0x8000
     762:	5b01                	li	s6,-32
     764:	0004fa07          	.4byte	0x4fa07
     768:	fd80                	.2byte	0xfd80
     76a:	0004                	.2byte	0x4
     76c:	0180                	addi	s0,sp,192
     76e:	075c                	addi	a5,sp,900
     770:	04fd                	addi	s1,s1,31
     772:	8000                	.2byte	0x8000
     774:	04fe                	slli	s1,s1,0x1f
     776:	8000                	.2byte	0x8000
     778:	a304                	.2byte	0xa304
     77a:	5b01                	li	s6,-32
     77c:	009f ee07 0004      	.byte	0x9f, 0x00, 0x07, 0xee, 0x04, 0x00
     782:	f880                	.2byte	0xf880
     784:	0004                	.2byte	0x4
     786:	0180                	addi	s0,sp,192
     788:	075c                	addi	a5,sp,900
     78a:	04f8                	addi	a4,sp,588
     78c:	8000                	.2byte	0x8000
     78e:	04fd                	addi	s1,s1,31
     790:	8000                	.2byte	0x8000
     792:	5d01                	li	s10,-32
     794:	0004fd07          	.4byte	0x4fd07
     798:	fe80                	.2byte	0xfe80
     79a:	0004                	.2byte	0x4
     79c:	0480                	addi	s0,sp,576
     79e:	9f5c01a3          	sb	s5,-1565(s8)
     7a2:	0700                	addi	s0,sp,896
     7a4:	04ee                	slli	s1,s1,0x1b
     7a6:	8000                	.2byte	0x8000
     7a8:	04f6                	slli	s1,s1,0x1d
     7aa:	8000                	.2byte	0x8000
     7ac:	5d01                	li	s10,-32
     7ae:	0004f607          	.4byte	0x4f607
     7b2:	fd80                	.2byte	0xfd80
     7b4:	0004                	.2byte	0x4
     7b6:	0180                	addi	s0,sp,192
     7b8:	075e                	slli	a4,a4,0x17
     7ba:	04fd                	addi	s1,s1,31
     7bc:	8000                	.2byte	0x8000
     7be:	04fe                	slli	s1,s1,0x1f
     7c0:	8000                	.2byte	0x8000
     7c2:	a304                	.2byte	0xa304
     7c4:	5d01                	li	s10,-32
     7c6:	009f ee07 0004      	.byte	0x9f, 0x00, 0x07, 0xee, 0x04, 0x00
     7cc:	f480                	.2byte	0xf480
     7ce:	0004                	.2byte	0x4
     7d0:	0180                	addi	s0,sp,192
     7d2:	075e                	slli	a4,a4,0x17
     7d4:	04f4                	addi	a3,sp,588
     7d6:	8000                	.2byte	0x8000
     7d8:	04fd                	addi	s1,s1,31
     7da:	8000                	.2byte	0x8000
     7dc:	5f01                	li	t5,-32
     7de:	0004fd07          	.4byte	0x4fd07
     7e2:	fe80                	.2byte	0xfe80
     7e4:	0004                	.2byte	0x4
     7e6:	0480                	addi	s0,sp,576
     7e8:	9f5e01a3          	sb	s5,-1565(t3)
     7ec:	0700                	addi	s0,sp,896
     7ee:	04ee                	slli	s1,s1,0x1b
     7f0:	8000                	.2byte	0x8000
     7f2:	04f2                	slli	s1,s1,0x1c
     7f4:	8000                	.2byte	0x8000
     7f6:	5f01                	li	t5,-32
     7f8:	0004f207          	.4byte	0x4f207
     7fc:	fd80                	.2byte	0xfd80
     7fe:	0004                	.2byte	0x4
     800:	0180                	addi	s0,sp,192
     802:	0760                	addi	s0,sp,908
     804:	04fd                	addi	s1,s1,31
     806:	8000                	.2byte	0x8000
     808:	04fe                	slli	s1,s1,0x1f
     80a:	8000                	.2byte	0x8000
     80c:	a304                	.2byte	0xa304
     80e:	5f01                	li	t5,-32
     810:	009f de07 0004      	.byte	0x9f, 0x00, 0x07, 0xde, 0x04, 0x00
     816:	ec80                	.2byte	0xec80
     818:	0004                	.2byte	0x4
     81a:	0180                	addi	s0,sp,192
     81c:	075a                	slli	a4,a4,0x16
     81e:	04ec                	addi	a1,sp,588
     820:	8000                	.2byte	0x8000
     822:	04ed                	addi	s1,s1,27
     824:	8000                	.2byte	0x8000
     826:	5d01                	li	s10,-32
     828:	0004ed07          	.4byte	0x4ed07
     82c:	ee80                	.2byte	0xee80
     82e:	0004                	.2byte	0x4
     830:	0480                	addi	s0,sp,576
     832:	9f5a01a3          	sb	s5,-1565(s4)
     836:	0700                	addi	s0,sp,896
     838:	04de                	slli	s1,s1,0x17
     83a:	8000                	.2byte	0x8000
     83c:	04ea                	slli	s1,s1,0x1a
     83e:	8000                	.2byte	0x8000
     840:	5b01                	li	s6,-32
     842:	0004ea07          	.4byte	0x4ea07
     846:	ed80                	.2byte	0xed80
     848:	0004                	.2byte	0x4
     84a:	0180                	addi	s0,sp,192
     84c:	075e                	slli	a4,a4,0x17
     84e:	04ed                	addi	s1,s1,27
     850:	8000                	.2byte	0x8000
     852:	04ee                	slli	s1,s1,0x1b
     854:	8000                	.2byte	0x8000
     856:	a304                	.2byte	0xa304
     858:	5b01                	li	s6,-32
     85a:	009f de07 0004      	.byte	0x9f, 0x00, 0x07, 0xde, 0x04, 0x00
     860:	e680                	.2byte	0xe680
     862:	0004                	.2byte	0x4
     864:	0180                	addi	s0,sp,192
     866:	075c                	addi	a5,sp,900
     868:	04e6                	slli	s1,s1,0x19
     86a:	8000                	.2byte	0x8000
     86c:	04ed                	addi	s1,s1,27
     86e:	8000                	.2byte	0x8000
     870:	5f01                	li	t5,-32
     872:	0004ed07          	.4byte	0x4ed07
     876:	ee80                	.2byte	0xee80
     878:	0004                	.2byte	0x4
     87a:	0480                	addi	s0,sp,576
     87c:	9f5c01a3          	sb	s5,-1565(s8)
     880:	0700                	addi	s0,sp,896
     882:	04de                	slli	s1,s1,0x17
     884:	8000                	.2byte	0x8000
     886:	04e8                	addi	a0,sp,588
     888:	8000                	.2byte	0x8000
     88a:	5d01                	li	s10,-32
     88c:	0004e807          	.4byte	0x4e807
     890:	ed80                	.2byte	0xed80
     892:	0004                	.2byte	0x4
     894:	0180                	addi	s0,sp,192
     896:	0760                	addi	s0,sp,908
     898:	04ed                	addi	s1,s1,27
     89a:	8000                	.2byte	0x8000
     89c:	04ee                	slli	s1,s1,0x1b
     89e:	8000                	.2byte	0x8000
     8a0:	a304                	.2byte	0xa304
     8a2:	5d01                	li	s10,-32
     8a4:	009f 2407 0002      	.byte	0x9f, 0x00, 0x07, 0x24, 0x02, 0x00
     8aa:	9080                	.2byte	0x9080
     8ac:	0002                	c.slli64	zero
     8ae:	0180                	addi	s0,sp,192
     8b0:	075a                	slli	a4,a4,0x16
     8b2:	0290                	addi	a2,sp,320
     8b4:	8000                	.2byte	0x8000
     8b6:	034a                	slli	t1,t1,0x12
     8b8:	8000                	.2byte	0x8000
     8ba:	a304                	.2byte	0xa304
     8bc:	5a01                	li	s4,-32
     8be:	009f 2407 0002      	.byte	0x9f, 0x00, 0x07, 0x24, 0x02, 0x00
     8c4:	9680                	.2byte	0x9680
     8c6:	0002                	c.slli64	zero
     8c8:	0180                	addi	s0,sp,192
     8ca:	0296075b          	.4byte	0x296075b
     8ce:	8000                	.2byte	0x8000
     8d0:	032c                	addi	a1,sp,392
     8d2:	8000                	.2byte	0x8000
     8d4:	6601                	.2byte	0x6601
     8d6:	00032c07          	.4byte	0x32c07
     8da:	4280                	lw	s0,0(a3)
     8dc:	04800003          	lb	zero,72(zero) # 48 <_program_size-0xe50>
     8e0:	9f5b01a3          	sb	s5,-1565(s6)
     8e4:	00034207          	.4byte	0x34207
     8e8:	4680                	lw	s0,8(a3)
     8ea:	01800003          	lb	zero,24(zero) # 18 <_program_size-0xe80>
     8ee:	0766                	slli	a4,a4,0x19
     8f0:	0346                	slli	t1,t1,0x11
     8f2:	8000                	.2byte	0x8000
     8f4:	034a                	slli	t1,t1,0x12
     8f6:	8000                	.2byte	0x8000
     8f8:	a304                	.2byte	0xa304
     8fa:	5b01                	li	s6,-32
     8fc:	009f 2407 0002      	.byte	0x9f, 0x00, 0x07, 0x24, 0x02, 0x00
     902:	9880                	.2byte	0x9880
     904:	0002                	c.slli64	zero
     906:	0180                	addi	s0,sp,192
     908:	075c                	addi	a5,sp,900
     90a:	0298                	addi	a4,sp,320
     90c:	8000                	.2byte	0x8000
     90e:	032c                	addi	a1,sp,392
     910:	8000                	.2byte	0x8000
     912:	6501                	.2byte	0x6501
     914:	00032c07          	.4byte	0x32c07
     918:	4280                	lw	s0,0(a3)
     91a:	04800003          	lb	zero,72(zero) # 48 <_program_size-0xe50>
     91e:	9f5c01a3          	sb	s5,-1565(s8)
     922:	00034207          	.4byte	0x34207
     926:	4680                	lw	s0,8(a3)
     928:	01800003          	lb	zero,24(zero) # 18 <_program_size-0xe80>
     92c:	0765                	addi	a4,a4,25
     92e:	0346                	slli	t1,t1,0x11
     930:	8000                	.2byte	0x8000
     932:	034a                	slli	t1,t1,0x12
     934:	8000                	.2byte	0x8000
     936:	a304                	.2byte	0xa304
     938:	5c01                	li	s8,-32
     93a:	009f 2407 0002      	.byte	0x9f, 0x00, 0x07, 0x24, 0x02, 0x00
     940:	9c80                	.2byte	0x9c80
     942:	0002                	c.slli64	zero
     944:	0180                	addi	s0,sp,192
     946:	075d                	addi	a4,a4,23
     948:	029c                	addi	a5,sp,320
     94a:	8000                	.2byte	0x8000
     94c:	032c                	addi	a1,sp,392
     94e:	8000                	.2byte	0x8000
     950:	5901                	li	s2,-32
     952:	00032c07          	.4byte	0x32c07
     956:	4280                	lw	s0,0(a3)
     958:	04800003          	lb	zero,72(zero) # 48 <_program_size-0xe50>
     95c:	9f5d01a3          	sb	s5,-1565(s10)
     960:	00034207          	.4byte	0x34207
     964:	4680                	lw	s0,8(a3)
     966:	01800003          	lb	zero,24(zero) # 18 <_program_size-0xe80>
     96a:	0759                	addi	a4,a4,22
     96c:	0346                	slli	t1,t1,0x11
     96e:	8000                	.2byte	0x8000
     970:	034a                	slli	t1,t1,0x12
     972:	8000                	.2byte	0x8000
     974:	a304                	.2byte	0xa304
     976:	5d01                	li	s10,-32
     978:	009f 2407 0002      	.byte	0x9f, 0x00, 0x07, 0x24, 0x02, 0x00
     97e:	5a80                	lw	s0,48(a3)
     980:	0002                	c.slli64	zero
     982:	0180                	addi	s0,sp,192
     984:	075e                	slli	a4,a4,0x17
     986:	025a                	slli	tp,tp,0x16
     988:	8000                	.2byte	0x8000
     98a:	032c                	addi	a1,sp,392
     98c:	8000                	.2byte	0x8000
     98e:	6201                	.2byte	0x6201
     990:	00032c07          	.4byte	0x32c07
     994:	4280                	lw	s0,0(a3)
     996:	04800003          	lb	zero,72(zero) # 48 <_program_size-0xe50>
     99a:	9f5e01a3          	sb	s5,-1565(t3)
     99e:	00034207          	.4byte	0x34207
     9a2:	4680                	lw	s0,8(a3)
     9a4:	01800003          	lb	zero,24(zero) # 18 <_program_size-0xe80>
     9a8:	0762                	slli	a4,a4,0x18
     9aa:	0346                	slli	t1,t1,0x11
     9ac:	8000                	.2byte	0x8000
     9ae:	034a                	slli	t1,t1,0x12
     9b0:	8000                	.2byte	0x8000
     9b2:	a304                	.2byte	0xa304
     9b4:	5e01                	li	t3,-32
     9b6:	009f 2407 0002      	.byte	0x9f, 0x00, 0x07, 0x24, 0x02, 0x00
     9bc:	4a80                	lw	s0,16(a3)
     9be:	0002                	c.slli64	zero
     9c0:	0180                	addi	s0,sp,192
     9c2:	075f 024a 8000      	.byte	0x5f, 0x07, 0x4a, 0x02, 0x00, 0x80
     9c8:	032c                	addi	a1,sp,392
     9ca:	8000                	.2byte	0x8000
     9cc:	5801                	li	a6,-32
     9ce:	00032c07          	.4byte	0x32c07
     9d2:	4280                	lw	s0,0(a3)
     9d4:	04800003          	lb	zero,72(zero) # 48 <_program_size-0xe50>
     9d8:	9f5f01a3          	sb	s5,-1565(t5)
     9dc:	00034207          	.4byte	0x34207
     9e0:	4680                	lw	s0,8(a3)
     9e2:	01800003          	lb	zero,24(zero) # 18 <_program_size-0xe80>
     9e6:	0758                	addi	a4,sp,900
     9e8:	0346                	slli	t1,t1,0x11
     9ea:	8000                	.2byte	0x8000
     9ec:	034a                	slli	t1,t1,0x12
     9ee:	8000                	.2byte	0x8000
     9f0:	a304                	.2byte	0xa304
     9f2:	5f01                	li	t5,-32
     9f4:	009f 2407 0002      	.byte	0x9f, 0x00, 0x07, 0x24, 0x02, 0x00
     9fa:	4080                	lw	s0,0(s1)
     9fc:	0002                	c.slli64	zero
     9fe:	0180                	addi	s0,sp,192
     a00:	0760                	addi	s0,sp,908
     a02:	0240                	addi	s0,sp,260
     a04:	8000                	.2byte	0x8000
     a06:	0336                	slli	t1,t1,0xd
     a08:	8000                	.2byte	0x8000
     a0a:	6301                	.2byte	0x6301
     a0c:	00033607          	.4byte	0x33607
     a10:	4280                	lw	s0,0(a3)
     a12:	04800003          	lb	zero,72(zero) # 48 <_program_size-0xe50>
     a16:	9f6001a3          	sb	s6,-1565(zero) # fffff9e3 <_ram_end+0x7ffef9e3>
     a1a:	00034207          	.4byte	0x34207
     a1e:	4a80                	lw	s0,16(a3)
     a20:	01800003          	lb	zero,24(zero) # 18 <_program_size-0xe80>
     a24:	82070063          	beqz	a4,fffffa44 <_ram_end+0x7ffefa44>
     a28:	0002                	c.slli64	zero
     a2a:	d480                	sw	s0,40(s1)
     a2c:	0002                	c.slli64	zero
     a2e:	0280                	addi	s0,sp,320
     a30:	9f30                	.2byte	0x9f30
     a32:	0002d407          	.4byte	0x2d407
     a36:	dc80                	sw	s0,56(s1)
     a38:	0002                	c.slli64	zero
     a3a:	0180                	addi	s0,sp,192
     a3c:	075a                	slli	a4,a4,0x16
     a3e:	02dc                	addi	a5,sp,324
     a40:	8000                	.2byte	0x8000
     a42:	02e0                	addi	s0,sp,332
     a44:	8000                	.2byte	0x8000
     a46:	6401                	.2byte	0x6401
     a48:	0002e007          	.4byte	0x2e007
     a4c:	fa80                	.2byte	0xfa80
     a4e:	0002                	c.slli64	zero
     a50:	0180                	addi	s0,sp,192
     a52:	075a                	slli	a4,a4,0x16
     a54:	0304                	addi	s1,sp,384
     a56:	8000                	.2byte	0x8000
     a58:	031e                	slli	t1,t1,0x7
     a5a:	8000                	.2byte	0x8000
     a5c:	5a01                	li	s4,-32
     a5e:	00031e07          	.4byte	0x31e07
     a62:	2c80                	.2byte	0x2c80
     a64:	02800003          	lb	zero,40(zero) # 28 <_program_size-0xe70>
     a68:	9f30                	.2byte	0x9f30
     a6a:	0700                	addi	s0,sp,896
     a6c:	0290                	addi	a2,sp,320
     a6e:	8000                	.2byte	0x8000
     a70:	02d0                	addi	a2,sp,324
     a72:	8000                	.2byte	0x8000
     a74:	5a06                	lw	s4,96(sp)
     a76:	936c0493          	addi	s1,s8,-1738
     a7a:	0004                	.2byte	0x4
     a7c:	00029007          	.4byte	0x29007
     a80:	9c80                	.2byte	0x9c80
     a82:	0002                	c.slli64	zero
     a84:	0280                	addi	s0,sp,320
     a86:	9f30                	.2byte	0x9f30
     a88:	00029c07          	.4byte	0x29c07
     a8c:	bc80                	.2byte	0xbc80
     a8e:	0002                	c.slli64	zero
     a90:	0880                	addi	s0,sp,80
     a92:	007e                	c.slli	zero,0x1f
     a94:	0091                	addi	ra,ra,4
     a96:	231c                	.2byte	0x231c
     a98:	9f28                	.2byte	0x9f28
     a9a:	0002bc07          	.4byte	0x2bc07
     a9e:	c080                	sw	s0,0(s1)
     aa0:	0002                	c.slli64	zero
     aa2:	0880                	addi	s0,sp,80
     aa4:	007e                	c.slli	zero,0x1f
     aa6:	0091                	addi	ra,ra,4
     aa8:	231c                	.2byte	0x231c
     aaa:	9f29                	.2byte	0x9f29
     aac:	0002c007          	.4byte	0x2c007
     ab0:	c880                	sw	s0,16(s1)
     ab2:	0002                	c.slli64	zero
     ab4:	0880                	addi	s0,sp,80
     ab6:	007e                	c.slli	zero,0x1f
     ab8:	0091                	addi	ra,ra,4
     aba:	231c                	.2byte	0x231c
     abc:	9f28                	.2byte	0x9f28
     abe:	0700                	addi	s0,sp,896
     ac0:	025a                	slli	tp,tp,0x16
     ac2:	8000                	.2byte	0x8000
     ac4:	0262                	slli	tp,tp,0x18
     ac6:	8000                	.2byte	0x8000
     ac8:	5e01                	li	t3,-32
     aca:	00026207          	.4byte	0x26207
     ace:	6a80                	.2byte	0x6a80
     ad0:	0002                	c.slli64	zero
     ad2:	0280                	addi	s0,sp,320
     ad4:	087f                	.2byte	0x87f
     ad6:	00026a07          	.4byte	0x26a07
     ada:	8280                	.2byte	0x8280
     adc:	0002                	c.slli64	zero
     ade:	0580                	addi	s0,sp,704
     ae0:	25330083          	lb	ra,595(t1) # ffffa253 <_ram_end+0x7ffea253>
     ae4:	009f 5a07 0002      	.byte	0x9f, 0x00, 0x07, 0x5a, 0x02, 0x00
     aea:	8280                	.2byte	0x8280
     aec:	0002                	c.slli64	zero
     aee:	0180                	addi	s0,sp,192
     af0:	005a                	c.slli	zero,0x16
     af2:	00025a07          	.4byte	0x25a07
     af6:	6280                	.2byte	0x6280
     af8:	0002                	c.slli64	zero
     afa:	0180                	addi	s0,sp,192
     afc:	075e                	slli	a4,a4,0x17
     afe:	0262                	slli	tp,tp,0x18
     b00:	8000                	.2byte	0x8000
     b02:	026a                	slli	tp,tp,0x1a
     b04:	8000                	.2byte	0x8000
     b06:	7f02                	.2byte	0x7f02
     b08:	0708                	addi	a0,sp,896
     b0a:	026a                	slli	tp,tp,0x1a
     b0c:	8000                	.2byte	0x8000
     b0e:	0270                	addi	a2,sp,268
     b10:	8000                	.2byte	0x8000
     b12:	8305                	srli	a4,a4,0x1
     b14:	3300                	.2byte	0x3300
     b16:	9f25                	.2byte	0x9f25
     b18:	0700                	addi	s0,sp,896
     b1a:	025a                	slli	tp,tp,0x16
     b1c:	8000                	.2byte	0x8000
     b1e:	0270                	addi	a2,sp,268
     b20:	8000                	.2byte	0x8000
     b22:	5a01                	li	s4,-32
     b24:	0700                	addi	s0,sp,896
     b26:	0474                	addi	a3,sp,524
     b28:	8000                	.2byte	0x8000
     b2a:	04a9                	addi	s1,s1,10
     b2c:	8000                	.2byte	0x8000
     b2e:	5a01                	li	s4,-32
     b30:	0004a907          	.4byte	0x4a907
     b34:	de80                	sw	s0,56(a3)
     b36:	0004                	.2byte	0x4
     b38:	0480                	addi	s0,sp,576
     b3a:	9f5a01a3          	sb	s5,-1565(s4)
     b3e:	0700                	addi	s0,sp,896
     b40:	0474                	addi	a3,sp,524
     b42:	8000                	.2byte	0x8000
     b44:	04a9                	addi	s1,s1,10
     b46:	8000                	.2byte	0x8000
     b48:	5b01                	li	s6,-32
     b4a:	0004a907          	.4byte	0x4a907
     b4e:	de80                	sw	s0,56(a3)
     b50:	0004                	.2byte	0x4
     b52:	0480                	addi	s0,sp,576
     b54:	9f5b01a3          	sb	s5,-1565(s6)
     b58:	0700                	addi	s0,sp,896
     b5a:	0474                	addi	a3,sp,524
     b5c:	8000                	.2byte	0x8000
     b5e:	04a8                	addi	a0,sp,584
     b60:	8000                	.2byte	0x8000
     b62:	5c01                	li	s8,-32
     b64:	0004a807          	.4byte	0x4a807
     b68:	d680                	sw	s0,40(a3)
     b6a:	0004                	.2byte	0x4
     b6c:	0180                	addi	s0,sp,192
     b6e:	0759                	addi	a4,a4,22
     b70:	04d6                	slli	s1,s1,0x15
     b72:	8000                	.2byte	0x8000
     b74:	04da                	slli	s1,s1,0x16
     b76:	8000                	.2byte	0x8000
     b78:	a304                	.2byte	0xa304
     b7a:	5c01                	li	s8,-32
     b7c:	079f 04da 8000      	.byte	0x9f, 0x07, 0xda, 0x04, 0x00, 0x80
     b82:	04de                	slli	s1,s1,0x17
     b84:	8000                	.2byte	0x8000
     b86:	5901                	li	s2,-32
     b88:	0700                	addi	s0,sp,896
     b8a:	04a6                	slli	s1,s1,0x9
     b8c:	8000                	.2byte	0x8000
     b8e:	04ac                	addi	a1,sp,584
     b90:	8000                	.2byte	0x8000
     b92:	3002                	.2byte	0x3002
     b94:	079f 04ac 8000      	.byte	0x9f, 0x07, 0xac, 0x04, 0x00, 0x80
     b9a:	04c6                	slli	s1,s1,0x11
     b9c:	8000                	.2byte	0x8000
     b9e:	5801                	li	a6,-32
     ba0:	0004c607          	.4byte	0x4c607
     ba4:	ce80                	sw	s0,24(a3)
     ba6:	0004                	.2byte	0x4
     ba8:	0280                	addi	s0,sp,320
     baa:	9f30                	.2byte	0x9f30
     bac:	0700                	addi	s0,sp,896
     bae:	0474                	addi	a3,sp,524
     bb0:	8000                	.2byte	0x8000
     bb2:	04a6                	slli	s1,s1,0x9
     bb4:	8000                	.2byte	0x8000
     bb6:	3402                	.2byte	0x3402
     bb8:	009f 7407 0004      	.byte	0x9f, 0x00, 0x07, 0x74, 0x04, 0x00
     bbe:	a680                	.2byte	0xa680
     bc0:	0004                	.2byte	0x4
     bc2:	0280                	addi	s0,sp,320
     bc4:	9f32                	add	t5,t5,a2
     bc6:	0700                	addi	s0,sp,896
     bc8:	0474                	addi	a3,sp,524
     bca:	8000                	.2byte	0x8000
     bcc:	049c                	addi	a5,sp,576
     bce:	8000                	.2byte	0x8000
     bd0:	3402                	.2byte	0x3402
     bd2:	009f 7407 0004      	.byte	0x9f, 0x00, 0x07, 0x74, 0x04, 0x00
     bd8:	9c80                	.2byte	0x9c80
     bda:	0004                	.2byte	0x4
     bdc:	0280                	addi	s0,sp,320
     bde:	9f32                	add	t5,t5,a2
     be0:	0700                	addi	s0,sp,896
     be2:	0092                	slli	ra,ra,0x4
     be4:	8000                	.2byte	0x8000
     be6:	00a8                	addi	a0,sp,72
     be8:	8000                	.2byte	0x8000
     bea:	3002                	.2byte	0x3002
     bec:	009f b007 0000      	.byte	0x9f, 0x00, 0x07, 0xb0, 0x00, 0x00
     bf2:	cc80                	sw	s0,24(s1)
     bf4:	0000                	unimp
     bf6:	0180                	addi	s0,sp,192
     bf8:	0056                	c.slli	zero,0x15
     bfa:	0000b007          	.4byte	0xb007
     bfe:	cc80                	sw	s0,24(s1)
     c00:	0000                	unimp
     c02:	0180                	addi	s0,sp,192
     c04:	b007005b          	.4byte	0xb007005b
     c08:	0000                	unimp
     c0a:	cc80                	sw	s0,24(s1)
     c0c:	0000                	unimp
     c0e:	0180                	addi	s0,sp,192
     c10:	005c                	addi	a5,sp,4
     c12:	0000b007          	.4byte	0xb007
     c16:	cc80                	sw	s0,24(s1)
     c18:	0000                	unimp
     c1a:	0180                	addi	s0,sp,192
     c1c:	005a                	c.slli	zero,0x16
     c1e:	0000b007          	.4byte	0xb007
     c22:	b480                	.2byte	0xb480
     c24:	0000                	unimp
     c26:	0280                	addi	s0,sp,320
     c28:	9f30                	.2byte	0x9f30
     c2a:	0000b407          	.4byte	0xb407
     c2e:	c880                	sw	s0,16(s1)
     c30:	0000                	unimp
     c32:	0880                	addi	s0,sp,80
     c34:	007e                	c.slli	zero,0x1f
     c36:	007c                	addi	a5,sp,12
     c38:	231c                	.2byte	0x231c
     c3a:	9f01                	.2byte	0x9f01
     c3c:	0000c807          	.4byte	0xc807
     c40:	cc80                	sw	s0,24(s1)
     c42:	0000                	unimp
     c44:	0680                	addi	s0,sp,832
     c46:	007e                	c.slli	zero,0x1f
     c48:	007c                	addi	a5,sp,12
     c4a:	9f1c                	.2byte	0x9f1c
     c4c:	0700                	addi	s0,sp,896
     c4e:	00d4                	addi	a3,sp,68
     c50:	8000                	.2byte	0x8000
     c52:	00f0                	addi	a2,sp,76
     c54:	8000                	.2byte	0x8000
     c56:	5601                	li	a2,-32
     c58:	0700                	addi	s0,sp,896
     c5a:	00d4                	addi	a3,sp,68
     c5c:	8000                	.2byte	0x8000
     c5e:	00f0                	addi	a2,sp,76
     c60:	8000                	.2byte	0x8000
     c62:	5b01                	li	s6,-32
     c64:	0700                	addi	s0,sp,896
     c66:	00d4                	addi	a3,sp,68
     c68:	8000                	.2byte	0x8000
     c6a:	00f0                	addi	a2,sp,76
     c6c:	8000                	.2byte	0x8000
     c6e:	6c01                	.2byte	0x6c01
     c70:	0700                	addi	s0,sp,896
     c72:	00d4                	addi	a3,sp,68
     c74:	8000                	.2byte	0x8000
     c76:	00f0                	addi	a2,sp,76
     c78:	8000                	.2byte	0x8000
     c7a:	5a01                	li	s4,-32
     c7c:	0700                	addi	s0,sp,896
     c7e:	00d4                	addi	a3,sp,68
     c80:	8000                	.2byte	0x8000
     c82:	00d8                	addi	a4,sp,68
     c84:	8000                	.2byte	0x8000
     c86:	3002                	.2byte	0x3002
     c88:	079f 00d8 8000      	.byte	0x9f, 0x07, 0xd8, 0x00, 0x00, 0x80
     c8e:	00ec                	addi	a1,sp,76
     c90:	8000                	.2byte	0x8000
     c92:	7e08                	.2byte	0x7e08
     c94:	7c00                	.2byte	0x7c00
     c96:	1c00                	addi	s0,sp,560
     c98:	079f1c33          	.4byte	0x79f1c33
     c9c:	00ec                	addi	a1,sp,76
     c9e:	8000                	.2byte	0x8000
     ca0:	00f0                	addi	a2,sp,76
     ca2:	8000                	.2byte	0x8000
     ca4:	7e08                	.2byte	0x7e08
     ca6:	7c00                	.2byte	0x7c00
     ca8:	1c00                	addi	s0,sp,560
     caa:	1c34                	addi	a3,sp,568
     cac:	009f 2c07 0000      	.byte	0x9f, 0x00, 0x07, 0x2c, 0x00, 0x00
     cb2:	4080                	lw	s0,0(s1)
     cb4:	0000                	unimp
     cb6:	0280                	addi	s0,sp,320
     cb8:	9f30                	.2byte	0x9f30
     cba:	0700                	addi	s0,sp,896
     cbc:	0048                	addi	a0,sp,4
     cbe:	8000                	.2byte	0x8000
     cc0:	0064                	addi	s1,sp,12
     cc2:	8000                	.2byte	0x8000
     cc4:	5601                	li	a2,-32
     cc6:	0700                	addi	s0,sp,896
     cc8:	0048                	addi	a0,sp,4
     cca:	8000                	.2byte	0x8000
     ccc:	0064                	addi	s1,sp,12
     cce:	8000                	.2byte	0x8000
     cd0:	5b01                	li	s6,-32
     cd2:	0700                	addi	s0,sp,896
     cd4:	0048                	addi	a0,sp,4
     cd6:	8000                	.2byte	0x8000
     cd8:	0064                	addi	s1,sp,12
     cda:	8000                	.2byte	0x8000
     cdc:	5c01                	li	s8,-32
     cde:	0700                	addi	s0,sp,896
     ce0:	0048                	addi	a0,sp,4
     ce2:	8000                	.2byte	0x8000
     ce4:	0064                	addi	s1,sp,12
     ce6:	8000                	.2byte	0x8000
     ce8:	5a01                	li	s4,-32
     cea:	0700                	addi	s0,sp,896
     cec:	0048                	addi	a0,sp,4
     cee:	8000                	.2byte	0x8000
     cf0:	004c                	addi	a1,sp,4
     cf2:	8000                	.2byte	0x8000
     cf4:	3002                	.2byte	0x3002
     cf6:	079f 004c 8000      	.byte	0x9f, 0x07, 0x4c, 0x00, 0x00, 0x80
     cfc:	0060                	addi	s0,sp,12
     cfe:	8000                	.2byte	0x8000
     d00:	7e08                	.2byte	0x7e08
     d02:	7c00                	.2byte	0x7c00
     d04:	1c00                	addi	s0,sp,560
     d06:	079f0123          	sb	s9,98(t5)
     d0a:	0060                	addi	s0,sp,12
     d0c:	8000                	.2byte	0x8000
     d0e:	0064                	addi	s1,sp,12
     d10:	8000                	.2byte	0x8000
     d12:	7e06                	.2byte	0x7e06
     d14:	7c00                	.2byte	0x7c00
     d16:	1c00                	addi	s0,sp,560
     d18:	009f 6c07 0000      	.byte	0x9f, 0x00, 0x07, 0x6c, 0x00, 0x00
     d1e:	8880                	.2byte	0x8880
     d20:	0000                	unimp
     d22:	0180                	addi	s0,sp,192
     d24:	0056                	c.slli	zero,0x15
     d26:	00006c07          	.4byte	0x6c07
     d2a:	8880                	.2byte	0x8880
     d2c:	0000                	unimp
     d2e:	0180                	addi	s0,sp,192
     d30:	6c07005b          	.4byte	0x6c07005b
     d34:	0000                	unimp
     d36:	8880                	.2byte	0x8880
     d38:	0000                	unimp
     d3a:	0180                	addi	s0,sp,192
     d3c:	006c                	addi	a1,sp,12
     d3e:	00006c07          	.4byte	0x6c07
     d42:	8880                	.2byte	0x8880
     d44:	0000                	unimp
     d46:	0180                	addi	s0,sp,192
     d48:	005a                	c.slli	zero,0x16
     d4a:	00006c07          	.4byte	0x6c07
     d4e:	7080                	.2byte	0x7080
     d50:	0000                	unimp
     d52:	0280                	addi	s0,sp,320
     d54:	9f30                	.2byte	0x9f30
     d56:	00007007          	.4byte	0x7007
     d5a:	8480                	.2byte	0x8480
     d5c:	0000                	unimp
     d5e:	0880                	addi	s0,sp,80
     d60:	007e                	c.slli	zero,0x1f
     d62:	007c                	addi	a5,sp,12
     d64:	331c                	.2byte	0x331c
     d66:	9f1c                	.2byte	0x9f1c
     d68:	00008407          	.4byte	0x8407
     d6c:	8880                	.2byte	0x8880
     d6e:	0000                	unimp
     d70:	0880                	addi	s0,sp,80
     d72:	007e                	c.slli	zero,0x1f
     d74:	007c                	addi	a5,sp,12
     d76:	341c                	.2byte	0x341c
     d78:	9f1c                	.2byte	0x9f1c
     d7a:	0700                	addi	s0,sp,896
     d7c:	00fa                	slli	ra,ra,0x1e
     d7e:	8000                	.2byte	0x8000
     d80:	018e                	slli	gp,gp,0x3
     d82:	8000                	.2byte	0x8000
     d84:	5a01                	li	s4,-32
     d86:	00018e07          	.4byte	0x18e07
     d8a:	9080                	.2byte	0x9080
     d8c:	0001                	nop
     d8e:	0480                	addi	s0,sp,576
     d90:	9f5a01a3          	sb	s5,-1565(s4)
     d94:	00019007          	.4byte	0x19007
     d98:	9280                	.2byte	0x9280
     d9a:	0001                	nop
     d9c:	0180                	addi	s0,sp,192
     d9e:	075a                	slli	a4,a4,0x16
     da0:	0192                	slli	gp,gp,0x4
     da2:	8000                	.2byte	0x8000
     da4:	0194                	addi	a3,sp,192
     da6:	8000                	.2byte	0x8000
     da8:	a304                	.2byte	0xa304
     daa:	5a01                	li	s4,-32
     dac:	009f fa07 0000      	.byte	0x9f, 0x00, 0x07, 0xfa, 0x00, 0x00
     db2:	4a80                	lw	s0,16(a3)
     db4:	0001                	nop
     db6:	0180                	addi	s0,sp,192
     db8:	014a075b          	.4byte	0x14a075b
     dbc:	8000                	.2byte	0x8000
     dbe:	0152                	slli	sp,sp,0x14
     dc0:	8000                	.2byte	0x8000
     dc2:	9f7c7b03          	.4byte	0x9f7c7b03
     dc6:	00015207          	.4byte	0x15207
     dca:	9080                	.2byte	0x9080
     dcc:	0001                	nop
     dce:	0480                	addi	s0,sp,576
     dd0:	9f5b01a3          	sb	s5,-1565(s6)
     dd4:	00019007          	.4byte	0x19007
     dd8:	9480                	.2byte	0x9480
     dda:	0001                	nop
     ddc:	0180                	addi	s0,sp,192
     dde:	fa07005b          	.4byte	0xfa07005b
     de2:	0000                	unimp
     de4:	8080                	.2byte	0x8080
     de6:	0001                	nop
     de8:	0180                	addi	s0,sp,192
     dea:	075c                	addi	a5,sp,900
     dec:	0180                	addi	s0,sp,192
     dee:	8000                	.2byte	0x8000
     df0:	0190                	addi	a2,sp,192
     df2:	8000                	.2byte	0x8000
     df4:	a304                	.2byte	0xa304
     df6:	5c01                	li	s8,-32
     df8:	079f 0190 8000      	.byte	0x9f, 0x07, 0x90, 0x01, 0x00, 0x80
     dfe:	0194                	addi	a3,sp,192
     e00:	8000                	.2byte	0x8000
     e02:	5c01                	li	s8,-32
     e04:	0700                	addi	s0,sp,896
     e06:	00fa                	slli	ra,ra,0x1e
     e08:	8000                	.2byte	0x8000
     e0a:	0172                	slli	sp,sp,0x1c
     e0c:	8000                	.2byte	0x8000
     e0e:	5d01                	li	s10,-32
     e10:	00017207          	.4byte	0x17207
     e14:	9080                	.2byte	0x9080
     e16:	0001                	nop
     e18:	0480                	addi	s0,sp,576
     e1a:	9f5d01a3          	sb	s5,-1565(s10)
     e1e:	00019007          	.4byte	0x19007
     e22:	9480                	.2byte	0x9480
     e24:	0001                	nop
     e26:	0180                	addi	s0,sp,192
     e28:	005d                	c.nop	23
     e2a:	0000fa07          	.4byte	0xfa07
     e2e:	7880                	.2byte	0x7880
     e30:	0001                	nop
     e32:	0180                	addi	s0,sp,192
     e34:	075e                	slli	a4,a4,0x17
     e36:	0178                	addi	a4,sp,140
     e38:	8000                	.2byte	0x8000
     e3a:	0190                	addi	a2,sp,192
     e3c:	8000                	.2byte	0x8000
     e3e:	a304                	.2byte	0xa304
     e40:	5e01                	li	t3,-32
     e42:	079f 0190 8000      	.byte	0x9f, 0x07, 0x90, 0x01, 0x00, 0x80
     e48:	0194                	addi	a3,sp,192
     e4a:	8000                	.2byte	0x8000
     e4c:	5e01                	li	t3,-32
     e4e:	0700                	addi	s0,sp,896
     e50:	00fa                	slli	ra,ra,0x1e
     e52:	8000                	.2byte	0x8000
     e54:	017c                	addi	a5,sp,140
     e56:	8000                	.2byte	0x8000
     e58:	5f01                	li	t5,-32
     e5a:	00017c07          	.4byte	0x17c07
     e5e:	9080                	.2byte	0x9080
     e60:	0001                	nop
     e62:	0480                	addi	s0,sp,576
     e64:	9f5f01a3          	sb	s5,-1565(t5)
     e68:	00019007          	.4byte	0x19007
     e6c:	9480                	.2byte	0x9480
     e6e:	0001                	nop
     e70:	0180                	addi	s0,sp,192
     e72:	005f fa07 0000      	.byte	0x5f, 0x00, 0x07, 0xfa, 0x00, 0x00
     e78:	2480                	.2byte	0x2480
     e7a:	0001                	nop
     e7c:	0280                	addi	s0,sp,320
     e7e:	9f31                	.2byte	0x9f31
     e80:	00019007          	.4byte	0x19007
     e84:	9280                	.2byte	0x9280
     e86:	0001                	nop
     e88:	0280                	addi	s0,sp,320
     e8a:	9f31                	.2byte	0x9f31
     e8c:	0700                	addi	s0,sp,896
     e8e:	00fa                	slli	ra,ra,0x1e
     e90:	8000                	.2byte	0x8000
     e92:	0124                	addi	s1,sp,136
     e94:	8000                	.2byte	0x8000
     e96:	3402                	.2byte	0x3402
     e98:	079f 0190 8000      	.byte	0x9f, 0x07, 0x90, 0x01, 0x00, 0x80
     e9e:	0192                	slli	gp,gp,0x4
     ea0:	8000                	.2byte	0x8000
     ea2:	3402                	.2byte	0x3402
     ea4:	009f fa07 0000      	.byte	0x9f, 0x00, 0x07, 0xfa, 0x00, 0x00
     eaa:	0880                	addi	s0,sp,80
     eac:	0001                	nop
     eae:	0680                	addi	s0,sp,832
     eb0:	400c                	lw	a1,0(s0)
     eb2:	030d                	addi	t1,t1,3
     eb4:	9f00                	.2byte	0x9f00
     eb6:	0700                	addi	s0,sp,896
     eb8:	0124                	addi	s1,sp,136
     eba:	8000                	.2byte	0x8000
     ebc:	0140                	addi	s0,sp,132
     ebe:	8000                	.2byte	0x8000
     ec0:	6c01                	.2byte	0x6c01
     ec2:	0700                	addi	s0,sp,896
     ec4:	0124                	addi	s1,sp,136
     ec6:	8000                	.2byte	0x8000
     ec8:	0138                	addi	a4,sp,136
     eca:	8000                	.2byte	0x8000
     ecc:	8006                	c.mv	zero,ra
     ece:	7b00                	.2byte	0x7b00
     ed0:	1c00                	addi	s0,sp,560
     ed2:	079f 0138 8000      	.byte	0x9f, 0x07, 0x38, 0x01, 0x00, 0x80
     ed8:	013c                	addi	a5,sp,136
     eda:	8000                	.2byte	0x8000
     edc:	8008                	.2byte	0x8008
     ede:	7b00                	.2byte	0x7b00
     ee0:	1c00                	addi	s0,sp,560
     ee2:	079f0123          	sb	s9,98(t5)
     ee6:	013c                	addi	a5,sp,136
     ee8:	8000                	.2byte	0x8000
     eea:	0140                	addi	s0,sp,132
     eec:	8000                	.2byte	0x8000
     eee:	8006                	c.mv	zero,ra
     ef0:	7b00                	.2byte	0x7b00
     ef2:	1c00                	addi	s0,sp,560
     ef4:	009f 4a07 0001      	.byte	0x9f, 0x00, 0x07, 0x4a, 0x01, 0x00
     efa:	6e80                	.2byte	0x6e80
     efc:	0001                	nop
     efe:	0180                	addi	s0,sp,192
     f00:	005c                	addi	a5,sp,4
     f02:	00014a07          	.4byte	0x14a07
     f06:	5280                	lw	s0,32(a3)
     f08:	0001                	nop
     f0a:	0180                	addi	s0,sp,192
     f0c:	0152075b          	.4byte	0x152075b
     f10:	8000                	.2byte	0x8000
     f12:	016e                	slli	sp,sp,0x1b
     f14:	8000                	.2byte	0x8000
     f16:	a306                	.2byte	0xa306
     f18:	5b01                	li	s6,-32
     f1a:	009f0423          	sb	s1,8(t5)
     f1e:	00014a07          	.4byte	0x14a07
     f22:	6e80                	.2byte	0x6e80
     f24:	0001                	nop
     f26:	0180                	addi	s0,sp,192
     f28:	005a                	c.slli	zero,0x16
     f2a:	00014a07          	.4byte	0x14a07
     f2e:	5280                	lw	s0,32(a3)
     f30:	0001                	nop
     f32:	0280                	addi	s0,sp,320
     f34:	9f30                	.2byte	0x9f30
     f36:	00015207          	.4byte	0x15207
     f3a:	6e80                	.2byte	0x6e80
     f3c:	0001                	nop
     f3e:	0180                	addi	s0,sp,192
     f40:	0056                	c.slli	zero,0x15
     f42:	00014a07          	.4byte	0x14a07
     f46:	5280                	lw	s0,32(a3)
     f48:	0001                	nop
     f4a:	0280                	addi	s0,sp,320
     f4c:	9f30                	.2byte	0x9f30
     f4e:	00015207          	.4byte	0x15207
     f52:	6680                	.2byte	0x6680
     f54:	0001                	nop
     f56:	0980                	addi	s0,sp,208
     f58:	01a3007b          	.4byte	0x1a3007b
     f5c:	1c341c5b          	.4byte	0x1c341c5b
     f60:	079f 0166 8000      	.byte	0x9f, 0x07, 0x66, 0x01, 0x00, 0x80
     f66:	016a                	slli	sp,sp,0x1a
     f68:	8000                	.2byte	0x8000
     f6a:	7b09                	lui	s6,0xfffe2
     f6c:	a300                	.2byte	0xa300
     f6e:	5b01                	li	s6,-32
     f70:	331c                	.2byte	0x331c
     f72:	9f1c                	.2byte	0x9f1c
     f74:	00016a07          	.4byte	0x16a07
     f78:	6e80                	.2byte	0x6e80
     f7a:	0001                	nop
     f7c:	0980                	addi	s0,sp,208
     f7e:	01a3007b          	.4byte	0x1a3007b
     f82:	1c341c5b          	.4byte	0x1c341c5b
     f86:	009f 9407 0001      	.byte	0x9f, 0x00, 0x07, 0x94, 0x01, 0x00
     f8c:	be80                	.2byte	0xbe80
     f8e:	0001                	nop
     f90:	0180                	addi	s0,sp,192
     f92:	075a                	slli	a4,a4,0x16
     f94:	01be                	slli	gp,gp,0xf
     f96:	8000                	.2byte	0x8000
     f98:	020e                	slli	tp,tp,0x3
     f9a:	8000                	.2byte	0x8000
     f9c:	6301                	.2byte	0x6301
     f9e:	00020e07          	.4byte	0x20e07
     fa2:	1a80                	addi	s0,sp,368
     fa4:	0002                	c.slli64	zero
     fa6:	0480                	addi	s0,sp,576
     fa8:	9f5a01a3          	sb	s5,-1565(s4)
     fac:	00021a07          	.4byte	0x21a07
     fb0:	2380                	.2byte	0x2380
     fb2:	0002                	c.slli64	zero
     fb4:	0180                	addi	s0,sp,192
     fb6:	075a                	slli	a4,a4,0x16
     fb8:	80000223          	sb	zero,-2044(zero) # fffff804 <_ram_end+0x7ffef804>
     fbc:	0224                	addi	s1,sp,264
     fbe:	8000                	.2byte	0x8000
     fc0:	a304                	.2byte	0xa304
     fc2:	5a01                	li	s4,-32
     fc4:	009f 9407 0001      	.byte	0x9f, 0x00, 0x07, 0x94, 0x01, 0x00
     fca:	be80                	.2byte	0xbe80
     fcc:	0001                	nop
     fce:	0180                	addi	s0,sp,192
     fd0:	01be075b          	.4byte	0x1be075b
     fd4:	8000                	.2byte	0x8000
     fd6:	0214                	addi	a3,sp,256
     fd8:	8000                	.2byte	0x8000
     fda:	6601                	.2byte	0x6601
     fdc:	00021407          	.4byte	0x21407
     fe0:	1a80                	addi	s0,sp,368
     fe2:	0002                	c.slli64	zero
     fe4:	0480                	addi	s0,sp,576
     fe6:	9f5b01a3          	sb	s5,-1565(s6) # fffe19e3 <_ram_end+0x7ffd19e3>
     fea:	00021a07          	.4byte	0x21a07
     fee:	2380                	.2byte	0x2380
     ff0:	0002                	c.slli64	zero
     ff2:	0180                	addi	s0,sp,192
     ff4:	0223075b          	.4byte	0x223075b
     ff8:	8000                	.2byte	0x8000
     ffa:	0224                	addi	s1,sp,264
     ffc:	8000                	.2byte	0x8000
     ffe:	a304                	.2byte	0xa304
    1000:	5b01                	li	s6,-32
    1002:	009f 9407 0001      	.byte	0x9f, 0x00, 0x07, 0x94, 0x01, 0x00
    1008:	be80                	.2byte	0xbe80
    100a:	0001                	nop
    100c:	0180                	addi	s0,sp,192
    100e:	075c                	addi	a5,sp,900
    1010:	01be                	slli	gp,gp,0xf
    1012:	8000                	.2byte	0x8000
    1014:	0210                	addi	a2,sp,256
    1016:	8000                	.2byte	0x8000
    1018:	6401                	.2byte	0x6401
    101a:	00021007          	.4byte	0x21007
    101e:	1a80                	addi	s0,sp,368
    1020:	0002                	c.slli64	zero
    1022:	0480                	addi	s0,sp,576
    1024:	9f5c01a3          	sb	s5,-1565(s8)
    1028:	00021a07          	.4byte	0x21a07
    102c:	2280                	.2byte	0x2280
    102e:	0002                	c.slli64	zero
    1030:	0180                	addi	s0,sp,192
    1032:	075c                	addi	a5,sp,900
    1034:	0222                	slli	tp,tp,0x8
    1036:	8000                	.2byte	0x8000
    1038:	0224                	addi	s1,sp,264
    103a:	8000                	.2byte	0x8000
    103c:	a304                	.2byte	0xa304
    103e:	5c01                	li	s8,-32
    1040:	009f be07 0001      	.byte	0x9f, 0x00, 0x07, 0xbe, 0x01, 0x00
    1046:	1680                	addi	s0,sp,864
    1048:	0002                	c.slli64	zero
    104a:	0180                	addi	s0,sp,192
    104c:	be070067          	jr	-1056(a4)
    1050:	0001                	nop
    1052:	0a80                	addi	s0,sp,336
    1054:	0002                	c.slli64	zero
    1056:	0180                	addi	s0,sp,192
    1058:	0059                	c.nop	22
    105a:	0001be07          	.4byte	0x1be07
    105e:	d880                	sw	s0,48(s1)
    1060:	0001                	nop
    1062:	0180                	addi	s0,sp,192
    1064:	0758                	addi	a4,sp,900
    1066:	01d8                	addi	a4,sp,196
    1068:	8000                	.2byte	0x8000
    106a:	01dc                	addi	a5,sp,196
    106c:	8000                	.2byte	0x8000
    106e:	9f087803          	.4byte	0x9f087803
    1072:	0001dc07          	.4byte	0x1dc07
    1076:	0480                	addi	s0,sp,576
    1078:	0002                	c.slli64	zero
    107a:	0180                	addi	s0,sp,192
    107c:	0058                	addi	a4,sp,4
    107e:	0001be07          	.4byte	0x1be07
    1082:	cf80                	sw	s0,24(a5)
    1084:	0001                	nop
    1086:	0180                	addi	s0,sp,192
    1088:	075d                	addi	a4,a4,23
    108a:	800001cf          	.4byte	0x800001cf
    108e:	01d8                	addi	a4,sp,196
    1090:	8000                	.2byte	0x8000
    1092:	780d                	lui	a6,0xfffe3
    1094:	4000                	lw	s0,0(s0)
    1096:	0c22244b          	.4byte	0xc22244b
    109a:	0008                	.2byte	0x8
    109c:	8000                	.2byte	0x8000
    109e:	9f2c                	.2byte	0x9f2c
    10a0:	0001d807          	.4byte	0x1d807
    10a4:	dc80                	sw	s0,56(s1)
    10a6:	0001                	nop
    10a8:	0d80                	addi	s0,sp,720
    10aa:	0878                	addi	a4,sp,28
    10ac:	4b40                	lw	s0,20(a4)
    10ae:	2224                	.2byte	0x2224
    10b0:	080c                	addi	a1,sp,16
    10b2:	0000                	unimp
    10b4:	2c80                	.2byte	0x2c80
    10b6:	079f 01ec 8000      	.byte	0x9f, 0x07, 0xec, 0x01, 0x00, 0x80
    10bc:	01ff                	.2byte	0x1ff
    10be:	8000                	.2byte	0x8000
    10c0:	5d01                	li	s10,-32
    10c2:	0001ff07          	.4byte	0x1ff07
    10c6:	0480                	addi	s0,sp,576
    10c8:	0002                	c.slli64	zero
    10ca:	0d80                	addi	s0,sp,720
    10cc:	0078                	addi	a4,sp,12
    10ce:	4b40                	lw	s0,20(a4)
    10d0:	2224                	.2byte	0x2224
    10d2:	080c                	addi	a1,sp,16
    10d4:	0000                	unimp
    10d6:	2c80                	.2byte	0x2c80
    10d8:	009f be07 0001      	.byte	0x9f, 0x00, 0x07, 0xbe, 0x01, 0x00
    10de:	d480                	sw	s0,40(s1)
    10e0:	0001                	nop
    10e2:	0280                	addi	s0,sp,320
    10e4:	9f30                	.2byte	0x9f30
    10e6:	0001dc07          	.4byte	0x1dc07
    10ea:	fa80                	.2byte	0xfa80
    10ec:	0001                	nop
    10ee:	0280                	addi	s0,sp,320
    10f0:	9f30                	.2byte	0x9f30
    10f2:	0001fa07          	.4byte	0x1fa07
    10f6:	ff80                	.2byte	0xff80
    10f8:	0001                	nop
    10fa:	0180                	addi	s0,sp,192
    10fc:	075f 01ff 8000      	.byte	0x5f, 0x07, 0xff, 0x01, 0x00, 0x80
    1102:	0204                	addi	s1,sp,256
    1104:	8000                	.2byte	0x8000
    1106:	8705                	srai	a4,a4,0x1
    1108:	3100                	.2byte	0x3100
    110a:	9f1a                	add	t5,t5,t1
    110c:	0700                	addi	s0,sp,896
    110e:	01c8                	addi	a0,sp,196
    1110:	8000                	.2byte	0x8000
    1112:	800001cf          	.4byte	0x800001cf
    1116:	5e01                	li	t3,-32
    1118:	0001fa07          	.4byte	0x1fa07
    111c:	ff80                	.2byte	0xff80
    111e:	0001                	nop
    1120:	0180                	addi	s0,sp,192
    1122:	075e                	slli	a4,a4,0x17
    1124:	01ff                	.2byte	0x1ff
    1126:	8000                	.2byte	0x8000
    1128:	0204                	addi	s1,sp,256
    112a:	8000                	.2byte	0x8000
    112c:	7812                	.2byte	0x7812
    112e:	4000                	lw	s0,0(s0)
    1130:	8222244b          	.4byte	0x8222244b
    1134:	4000                	lw	s0,0(s0)
    1136:	2c22244b          	.4byte	0x2c22244b
    113a:	851f 1a00 009f      	.byte	0x1f, 0x85, 0x00, 0x1a, 0x9f, 0x00
    1140:	0001d007          	.4byte	0x1d007
    1144:	dc80                	sw	s0,56(s1)
    1146:	0001                	nop
    1148:	0180                	addi	s0,sp,192
    114a:	075a                	slli	a4,a4,0x16
    114c:	0200                	addi	s0,sp,256
    114e:	8000                	.2byte	0x8000
    1150:	021a                	slli	tp,tp,0x6
    1152:	8000                	.2byte	0x8000
    1154:	5a01                	li	s4,-32
    1156:	0700                	addi	s0,sp,896
    1158:	034a                	slli	t1,t1,0x12
    115a:	8000                	.2byte	0x8000
    115c:	8000037b          	.4byte	0x8000037b
    1160:	5a01                	li	s4,-32
    1162:	00037b07          	.4byte	0x37b07
    1166:	5280                	lw	s0,32(a3)
    1168:	0004                	.2byte	0x4
    116a:	0180                	addi	s0,sp,192
    116c:	0768                	addi	a0,sp,908
    116e:	0452                	slli	s0,s0,0x14
    1170:	8000                	.2byte	0x8000
    1172:	045a                	slli	s0,s0,0x16
    1174:	8000                	.2byte	0x8000
    1176:	a304                	.2byte	0xa304
    1178:	5a01                	li	s4,-32
    117a:	079f 045a 8000      	.byte	0x9f, 0x07, 0x5a, 0x04, 0x00, 0x80
    1180:	0474                	addi	a3,sp,524
    1182:	8000                	.2byte	0x8000
    1184:	6801                	.2byte	0x6801
    1186:	0700                	addi	s0,sp,896
    1188:	034a                	slli	t1,t1,0x12
    118a:	8000                	.2byte	0x8000
    118c:	036a                	slli	t1,t1,0x1a
    118e:	8000                	.2byte	0x8000
    1190:	5b01                	li	s6,-32
    1192:	00036a07          	.4byte	0x36a07
    1196:	5080                	lw	s0,32(s1)
    1198:	0004                	.2byte	0x4
    119a:	0180                	addi	s0,sp,192
    119c:	04500767          	jalr	a4,69(zero) # 0 <_program_size-0xe98>
    11a0:	8000                	.2byte	0x8000
    11a2:	045a                	slli	s0,s0,0x16
    11a4:	8000                	.2byte	0x8000
    11a6:	a304                	.2byte	0xa304
    11a8:	5b01                	li	s6,-32
    11aa:	079f 045a 8000      	.byte	0x9f, 0x07, 0x5a, 0x04, 0x00, 0x80
    11b0:	0474                	addi	a3,sp,524
    11b2:	8000                	.2byte	0x8000
    11b4:	6701                	.2byte	0x6701
    11b6:	0700                	addi	s0,sp,896
    11b8:	034a                	slli	t1,t1,0x12
    11ba:	8000                	.2byte	0x8000
    11bc:	0368                	addi	a0,sp,396
    11be:	8000                	.2byte	0x8000
    11c0:	5c01                	li	s8,-32
    11c2:	00036807          	.4byte	0x36807
    11c6:	4e80                	lw	s0,24(a3)
    11c8:	0004                	.2byte	0x4
    11ca:	0180                	addi	s0,sp,192
    11cc:	0766                	slli	a4,a4,0x19
    11ce:	044e                	slli	s0,s0,0x13
    11d0:	8000                	.2byte	0x8000
    11d2:	045a                	slli	s0,s0,0x16
    11d4:	8000                	.2byte	0x8000
    11d6:	a304                	.2byte	0xa304
    11d8:	5c01                	li	s8,-32
    11da:	079f 045a 8000      	.byte	0x9f, 0x07, 0x5a, 0x04, 0x00, 0x80
    11e0:	0474                	addi	a3,sp,524
    11e2:	8000                	.2byte	0x8000
    11e4:	6601                	.2byte	0x6601
    11e6:	0700                	addi	s0,sp,896
    11e8:	034a                	slli	t1,t1,0x12
    11ea:	8000                	.2byte	0x8000
    11ec:	0366                	slli	t1,t1,0x19
    11ee:	8000                	.2byte	0x8000
    11f0:	5d01                	li	s10,-32
    11f2:	00036607          	.4byte	0x36607
    11f6:	4c80                	lw	s0,24(s1)
    11f8:	0004                	.2byte	0x4
    11fa:	0180                	addi	s0,sp,192
    11fc:	0765                	addi	a4,a4,25
    11fe:	044c                	addi	a1,sp,516
    1200:	8000                	.2byte	0x8000
    1202:	045a                	slli	s0,s0,0x16
    1204:	8000                	.2byte	0x8000
    1206:	a304                	.2byte	0xa304
    1208:	5d01                	li	s10,-32
    120a:	079f 045a 8000      	.byte	0x9f, 0x07, 0x5a, 0x04, 0x00, 0x80
    1210:	0474                	addi	a3,sp,524
    1212:	8000                	.2byte	0x8000
    1214:	6501                	.2byte	0x6501
    1216:	0700                	addi	s0,sp,896
    1218:	034a                	slli	t1,t1,0x12
    121a:	8000                	.2byte	0x8000
    121c:	0362                	slli	t1,t1,0x18
    121e:	8000                	.2byte	0x8000
    1220:	5e01                	li	t3,-32
    1222:	00036207          	.4byte	0x36207
    1226:	4680                	lw	s0,8(a3)
    1228:	0004                	.2byte	0x4
    122a:	0180                	addi	s0,sp,192
    122c:	0759                	addi	a4,a4,22
    122e:	0446                	slli	s0,s0,0x11
    1230:	8000                	.2byte	0x8000
    1232:	045a                	slli	s0,s0,0x16
    1234:	8000                	.2byte	0x8000
    1236:	a304                	.2byte	0xa304
    1238:	5e01                	li	t3,-32
    123a:	079f 045a 8000      	.byte	0x9f, 0x07, 0x5a, 0x04, 0x00, 0x80
    1240:	0474                	addi	a3,sp,524
    1242:	8000                	.2byte	0x8000
    1244:	5901                	li	s2,-32
    1246:	0700                	addi	s0,sp,896
    1248:	034a                	slli	t1,t1,0x12
    124a:	8000                	.2byte	0x8000
    124c:	0364                	addi	s1,sp,396
    124e:	8000                	.2byte	0x8000
    1250:	5f01                	li	t5,-32
    1252:	00036407          	.4byte	0x36407
    1256:	4480                	lw	s0,8(s1)
    1258:	0004                	.2byte	0x4
    125a:	0180                	addi	s0,sp,192
    125c:	0758                	addi	a4,sp,900
    125e:	0444                	addi	s1,sp,516
    1260:	8000                	.2byte	0x8000
    1262:	045a                	slli	s0,s0,0x16
    1264:	8000                	.2byte	0x8000
    1266:	a304                	.2byte	0xa304
    1268:	5f01                	li	t5,-32
    126a:	079f 045a 8000      	.byte	0x9f, 0x07, 0x5a, 0x04, 0x00, 0x80
    1270:	0474                	addi	a3,sp,524
    1272:	8000                	.2byte	0x8000
    1274:	5801                	li	a6,-32
    1276:	0700                	addi	s0,sp,896
    1278:	034a                	slli	t1,t1,0x12
    127a:	8000                	.2byte	0x8000
    127c:	8000037b          	.4byte	0x8000037b
    1280:	6001                	.2byte	0x6001
    1282:	00037b07          	.4byte	0x37b07
    1286:	4a80                	lw	s0,16(a3)
    1288:	0004                	.2byte	0x4
    128a:	0180                	addi	s0,sp,192
    128c:	044a0763          	beq	s4,tp,12da <_program_size+0x442>
    1290:	8000                	.2byte	0x8000
    1292:	045a                	slli	s0,s0,0x16
    1294:	8000                	.2byte	0x8000
    1296:	a304                	.2byte	0xa304
    1298:	6001                	.2byte	0x6001
    129a:	079f 045a 8000      	.byte	0x9f, 0x07, 0x5a, 0x04, 0x00, 0x80
    12a0:	0474                	addi	a3,sp,524
    12a2:	8000                	.2byte	0x8000
    12a4:	6301                	.2byte	0x6301
    12a6:	0700                	addi	s0,sp,896
    12a8:	034a                	slli	t1,t1,0x12
    12aa:	8000                	.2byte	0x8000
    12ac:	8000037b          	.4byte	0x8000037b
    12b0:	6101                	addi	sp,sp,0
    12b2:	00037b07          	.4byte	0x37b07
    12b6:	4880                	lw	s0,16(s1)
    12b8:	0004                	.2byte	0x4
    12ba:	0180                	addi	s0,sp,192
    12bc:	0762                	slli	a4,a4,0x18
    12be:	0448                	addi	a0,sp,516
    12c0:	8000                	.2byte	0x8000
    12c2:	045a                	slli	s0,s0,0x16
    12c4:	8000                	.2byte	0x8000
    12c6:	a304                	.2byte	0xa304
    12c8:	6101                	addi	sp,sp,0
    12ca:	079f 045a 8000      	.byte	0x9f, 0x07, 0x5a, 0x04, 0x00, 0x80
    12d0:	0474                	addi	a3,sp,524
    12d2:	8000                	.2byte	0x8000
    12d4:	6201                	.2byte	0x6201
    12d6:	0700                	addi	s0,sp,896
    12d8:	037e                	slli	t1,t1,0x1f
    12da:	8000                	.2byte	0x8000
    12dc:	038c                	addi	a1,sp,448
    12de:	8000                	.2byte	0x8000
    12e0:	5a01                	li	s4,-32
    12e2:	00038c07          	.4byte	0x38c07
    12e6:	9080                	.2byte	0x9080
    12e8:	01800003          	lb	zero,24(zero) # 18 <_program_size-0xe80>
    12ec:	0764                	addi	s1,sp,908
    12ee:	0390                	addi	a2,sp,448
    12f0:	8000                	.2byte	0x8000
    12f2:	039e                	slli	t2,t2,0x7
    12f4:	8000                	.2byte	0x8000
    12f6:	5a01                	li	s4,-32
    12f8:	00039e07          	.4byte	0x39e07
    12fc:	a280                	.2byte	0xa280
    12fe:	01800003          	lb	zero,24(zero) # 18 <_program_size-0xe80>
    1302:	0764                	addi	s1,sp,908
    1304:	03a2                	slli	t2,t2,0x8
    1306:	8000                	.2byte	0x8000
    1308:	03b0                	addi	a2,sp,456
    130a:	8000                	.2byte	0x8000
    130c:	5a01                	li	s4,-32
    130e:	0003b007          	.4byte	0x3b007
    1312:	b480                	.2byte	0xb480
    1314:	01800003          	lb	zero,24(zero) # 18 <_program_size-0xe80>
    1318:	0764                	addi	s1,sp,908
    131a:	03b4                	addi	a3,sp,456
    131c:	8000                	.2byte	0x8000
    131e:	03d6                	slli	t2,t2,0x15
    1320:	8000                	.2byte	0x8000
    1322:	5a01                	li	s4,-32
    1324:	0003d607          	.4byte	0x3d607
    1328:	fc80                	.2byte	0xfc80
    132a:	02800003          	lb	zero,40(zero) # 28 <_program_size-0xe70>
    132e:	9f30                	.2byte	0x9f30
    1330:	00041407          	.4byte	0x41407
    1334:	1e80                	addi	s0,sp,880
    1336:	0004                	.2byte	0x4
    1338:	0280                	addi	s0,sp,320
    133a:	9f30                	.2byte	0x9f30
    133c:	00041e07          	.4byte	0x41e07
    1340:	3880                	.2byte	0x3880
    1342:	0004                	.2byte	0x4
    1344:	0180                	addi	s0,sp,192
    1346:	075a                	slli	a4,a4,0x16
    1348:	0438                	addi	a4,sp,520
    134a:	8000                	.2byte	0x8000
    134c:	0440                	addi	s0,sp,516
    134e:	8000                	.2byte	0x8000
    1350:	3002                	.2byte	0x3002
    1352:	079f 045a 8000      	.byte	0x9f, 0x07, 0x5a, 0x04, 0x00, 0x80
    1358:	0464                	addi	s1,sp,524
    135a:	8000                	.2byte	0x8000
    135c:	3002                	.2byte	0x3002
    135e:	079f 0464 8000      	.byte	0x9f, 0x07, 0x64, 0x04, 0x00, 0x80
    1364:	0468                	addi	a0,sp,524
    1366:	8000                	.2byte	0x8000
    1368:	5a01                	li	s4,-32
    136a:	00046807          	.4byte	0x46807
    136e:	7080                	.2byte	0x7080
    1370:	0004                	.2byte	0x4
    1372:	0280                	addi	s0,sp,320
    1374:	9f30                	.2byte	0x9f30
    1376:	0700                	addi	s0,sp,896
    1378:	034a                	slli	t1,t1,0x12
    137a:	8000                	.2byte	0x8000
    137c:	0380                	addi	s0,sp,448
    137e:	8000                	.2byte	0x8000
    1380:	3002                	.2byte	0x3002
    1382:	079f 0380 8000      	.byte	0x9f, 0x07, 0x80, 0x03, 0x00, 0x80
    1388:	0392                	slli	t2,t2,0x4
    138a:	8000                	.2byte	0x8000
    138c:	3102                	.2byte	0x3102
    138e:	079f 0392 8000      	.byte	0x9f, 0x07, 0x92, 0x03, 0x00, 0x80
    1394:	0440                	addi	s0,sp,516
    1396:	8000                	.2byte	0x8000
    1398:	3202                	.2byte	0x3202
    139a:	079f 045a 8000      	.byte	0x9f, 0x07, 0x5a, 0x04, 0x00, 0x80
    13a0:	0474                	addi	a3,sp,524
    13a2:	8000                	.2byte	0x8000
    13a4:	3202                	.2byte	0x3202
    13a6:	009f 9207 0003      	.byte	0x9f, 0x00, 0x07, 0x92, 0x03, 0x00
    13ac:	a480                	.2byte	0xa480
    13ae:	02800003          	lb	zero,40(zero) # 28 <_program_size-0xe70>
    13b2:	9f30                	.2byte	0x9f30
    13b4:	0003a407          	.4byte	0x3a407
    13b8:	c480                	sw	s0,8(s1)
    13ba:	02800003          	lb	zero,40(zero) # 28 <_program_size-0xe70>
    13be:	9f31                	.2byte	0x9f31
    13c0:	0700                	addi	s0,sp,896
    13c2:	03e0                	addi	s0,sp,460
    13c4:	8000                	.2byte	0x8000
    13c6:	03f8                	addi	a4,sp,460
    13c8:	8000                	.2byte	0x8000
    13ca:	3002                	.2byte	0x3002
    13cc:	009f e007 0003      	.byte	0x9f, 0x00, 0x07, 0xe0, 0x03, 0x00
    13d2:	f880                	.2byte	0xf880
    13d4:	02800003          	lb	zero,40(zero) # 28 <_program_size-0xe70>
    13d8:	9f31                	.2byte	0x9f31
    13da:	0700                	addi	s0,sp,896
    13dc:	03e0                	addi	s0,sp,460
    13de:	8000                	.2byte	0x8000
    13e0:	03ee                	slli	t2,t2,0x1b
    13e2:	8000                	.2byte	0x8000
    13e4:	0c06                	slli	s8,s8,0x1
    13e6:	0d40                	addi	s0,sp,660
    13e8:	009f0003          	lb	zero,9(t5)
    13ec:	0003fc07          	.4byte	0x3fc07
    13f0:	1480                	addi	s0,sp,608
    13f2:	0004                	.2byte	0x4
    13f4:	0280                	addi	s0,sp,320
    13f6:	9f30                	.2byte	0x9f30
    13f8:	0700                	addi	s0,sp,896
    13fa:	03fc                	addi	a5,sp,460
    13fc:	8000                	.2byte	0x8000
    13fe:	0414                	addi	a3,sp,512
    1400:	8000                	.2byte	0x8000
    1402:	3102                	.2byte	0x3102
    1404:	009f fc07 0003      	.byte	0x9f, 0x00, 0x07, 0xfc, 0x03, 0x00
    140a:	0a80                	addi	s0,sp,336
    140c:	0004                	.2byte	0x4
    140e:	0680                	addi	s0,sp,832
    1410:	400c                	lw	a1,0(s0)
    1412:	030d                	addi	t1,t1,3
    1414:	9f00                	.2byte	0x9f00
    1416:	9e00                	.2byte	0x9e00
    1418:	0002                	c.slli64	zero
    141a:	0500                	addi	s0,sp,640
    141c:	0400                	addi	s0,sp,512
    141e:	0000                	unimp
    1420:	0000                	unimp
    1422:	0700                	addi	s0,sp,896
    1424:	060a                	slli	a2,a2,0x2
    1426:	8000                	.2byte	0x8000
    1428:	0622                	slli	a2,a2,0x8
    142a:	8000                	.2byte	0x8000
    142c:	5a01                	li	s4,-32
    142e:	00062207          	.4byte	0x62207
    1432:	2880                	.2byte	0x2880
    1434:	0006                	c.slli	zero,0x1
    1436:	0380                	addi	s0,sp,448
    1438:	017a                	slli	sp,sp,0x1e
    143a:	079f 0628 8000      	.byte	0x9f, 0x07, 0x28, 0x06, 0x00, 0x80
    1440:	067c                	addi	a5,sp,780
    1442:	8000                	.2byte	0x8000
    1444:	5a01                	li	s4,-32
    1446:	00068007          	.4byte	0x68007
    144a:	7e80                	.2byte	0x7e80
    144c:	01800007          	.4byte	0x1800007
    1450:	005a                	c.slli	zero,0x16
    1452:	00062207          	.4byte	0x62207
    1456:	3e80                	.2byte	0x3e80
    1458:	0006                	c.slli	zero,0x1
    145a:	0280                	addi	s0,sp,320
    145c:	9f30                	.2byte	0x9f30
    145e:	00063e07          	.4byte	0x63e07
    1462:	5a80                	lw	s0,48(a3)
    1464:	0006                	c.slli	zero,0x1
    1466:	0180                	addi	s0,sp,192
    1468:	075d                	addi	a4,a4,23
    146a:	0672                	slli	a2,a2,0x1c
    146c:	8000                	.2byte	0x8000
    146e:	067c                	addi	a5,sp,780
    1470:	8000                	.2byte	0x8000
    1472:	5d01                	li	s10,-32
    1474:	00068007          	.4byte	0x68007
    1478:	9e80                	.2byte	0x9e80
    147a:	0006                	c.slli	zero,0x1
    147c:	0180                	addi	s0,sp,192
    147e:	075d                	addi	a4,a4,23
    1480:	06c2                	slli	a3,a3,0x10
    1482:	8000                	.2byte	0x8000
    1484:	06d4                	addi	a3,sp,836
    1486:	8000                	.2byte	0x8000
    1488:	5d01                	li	s10,-32
    148a:	0006e607          	.4byte	0x6e607
    148e:	0c80                	addi	s0,sp,592
    1490:	01800007          	.4byte	0x1800007
    1494:	075d                	addi	a4,a4,23
    1496:	0716                	slli	a4,a4,0x5
    1498:	8000                	.2byte	0x8000
    149a:	071a                	slli	a4,a4,0x6
    149c:	8000                	.2byte	0x8000
    149e:	5d01                	li	s10,-32
    14a0:	00071a07          	.4byte	0x71a07
    14a4:	3480                	.2byte	0x3480
    14a6:	02800007          	.4byte	0x2800007
    14aa:	9f30                	.2byte	0x9f30
    14ac:	00073407          	.4byte	0x73407
    14b0:	3880                	.2byte	0x3880
    14b2:	01800007          	.4byte	0x1800007
    14b6:	005d                	c.nop	23
    14b8:	00062207          	.4byte	0x62207
    14bc:	3e80                	.2byte	0x3e80
    14be:	0006                	c.slli	zero,0x1
    14c0:	0280                	addi	s0,sp,320
    14c2:	9f30                	.2byte	0x9f30
    14c4:	00063e07          	.4byte	0x63e07
    14c8:	6280                	.2byte	0x6280
    14ca:	0006                	c.slli	zero,0x1
    14cc:	0180                	addi	s0,sp,192
    14ce:	075e                	slli	a4,a4,0x17
    14d0:	0672                	slli	a2,a2,0x1c
    14d2:	8000                	.2byte	0x8000
    14d4:	067c                	addi	a5,sp,780
    14d6:	8000                	.2byte	0x8000
    14d8:	5e01                	li	t3,-32
    14da:	00068007          	.4byte	0x68007
    14de:	9e80                	.2byte	0x9e80
    14e0:	0006                	c.slli	zero,0x1
    14e2:	0180                	addi	s0,sp,192
    14e4:	075e                	slli	a4,a4,0x17
    14e6:	06c2                	slli	a3,a3,0x10
    14e8:	8000                	.2byte	0x8000
    14ea:	06ce                	slli	a3,a3,0x13
    14ec:	8000                	.2byte	0x8000
    14ee:	5e01                	li	t3,-32
    14f0:	0006e607          	.4byte	0x6e607
    14f4:	ec80                	.2byte	0xec80
    14f6:	0006                	c.slli	zero,0x1
    14f8:	0180                	addi	s0,sp,192
    14fa:	075e                	slli	a4,a4,0x17
    14fc:	0716                	slli	a4,a4,0x5
    14fe:	8000                	.2byte	0x8000
    1500:	071a                	slli	a4,a4,0x6
    1502:	8000                	.2byte	0x8000
    1504:	3102                	.2byte	0x3102
    1506:	079f 071a 8000      	.byte	0x9f, 0x07, 0x1a, 0x07, 0x00, 0x80
    150c:	0734                	addi	a3,sp,904
    150e:	8000                	.2byte	0x8000
    1510:	5e01                	li	t3,-32
    1512:	0700                	addi	s0,sp,896
    1514:	0622                	slli	a2,a2,0x8
    1516:	8000                	.2byte	0x8000
    1518:	0644                	addi	s1,sp,772
    151a:	8000                	.2byte	0x8000
    151c:	5601                	li	a2,-32
    151e:	00067807          	.4byte	0x67807
    1522:	8080                	.2byte	0x8080
    1524:	0006                	c.slli	zero,0x1
    1526:	0180                	addi	s0,sp,192
    1528:	0756                	slli	a4,a4,0x15
    152a:	071a                	slli	a4,a4,0x6
    152c:	8000                	.2byte	0x8000
    152e:	0734                	addi	a3,sp,904
    1530:	8000                	.2byte	0x8000
    1532:	5601                	li	a2,-32
    1534:	0700                	addi	s0,sp,896
    1536:	0738                	addi	a4,sp,904
    1538:	8000                	.2byte	0x8000
    153a:	075c                	addi	a5,sp,900
    153c:	8000                	.2byte	0x8000
    153e:	5601                	li	a2,-32
    1540:	00075c07          	.4byte	0x75c07
    1544:	6c80                	.2byte	0x6c80
    1546:	01800007          	.4byte	0x1800007
    154a:	075f 076c 8000      	.byte	0x5f, 0x07, 0x6c, 0x07, 0x00, 0x80
    1550:	077e                	slli	a4,a4,0x1f
    1552:	8000                	.2byte	0x8000
    1554:	760c                	.2byte	0x760c
    1556:	a800                	.2byte	0xa800
    1558:	8d26                	mv	s10,s1
    155a:	a800                	.2byte	0xa800
    155c:	1b26                	slli	s6,s6,0x29
    155e:	00a8                	addi	a0,sp,72
    1560:	009f f007 0006      	.byte	0x9f, 0x00, 0x07, 0xf0, 0x06, 0x00
    1566:	f680                	.2byte	0xf680
    1568:	0006                	c.slli	zero,0x1
    156a:	0280                	addi	s0,sp,320
    156c:	9f30                	.2byte	0x9f30
    156e:	0700                	addi	s0,sp,896
    1570:	0738                	addi	a4,sp,904
    1572:	8000                	.2byte	0x8000
    1574:	073c                	addi	a5,sp,904
    1576:	8000                	.2byte	0x8000
    1578:	9f3f0803          	lb	a6,-1549(t5)
    157c:	00073c07          	.4byte	0x73c07
    1580:	4480                	lw	s0,8(s1)
    1582:	08800007          	.4byte	0x8800007
    1586:	007f                	.2byte	0x7f
    1588:	0091                	addi	ra,ra,4
    158a:	231c                	.2byte	0x231c
    158c:	9f61                	.2byte	0x9f61
    158e:	00074407          	.4byte	0x74407
    1592:	4880                	lw	s0,16(s1)
    1594:	08800007          	.4byte	0x8800007
    1598:	007e                	c.slli	zero,0x1f
    159a:	0091                	addi	ra,ra,4
    159c:	231c                	.2byte	0x231c
    159e:	9f61                	.2byte	0x9f61
    15a0:	0700                	addi	s0,sp,896
    15a2:	0774                	addi	a3,sp,908
    15a4:	8000                	.2byte	0x8000
    15a6:	077a                	slli	a4,a4,0x1e
    15a8:	8000                	.2byte	0x8000
    15aa:	7c08                	.2byte	0x7c08
    15ac:	9100                	.2byte	0x9100
    15ae:	1c00                	addi	s0,sp,560
    15b0:	079f6023          	.4byte	0x79f6023
    15b4:	077a                	slli	a4,a4,0x1e
    15b6:	8000                	.2byte	0x8000
    15b8:	077e                	slli	a4,a4,0x1f
    15ba:	8000                	.2byte	0x8000
    15bc:	7c08                	.2byte	0x7c08
    15be:	9100                	.2byte	0x9100
    15c0:	1c00                	addi	s0,sp,560
    15c2:	009f5f23          	.4byte	0x9f5f23
    15c6:	00077007          	.4byte	0x77007
    15ca:	7480                	.2byte	0x7480
    15cc:	01800007          	.4byte	0x1800007
    15d0:	005d                	c.nop	23
    15d2:	00069e07          	.4byte	0x69e07
    15d6:	c280                	sw	s0,0(a3)
    15d8:	0006                	c.slli	zero,0x1
    15da:	0180                	addi	s0,sp,192
    15dc:	005c                	addi	a5,sp,4
    15de:	0006a607          	.4byte	0x6a607
    15e2:	c280                	sw	s0,0(a3)
    15e4:	0006                	c.slli	zero,0x1
    15e6:	0180                	addi	s0,sp,192
    15e8:	0056                	c.slli	zero,0x15
    15ea:	0006b607          	.4byte	0x6b607
    15ee:	ba80                	.2byte	0xba80
    15f0:	0006                	c.slli	zero,0x1
    15f2:	0180                	addi	s0,sp,192
    15f4:	005d                	c.nop	23
    15f6:	00066207          	.4byte	0x66207
    15fa:	6e80                	.2byte	0x6e80
    15fc:	0006                	c.slli	zero,0x1
    15fe:	0180                	addi	s0,sp,192
    1600:	005e                	c.slli	zero,0x17
    1602:	00066207          	.4byte	0x66207
    1606:	6e80                	.2byte	0x6e80
    1608:	0006                	c.slli	zero,0x1
    160a:	0480                	addi	s0,sp,576
    160c:	4a49                	li	s4,18
    160e:	9f24                	.2byte	0x9f24
    1610:	0700                	addi	s0,sp,896
    1612:	066a                	slli	a2,a2,0x1a
    1614:	8000                	.2byte	0x8000
    1616:	066e                	slli	a2,a2,0x1b
    1618:	8000                	.2byte	0x8000
    161a:	5d01                	li	s10,-32
    161c:	0700                	addi	s0,sp,896
    161e:	06c6                	slli	a3,a3,0x11
    1620:	8000                	.2byte	0x8000
    1622:	06e6                	slli	a3,a3,0x19
    1624:	8000                	.2byte	0x8000
    1626:	5c01                	li	s8,-32
    1628:	0700                	addi	s0,sp,896
    162a:	06ce                	slli	a3,a3,0x13
    162c:	8000                	.2byte	0x8000
    162e:	06e0                	addi	s0,sp,844
    1630:	8000                	.2byte	0x8000
    1632:	5e01                	li	t3,-32
    1634:	0006e207          	.4byte	0x6e207
    1638:	e680                	.2byte	0xe680
    163a:	0006                	c.slli	zero,0x1
    163c:	0180                	addi	s0,sp,192
    163e:	005e                	c.slli	zero,0x17
    1640:	0006d807          	.4byte	0x6d807
    1644:	dc80                	sw	s0,56(s1)
    1646:	0006                	c.slli	zero,0x1
    1648:	0180                	addi	s0,sp,192
    164a:	005d                	c.nop	23
    164c:	00071007          	.4byte	0x71007
    1650:	1680                	addi	s0,sp,864
    1652:	01800007          	.4byte	0x1800007
    1656:	005d                	c.nop	23
    1658:	00072607          	.4byte	0x72607
    165c:	3480                	.2byte	0x3480
    165e:	01800007          	.4byte	0x1800007
    1662:	005f 0007 0000      	.byte	0x5f, 0x00, 0x07, 0x00, 0x00, 0x00
    1668:	0000                	unimp
    166a:	0000                	unimp
    166c:	0100                	addi	s0,sp,128
    166e:	075a                	slli	a4,a4,0x16
	...
    1678:	a304                	.2byte	0xa304
    167a:	5a01                	li	s4,-32
    167c:	009f 0007 0000      	.byte	0x9f, 0x00, 0x07, 0x00, 0x00, 0x00
    1682:	0000                	unimp
    1684:	0000                	unimp
    1686:	0100                	addi	s0,sp,128
    1688:	005a                	c.slli	zero,0x16
    168a:	00000007          	.4byte	0x7
    168e:	0000                	unimp
    1690:	0000                	unimp
    1692:	0100                	addi	s0,sp,128
    1694:	075e                	slli	a4,a4,0x17
	...
    169e:	5e01                	li	t3,-32
    16a0:	0700                	addi	s0,sp,896
	...
    16aa:	5d01                	li	s10,-32
    16ac:	0700                	addi	s0,sp,896
	...
    16b6:	5d01                	li	s10,-32
    16b8:	cd00                	sw	s0,24(a0)
    16ba:	0002                	c.slli64	zero
    16bc:	0500                	addi	s0,sp,640
    16be:	0400                	addi	s0,sp,512
    16c0:	0000                	unimp
    16c2:	0000                	unimp
    16c4:	0700                	addi	s0,sp,896
    16c6:	08f2                	slli	a7,a7,0x1c
    16c8:	8000                	.2byte	0x8000
    16ca:	0906                	slli	s2,s2,0x1
    16cc:	8000                	.2byte	0x8000
    16ce:	5a01                	li	s4,-32
    16d0:	00090607          	.4byte	0x90607
    16d4:	7080                	.2byte	0x7080
    16d6:	0480000b          	.4byte	0x480000b
    16da:	9f5a01a3          	sb	s5,-1565(s4)
    16de:	0700                	addi	s0,sp,896
    16e0:	08f2                	slli	a7,a7,0x1c
    16e2:	8000                	.2byte	0x8000
    16e4:	80000907          	.4byte	0x80000907
    16e8:	5b01                	li	s6,-32
    16ea:	00090707          	.4byte	0x90707
    16ee:	7080                	.2byte	0x7080
    16f0:	0480000b          	.4byte	0x480000b
    16f4:	9f5b01a3          	sb	s5,-1565(s6)
    16f8:	0700                	addi	s0,sp,896
    16fa:	094a                	slli	s2,s2,0x12
    16fc:	8000                	.2byte	0x8000
    16fe:	0956                	slli	s2,s2,0x15
    1700:	8000                	.2byte	0x8000
    1702:	5a01                	li	s4,-32
    1704:	00099207          	.4byte	0x99207
    1708:	9e80                	.2byte	0x9e80
    170a:	0009                	c.nop	2
    170c:	0180                	addi	s0,sp,192
    170e:	075a                	slli	a4,a4,0x16
    1710:	09fa                	slli	s3,s3,0x1e
    1712:	8000                	.2byte	0x8000
    1714:	0a06                	slli	s4,s4,0x1
    1716:	8000                	.2byte	0x8000
    1718:	5a01                	li	s4,-32
    171a:	000a9e07          	.4byte	0xa9e07
    171e:	a880                	.2byte	0xa880
    1720:	000a                	c.slli	zero,0x2
    1722:	0180                	addi	s0,sp,192
    1724:	075a                	slli	a4,a4,0x16
    1726:	0b0c                	addi	a1,sp,400
    1728:	8000                	.2byte	0x8000
    172a:	0b16                	slli	s6,s6,0x5
    172c:	8000                	.2byte	0x8000
    172e:	5a01                	li	s4,-32
    1730:	000b2a07          	.4byte	0xb2a07
    1734:	3280                	.2byte	0x3280
    1736:	0180000b          	.4byte	0x180000b
    173a:	075a                	slli	a4,a4,0x16
    173c:	0b36                	slli	s6,s6,0xd
    173e:	8000                	.2byte	0x8000
    1740:	0b3e                	slli	s6,s6,0xf
    1742:	8000                	.2byte	0x8000
    1744:	5a01                	li	s4,-32
    1746:	000b4c07          	.4byte	0xb4c07
    174a:	5480                	lw	s0,40(s1)
    174c:	0180000b          	.4byte	0x180000b
    1750:	075a                	slli	a4,a4,0x16
    1752:	0b58                	addi	a4,sp,404
    1754:	8000                	.2byte	0x8000
    1756:	0b60                	addi	s0,sp,412
    1758:	8000                	.2byte	0x8000
    175a:	5a01                	li	s4,-32
    175c:	000b6407          	.4byte	0xb6407
    1760:	6c80                	.2byte	0x6c80
    1762:	0180000b          	.4byte	0x180000b
    1766:	005a                	c.slli	zero,0x16
    1768:	00077e07          	.4byte	0x77e07
    176c:	c280                	sw	s0,0(a3)
    176e:	01800007          	.4byte	0x1800007
    1772:	075a                	slli	a4,a4,0x16
    1774:	07c2                	slli	a5,a5,0x10
    1776:	8000                	.2byte	0x8000
    1778:	0892                	slli	a7,a7,0x4
    177a:	8000                	.2byte	0x8000
    177c:	a304                	.2byte	0xa304
    177e:	5a01                	li	s4,-32
    1780:	009f 7e07 0007      	.byte	0x9f, 0x00, 0x07, 0x7e, 0x07, 0x00
    1786:	c280                	sw	s0,0(a3)
    1788:	01800007          	.4byte	0x1800007
    178c:	07c2075b          	.4byte	0x7c2075b
    1790:	8000                	.2byte	0x8000
    1792:	0866                	slli	a6,a6,0x19
    1794:	8000                	.2byte	0x8000
    1796:	6a01                	.2byte	0x6a01
    1798:	00086607          	.4byte	0x86607
    179c:	7480                	.2byte	0x7480
    179e:	0008                	.2byte	0x8
    17a0:	0480                	addi	s0,sp,576
    17a2:	9f5b01a3          	sb	s5,-1565(s6)
    17a6:	00087407          	.4byte	0x87407
    17aa:	8c80                	.2byte	0x8c80
    17ac:	0008                	.2byte	0x8
    17ae:	0180                	addi	s0,sp,192
    17b0:	076a                	slli	a4,a4,0x1a
    17b2:	088c                	addi	a1,sp,80
    17b4:	8000                	.2byte	0x8000
    17b6:	0892                	slli	a7,a7,0x4
    17b8:	8000                	.2byte	0x8000
    17ba:	a304                	.2byte	0xa304
    17bc:	5b01                	li	s6,-32
    17be:	009f 7e07 0007      	.byte	0x9f, 0x00, 0x07, 0x7e, 0x07, 0x00
    17c4:	c280                	sw	s0,0(a3)
    17c6:	02800007          	.4byte	0x2800007
    17ca:	9f30                	.2byte	0x9f30
    17cc:	0007c207          	.4byte	0x7c207
    17d0:	4280                	lw	s0,0(a3)
    17d2:	0008                	.2byte	0x8
    17d4:	0180                	addi	s0,sp,192
    17d6:	0769                	addi	a4,a4,26
    17d8:	0842                	slli	a6,a6,0x10
    17da:	8000                	.2byte	0x8000
    17dc:	0844                	addi	s1,sp,20
    17de:	8000                	.2byte	0x8000
    17e0:	9f708903          	lb	s2,-1545(ra)
    17e4:	00084e07          	.4byte	0x84e07
    17e8:	6480                	.2byte	0x6480
    17ea:	0008                	.2byte	0x8
    17ec:	0180                	addi	s0,sp,192
    17ee:	0069                	c.nop	26
    17f0:	0007cc07          	.4byte	0x7cc07
    17f4:	1480                	addi	s0,sp,608
    17f6:	0008                	.2byte	0x8
    17f8:	0180                	addi	s0,sp,192
    17fa:	0759                	addi	a4,a4,22
    17fc:	084e                	slli	a6,a6,0x13
    17fe:	8000                	.2byte	0x8000
    1800:	0854                	addi	a3,sp,20
    1802:	8000                	.2byte	0x8000
    1804:	5901                	li	s2,-32
    1806:	0700                	addi	s0,sp,896
    1808:	07e2                	slli	a5,a5,0x18
    180a:	8000                	.2byte	0x8000
    180c:	07e6                	slli	a5,a5,0x19
    180e:	8000                	.2byte	0x8000
    1810:	3002                	.2byte	0x3002
    1812:	079f 07e6 8000      	.byte	0x9f, 0x07, 0xe6, 0x07, 0x00, 0x80
    1818:	07ec                	addi	a1,sp,972
    181a:	8000                	.2byte	0x8000
    181c:	5801                	li	a6,-32
    181e:	0007ec07          	.4byte	0x7ec07
    1822:	f280                	.2byte	0xf280
    1824:	03800007          	.4byte	0x3800007
    1828:	7f78                	.2byte	0x7f78
    182a:	079f 07f2 8000      	.byte	0x9f, 0x07, 0xf2, 0x07, 0x00, 0x80
    1830:	0804                	addi	s1,sp,16
    1832:	8000                	.2byte	0x8000
    1834:	5801                	li	a6,-32
    1836:	00080407          	.4byte	0x80407
    183a:	0680                	addi	s0,sp,832
    183c:	0008                	.2byte	0x8
    183e:	0380                	addi	s0,sp,448
    1840:	7f78                	.2byte	0x7f78
    1842:	079f 0806 8000      	.byte	0x9f, 0x07, 0x06, 0x08, 0x00, 0x80
    1848:	0850                	addi	a2,sp,20
    184a:	8000                	.2byte	0x8000
    184c:	5801                	li	a6,-32
    184e:	00087407          	.4byte	0x87407
    1852:	7880                	.2byte	0x7880
    1854:	0008                	.2byte	0x8
    1856:	0180                	addi	s0,sp,192
    1858:	0058                	addi	a4,sp,4
    185a:	0007e607          	.4byte	0x7e607
    185e:	ed80                	.2byte	0xed80
    1860:	02800007          	.4byte	0x2800007
    1864:	007f                	.2byte	0x7f
    1866:	0007f607          	.4byte	0x7f607
    186a:	fa80                	.2byte	0xfa80
    186c:	05800007          	.4byte	0x5800007
    1870:	0082                	c.slli64	ra
    1872:	0078                	addi	a4,sp,12
    1874:	0722                	slli	a4,a4,0x8
    1876:	07fa                	slli	a5,a5,0x1e
    1878:	8000                	.2byte	0x8000
    187a:	0805                	addi	a6,a6,1 # fffe3001 <_ram_end+0x7ffd3001>
    187c:	8000                	.2byte	0x8000
    187e:	7f02                	.2byte	0x7f02
    1880:	0000                	unimp
    1882:	00080e07          	.4byte	0x80e07
    1886:	1a80                	addi	s0,sp,368
    1888:	0008                	.2byte	0x8
    188a:	0280                	addi	s0,sp,320
    188c:	9f30                	.2byte	0x9f30
    188e:	00081a07          	.4byte	0x81a07
    1892:	2280                	.2byte	0x2280
    1894:	0008                	.2byte	0x8
    1896:	0a80                	addi	s0,sp,336
    1898:	0089008b          	.4byte	0x89008b
    189c:	a31c                	.2byte	0xa31c
    189e:	5a01                	li	s4,-32
    18a0:	9f1c                	.2byte	0x9f1c
    18a2:	00082207          	.4byte	0x82207
    18a6:	3480                	.2byte	0x3480
    18a8:	0008                	.2byte	0x8
    18aa:	0b80                	addi	s0,sp,464
    18ac:	205a01a3          	sb	t0,515(s4)
    18b0:	0089                	addi	ra,ra,2
    18b2:	8b1c                	.2byte	0x8b1c
    18b4:	2200                	.2byte	0x2200
    18b6:	079f 084e 8000      	.byte	0x9f, 0x07, 0x4e, 0x08, 0x00, 0x80
    18bc:	0874                	addi	a3,sp,28
    18be:	8000                	.2byte	0x8000
    18c0:	3002                	.2byte	0x3002
    18c2:	009f 1e07 0008      	.byte	0x9f, 0x00, 0x07, 0x1e, 0x08, 0x00
    18c8:	3280                	.2byte	0x3280
    18ca:	0008                	.2byte	0x8
    18cc:	0180                	addi	s0,sp,192
    18ce:	0832075b          	.4byte	0x832075b
    18d2:	8000                	.2byte	0x8000
    18d4:	80000833          	.4byte	0x80000833
    18d8:	8b02                	jr	s6
    18da:	007f                	.2byte	0x7f
    18dc:	0007cc07          	.4byte	0x7cc07
    18e0:	d280                	sw	s0,32(a3)
    18e2:	02800007          	.4byte	0x2800007
    18e6:	9f30                	.2byte	0x9f30
    18e8:	0700                	addi	s0,sp,896
    18ea:	07d2                	slli	a5,a5,0x14
    18ec:	8000                	.2byte	0x8000
    18ee:	07d8                	addi	a4,sp,964
    18f0:	8000                	.2byte	0x8000
    18f2:	6901                	.2byte	0x6901
    18f4:	0700                	addi	s0,sp,896
    18f6:	0892                	slli	a7,a7,0x4
    18f8:	8000                	.2byte	0x8000
    18fa:	08ae                	slli	a7,a7,0xb
    18fc:	8000                	.2byte	0x8000
    18fe:	5a01                	li	s4,-32
    1900:	0008ae07          	.4byte	0x8ae07
    1904:	e080                	.2byte	0xe080
    1906:	0008                	.2byte	0x8
    1908:	0180                	addi	s0,sp,192
    190a:	0759                	addi	a4,a4,22
    190c:	08e0                	addi	s0,sp,92
    190e:	8000                	.2byte	0x8000
    1910:	08f2                	slli	a7,a7,0x1c
    1912:	8000                	.2byte	0x8000
    1914:	a304                	.2byte	0xa304
    1916:	5a01                	li	s4,-32
    1918:	009f 9207 0008      	.byte	0x9f, 0x00, 0x07, 0x92, 0x08, 0x00
    191e:	b280                	.2byte	0xb280
    1920:	0008                	.2byte	0x8
    1922:	0280                	addi	s0,sp,320
    1924:	9f30                	.2byte	0x9f30
    1926:	0008b207          	.4byte	0x8b207
    192a:	c480                	sw	s0,8(s1)
    192c:	0008                	.2byte	0x8
    192e:	0280                	addi	s0,sp,320
    1930:	9f31                	.2byte	0x9f31
    1932:	0008c407          	.4byte	0x8c407
    1936:	d280                	sw	s0,32(a3)
    1938:	0008                	.2byte	0x8
    193a:	0180                	addi	s0,sp,192
    193c:	0758                	addi	a4,sp,900
    193e:	08d2                	slli	a7,a7,0x14
    1940:	8000                	.2byte	0x8000
    1942:	08d6                	slli	a7,a7,0x15
    1944:	8000                	.2byte	0x8000
    1946:	9f7f7803          	.4byte	0x9f7f7803
    194a:	0008d607          	.4byte	0x8d607
    194e:	dc80                	sw	s0,56(s1)
    1950:	0008                	.2byte	0x8
    1952:	0180                	addi	s0,sp,192
    1954:	0058                	addi	a4,sp,4
    1956:	0008a607          	.4byte	0x8a607
    195a:	ae80                	.2byte	0xae80
    195c:	0008                	.2byte	0x8
    195e:	0280                	addi	s0,sp,320
    1960:	007a                	c.slli	zero,0x1e
    1962:	0008ae07          	.4byte	0x8ae07
    1966:	b180                	.2byte	0xb180
    1968:	0008                	.2byte	0x8
    196a:	0280                	addi	s0,sp,320
    196c:	0079                	c.nop	30
    196e:	0008c807          	.4byte	0x8c807
    1972:	cc80                	sw	s0,24(s1)
    1974:	0008                	.2byte	0x8
    1976:	0580                	addi	s0,sp,704
    1978:	0079                	c.nop	30
    197a:	0078                	addi	a4,sp,12
    197c:	0722                	slli	a4,a4,0x8
    197e:	08cc                	addi	a1,sp,84
    1980:	8000                	.2byte	0x8000
    1982:	08d5                	addi	a7,a7,21
    1984:	8000                	.2byte	0x8000
    1986:	7f02                	.2byte	0x7f02
	...

Disassembly of section .debug_rnglists:

00000000 <.debug_rnglists>:
   0:	0241                	addi	tp,tp,16 # ffff8010 <_ram_end+0x7ffe8010>
   2:	0000                	unimp
   4:	0005                	c.nop	1
   6:	0004                	.2byte	0x4
   8:	0000                	unimp
   a:	0000                	unimp
   c:	2c06                	.2byte	0x2c06
   e:	0000                	unimp
  10:	3480                	.2byte	0x3480
  12:	0000                	unimp
  14:	0680                	addi	s0,sp,832
  16:	0036                	c.slli	zero,0xd
  18:	8000                	.2byte	0x8000
  1a:	0090                	addi	a2,sp,64
  1c:	8000                	.2byte	0x8000
  1e:	0600                	addi	s0,sp,768
  20:	0038                	addi	a4,sp,8
  22:	8000                	.2byte	0x8000
  24:	003c                	addi	a5,sp,8
  26:	8000                	.2byte	0x8000
  28:	4806                	lw	a6,64(sp)
  2a:	0000                	unimp
  2c:	4880                	lw	s0,16(s1)
  2e:	0000                	unimp
  30:	0680                	addi	s0,sp,832
  32:	004c                	addi	a1,sp,4
  34:	8000                	.2byte	0x8000
  36:	0064                	addi	s1,sp,12
  38:	8000                	.2byte	0x8000
  3a:	0600                	addi	s0,sp,768
  3c:	006c                	addi	a1,sp,12
  3e:	8000                	.2byte	0x8000
  40:	006c                	addi	a1,sp,12
  42:	8000                	.2byte	0x8000
  44:	7006                	.2byte	0x7006
  46:	0000                	unimp
  48:	8880                	.2byte	0x8880
  4a:	0000                	unimp
  4c:	0080                	addi	s0,sp,64
  4e:	a006                	.2byte	0xa006
  50:	0000                	unimp
  52:	a480                	.2byte	0xa480
  54:	0000                	unimp
  56:	0680                	addi	s0,sp,832
  58:	00b0                	addi	a2,sp,72
  5a:	8000                	.2byte	0x8000
  5c:	00b0                	addi	a2,sp,72
  5e:	8000                	.2byte	0x8000
  60:	b406                	.2byte	0xb406
  62:	0000                	unimp
  64:	cc80                	sw	s0,24(s1)
  66:	0000                	unimp
  68:	0080                	addi	s0,sp,64
  6a:	d406                	sw	ra,40(sp)
  6c:	0000                	unimp
  6e:	d480                	sw	s0,40(s1)
  70:	0000                	unimp
  72:	0680                	addi	s0,sp,832
  74:	00d8                	addi	a4,sp,68
  76:	8000                	.2byte	0x8000
  78:	00f0                	addi	a2,sp,76
  7a:	8000                	.2byte	0x8000
  7c:	0600                	addi	s0,sp,768
  7e:	014a                	slli	sp,sp,0x12
  80:	8000                	.2byte	0x8000
  82:	014a                	slli	sp,sp,0x12
  84:	8000                	.2byte	0x8000
  86:	4c06                	lw	s8,64(sp)
  88:	0001                	nop
  8a:	6e80                	.2byte	0x6e80
  8c:	0001                	nop
  8e:	0080                	addi	s0,sp,64
  90:	4a06                	lw	s4,64(sp)
  92:	0001                	nop
  94:	4a80                	lw	s0,16(a3)
  96:	0001                	nop
  98:	0680                	addi	s0,sp,832
  9a:	014e                	slli	sp,sp,0x13
  9c:	8000                	.2byte	0x8000
  9e:	016e                	slli	sp,sp,0x1b
  a0:	8000                	.2byte	0x8000
  a2:	0600                	addi	s0,sp,768
  a4:	01b6                	slli	gp,gp,0xd
  a6:	8000                	.2byte	0x8000
  a8:	01d0                	addi	a2,sp,196
  aa:	8000                	.2byte	0x8000
  ac:	d006                	sw	ra,32(sp)
  ae:	0001                	nop
  b0:	d080                	sw	s0,32(s1)
  b2:	0001                	nop
  b4:	0680                	addi	s0,sp,832
  b6:	01d2                	slli	gp,gp,0x14
  b8:	8000                	.2byte	0x8000
  ba:	01d4                	addi	a3,sp,196
  bc:	8000                	.2byte	0x8000
  be:	dc06                	sw	ra,56(sp)
  c0:	0001                	nop
  c2:	0080                	addi	s0,sp,64
  c4:	0002                	c.slli64	zero
  c6:	0680                	addi	s0,sp,832
  c8:	0200                	addi	s0,sp,256
  ca:	8000                	.2byte	0x8000
  cc:	0200                	addi	s0,sp,256
  ce:	8000                	.2byte	0x8000
  d0:	0206                	slli	tp,tp,0x1
  d2:	0002                	c.slli64	zero
  d4:	0480                	addi	s0,sp,576
  d6:	0002                	c.slli64	zero
  d8:	0080                	addi	s0,sp,64
  da:	4e06                	lw	t3,64(sp)
  dc:	0002                	c.slli64	zero
  de:	5680                	lw	s0,40(a3)
  e0:	0002                	c.slli64	zero
  e2:	0680                	addi	s0,sp,832
  e4:	025a                	slli	tp,tp,0x16
  e6:	8000                	.2byte	0x8000
  e8:	0282                	c.slli64	t0
  ea:	8000                	.2byte	0x8000
  ec:	0600                	addi	s0,sp,768
  ee:	024e                	slli	tp,tp,0x13
  f0:	8000                	.2byte	0x8000
  f2:	0256                	slli	tp,tp,0x15
  f4:	8000                	.2byte	0x8000
  f6:	5a06                	lw	s4,96(sp)
  f8:	0002                	c.slli64	zero
  fa:	7080                	.2byte	0x7080
  fc:	0002                	c.slli64	zero
  fe:	0080                	addi	s0,sp,64
 100:	8806                	mv	a6,ra
 102:	0002                	c.slli64	zero
 104:	fa80                	.2byte	0xfa80
 106:	0002                	c.slli64	zero
 108:	0680                	addi	s0,sp,832
 10a:	0342                	slli	t1,t1,0x10
 10c:	8000                	.2byte	0x8000
 10e:	0346                	slli	t1,t1,0x11
 110:	8000                	.2byte	0x8000
 112:	0600                	addi	s0,sp,768
 114:	034a                	slli	t1,t1,0x12
 116:	8000                	.2byte	0x8000
 118:	034a                	slli	t1,t1,0x12
 11a:	8000                	.2byte	0x8000
 11c:	6006                	.2byte	0x6006
 11e:	6a800003          	lb	zero,1704(zero) # 6a8 <_program_size-0x7f0>
 122:	06800003          	lb	zero,104(zero) # 68 <_program_size-0xe30>
 126:	037a                	slli	t1,t1,0x1e
 128:	8000                	.2byte	0x8000
 12a:	0392                	slli	t2,t2,0x4
 12c:	8000                	.2byte	0x8000
 12e:	0600                	addi	s0,sp,768
 130:	0474                	addi	a3,sp,524
 132:	8000                	.2byte	0x8000
 134:	0474                	addi	a3,sp,524
 136:	8000                	.2byte	0x8000
 138:	7c06                	.2byte	0x7c06
 13a:	0004                	.2byte	0x4
 13c:	9080                	.2byte	0x9080
 13e:	0004                	.2byte	0x4
 140:	0680                	addi	s0,sp,832
 142:	0492                	slli	s1,s1,0x4
 144:	8000                	.2byte	0x8000
 146:	04a6                	slli	s1,s1,0x9
 148:	8000                	.2byte	0x8000
 14a:	0600                	addi	s0,sp,768
 14c:	0474                	addi	a3,sp,524
 14e:	8000                	.2byte	0x8000
 150:	0474                	addi	a3,sp,524
 152:	8000                	.2byte	0x8000
 154:	7c06                	.2byte	0x7c06
 156:	0004                	.2byte	0x4
 158:	9080                	.2byte	0x9080
 15a:	0004                	.2byte	0x4
 15c:	0680                	addi	s0,sp,832
 15e:	0492                	slli	s1,s1,0x4
 160:	8000                	.2byte	0x8000
 162:	0496                	slli	s1,s1,0x5
 164:	8000                	.2byte	0x8000
 166:	9a06                	add	s4,s4,ra
 168:	0004                	.2byte	0x4
 16a:	9c80                	.2byte	0x9c80
 16c:	0004                	.2byte	0x4
 16e:	0080                	addi	s0,sp,64
 170:	9606                	add	a2,a2,ra
 172:	0004                	.2byte	0x4
 174:	9a80                	.2byte	0x9a80
 176:	0004                	.2byte	0x4
 178:	0680                	addi	s0,sp,832
 17a:	049c                	addi	a5,sp,576
 17c:	8000                	.2byte	0x8000
 17e:	04a6                	slli	s1,s1,0x9
 180:	8000                	.2byte	0x8000
 182:	0600                	addi	s0,sp,768
 184:	052c                	addi	a1,sp,648
 186:	8000                	.2byte	0x8000
 188:	054c                	addi	a1,sp,644
 18a:	8000                	.2byte	0x8000
 18c:	7806                	.2byte	0x7806
 18e:	0005                	c.nop	1
 190:	9a80                	.2byte	0x9a80
 192:	0005                	c.nop	1
 194:	0080                	addi	s0,sp,64
 196:	2c06                	.2byte	0x2c06
 198:	0005                	c.nop	1
 19a:	2e80                	.2byte	0x2e80
 19c:	0005                	c.nop	1
 19e:	0680                	addi	s0,sp,832
 1a0:	0530                	addi	a2,sp,648
 1a2:	8000                	.2byte	0x8000
 1a4:	054c                	addi	a1,sp,644
 1a6:	8000                	.2byte	0x8000
 1a8:	7806                	.2byte	0x7806
 1aa:	0005                	c.nop	1
 1ac:	9a80                	.2byte	0x9a80
 1ae:	0005                	c.nop	1
 1b0:	0080                	addi	s0,sp,64
 1b2:	5406                	lw	s0,96(sp)
 1b4:	0005                	c.nop	1
 1b6:	7680                	.2byte	0x7680
 1b8:	0005                	c.nop	1
 1ba:	0680                	addi	s0,sp,832
 1bc:	059c                	addi	a5,sp,704
 1be:	8000                	.2byte	0x8000
 1c0:	05c0                	addi	s0,sp,708
 1c2:	8000                	.2byte	0x8000
 1c4:	0600                	addi	s0,sp,768
 1c6:	05c2                	slli	a1,a1,0x10
 1c8:	8000                	.2byte	0x8000
 1ca:	05dc                	addi	a5,sp,708
 1cc:	8000                	.2byte	0x8000
 1ce:	f006                	.2byte	0xf006
 1d0:	0005                	c.nop	1
 1d2:	f480                	.2byte	0xf480
 1d4:	0005                	c.nop	1
 1d6:	0080                	addi	s0,sp,64
 1d8:	2c06                	.2byte	0x2c06
 1da:	0000                	unimp
 1dc:	9280                	.2byte	0x9280
 1de:	0000                	unimp
 1e0:	0680                	addi	s0,sp,832
 1e2:	0092                	slli	ra,ra,0x4
 1e4:	8000                	.2byte	0x8000
 1e6:	00fa                	slli	ra,ra,0x1e
 1e8:	8000                	.2byte	0x8000
 1ea:	fa06                	.2byte	0xfa06
 1ec:	0000                	unimp
 1ee:	9480                	.2byte	0x9480
 1f0:	0001                	nop
 1f2:	0680                	addi	s0,sp,832
 1f4:	0194                	addi	a3,sp,192
 1f6:	8000                	.2byte	0x8000
 1f8:	0224                	addi	s1,sp,264
 1fa:	8000                	.2byte	0x8000
 1fc:	2406                	.2byte	0x2406
 1fe:	0002                	c.slli64	zero
 200:	4a80                	lw	s0,16(a3)
 202:	06800003          	lb	zero,104(zero) # 68 <_program_size-0xe30>
 206:	034a                	slli	t1,t1,0x12
 208:	8000                	.2byte	0x8000
 20a:	0474                	addi	a3,sp,524
 20c:	8000                	.2byte	0x8000
 20e:	0006                	c.slli	zero,0x1
 210:	0000                	unimp
 212:	0000                	unimp
 214:	0000                	unimp
 216:	0600                	addi	s0,sp,768
 218:	0474                	addi	a3,sp,524
 21a:	8000                	.2byte	0x8000
 21c:	04de                	slli	s1,s1,0x17
 21e:	8000                	.2byte	0x8000
 220:	de06                	sw	ra,60(sp)
 222:	0004                	.2byte	0x4
 224:	ee80                	.2byte	0xee80
 226:	0004                	.2byte	0x4
 228:	0680                	addi	s0,sp,832
 22a:	04ee                	slli	s1,s1,0x1b
 22c:	8000                	.2byte	0x8000
 22e:	04fe                	slli	s1,s1,0x1f
 230:	8000                	.2byte	0x8000
 232:	fe06                	.2byte	0xfe06
 234:	0004                	.2byte	0x4
 236:	1e80                	addi	s0,sp,880
 238:	0005                	c.nop	1
 23a:	0680                	addi	s0,sp,832
 23c:	051e                	slli	a0,a0,0x7
 23e:	8000                	.2byte	0x8000
 240:	060a                	slli	a2,a2,0x2
 242:	8000                	.2byte	0x8000
 244:	b200                	.2byte	0xb200
 246:	0000                	unimp
 248:	0500                	addi	s0,sp,640
 24a:	0400                	addi	s0,sp,512
 24c:	0000                	unimp
 24e:	0000                	unimp
 250:	0600                	addi	s0,sp,768
 252:	0630                	addi	a2,sp,776
 254:	8000                	.2byte	0x8000
 256:	0634                	addi	a3,sp,776
 258:	8000                	.2byte	0x8000
 25a:	2206                	.2byte	0x2206
 25c:	34800007          	.4byte	0x34800007
 260:	00800007          	.4byte	0x800007
 264:	5806                	lw	a6,96(sp)
 266:	0006                	c.slli	zero,0x1
 268:	6e80                	.2byte	0x6e80
 26a:	0006                	c.slli	zero,0x1
 26c:	0680                	addi	s0,sp,832
 26e:	0680                	addi	s0,sp,832
 270:	8000                	.2byte	0x8000
 272:	071a                	slli	a4,a4,0x6
 274:	8000                	.2byte	0x8000
 276:	3406                	.2byte	0x3406
 278:	7e800007          	.4byte	0x7e800007
 27c:	00800007          	.4byte	0x800007
 280:	5a06                	lw	s4,96(sp)
 282:	0006                	c.slli	zero,0x1
 284:	5e80                	lw	s0,56(a3)
 286:	0006                	c.slli	zero,0x1
 288:	0680                	addi	s0,sp,832
 28a:	0662                	slli	a2,a2,0x18
 28c:	8000                	.2byte	0x8000
 28e:	0662                	slli	a2,a2,0x18
 290:	8000                	.2byte	0x8000
 292:	6606                	.2byte	0x6606
 294:	0006                	c.slli	zero,0x1
 296:	6e80                	.2byte	0x6e80
 298:	0006                	c.slli	zero,0x1
 29a:	0080                	addi	s0,sp,64
 29c:	9606                	add	a2,a2,ra
 29e:	0006                	c.slli	zero,0x1
 2a0:	9c80                	.2byte	0x9c80
 2a2:	0006                	c.slli	zero,0x1
 2a4:	0680                	addi	s0,sp,832
 2a6:	069e                	slli	a3,a3,0x7
 2a8:	8000                	.2byte	0x8000
 2aa:	06ba                	slli	a3,a3,0xe
 2ac:	8000                	.2byte	0x8000
 2ae:	0600                	addi	s0,sp,768
 2b0:	0698                	addi	a4,sp,832
 2b2:	8000                	.2byte	0x8000
 2b4:	069c                	addi	a5,sp,832
 2b6:	8000                	.2byte	0x8000
 2b8:	b206                	.2byte	0xb206
 2ba:	0006                	c.slli	zero,0x1
 2bc:	ba80                	.2byte	0xba80
 2be:	0006                	c.slli	zero,0x1
 2c0:	0080                	addi	s0,sp,64
 2c2:	c606                	sw	ra,12(sp)
 2c4:	0006                	c.slli	zero,0x1
 2c6:	c680                	sw	s0,8(a3)
 2c8:	0006                	c.slli	zero,0x1
 2ca:	0680                	addi	s0,sp,832
 2cc:	06ca                	slli	a3,a3,0x12
 2ce:	8000                	.2byte	0x8000
 2d0:	06e6                	slli	a3,a3,0x19
 2d2:	8000                	.2byte	0x8000
 2d4:	0600                	addi	s0,sp,768
 2d6:	06f0                	addi	a2,sp,844
 2d8:	8000                	.2byte	0x8000
 2da:	06f0                	addi	a2,sp,844
 2dc:	8000                	.2byte	0x8000
 2de:	f606                	.2byte	0xf606
 2e0:	0006                	c.slli	zero,0x1
 2e2:	0080                	addi	s0,sp,64
 2e4:	00800007          	.4byte	0x800007
 2e8:	0006                	c.slli	zero,0x1
 2ea:	0000                	unimp
 2ec:	0000                	unimp
 2ee:	0000                	unimp
 2f0:	0600                	addi	s0,sp,768
 2f2:	060a                	slli	a2,a2,0x2
 2f4:	8000                	.2byte	0x8000
 2f6:	077e                	slli	a4,a4,0x1f
 2f8:	8000                	.2byte	0x8000
 2fa:	4d00                	lw	s0,24(a0)
 2fc:	0001                	nop
 2fe:	0500                	addi	s0,sp,640
 300:	0400                	addi	s0,sp,512
 302:	0000                	unimp
 304:	0000                	unimp
 306:	0600                	addi	s0,sp,768
 308:	077e                	slli	a4,a4,0x1f
 30a:	8000                	.2byte	0x8000
 30c:	077e                	slli	a4,a4,0x1f
 30e:	8000                	.2byte	0x8000
 310:	9e06                	add	t3,t3,ra
 312:	4e800007          	.4byte	0x4e800007
 316:	0008                	.2byte	0x8
 318:	0680                	addi	s0,sp,832
 31a:	0868                	addi	a0,sp,28
 31c:	8000                	.2byte	0x8000
 31e:	0870                	addi	a2,sp,28
 320:	8000                	.2byte	0x8000
 322:	7206                	.2byte	0x7206
 324:	0008                	.2byte	0x8
 326:	7480                	.2byte	0x7480
 328:	0008                	.2byte	0x8
 32a:	0080                	addi	s0,sp,64
 32c:	a006                	.2byte	0xa006
 32e:	40800007          	.4byte	0x40800007
 332:	0008                	.2byte	0x8
 334:	0680                	addi	s0,sp,832
 336:	0842                	slli	a6,a6,0x10
 338:	8000                	.2byte	0x8000
 33a:	0844                	addi	s1,sp,20
 33c:	8000                	.2byte	0x8000
 33e:	4e06                	lw	t3,64(sp)
 340:	0008                	.2byte	0x8
 342:	4e80                	lw	s0,24(a3)
 344:	0008                	.2byte	0x8
 346:	0680                	addi	s0,sp,832
 348:	0868                	addi	a0,sp,28
 34a:	8000                	.2byte	0x8000
 34c:	0870                	addi	a2,sp,28
 34e:	8000                	.2byte	0x8000
 350:	7206                	.2byte	0x7206
 352:	0008                	.2byte	0x8
 354:	7480                	.2byte	0x7480
 356:	0008                	.2byte	0x8
 358:	0080                	addi	s0,sp,64
 35a:	a206                	.2byte	0xa206
 35c:	aa800007          	.4byte	0xaa800007
 360:	06800007          	.4byte	0x6800007
 364:	07cc                	addi	a1,sp,964
 366:	8000                	.2byte	0x8000
 368:	07d2                	slli	a5,a5,0x14
 36a:	8000                	.2byte	0x8000
 36c:	0600                	addi	s0,sp,768
 36e:	07aa                	slli	a5,a5,0xa
 370:	8000                	.2byte	0x8000
 372:	07ba                	slli	a5,a5,0xe
 374:	8000                	.2byte	0x8000
 376:	e206                	.2byte	0xe206
 378:	0a800007          	.4byte	0xa800007
 37c:	0008                	.2byte	0x8
 37e:	0080                	addi	s0,sp,64
 380:	e606                	.2byte	0xe606
 382:	ea800007          	.4byte	0xea800007
 386:	06800007          	.4byte	0x6800007
 38a:	07ec                	addi	a1,sp,972
 38c:	8000                	.2byte	0x8000
 38e:	07ee                	slli	a5,a5,0x1b
 390:	8000                	.2byte	0x8000
 392:	f606                	.2byte	0xf606
 394:	f6800007          	.4byte	0xf6800007
 398:	06800007          	.4byte	0x6800007
 39c:	07fa                	slli	a5,a5,0x1e
 39e:	8000                	.2byte	0x8000
 3a0:	07fc                	addi	a5,sp,972
 3a2:	8000                	.2byte	0x8000
 3a4:	0600                	addi	s0,sp,768
 3a6:	07ba                	slli	a5,a5,0xe
 3a8:	8000                	.2byte	0x8000
 3aa:	07c2                	slli	a5,a5,0x10
 3ac:	8000                	.2byte	0x8000
 3ae:	0e06                	slli	t3,t3,0x1
 3b0:	0008                	.2byte	0x8
 3b2:	3880                	.2byte	0x3880
 3b4:	0008                	.2byte	0x8
 3b6:	0080                	addi	s0,sp,64
 3b8:	ba06                	.2byte	0xba06
 3ba:	c2800007          	.4byte	0xc2800007
 3be:	06800007          	.4byte	0x6800007
 3c2:	0816                	slli	a6,a6,0x5
 3c4:	8000                	.2byte	0x8000
 3c6:	0820                	addi	s0,sp,24
 3c8:	8000                	.2byte	0x8000
 3ca:	2206                	.2byte	0x2206
 3cc:	0008                	.2byte	0x8
 3ce:	3480                	.2byte	0x3480
 3d0:	0008                	.2byte	0x8
 3d2:	0080                	addi	s0,sp,64
 3d4:	9206                	add	tp,tp,ra
 3d6:	0008                	.2byte	0x8
 3d8:	9280                	.2byte	0x9280
 3da:	0008                	.2byte	0x8
 3dc:	0680                	addi	s0,sp,832
 3de:	08a0                	addi	s0,sp,88
 3e0:	8000                	.2byte	0x8000
 3e2:	08a4                	addi	s1,sp,88
 3e4:	8000                	.2byte	0x8000
 3e6:	a606                	.2byte	0xa606
 3e8:	0008                	.2byte	0x8
 3ea:	da80                	sw	s0,48(a3)
 3ec:	0008                	.2byte	0x8
 3ee:	0080                	addi	s0,sp,64
 3f0:	a006                	.2byte	0xa006
 3f2:	0008                	.2byte	0x8
 3f4:	a480                	.2byte	0xa480
 3f6:	0008                	.2byte	0x8
 3f8:	0680                	addi	s0,sp,832
 3fa:	08a6                	slli	a7,a7,0x9
 3fc:	8000                	.2byte	0x8000
 3fe:	08ae                	slli	a7,a7,0xb
 400:	8000                	.2byte	0x8000
 402:	b006                	.2byte	0xb006
 404:	0008                	.2byte	0x8
 406:	b280                	.2byte	0xb280
 408:	0008                	.2byte	0x8
 40a:	0680                	addi	s0,sp,832
 40c:	08ba                	slli	a7,a7,0xe
 40e:	8000                	.2byte	0x8000
 410:	08c2                	slli	a7,a7,0x10
 412:	8000                	.2byte	0x8000
 414:	c806                	sw	ra,16(sp)
 416:	0008                	.2byte	0x8
 418:	c880                	sw	s0,16(s1)
 41a:	0008                	.2byte	0x8
 41c:	0680                	addi	s0,sp,832
 41e:	08cc                	addi	a1,sp,84
 420:	8000                	.2byte	0x8000
 422:	08d0                	addi	a2,sp,84
 424:	8000                	.2byte	0x8000
 426:	d206                	sw	ra,36(sp)
 428:	0008                	.2byte	0x8
 42a:	d680                	sw	s0,40(a3)
 42c:	0008                	.2byte	0x8
 42e:	0080                	addi	s0,sp,64
 430:	7e06                	.2byte	0x7e06
 432:	92800007          	.4byte	0x92800007
 436:	0008                	.2byte	0x8
 438:	0680                	addi	s0,sp,832
 43a:	0892                	slli	a7,a7,0x4
 43c:	8000                	.2byte	0x8000
 43e:	08f2                	slli	a7,a7,0x1c
 440:	8000                	.2byte	0x8000
 442:	f206                	.2byte	0xf206
 444:	0008                	.2byte	0x8
 446:	7080                	.2byte	0x7080
 448:	0080000b          	.4byte	0x80000b

Disassembly of section .debug_frame:

00000000 <.debug_frame>:
   0:	000c                	.2byte	0xc
   2:	0000                	unimp
   4:	ffff                	.2byte	0xffff
   6:	ffff                	.2byte	0xffff
   8:	7c010003          	lb	zero,1984(sp)
   c:	0d01                	addi	s10,s10,0
   e:	0002                	c.slli64	zero
  10:	000c                	.2byte	0xc
  12:	0000                	unimp
  14:	0000                	unimp
  16:	0000                	unimp
  18:	002c                	addi	a1,sp,8
  1a:	8000                	.2byte	0x8000
  1c:	0066                	c.slli	zero,0x19
  1e:	0000                	unimp
  20:	000c                	.2byte	0xc
  22:	0000                	unimp
  24:	0000                	unimp
  26:	0000                	unimp
  28:	0092                	slli	ra,ra,0x4
  2a:	8000                	.2byte	0x8000
  2c:	0068                	addi	a0,sp,12
  2e:	0000                	unimp
  30:	000c                	.2byte	0xc
  32:	0000                	unimp
  34:	0000                	unimp
  36:	0000                	unimp
  38:	00fa                	slli	ra,ra,0x1e
  3a:	8000                	.2byte	0x8000
  3c:	009a                	slli	ra,ra,0x6
  3e:	0000                	unimp
  40:	0038                	addi	a4,sp,8
  42:	0000                	unimp
  44:	0000                	unimp
  46:	0000                	unimp
  48:	0194                	addi	a3,sp,192
  4a:	8000                	.2byte	0x8000
  4c:	0090                	addi	a2,sp,64
  4e:	0000                	unimp
  50:	0e44                	addi	s1,sp,788
  52:	5230                	lw	a2,96(a2)
  54:	0288                	addi	a0,sp,320
  56:	0389                	addi	t2,t2,2
  58:	0492                	slli	s1,s1,0x4
  5a:	06940593          	addi	a1,s0,105
  5e:	0795                	addi	a5,a5,5
  60:	0896                	slli	a7,a7,0x5
  62:	01810997          	auipc	s3,0x1810
  66:	5c02                	lw	s8,32(sp)
  68:	42c1                	li	t0,16
  6a:	42c8                	lw	a0,4(a3)
  6c:	42c9                	li	t0,18
  6e:	42d2                	lw	t0,20(sp)
  70:	42d442d3          	.4byte	0x42d442d3
  74:	42d5                	li	t0,21
  76:	42d6                	lw	t0,84(sp)
  78:	000e42d7          	.4byte	0xe42d7
  7c:	003c                	addi	a5,sp,8
  7e:	0000                	unimp
  80:	0000                	unimp
  82:	0000                	unimp
  84:	0224                	addi	s1,sp,264
  86:	8000                	.2byte	0x8000
  88:	0126                	slli	sp,sp,0x9
  8a:	0000                	unimp
  8c:	0e42                	slli	t3,t3,0x10
  8e:	4630                	lw	a2,72(a2)
  90:	81500593          	li	a1,-2027
  94:	8801                	andi	s0,s0,0
  96:	8902                	jr	s2
  98:	94049203          	lh	tp,-1728(s1)
  9c:	9506                	add	a0,a0,ra
  9e:	03089607          	.4byte	0x3089607
  a2:	00f2                	slli	ra,ra,0x1c
  a4:	c10a                	sw	sp,128(sp)
  a6:	c842                	sw	a6,16(sp)
  a8:	c942                	sw	a6,144(sp)
  aa:	d242                	sw	a6,36(sp)
  ac:	d342                	sw	a6,164(sp)
  ae:	d542                	sw	a6,168(sp)
  b0:	d642                	sw	a6,44(sp)
  b2:	d444                	sw	s1,44(s0)
  b4:	0e42                	slli	t3,t3,0x10
  b6:	4200                	lw	s0,0(a2)
  b8:	0000000b          	.4byte	0xb
  bc:	0040                	addi	s0,sp,4
  be:	0000                	unimp
  c0:	0000                	unimp
  c2:	0000                	unimp
  c4:	034a                	slli	t1,t1,0x12
  c6:	8000                	.2byte	0x8000
  c8:	012a                	slli	sp,sp,0xa
  ca:	0000                	unimp
  cc:	0e42                	slli	t3,t3,0x10
  ce:	4a30                	lw	a2,80(a2)
  d0:	0288                	addi	a0,sp,320
  d2:	0389                	addi	t2,t2,2
  d4:	0795                	addi	a5,a5,5
  d6:	0896                	slli	a7,a7,0x5
  d8:	925e0997          	auipc	s3,0x925e0
  dc:	9304                	.2byte	0x9304
  de:	9405                	srai	s0,s0,0x21
  e0:	9806                	add	a6,a6,ra
  e2:	810a                	mv	sp,sp
  e4:	0201                	addi	tp,tp,0 # 0 <_program_size-0xe98>
  e6:	0ace                	slli	s5,s5,0x13
  e8:	42c1                	li	t0,16
  ea:	42c8                	lw	a0,4(a3)
  ec:	42c9                	li	t0,18
  ee:	42d2                	lw	t0,20(sp)
  f0:	42d542d3          	.4byte	0x42d542d3
  f4:	42d6                	lw	t0,84(sp)
  f6:	44d842d7          	.4byte	0x44d842d7
  fa:	42d4                	lw	a3,4(a3)
  fc:	000e                	c.slli	zero,0x3
  fe:	0b42                	slli	s6,s6,0x10
 100:	000c                	.2byte	0xc
	...
 10e:	0000                	unimp
 110:	0024                	addi	s1,sp,8
 112:	0000                	unimp
 114:	0000                	unimp
 116:	0000                	unimp
 118:	0474                	addi	a3,sp,524
 11a:	8000                	.2byte	0x8000
 11c:	006a                	c.slli	zero,0x1a
 11e:	0000                	unimp
 120:	0e42                	slli	t3,t3,0x10
 122:	4610                	lw	a2,8(a2)
 124:	0389                	addi	t2,t2,2
 126:	0181                	addi	gp,gp,0
 128:	0288                	addi	a0,sp,320
 12a:	5402                	lw	s0,32(sp)
 12c:	c10a                	sw	sp,128(sp)
 12e:	c844                	sw	s1,20(s0)
 130:	c942                	sw	a6,144(sp)
 132:	0e42                	slli	t3,t3,0x10
 134:	4200                	lw	s0,0(a2)
 136:	000c000b          	.4byte	0xc000b
 13a:	0000                	unimp
 13c:	0000                	unimp
 13e:	0000                	unimp
 140:	04de                	slli	s1,s1,0x17
 142:	8000                	.2byte	0x8000
 144:	0010                	.2byte	0x10
 146:	0000                	unimp
 148:	000c                	.2byte	0xc
 14a:	0000                	unimp
 14c:	0000                	unimp
 14e:	0000                	unimp
 150:	04ee                	slli	s1,s1,0x1b
 152:	8000                	.2byte	0x8000
 154:	0010                	.2byte	0x10
 156:	0000                	unimp
 158:	000c                	.2byte	0xc
 15a:	0000                	unimp
 15c:	0000                	unimp
 15e:	0000                	unimp
 160:	04fe                	slli	s1,s1,0x1f
 162:	8000                	.2byte	0x8000
 164:	0020                	addi	s0,sp,8
 166:	0000                	unimp
 168:	0028                	addi	a0,sp,8
 16a:	0000                	unimp
 16c:	0000                	unimp
 16e:	0000                	unimp
 170:	051e                	slli	a0,a0,0x7
 172:	8000                	.2byte	0x8000
 174:	00ec                	addi	a1,sp,76
 176:	0000                	unimp
 178:	0e42                	slli	t3,t3,0x10
 17a:	4420                	lw	s0,72(s0)
 17c:	0389                	addi	t2,t2,2
 17e:	0492                	slli	s1,s1,0x4
 180:	8146                	mv	sp,a7
 182:	8801                	andi	s0,s0,0
 184:	0202                	c.slli64	tp
 186:	0abc                	addi	a5,sp,344
 188:	42c1                	li	t0,16
 18a:	42c8                	lw	a0,4(a3)
 18c:	42c9                	li	t0,18
 18e:	42d2                	lw	t0,20(sp)
 190:	000e                	c.slli	zero,0x3
 192:	0b42                	slli	s6,s6,0x10
 194:	000c                	.2byte	0xc
 196:	0000                	unimp
 198:	ffff                	.2byte	0xffff
 19a:	ffff                	.2byte	0xffff
 19c:	7c010003          	lb	zero,1984(sp)
 1a0:	0d01                	addi	s10,s10,0
 1a2:	0002                	c.slli64	zero
 1a4:	000c                	.2byte	0xc
 1a6:	0000                	unimp
 1a8:	0194                	addi	a3,sp,192
	...
 1b2:	0000                	unimp
 1b4:	0018                	.2byte	0x18
 1b6:	0000                	unimp
 1b8:	0194                	addi	a3,sp,192
 1ba:	0000                	unimp
 1bc:	060a                	slli	a2,a2,0x2
 1be:	8000                	.2byte	0x8000
 1c0:	0174                	addi	a3,sp,140
 1c2:	0000                	unimp
 1c4:	0e42                	slli	t3,t3,0x10
 1c6:	0270                	addi	a2,sp,268
 1c8:	0a72                	slli	s4,s4,0x1c
 1ca:	000e                	c.slli	zero,0x3
 1cc:	0b42                	slli	s6,s6,0x10
 1ce:	0000                	unimp
 1d0:	000c                	.2byte	0xc
 1d2:	0000                	unimp
 1d4:	ffff                	.2byte	0xffff
 1d6:	ffff                	.2byte	0xffff
 1d8:	7c010003          	lb	zero,1984(sp)
 1dc:	0d01                	addi	s10,s10,0
 1de:	0002                	c.slli64	zero
 1e0:	0068                	addi	a0,sp,12
 1e2:	0000                	unimp
 1e4:	01d0                	addi	a2,sp,196
 1e6:	0000                	unimp
 1e8:	077e                	slli	a4,a4,0x1f
 1ea:	8000                	.2byte	0x8000
 1ec:	0114                	addi	a3,sp,128
 1ee:	0000                	unimp
 1f0:	0e42                	slli	t3,t3,0x10
 1f2:	5a40                	lw	s0,52(a2)
 1f4:	0492                	slli	s1,s1,0x4
 1f6:	06940593          	addi	a1,s0,105
 1fa:	0795                	addi	a5,a5,5
 1fc:	0a980997          	auipc	s3,0xa980
 200:	0b99                	addi	s7,s7,6
 202:	0c9a                	slli	s9,s9,0x6
 204:	0181                	addi	gp,gp,0
 206:	0288                	addi	a0,sp,320
 208:	0389                	addi	t2,t2,2
 20a:	0896                	slli	a7,a7,0x5
 20c:	b6020d9b          	.4byte	0xb6020d9b
 210:	c80a                	sw	sp,16(sp)
 212:	c142                	sw	a6,128(sp)
 214:	c942                	sw	a6,144(sp)
 216:	d242                	sw	a6,36(sp)
 218:	d342                	sw	a6,164(sp)
 21a:	d442                	sw	a6,40(sp)
 21c:	d542                	sw	a6,168(sp)
 21e:	d642                	sw	a6,44(sp)
 220:	d742                	sw	a6,172(sp)
 222:	d842                	sw	a6,48(sp)
 224:	d942                	sw	a6,176(sp)
 226:	da42                	sw	a6,52(sp)
 228:	db42                	sw	a6,180(sp)
 22a:	0e4a                	slli	t3,t3,0x12
 22c:	4200                	lw	s0,0(a2)
 22e:	42c1420b          	.4byte	0x42c1420b
 232:	42c8                	lw	a0,4(a3)
 234:	42c9                	li	t0,18
 236:	42d2                	lw	t0,20(sp)
 238:	42d442d3          	.4byte	0x42d442d3
 23c:	42d5                	li	t0,21
 23e:	42d6                	lw	t0,84(sp)
 240:	42d842d7          	.4byte	0x42d842d7
 244:	42d9                	li	t0,22
 246:	42da                	lw	t0,148(sp)
 248:	000e42db          	.4byte	0xe42db
 24c:	002c                	addi	a1,sp,8
 24e:	0000                	unimp
 250:	01d0                	addi	a2,sp,196
 252:	0000                	unimp
 254:	0892                	slli	a7,a7,0x4
 256:	8000                	.2byte	0x8000
 258:	0060                	addi	s0,sp,12
 25a:	0000                	unimp
 25c:	0e42                	slli	t3,t3,0x10
 25e:	4c20                	lw	s0,88(s0)
 260:	0288                	addi	a0,sp,320
 262:	0389                	addi	t2,t2,2
 264:	0492                	slli	s1,s1,0x4
 266:	06940593          	addi	a1,s0,105
 26a:	0181                	addi	gp,gp,0
 26c:	3c02                	.2byte	0x3c02
 26e:	42c8                	lw	a0,4(a3)
 270:	42c1                	li	t0,16
 272:	42c9                	li	t0,18
 274:	42d2                	lw	t0,20(sp)
 276:	4ad442d3          	.4byte	0x4ad442d3
 27a:	000e                	c.slli	zero,0x3
 27c:	0014                	.2byte	0x14
 27e:	0000                	unimp
 280:	01d0                	addi	a2,sp,196
 282:	0000                	unimp
 284:	08f2                	slli	a7,a7,0x1c
 286:	8000                	.2byte	0x8000
 288:	027e                	slli	tp,tp,0x1f
 28a:	0000                	unimp
 28c:	0e42                	slli	t3,t3,0x10
 28e:	0280                	addi	s0,sp,320
 290:	8142                	mv	sp,a6
 292:	0001                	nop
